{
"type": "FeatureCollection",
"name": "merged_developments",
"crs": { "type": "name", "properties": { "name": "urn:ogc:def:crs:OGC:1.3:CRS84" } },
"features": [
{ "type": "Feature", "properties": { "A_NUMBER": "D1500106", "A_TYPE": "PL_SSP_SM2", "A_DATE": "2015-05-05T00:00:00", "A_STATUS": "APP", "A_STATUS_D": "2015-07-10T00:00:00", "A_PROJECT_": "Garrett Ridge Multi-Family Community", "A_DESCRIPT": "Revise entry and sidewalk locations for end units, revise elevations for optional roof and end unit entries, adjust riser room locations, adjust building foundations and setbacks, adjust landscaping.", "A_USER_ID": "DACIARE", "A_CASE_PLA": "NIARO", "StatCode": "APP", "AppStatus": "Approved", "AppCode": "PL_SSP_SM2", "AppType": "Level 2 - Administrative Site Plan", "CasePlanne": "Nia Rodgers", "EMAIL": "nia.rodgers@durhamnc.gov", "ORIG_FID": "89", "CreationDa": "2025-09-20T00:00:00", "Creator": "gisproc_sys", "EditDate": "2025-09-20T00:00:00", "Editor": "gisproc_sys", "sf_detached": 0.0, "sf_attached": 0.0, "duplex_triplex": 0.0, "multifamily": 0.0, "condo": 0, "unknown": 0, "data_source": null }, "geometry": { "type": "Point", "coordinates": [ -78.971937709095698, 35.9518830550915 ] } },
{ "type": "Feature", "properties": { "A_NUMBER": "D2000291", "A_TYPE": "PL_MINSP", "A_DATE": "2020-12-02T00:00:00", "A_STATUS": "APP", "A_STATUS_D": "2021-09-03T00:00:00", "A_PROJECT_": "Umstead Grove Conservation Subdivision", "A_DESCRIPT": "50 Single - family lots, 1 stormwater pond, ad associated infrastructure", "A_USER_ID": "JESSICADO", "A_CASE_PLA": "COURTNEYMC", "StatCode": "APP", "AppStatus": "Approved", "AppCode": "PL_MINSP", "AppType": "Level 4 - Administrative Site Plan", "CasePlanne": "Courtney McQueen", "EMAIL": "Courtney.McQueen@durhamnc.gov", "ORIG_FID": "91", "CreationDa": "2025-09-20T00:00:00", "Creator": "gisproc_sys", "EditDate": "2025-09-20T00:00:00", "Editor": "gisproc_sys", "sf_detached": 50.0, "sf_attached": 0.0, "duplex_triplex": 0.0, "multifamily": 0.0, "condo": 0, "unknown": 0, "data_source": "DRHM" }, "geometry": { "type": "Point", "coordinates": [ -78.945609141523192, 36.075014692236508 ] } },
{ "type": "Feature", "properties": { "A_NUMBER": "D1900396", "A_TYPE": "PL_SSP_SM2", "A_DATE": "2019-11-12T00:00:00", "A_STATUS": "APP", "A_STATUS_D": "2020-03-31T00:00:00", "A_PROJECT_": "Ross Road Apartments", "A_DESCRIPT": "Renovations to parking, paving, dumpster enclosures, mail boxes,  sidewalk additions, handicap unit converters", "A_USER_ID": "JOHNRA", "A_CASE_PLA": "JOHNRA", "StatCode": "APP", "AppStatus": "Approved", "AppCode": "PL_SSP_SM2", "AppType": "Level 2 - Administrative Site Plan", "CasePlanne": "John Rabon", "EMAIL": "John.Rabon@durhamnc.gov", "ORIG_FID": "105", "CreationDa": "2025-09-20T00:00:00", "Creator": "gisproc_sys", "EditDate": "2025-09-20T00:00:00", "Editor": "gisproc_sys", "sf_detached": 0.0, "sf_attached": 0.0, "duplex_triplex": 0.0, "multifamily": 0.0, "condo": 0, "unknown": 0, "data_source": null }, "geometry": { "type": "Point", "coordinates": [ -78.84570049884681, 35.991237463344611 ] } },
{ "type": "Feature", "properties": { "A_NUMBER": "D2200173", "A_TYPE": "PL_MINSP", "A_DATE": "2022-05-25T00:00:00", "A_STATUS": "APP", "A_STATUS_D": "2023-02-01T00:00:00", "A_PROJECT_": "Pineview Glen Town homes - Mass Grading", "A_DESCRIPT": "Mass grading only site plan for residential townhome project.", "A_USER_ID": "JUSTINH", "A_CASE_PLA": "KEAGANSA", "StatCode": "APP", "AppStatus": "Approved", "AppCode": "PL_MINSP", "AppType": "Level 4 - Administrative Site Plan", "CasePlanne": "Keagan Sacripanti", "EMAIL": "Keagan.Sacripanti@durhamnc.gov", "ORIG_FID": "140", "CreationDa": "2025-09-20T00:00:00", "Creator": "gisproc_sys", "EditDate": "2025-09-20T00:00:00", "Editor": "gisproc_sys", "sf_detached": 0.0, "sf_attached": 0.0, "duplex_triplex": 0.0, "multifamily": 0.0, "condo": 0, "unknown": 0, "data_source": null }, "geometry": { "type": "Point", "coordinates": [ -78.810514330443155, 35.927764779760885 ] } },
{ "type": "Feature", "properties": { "A_NUMBER": "D1800099", "A_TYPE": "PL_MINSP", "A_DATE": "2018-04-03T00:00:00", "A_STATUS": "APP", "A_STATUS_D": "2018-08-09T00:00:00", "A_PROJECT_": "Snikroc", "A_DESCRIPT": "Townhome Residential Development", "A_USER_ID": "KARENPA", "A_CASE_PLA": "TREYFI", "StatCode": "APP", "AppStatus": "Approved", "AppCode": "PL_MINSP", "AppType": "Level 4 - Administrative Site Plan", "CasePlanne": "Trey Figueroa", "EMAIL": "Trey.Figueroa@durhamnc.gov", "ORIG_FID": "182", "CreationDa": "2025-09-20T00:00:00", "Creator": "gisproc_sys", "EditDate": "2025-09-20T00:00:00", "Editor": "gisproc_sys", "sf_detached": 0.0, "sf_attached": 0.0, "duplex_triplex": 0.0, "multifamily": 0.0, "condo": 0, "unknown": 0, "data_source": null }, "geometry": { "type": "Point", "coordinates": [ -78.790312727500094, 35.973298627887495 ] } },
{ "type": "Feature", "properties": { "A_NUMBER": "D1900416", "A_TYPE": "PL_SSP_SM2", "A_DATE": "2019-12-05T00:00:00", "A_STATUS": "APP", "A_STATUS_D": "2021-01-08T00:00:00", "A_PROJECT_": "Davis Park East Amendment", "A_DESCRIPT": "403 Apartments and associated infrastructure", "A_USER_ID": "COLERE", "A_CASE_PLA": "COLERE", "StatCode": "APP", "AppStatus": "Approved", "AppCode": "PL_SSP_SM2", "AppType": "Level 2 - Administrative Site Plan", "CasePlanne": "Cole Renigar", "EMAIL": "Cole.Renigar@durhamnc.gov", "ORIG_FID": "216", "CreationDa": "2025-09-20T00:00:00", "Creator": "gisproc_sys", "EditDate": "2025-09-20T00:00:00", "Editor": "gisproc_sys", "sf_detached": 0.0, "sf_attached": 0.0, "duplex_triplex": 0.0, "multifamily": 0.0, "condo": 0, "unknown": 0, "data_source": null }, "geometry": { "type": "Point", "coordinates": [ -78.857342040170934, 35.878492191580214 ] } },
{ "type": "Feature", "properties": { "A_NUMBER": "D1800378", "A_TYPE": "PL_MINSP", "A_DATE": "2018-11-28T00:00:00", "A_STATUS": "APP", "A_STATUS_D": "2020-04-14T00:00:00", "A_PROJECT_": "Elan Innovation District", "A_DESCRIPT": "Mixe of uses including retail and residential. Zoned DD-C", "A_USER_ID": "JOHNRA", "A_CASE_PLA": "TREYFI", "StatCode": "APP", "AppStatus": "Approved", "AppCode": "PL_MINSP", "AppType": "Level 4 - Administrative Site Plan", "CasePlanne": "Trey Figueroa", "EMAIL": "Trey.Figueroa@durhamnc.gov", "ORIG_FID": "225", "CreationDa": "2025-09-20T00:00:00", "Creator": "gisproc_sys", "EditDate": "2025-09-20T00:00:00", "Editor": "gisproc_sys", "sf_detached": 0.0, "sf_attached": 0.0, "duplex_triplex": 0.0, "multifamily": 0.0, "condo": 0, "unknown": 0, "data_source": null }, "geometry": { "type": "Point", "coordinates": [ -78.904209417742777, 35.999910600086082 ] } },
{ "type": "Feature", "properties": { "A_NUMBER": "D2100156", "A_TYPE": "PL_MINSP", "A_DATE": "2021-06-04T00:00:00", "A_STATUS": "APP", "A_STATUS_D": "2022-02-02T00:00:00", "A_PROJECT_": "ALTA Rutherford", "A_DESCRIPT": "Multifamily Apartments", "A_USER_ID": "KIMRO", "A_CASE_PLA": "TREYFI", "StatCode": "APP", "AppStatus": "Approved", "AppCode": "PL_MINSP", "AppType": "Level 4 - Administrative Site Plan", "CasePlanne": "Trey Figueroa", "EMAIL": "Trey.Figueroa@durhamnc.gov", "ORIG_FID": "243", "CreationDa": "2025-09-20T00:00:00", "Creator": "gisproc_sys", "EditDate": "2025-09-20T00:00:00", "Editor": "gisproc_sys", "sf_detached": 0.0, "sf_attached": 0.0, "duplex_triplex": 0.0, "multifamily": 0.0, "condo": 0, "unknown": 0, "data_source": null }, "geometry": { "type": "Point", "coordinates": [ -78.929910219331987, 36.010051037444569 ] } },
{ "type": "Feature", "properties": { "A_NUMBER": "D1900171", "A_TYPE": "PL_MINSP", "A_DATE": "2019-05-30T00:00:00", "A_STATUS": "APP", "A_STATUS_D": "2020-04-03T00:00:00", "A_PROJECT_": "Ellis Road Phase 3", "A_DESCRIPT": "37 Townhome units, 102 Attached S-F units (called Duplex), 146 Detached S-F lots", "A_USER_ID": "ROBINSH", "A_CASE_PLA": "COLERE", "StatCode": "APP", "AppStatus": "Approved", "AppCode": "PL_MINSP", "AppType": "Level 4 - Administrative Site Plan", "CasePlanne": "Cole Renigar", "EMAIL": "Cole.Renigar@durhamnc.gov", "ORIG_FID": "266", "CreationDa": "2025-09-20T00:00:00", "Creator": "gisproc_sys", "EditDate": "2025-09-20T00:00:00", "Editor": "gisproc_sys", "sf_detached": 248.0, "sf_attached": 37.0, "duplex_triplex": 0.0, "multifamily": 0.0, "condo": 0, "unknown": 0, "data_source": "DRHM" }, "geometry": { "type": "Point", "coordinates": [ -78.861667460322494, 35.951902999977534 ] } },
{ "type": "Feature", "properties": { "A_NUMBER": "D1600223", "A_TYPE": "PL_MINSP", "A_DATE": "2016-08-09T00:00:00", "A_STATUS": "APP", "A_STATUS_D": "2017-03-31T00:00:00", "A_PROJECT_": "Farrington Road Mixed Use", "A_DESCRIPT": "298 apartment units and 555 SF of office space with associate frontage and offsite improvements.", "A_USER_ID": "DACIARE", "A_CASE_PLA": "TREYFI", "StatCode": "APP", "AppStatus": "Approved", "AppCode": "PL_MINSP", "AppType": "Level 4 - Administrative Site Plan", "CasePlanne": "Trey Figueroa", "EMAIL": "Trey.Figueroa@durhamnc.gov", "ORIG_FID": "284", "CreationDa": "2025-09-20T00:00:00", "Creator": "gisproc_sys", "EditDate": "2025-09-20T00:00:00", "Editor": "gisproc_sys", "sf_detached": 0.0, "sf_attached": 0.0, "duplex_triplex": 0.0, "multifamily": 298.0, "condo": 0, "unknown": 0, "data_source": "DRHM" }, "geometry": { "type": "Point", "coordinates": [ -78.985923906367546, 35.914956268529345 ] } },
{ "type": "Feature", "properties": { "A_NUMBER": "D2100198", "A_TYPE": "PL_SSP_SM2", "A_DATE": "2021-07-09T00:00:00", "A_STATUS": "APP", "A_STATUS_D": "2021-10-04T00:00:00", "A_PROJECT_": "Bethpage Village Multi-Family Amendment", "A_DESCRIPT": "Apartments.  Amendment to D1900200 - Modify Phase 6 building footprints and elevations", "A_USER_ID": "JESSICADO", "A_CASE_PLA": "ROBINSH", "StatCode": "APP", "AppStatus": "Approved", "AppCode": "PL_SSP_SM2", "AppType": "Level 2 - Administrative Site Plan", "CasePlanne": "Robin Schultze", "EMAIL": "Robin.Schultze@durhamnc.gov", "ORIG_FID": "290", "CreationDa": "2025-09-20T00:00:00", "Creator": "gisproc_sys", "EditDate": "2025-09-20T00:00:00", "Editor": "gisproc_sys", "sf_detached": 0.0, "sf_attached": 0.0, "duplex_triplex": 0.0, "multifamily": 0.0, "condo": 0, "unknown": 0, "data_source": null }, "geometry": { "type": "Point", "coordinates": [ -78.825109586952891, 35.897820562239176 ] } },
{ "type": "Feature", "properties": { "A_NUMBER": "A1900003", "A_TYPE": "PL_CPAA", "A_DATE": "2019-02-14T00:00:00", "A_STATUS": "COM", "A_STATUS_D": "2020-08-17T00:00:00", "A_PROJECT_": "Cole Property", "A_DESCRIPT": "From Rural Density Residential (RDR, 0.5DU/acre or less) to Very Low Density Residential (VLDR, 2DU/acre or less); Tier change from Rural Tier to Suburban Tier", "A_USER_ID": "DCULTRA", "A_CASE_PLA": "EMILYST", "StatCode": "COM", "AppStatus": "Complete", "AppCode": "PL_CPAA", "AppType": "Comprehensive Plan Map or Plan Amendment", "CasePlanne": "Emily Struthers", "EMAIL": "Emily.Struthers@durhamnc.gov", "ORIG_FID": "291", "CreationDa": "2025-09-20T00:00:00", "Creator": "gisproc_sys", "EditDate": "2025-09-20T00:00:00", "Editor": "gisproc_sys", "sf_detached": 0.0, "sf_attached": 0.0, "duplex_triplex": 0.0, "multifamily": 0.0, "condo": 0, "unknown": 0, "data_source": null }, "geometry": { "type": "Point", "coordinates": [ -78.777187823676329, 35.989442283104033 ] } },
{ "type": "Feature", "properties": { "A_NUMBER": "D2200181", "A_TYPE": "PL_MINSP", "A_DATE": "2022-06-07T00:00:00", "A_STATUS": "APP", "A_STATUS_D": "2023-05-16T00:00:00", "A_PROJECT_": "GTH Owner LLC", "A_DESCRIPT": "33 new town home lots with garages and mail kiosk with parking", "A_USER_ID": "COLERE", "A_CASE_PLA": "COLERE", "StatCode": "APP", "AppStatus": "Approved", "AppCode": "PL_MINSP", "AppType": "Level 4 - Administrative Site Plan", "CasePlanne": "Cole Renigar", "EMAIL": "Cole.Renigar@durhamnc.gov", "ORIG_FID": "309", "CreationDa": "2025-09-20T00:00:00", "Creator": "gisproc_sys", "EditDate": "2025-09-20T00:00:00", "Editor": "gisproc_sys", "sf_detached": 0.0, "sf_attached": 33.0, "duplex_triplex": 0.0, "multifamily": 0.0, "condo": 0, "unknown": 0, "data_source": "DRHM" }, "geometry": { "type": "Point", "coordinates": [ -78.892551008513877, 36.002638369109576 ] } },
{ "type": "Feature", "properties": { "A_NUMBER": "D2300150", "A_TYPE": "PL_MINSP", "A_DATE": "2023-06-07T00:00:00", "A_STATUS": "APP", "A_STATUS_D": "2024-10-22T00:00:00", "A_PROJECT_": "Hope Crossing II", "A_DESCRIPT": "32 single family units on small lots and 23 townhomes with associated streets, sidewalks, grading, water, sewer, stormwater management and landscaping.", "A_USER_ID": "TREYFI", "A_CASE_PLA": "TREYFI", "StatCode": "APP", "AppStatus": "Approved", "AppCode": "PL_MINSP", "AppType": "Level 4 - Administrative Site Plan", "CasePlanne": "Trey Figueroa", "EMAIL": "Trey.Figueroa@durhamnc.gov", "ORIG_FID": "337", "CreationDa": "2025-09-20T00:00:00", "Creator": "gisproc_sys", "EditDate": "2025-09-20T00:00:00", "Editor": "gisproc_sys", "sf_detached": 32.0, "sf_attached": 23.0, "duplex_triplex": 0.0, "multifamily": 0.0, "condo": 0, "unknown": 0, "data_source": "DRHM" }, "geometry": { "type": "Point", "coordinates": [ -78.845043003065641, 35.998832634320443 ] } },
{ "type": "Feature", "properties": { "A_NUMBER": "D1700040", "A_TYPE": "PL_MINSP", "A_DATE": "2017-02-07T00:00:00", "A_STATUS": "APP", "A_STATUS_D": "2017-07-21T00:00:00", "A_PROJECT_": "Garrett Ridge Multifamily Community Access Drive", "A_DESCRIPT": "Add a driveway connection between the residential developments.", "A_USER_ID": "LEEDA", "A_CASE_PLA": "AWOLFF", "StatCode": "APP", "AppStatus": "Approved", "AppCode": "PL_MINSP", "AppType": "Level 4 - Administrative Site Plan", "CasePlanne": "Amy Wolff", "EMAIL": "Amy.Wolff@durhamnc.gov", "ORIG_FID": "446", "CreationDa": "2025-09-20T00:00:00", "Creator": "gisproc_sys", "EditDate": "2025-09-20T00:00:00", "Editor": "gisproc_sys", "sf_detached": 0.0, "sf_attached": 0.0, "duplex_triplex": 0.0, "multifamily": 0.0, "condo": 0, "unknown": 0, "data_source": null }, "geometry": { "type": "Point", "coordinates": [ -78.97135303129005, 35.950744053767067 ] } },
{ "type": "Feature", "properties": { "A_NUMBER": "D1700033", "A_TYPE": "PL_MINSP", "A_DATE": "2017-01-31T00:00:00", "A_STATUS": "APP", "A_STATUS_D": "2017-07-06T00:00:00", "A_PROJECT_": "The Town at Southpoint", "A_DESCRIPT": "48 townhomes.", "A_USER_ID": "LEEDA", "A_CASE_PLA": "DCULTRA", "StatCode": "APP", "AppStatus": "Approved", "AppCode": "PL_MINSP", "AppType": "Level 4 - Administrative Site Plan", "CasePlanne": "Danny Cultra", "EMAIL": "Danny.Cultra@durhamnc.gov", "ORIG_FID": "471", "CreationDa": "2025-09-20T00:00:00", "Creator": "gisproc_sys", "EditDate": "2025-09-20T00:00:00", "Editor": "gisproc_sys", "sf_detached": 0.0, "sf_attached": 48.0, "duplex_triplex": 0.0, "multifamily": 0.0, "condo": 0, "unknown": 0, "data_source": "DRHM" }, "geometry": { "type": "Point", "coordinates": [ -78.917738169710518, 35.910282717010261 ] } },
{ "type": "Feature", "properties": { "A_NUMBER": "D1900363", "A_TYPE": "PL_MINSP", "A_DATE": "2019-10-09T00:00:00", "A_STATUS": "APP", "A_STATUS_D": "2021-07-21T00:00:00", "A_PROJECT_": "Olive Branch West", "A_DESCRIPT": "108 Single - Family lots, 2 stormwater ponds, and associated infrastructure. Pending Annexation Petition", "A_USER_ID": "LROBERTSON", "A_CASE_PLA": "COLERE", "StatCode": "APP", "AppStatus": "Approved", "AppCode": "PL_MINSP", "AppType": "Level 4 - Administrative Site Plan", "CasePlanne": "Cole Renigar", "EMAIL": "Cole.Renigar@durhamnc.gov", "ORIG_FID": "479", "CreationDa": "2025-09-20T00:00:00", "Creator": "gisproc_sys", "EditDate": "2025-09-20T00:00:00", "Editor": "gisproc_sys", "sf_detached": 108.0, "sf_attached": 0.0, "duplex_triplex": 0.0, "multifamily": 0.0, "condo": 0, "unknown": 0, "data_source": "DRHM" }, "geometry": { "type": "Point", "coordinates": [ -78.786594022967037, 35.963707539507624 ] } },
{ "type": "Feature", "properties": { "A_NUMBER": "D1700294", "A_TYPE": "PL_MINSP", "A_DATE": "2017-08-29T00:00:00", "A_STATUS": "APP", "A_STATUS_D": "2018-04-25T00:00:00", "A_PROJECT_": "751 South Phase 1 Amendment", "A_DESCRIPT": "Residential single family homes, attached townhomes, a small office and apartment building with a clubhouse.", "A_USER_ID": "ADDMGR", "A_CASE_PLA": "EMILYST", "StatCode": "APP", "AppStatus": "Approved", "AppCode": "PL_MINSP", "AppType": "Level 4 - Administrative Site Plan", "CasePlanne": "Emily Struthers", "EMAIL": "Emily.Struthers@durhamnc.gov", "ORIG_FID": "485", "CreationDa": "2025-09-20T00:00:00", "Creator": "gisproc_sys", "EditDate": "2025-09-20T00:00:00", "Editor": "gisproc_sys", "sf_detached": 0.0, "sf_attached": 0.0, "duplex_triplex": 0.0, "multifamily": 0.0, "condo": 0, "unknown": 0, "data_source": null }, "geometry": { "type": "Point", "coordinates": [ -78.957581938066696, 35.879390540727542 ] } },
{ "type": "Feature", "properties": { "A_NUMBER": "D2100205", "A_TYPE": "PL_MINSP", "A_DATE": "2021-07-15T00:00:00", "A_STATUS": "APP", "A_STATUS_D": "2021-11-29T00:00:00", "A_PROJECT_": "The Village at Ellis Crossing", "A_DESCRIPT": "397,000 Total SF: Apartments (264 units), Accessory Uses, Retail uses.  Per D-Plan Z1500007", "A_USER_ID": "KIMRO", "A_CASE_PLA": "ROBINSH", "StatCode": "APP", "AppStatus": "Approved", "AppCode": "PL_MINSP", "AppType": "Level 4 - Administrative Site Plan", "CasePlanne": "Robin Schultze", "EMAIL": "Robin.Schultze@durhamnc.gov", "ORIG_FID": "546", "CreationDa": "2025-09-20T00:00:00", "Creator": "gisproc_sys", "EditDate": "2025-09-20T00:00:00", "Editor": "gisproc_sys", "sf_detached": 0.0, "sf_attached": 0.0, "duplex_triplex": 0.0, "multifamily": 264.0, "condo": 0, "unknown": 0, "data_source": "DRHM" }, "geometry": { "type": "Point", "coordinates": [ -78.858185811291094, 35.942024307655757 ] } },
{ "type": "Feature", "properties": { "A_NUMBER": "D1700334", "A_TYPE": "PL_MINSP", "A_DATE": "2017-10-24T00:00:00", "A_STATUS": "APP", "A_STATUS_D": "2018-04-30T00:00:00", "A_PROJECT_": "Lumley Road Townhomes", "A_DESCRIPT": "New townhome development. 93 lots.", "A_USER_ID": "AMANDAHO", "A_CASE_PLA": "EMILYST", "StatCode": "APP", "AppStatus": "Approved", "AppCode": "PL_MINSP", "AppType": "Level 4 - Administrative Site Plan", "CasePlanne": "Emily Struthers", "EMAIL": "Emily.Struthers@durhamnc.gov", "ORIG_FID": "548", "CreationDa": "2025-09-20T00:00:00", "Creator": "gisproc_sys", "EditDate": "2025-09-20T00:00:00", "Editor": "gisproc_sys", "sf_detached": 0.0, "sf_attached": 0.0, "duplex_triplex": 0.0, "multifamily": 0.0, "condo": 0, "unknown": 0, "data_source": null }, "geometry": { "type": "Point", "coordinates": [ -78.808309349032442, 35.924103175991505 ] } },
{ "type": "Feature", "properties": { "A_NUMBER": "D2100111", "A_TYPE": "PL_MINSP", "A_DATE": "2021-04-12T00:00:00", "A_STATUS": "APP", "A_STATUS_D": "2024-03-15T00:00:00", "A_PROJECT_": "Vintage Hill Subdivision", "A_DESCRIPT": "This is a residential subdivision of a 20.96 acre tract to a 49 single-family unit subdivision.", "A_USER_ID": "JESSICADO", "A_CASE_PLA": "COLERE", "StatCode": "APP", "AppStatus": "Approved", "AppCode": "PL_MINSP", "AppType": "Level 4 - Administrative Site Plan", "CasePlanne": "Cole Renigar", "EMAIL": "Cole.Renigar@durhamnc.gov", "ORIG_FID": "555", "CreationDa": "2025-09-20T00:00:00", "Creator": "gisproc_sys", "EditDate": "2025-09-20T00:00:00", "Editor": "gisproc_sys", "sf_detached": 49.0, "sf_attached": 0.0, "duplex_triplex": 0.0, "multifamily": 0.0, "condo": 0, "unknown": 0, "data_source": "DRHM" }, "geometry": { "type": "Point", "coordinates": [ -78.866722255001932, 36.109418967979003 ] } },
{ "type": "Feature", "properties": { "A_NUMBER": "D1900335", "A_TYPE": "PL_MINSP", "A_DATE": "2019-09-18T00:00:00", "A_STATUS": "APP", "A_STATUS_D": "2020-02-18T00:00:00", "A_PROJECT_": "308 w Corporation St", "A_DESCRIPT": "2 New townhouses on vacant infill lot", "A_USER_ID": "WBLALOCK", "A_CASE_PLA": "TREYFI", "StatCode": "APP", "AppStatus": "Approved", "AppCode": "PL_MINSP", "AppType": "Level 4 - Administrative Site Plan", "CasePlanne": "Trey Figueroa", "EMAIL": "Trey.Figueroa@durhamnc.gov", "ORIG_FID": "556", "CreationDa": "2025-09-20T00:00:00", "Creator": "gisproc_sys", "EditDate": "2025-09-20T00:00:00", "Editor": "gisproc_sys", "sf_detached": 0.0, "sf_attached": 2.0, "duplex_triplex": 0.0, "multifamily": 0.0, "condo": 0, "unknown": 0, "data_source": "DRHM" }, "geometry": { "type": "Point", "coordinates": [ -78.898709077506766, 36.002211709345637 ] } },
{ "type": "Feature", "properties": { "A_NUMBER": "D1900127", "A_TYPE": "PL_MINSP", "A_DATE": "2019-05-02T00:00:00", "A_STATUS": "APP", "A_STATUS_D": "2021-09-14T00:00:00", "A_PROJECT_": "Oakridge", "A_DESCRIPT": "100,000 SF mixed use development with associated surface parking. Office, retail and restaurant.", "A_USER_ID": "TREYFI", "A_CASE_PLA": "TREYFI", "StatCode": "APP", "AppStatus": "Approved", "AppCode": "PL_MINSP", "AppType": "Level 4 - Administrative Site Plan", "CasePlanne": "Trey Figueroa", "EMAIL": "Trey.Figueroa@durhamnc.gov", "ORIG_FID": "582", "CreationDa": "2025-09-20T00:00:00", "Creator": "gisproc_sys", "EditDate": "2025-09-20T00:00:00", "Editor": "gisproc_sys", "sf_detached": 0.0, "sf_attached": 0.0, "duplex_triplex": 0.0, "multifamily": 0.0, "condo": 0, "unknown": 0, "data_source": null }, "geometry": { "type": "Point", "coordinates": [ -78.987508247272572, 35.960164823287379 ] } },
{ "type": "Feature", "properties": { "A_NUMBER": "D2100144", "A_TYPE": "PL_MINSP", "A_DATE": "2021-05-25T00:00:00", "A_STATUS": "APP", "A_STATUS_D": "2022-07-20T00:00:00", "A_PROJECT_": "American Tobacco Mixed Use Phase 1", "A_DESCRIPT": "Mixed used development with office, retail, residential (343 apartment units), parking", "A_USER_ID": "JESSICADO", "A_CASE_PLA": "TREYFI", "StatCode": "APP", "AppStatus": "Approved", "AppCode": "PL_MINSP", "AppType": "Level 4 - Administrative Site Plan", "CasePlanne": "Trey Figueroa", "EMAIL": "Trey.Figueroa@durhamnc.gov", "ORIG_FID": "594", "CreationDa": "2025-09-20T00:00:00", "Creator": "gisproc_sys", "EditDate": "2025-09-20T00:00:00", "Editor": "gisproc_sys", "sf_detached": 0.0, "sf_attached": 0.0, "duplex_triplex": 0.0, "multifamily": 343.0, "condo": 0, "unknown": 0, "data_source": "DRHM" }, "geometry": { "type": "Point", "coordinates": [ -78.906511087253449, 35.993747719128613 ] } },
{ "type": "Feature", "properties": { "A_NUMBER": "D2100100", "A_TYPE": "PL_MINSP", "A_DATE": "2021-04-05T00:00:00", "A_STATUS": "APP", "A_STATUS_D": "2021-11-08T00:00:00", "A_PROJECT_": "Crescent Multi-Family", "A_DESCRIPT": "82 unit affordable housing apartment", "A_USER_ID": "TREYFI", "A_CASE_PLA": "TREYFI", "StatCode": "APP", "AppStatus": "Approved", "AppCode": "PL_MINSP", "AppType": "Level 4 - Administrative Site Plan", "CasePlanne": "Trey Figueroa", "EMAIL": "Trey.Figueroa@durhamnc.gov", "ORIG_FID": "629", "CreationDa": "2025-09-20T00:00:00", "Creator": "gisproc_sys", "EditDate": "2025-09-20T00:00:00", "Editor": "gisproc_sys", "sf_detached": 0.0, "sf_attached": 0.0, "duplex_triplex": 0.0, "multifamily": 82.0, "condo": 0, "unknown": 0, "data_source": "DRHM" }, "geometry": { "type": "Point", "coordinates": [ -78.987224629897327, 35.917311441779596 ] } },
{ "type": "Feature", "properties": { "A_NUMBER": "D1900146", "A_TYPE": "PL_MINSP", "A_DATE": "2019-05-14T00:00:00", "A_STATUS": "APP", "A_STATUS_D": "2021-10-13T00:00:00", "A_PROJECT_": "Pinecrest", "A_DESCRIPT": "Proposed 25 S-F lots, 11 Townhomes lots, 2 condo units in existing  mansion, 2 open space lots providing associated private drives and common access easements", "A_USER_ID": "TREYFI", "A_CASE_PLA": "DCULTRA", "StatCode": "APP", "AppStatus": "Approved", "AppCode": "PL_MINSP", "AppType": "Level 4 - Administrative Site Plan", "CasePlanne": "Danny Cultra", "EMAIL": "Danny.Cultra@durhamnc.gov", "ORIG_FID": "639", "CreationDa": "2025-09-20T00:00:00", "Creator": "gisproc_sys", "EditDate": "2025-09-20T00:00:00", "Editor": "gisproc_sys", "sf_detached": 25.0, "sf_attached": 11.0, "duplex_triplex": 0.0, "multifamily": 0.0, "condo": 2, "unknown": 0, "data_source": "DRHM" }, "geometry": { "type": "Point", "coordinates": [ -78.919495371460599, 35.982842821482507 ] } },
{ "type": "Feature", "properties": { "A_NUMBER": "D2300010", "A_TYPE": "PL_MINSP", "A_DATE": "2023-01-18T00:00:00", "A_STATUS": "APP", "A_STATUS_D": "2025-08-17T00:00:00", "A_PROJECT_": "Caring House", "A_DESCRIPT": "Addition of temporary care housing for cancer patients.", "A_USER_ID": "TREYFI", "A_CASE_PLA": "TREYFI", "StatCode": "APP", "AppStatus": "Approved", "AppCode": "PL_MINSP", "AppType": "Level 4 - Administrative Site Plan", "CasePlanne": "Trey Figueroa", "EMAIL": "Trey.Figueroa@durhamnc.gov", "ORIG_FID": "762", "CreationDa": "2025-09-20T00:00:00", "Creator": "gisproc_sys", "EditDate": "2025-09-20T00:00:00", "Editor": "gisproc_sys", "sf_detached": 0.0, "sf_attached": 0.0, "duplex_triplex": 0.0, "multifamily": 0.0, "condo": 0, "unknown": 0, "data_source": null }, "geometry": { "type": "Point", "coordinates": [ -78.944443159100587, 35.973880550290929 ] } },
{ "type": "Feature", "properties": { "A_NUMBER": "D2200347", "A_TYPE": "PL_MINSP", "A_DATE": "2022-10-11T00:00:00", "A_STATUS": "APP", "A_STATUS_D": "2024-09-23T00:00:00", "A_PROJECT_": "2012 Ward Street", "A_DESCRIPT": "Proposed 14 townhomes and 1 single-family home with an accessory dwelling unit.", "A_USER_ID": "COLERE", "A_CASE_PLA": "COLERE", "StatCode": "APP", "AppStatus": "Approved", "AppCode": "PL_MINSP", "AppType": "Level 4 - Administrative Site Plan", "CasePlanne": "Cole Renigar", "EMAIL": "Cole.Renigar@durhamnc.gov", "ORIG_FID": "840", "CreationDa": "2025-09-20T00:00:00", "Creator": "gisproc_sys", "EditDate": "2025-09-20T00:00:00", "Editor": "gisproc_sys", "sf_detached": 1.0, "sf_attached": 14.0, "duplex_triplex": 0.0, "multifamily": 0.0, "condo": 0, "unknown": 0, "data_source": "DRHM" }, "geometry": { "type": "Point", "coordinates": [ -78.928490729749441, 35.98287148085285 ] } },
{ "type": "Feature", "properties": { "A_NUMBER": "D2200203", "A_TYPE": "PL_MINSP", "A_DATE": "2022-06-15T00:00:00", "A_STATUS": "APP", "A_STATUS_D": "2023-08-02T00:00:00", "A_PROJECT_": "Washington Street Townhomes", "A_DESCRIPT": "11,600 SF four-story 3 unit townhome project with 2600 SF/ unit for the heated space and 2550 SF for the parking garage  and at the back. ", "A_USER_ID": "JESSICADO", "A_CASE_PLA": "ROBINSH", "StatCode": "APP", "AppStatus": "Approved", "AppCode": "PL_MINSP", "AppType": "Level 4 - Administrative Site Plan", "CasePlanne": "Robin Schultze", "EMAIL": "Robin.Schultze@durhamnc.gov", "ORIG_FID": "860", "CreationDa": "2025-09-20T00:00:00", "Creator": "gisproc_sys", "EditDate": "2025-09-20T00:00:00", "Editor": "gisproc_sys", "sf_detached": 0.0, "sf_attached": 3.0, "duplex_triplex": 0.0, "multifamily": 0.0, "condo": 0, "unknown": 0, "data_source": "DRHM" }, "geometry": { "type": "Point", "coordinates": [ -78.902429446325542, 36.004275667676517 ] } },
{ "type": "Feature", "properties": { "A_NUMBER": "D1600249", "A_TYPE": "PL_MINSP", "A_DATE": "2016-08-30T00:00:00", "A_STATUS": "APP", "A_STATUS_D": "2017-04-27T00:00:00", "A_PROJECT_": "Western Bypass Senior Apartments", "A_DESCRIPT": "127 Unit Senior Apartments on 15.7 acres", "A_USER_ID": "ADDMGR", "A_CASE_PLA": "DCULTRA", "StatCode": "APP", "AppStatus": "Approved", "AppCode": "PL_MINSP", "AppType": "Level 4 - Administrative Site Plan", "CasePlanne": "Danny Cultra", "EMAIL": "Danny.Cultra@durhamnc.gov", "ORIG_FID": "941", "CreationDa": "2025-09-20T00:00:00", "Creator": "gisproc_sys", "EditDate": "2025-09-20T00:00:00", "Editor": "gisproc_sys", "sf_detached": 0.0, "sf_attached": 0.0, "duplex_triplex": 0.0, "multifamily": 127.0, "condo": 0, "unknown": 0, "data_source": "DRHM" }, "geometry": { "type": "Point", "coordinates": [ -78.95724967389333, 35.97916624032419 ] } },
{ "type": "Feature", "properties": { "A_NUMBER": "D2200106", "A_TYPE": "PL_MINSP", "A_DATE": "2022-03-30T00:00:00", "A_STATUS": "APP", "A_STATUS_D": "2024-03-07T00:00:00", "A_PROJECT_": "Latta Park Residential", "A_DESCRIPT": "Subdivision of existing property and construction of a public road with associated facilities and infrastructure. 176 Townhouses, including 10 affordable units.", "A_USER_ID": "JESSICADO", "A_CASE_PLA": "ROBINSH", "StatCode": "APP", "AppStatus": "Approved", "AppCode": "PL_MINSP", "AppType": "Level 4 - Administrative Site Plan", "CasePlanne": "Robin Schultze", "EMAIL": "Robin.Schultze@durhamnc.gov", "ORIG_FID": "957", "CreationDa": "2025-09-20T00:00:00", "Creator": "gisproc_sys", "EditDate": "2025-09-20T00:00:00", "Editor": "gisproc_sys", "sf_detached": 0.0, "sf_attached": 176.0, "duplex_triplex": 0.0, "multifamily": 0.0, "condo": 0, "unknown": 0, "data_source": "DRHM" }, "geometry": { "type": "Point", "coordinates": [ -78.927978018448059, 36.078511078051392 ] } },
{ "type": "Feature", "properties": { "A_NUMBER": "D1600065", "A_TYPE": "PL_MINSP", "A_DATE": "2016-03-01T00:00:00", "A_STATUS": "APP", "A_STATUS_D": "2016-09-02T00:00:00", "A_PROJECT_": "515 North Mangum", "A_DESCRIPT": "New MF building, 14,507 SF, 22 units on 0.333 acre site, five stories plus basement parking. Subdividing parcel to allow for future single family residence on 0.455 acre flag lot.", "A_USER_ID": "LEEDA", "A_CASE_PLA": "NIARO", "StatCode": "APP", "AppStatus": "Approved", "AppCode": "PL_MINSP", "AppType": "Level 4 - Administrative Site Plan", "CasePlanne": "Nia Rodgers", "EMAIL": "nia.rodgers@durhamnc.gov", "ORIG_FID": "967", "CreationDa": "2025-09-20T00:00:00", "Creator": "gisproc_sys", "EditDate": "2025-09-20T00:00:00", "Editor": "gisproc_sys", "sf_detached": 22.0, "sf_attached": 0.0, "duplex_triplex": 0.0, "multifamily": 0.0, "condo": 0, "unknown": 0, "data_source": "COMP" }, "geometry": { "type": "Point", "coordinates": [ -78.897326286153458, 35.999373555281096 ] } },
{ "type": "Feature", "properties": { "A_NUMBER": "D2200230", "A_TYPE": "PL_MINSP", "A_DATE": "2022-07-01T00:00:00", "A_STATUS": "APP", "A_STATUS_D": "2025-02-24T00:00:00", "A_PROJECT_": "Panther Creek Phases C & D", "A_DESCRIPT": "89 Single family lots + 4 open spaces", "A_USER_ID": "KASIMAZ", "A_CASE_PLA": "COLERE", "StatCode": "APP", "AppStatus": "Approved", "AppCode": "PL_MINSP", "AppType": "Level 4 - Administrative Site Plan", "CasePlanne": "Cole Renigar", "EMAIL": "Cole.Renigar@durhamnc.gov", "ORIG_FID": "1000", "CreationDa": "2025-09-20T00:00:00", "Creator": "gisproc_sys", "EditDate": "2025-09-20T00:00:00", "Editor": "gisproc_sys", "sf_detached": 89.0, "sf_attached": 0.0, "duplex_triplex": 0.0, "multifamily": 0.0, "condo": 0, "unknown": 0, "data_source": "DRHM" }, "geometry": { "type": "Point", "coordinates": [ -78.805366982885602, 36.034920744049025 ] } },
{ "type": "Feature", "properties": { "A_NUMBER": "D1800323", "A_TYPE": "PL_MINSP", "A_DATE": "2018-10-09T00:00:00", "A_STATUS": "WITH", "A_STATUS_D": "2019-04-24T00:00:00", "A_PROJECT_": "Panther Creek Phase 4 and 5", "A_DESCRIPT": "Existing use vacant, and proposed use single-family subdivision, located at 2708 Burton Road; 141 lots on 110 acres, 41.1 acres open space, in PDR-1.690 zoning F/J-B Falls/Jordan District B.", "A_USER_ID": "KASIMAZ", "A_CASE_PLA": "COURTNEYMC", "StatCode": "WITH", "AppStatus": "Withdrawn/Cancelled", "AppCode": "PL_MINSP", "AppType": "Level 4 - Administrative Site Plan", "CasePlanne": "Courtney McQueen", "EMAIL": "Courtney.McQueen@durhamnc.gov", "ORIG_FID": "1056", "CreationDa": "2025-09-20T00:00:00", "Creator": "gisproc_sys", "EditDate": "2025-09-20T00:00:00", "Editor": "gisproc_sys", "sf_detached": 0.0, "sf_attached": 0.0, "duplex_triplex": 0.0, "multifamily": 0.0, "condo": 0, "unknown": 0, "data_source": null }, "geometry": { "type": "Point", "coordinates": [ -78.805366984206771, 36.034920744051128 ] } },
{ "type": "Feature", "properties": { "A_NUMBER": "D1500220", "A_TYPE": "PL_MINSP", "A_DATE": "2015-08-11T00:00:00", "A_STATUS": "APP", "A_STATUS_D": "2016-03-21T00:00:00", "A_PROJECT_": "Meadows North", "A_DESCRIPT": "175 Townhomes, 6 Open Space Lots, 2000 SF Clubhouse on 25 acres", "A_USER_ID": "DACIARE", "A_CASE_PLA": "DCULTRA", "StatCode": "APP", "AppStatus": "Approved", "AppCode": "PL_MINSP", "AppType": "Level 4 - Administrative Site Plan", "CasePlanne": "Danny Cultra", "EMAIL": "Danny.Cultra@durhamnc.gov", "ORIG_FID": "1090", "CreationDa": "2025-09-20T00:00:00", "Creator": "gisproc_sys", "EditDate": "2025-09-20T00:00:00", "Editor": "gisproc_sys", "sf_detached": 25.0, "sf_attached": 175.0, "duplex_triplex": 0.0, "multifamily": 0.0, "condo": 0, "unknown": 0, "data_source": "DRHM" }, "geometry": { "type": "Point", "coordinates": [ -78.91521961371059, 35.905490442380042 ] } },
{ "type": "Feature", "properties": { "A_NUMBER": "A2000004", "A_TYPE": "PL_CPAA", "A_DATE": "2020-01-13T00:00:00", "A_STATUS": "APP", "A_STATUS_D": "2021-03-10T00:00:00", "A_PROJECT_": "Gillings Tract", "A_DESCRIPT": "Industrial to Low-Medium Density Residential. Associated with Z2000005.", "A_USER_ID": "ADDMGR", "A_CASE_PLA": "JAMIESUN", "StatCode": "APP", "AppStatus": "Approved", "AppCode": "PL_CPAA", "AppType": "Comprehensive Plan Map or Plan Amendment", "CasePlanne": null, "EMAIL": null, "ORIG_FID": "1095", "CreationDa": "2025-09-20T00:00:00", "Creator": "gisproc_sys", "EditDate": "2025-09-20T00:00:00", "Editor": "gisproc_sys", "sf_detached": 0.0, "sf_attached": 0.0, "duplex_triplex": 0.0, "multifamily": 0.0, "condo": 0, "unknown": 0, "data_source": null }, "geometry": { "type": "Point", "coordinates": [ -78.823289735929848, 35.890118760750305 ] } },
{ "type": "Feature", "properties": { "A_NUMBER": "D2200003", "A_TYPE": "PL_MINSP", "A_DATE": "2022-01-06T00:00:00", "A_STATUS": "WITH", "A_STATUS_D": "2024-09-10T00:00:00", "A_PROJECT_": "Dovetail Woods Subdivision", "A_DESCRIPT": "5 new single family detached lots proposed on ean existing lot record.", "A_USER_ID": "COLERE", "A_CASE_PLA": "COLERE", "StatCode": "WITH", "AppStatus": "Withdrawn/Cancelled", "AppCode": "PL_MINSP", "AppType": "Level 4 - Administrative Site Plan", "CasePlanne": "Cole Renigar", "EMAIL": "Cole.Renigar@durhamnc.gov", "ORIG_FID": "1119", "CreationDa": "2025-09-20T00:00:00", "Creator": "gisproc_sys", "EditDate": "2025-09-20T00:00:00", "Editor": "gisproc_sys", "sf_detached": 5.0, "sf_attached": null, "duplex_triplex": null, "multifamily": null, "condo": 0, "unknown": 0, "data_source": "ITRE" }, "geometry": { "type": "Point", "coordinates": [ -78.915769473053857, 36.046315559336897 ] } },
{ "type": "Feature", "properties": { "A_NUMBER": "D2100238", "A_TYPE": "PL_ASP", "A_DATE": "2021-07-29T00:00:00", "A_STATUS": "APP", "A_STATUS_D": "2022-05-23T00:00:00", "A_PROJECT_": "Dish Site CLRDU00529", "A_DESCRIPT": "Collocate antennas on exsisting cell tower, ass platform with equiptment; add 200amp meter.", "A_USER_ID": "JUSTINH", "A_CASE_PLA": "WGRIFFIN", "StatCode": "APP", "AppStatus": "Approved", "AppCode": "PL_ASP", "AppType": "Level 1 - Administrative Site Plan", "CasePlanne": "Wade Griffin", "EMAIL": "Wade.Griffin@durhamnc.gov", "ORIG_FID": "1221", "CreationDa": "2025-09-20T00:00:00", "Creator": "gisproc_sys", "EditDate": "2025-09-20T00:00:00", "Editor": "gisproc_sys", "sf_detached": 0.0, "sf_attached": 0.0, "duplex_triplex": 0.0, "multifamily": 0.0, "condo": 0, "unknown": 0, "data_source": null }, "geometry": { "type": "Point", "coordinates": [ -78.824725222105656, 36.038137918426742 ] } },
{ "type": "Feature", "properties": { "A_NUMBER": "D1500207", "A_TYPE": "PL_SSP_SM2", "A_DATE": "2015-07-28T00:00:00", "A_STATUS": "APP", "A_STATUS_D": "2016-04-04T00:00:00", "A_PROJECT_": "Garrett Ridge Amendment", "A_DESCRIPT": "Driveway connections to future phase (addition of more than 200 sq ft of imperious but less than approved 2008 SIA)", "A_USER_ID": "LEEDA", "A_CASE_PLA": "DCULTRA", "StatCode": "APP", "AppStatus": "Approved", "AppCode": "PL_SSP_SM2", "AppType": "Level 2 - Administrative Site Plan", "CasePlanne": "Danny Cultra", "EMAIL": "Danny.Cultra@durhamnc.gov", "ORIG_FID": "1238", "CreationDa": "2025-09-20T00:00:00", "Creator": "gisproc_sys", "EditDate": "2025-09-20T00:00:00", "Editor": "gisproc_sys", "sf_detached": 0.0, "sf_attached": 0.0, "duplex_triplex": 0.0, "multifamily": 0.0, "condo": 0, "unknown": 0, "data_source": null }, "geometry": { "type": "Point", "coordinates": [ -78.971937709095698, 35.9518830550915 ] } },
{ "type": "Feature", "properties": { "A_NUMBER": "D2100380", "A_TYPE": "PL_MINSP", "A_DATE": "2021-10-22T00:00:00", "A_STATUS": "WITH", "A_STATUS_D": "2023-01-30T00:00:00", "A_PROJECT_": "Garcia Avenue Subdivision", "A_DESCRIPT": "Subdivide current lot to 7 lots, 6 of which are residential lots, with supportive infrastructure", "A_USER_ID": "TREYFI", "A_CASE_PLA": "TREYFI", "StatCode": "WITH", "AppStatus": "Withdrawn/Cancelled", "AppCode": "PL_MINSP", "AppType": "Level 4 - Administrative Site Plan", "CasePlanne": "Trey Figueroa", "EMAIL": "Trey.Figueroa@durhamnc.gov", "ORIG_FID": "1248", "CreationDa": "2025-09-20T00:00:00", "Creator": "gisproc_sys", "EditDate": "2025-09-20T00:00:00", "Editor": "gisproc_sys", "sf_detached": 0.0, "sf_attached": 0.0, "duplex_triplex": 0.0, "multifamily": 0.0, "condo": 0, "unknown": 0, "data_source": null }, "geometry": { "type": "Point", "coordinates": [ -78.917490937034358, 36.056747479857712 ] } },
{ "type": "Feature", "properties": { "A_NUMBER": "D2300155", "A_TYPE": "PL_SSP_SM2", "A_DATE": "2023-06-13T00:00:00", "A_STATUS": "APP", "A_STATUS_D": "2023-11-15T00:00:00", "A_PROJECT_": "R.P. Residential Studio Apartments", "A_DESCRIPT": "Conversion of existing extended stay hotel to 72 leased studio apartments.", "A_USER_ID": "JALISAHA", "A_CASE_PLA": "JALISAHA", "StatCode": "APP", "AppStatus": "Approved", "AppCode": "PL_SSP_SM2", "AppType": "Level 2 - Administrative Site Plan", "CasePlanne": "JALISA HARRIS", "EMAIL": "Jalisa.Harris@durhamnc.gov", "ORIG_FID": "1251", "CreationDa": "2025-09-20T00:00:00", "Creator": "gisproc_sys", "EditDate": "2025-09-20T00:00:00", "Editor": "gisproc_sys", "sf_detached": null, "sf_attached": null, "duplex_triplex": null, "multifamily": 72.0, "condo": 0, "unknown": 0, "data_source": "ITRE" }, "geometry": { "type": "Point", "coordinates": [ -78.8864831540387, 35.900133964079956 ] } },
{ "type": "Feature", "properties": { "A_NUMBER": "D1900240", "A_TYPE": "PL_MINSP", "A_DATE": "2019-07-18T00:00:00", "A_STATUS": "APP", "A_STATUS_D": "2020-05-28T00:00:00", "A_PROJECT_": "Junction Road Subdivison", "A_DESCRIPT": "Single Family Residential", "A_USER_ID": "JOHNRA", "A_CASE_PLA": "JOHNRA", "StatCode": "APP", "AppStatus": "Approved", "AppCode": "PL_MINSP", "AppType": "Level 4 - Administrative Site Plan", "CasePlanne": "John Rabon", "EMAIL": "John.Rabon@durhamnc.gov", "ORIG_FID": "1352", "CreationDa": "2025-09-20T00:00:00", "Creator": "gisproc_sys", "EditDate": "2025-09-20T00:00:00", "Editor": "gisproc_sys", "sf_detached": 0.0, "sf_attached": 0.0, "duplex_triplex": 0.0, "multifamily": 0.0, "condo": 0, "unknown": 0, "data_source": null }, "geometry": { "type": "Point", "coordinates": [ -78.843484288173642, 36.021491414020439 ] } },
{ "type": "Feature", "properties": { "A_NUMBER": "D2000109", "A_TYPE": "PL_ASP", "A_DATE": "2020-05-18T00:00:00", "A_STATUS": "APP", "A_STATUS_D": "2025-02-21T00:00:00", "A_PROJECT_": "North Duke Street Mixed Use - Amendment", "A_DESCRIPT": "Change to residential footprint, elevations, building SF, parking and sidewalk changes.", "A_USER_ID": "JESSICADO", "A_CASE_PLA": "WGRIFFIN", "StatCode": "APP", "AppStatus": "Approved", "AppCode": "PL_ASP", "AppType": "Level 1 - Administrative Site Plan", "CasePlanne": "Wade Griffin", "EMAIL": "Wade.Griffin@durhamnc.gov", "ORIG_FID": "1382", "CreationDa": "2025-09-20T00:00:00", "Creator": "gisproc_sys", "EditDate": "2025-09-20T00:00:00", "Editor": "gisproc_sys", "sf_detached": 0.0, "sf_attached": 0.0, "duplex_triplex": 0.0, "multifamily": 0.0, "condo": 0, "unknown": 0, "data_source": null }, "geometry": { "type": "Point", "coordinates": [ -78.905198283171046, 36.043320977635069 ] } },
{ "type": "Feature", "properties": { "A_NUMBER": "D2200160", "A_TYPE": "PL_MINSP", "A_DATE": "2022-05-13T00:00:00", "A_STATUS": "APP", "A_STATUS_D": "2023-04-20T00:00:00", "A_PROJECT_": "W.Club Apartments", "A_DESCRIPT": "Construction of 268 multi-family units with associated amenities and infrastructure.", "A_USER_ID": "ROBINSH", "A_CASE_PLA": "ROBINSH", "StatCode": "APP", "AppStatus": "Approved", "AppCode": "PL_MINSP", "AppType": "Level 4 - Administrative Site Plan", "CasePlanne": "Robin Schultze", "EMAIL": "Robin.Schultze@durhamnc.gov", "ORIG_FID": "1433", "CreationDa": "2025-09-20T00:00:00", "Creator": "gisproc_sys", "EditDate": "2025-09-20T00:00:00", "Editor": "gisproc_sys", "sf_detached": 0.0, "sf_attached": 0.0, "duplex_triplex": 0.0, "multifamily": 268.0, "condo": 0, "unknown": 0, "data_source": "DRHM" }, "geometry": { "type": "Point", "coordinates": [ -78.904289506997927, 36.017983445122219 ] } },
{ "type": "Feature", "properties": { "A_NUMBER": "D2000056", "A_TYPE": "PL_ASP", "A_DATE": "2020-03-04T00:00:00", "A_STATUS": "APP", "A_STATUS_D": "2020-04-17T00:00:00", "A_PROJECT_": "1605 Erwin Road Multifamily - Amendment", "A_DESCRIPT": "Site plan Amendment", "A_USER_ID": "KEAGANSA", "A_CASE_PLA": "KEAGANSA", "StatCode": "APP", "AppStatus": "Approved", "AppCode": "PL_ASP", "AppType": "Level 1 - Administrative Site Plan", "CasePlanne": "Keagan Sacripanti", "EMAIL": "Keagan.Sacripanti@durhamnc.gov", "ORIG_FID": "1441", "CreationDa": "2025-09-20T00:00:00", "Creator": "gisproc_sys", "EditDate": "2025-09-20T00:00:00", "Editor": "gisproc_sys", "sf_detached": 0.0, "sf_attached": 0.0, "duplex_triplex": 0.0, "multifamily": 0.0, "condo": 0, "unknown": 83, "data_source": "COMP" }, "geometry": { "type": "Point", "coordinates": [ -78.922105302210085, 36.005739843243006 ] } },
{ "type": "Feature", "properties": { "A_NUMBER": "D2200059", "A_TYPE": "PL_MINSP", "A_DATE": "2022-03-01T00:00:00", "A_STATUS": "APP", "A_STATUS_D": "2022-10-06T00:00:00", "A_PROJECT_": "Aster Ridge", "A_DESCRIPT": "201 townhome units proposed as a conservation subdivision.", "A_USER_ID": "TDANNER", "A_CASE_PLA": "ROBINSH", "StatCode": "APP", "AppStatus": "Approved", "AppCode": "PL_MINSP", "AppType": "Level 4 - Administrative Site Plan", "CasePlanne": "Robin Schultze", "EMAIL": "Robin.Schultze@durhamnc.gov", "ORIG_FID": "1473", "CreationDa": "2025-09-20T00:00:00", "Creator": "gisproc_sys", "EditDate": "2025-09-20T00:00:00", "Editor": "gisproc_sys", "sf_detached": 0.0, "sf_attached": 201.0, "duplex_triplex": 0.0, "multifamily": 0.0, "condo": 0, "unknown": 0, "data_source": "DRHM" }, "geometry": { "type": "Point", "coordinates": [ -78.848040076341491, 36.006283615894368 ] } },
{ "type": "Feature", "properties": { "A_NUMBER": "D1600167", "A_TYPE": "PL_ASP", "A_DATE": "2016-06-09T00:00:00", "A_STATUS": "APP", "A_STATUS_D": "2016-06-28T00:00:00", "A_PROJECT_": "Morreene Road Apartments Amendment", "A_DESCRIPT": "Remove SCM pond from approved site plan for upgrades to existing apartment development zoned RS-M and located at 1202 Morreene Road.", "A_USER_ID": "TDANNER", "A_CASE_PLA": "DCULTRA", "StatCode": "APP", "AppStatus": "Approved", "AppCode": "PL_ASP", "AppType": "Level 1 - Administrative Site Plan", "CasePlanne": "Danny Cultra", "EMAIL": "Danny.Cultra@durhamnc.gov", "ORIG_FID": "1485", "CreationDa": "2025-09-20T00:00:00", "Creator": "gisproc_sys", "EditDate": "2025-09-20T00:00:00", "Editor": "gisproc_sys", "sf_detached": 0.0, "sf_attached": 0.0, "duplex_triplex": 0.0, "multifamily": 0.0, "condo": 0, "unknown": 0, "data_source": null }, "geometry": { "type": "Point", "coordinates": [ -78.954753897806597, 36.004135297865211 ] } },
{ "type": "Feature", "properties": { "A_NUMBER": "D1800220", "A_TYPE": "PL_MINSP", "A_DATE": "2018-06-26T00:00:00", "A_STATUS": "APP", "A_STATUS_D": "2018-12-13T00:00:00", "A_PROJECT_": "Bethpage Village Multi-family Amendment", "A_DESCRIPT": "Amend approved site plan to remove fitness building and add 18 residential units, propose phasing, new elevations for residential and maintenance buildings, revise residential building alignments, sewer alignment, landscaping, and tree coverage.", "A_USER_ID": "TERRIEL", "A_CASE_PLA": "DCULTRA", "StatCode": "APP", "AppStatus": "Approved", "AppCode": "PL_MINSP", "AppType": "Level 4 - Administrative Site Plan", "CasePlanne": "Danny Cultra", "EMAIL": "Danny.Cultra@durhamnc.gov", "ORIG_FID": "1547", "CreationDa": "2025-09-20T00:00:00", "Creator": "gisproc_sys", "EditDate": "2025-09-20T00:00:00", "Editor": "gisproc_sys", "sf_detached": 0.0, "sf_attached": 0.0, "duplex_triplex": 0.0, "multifamily": 0.0, "condo": 0, "unknown": 0, "data_source": null }, "geometry": { "type": "Point", "coordinates": [ -78.822485888397807, 35.896790414917795 ] } },
{ "type": "Feature", "properties": { "A_NUMBER": "M1800003", "A_TYPE": "PL_MAJSUP", "A_DATE": "2018-10-03T00:00:00", "A_STATUS": "APP", "A_STATUS_D": "2019-01-28T00:00:00", "A_PROJECT_": "DPS Elementary School C MSUP", "A_DESCRIPT": "MSUP for an elementary school within a residential zoning district. To be approved by governing body in conjunction with required TSUP.", "A_USER_ID": "LEIGHALA", "A_CASE_PLA": "DCULTRA", "StatCode": "APP", "AppStatus": "Approved", "AppCode": "PL_MAJSUP", "AppType": "Major Special Use Permit", "CasePlanne": "Danny Cultra", "EMAIL": "Danny.Cultra@durhamnc.gov", "ORIG_FID": "1589", "CreationDa": "2025-09-20T00:00:00", "Creator": "gisproc_sys", "EditDate": "2025-09-20T00:00:00", "Editor": "gisproc_sys", "sf_detached": 0.0, "sf_attached": 0.0, "duplex_triplex": 0.0, "multifamily": 0.0, "condo": 0, "unknown": 0, "data_source": null }, "geometry": { "type": "Point", "coordinates": [ -78.920572538140007, 35.874307123995322 ] } },
{ "type": "Feature", "properties": { "A_NUMBER": "D2300060", "A_TYPE": "PL_MINSP", "A_DATE": "2023-02-27T00:00:00", "A_STATUS": "APP", "A_STATUS_D": "2023-07-05T00:00:00", "A_PROJECT_": "310 W Corporation St", "A_DESCRIPT": "6 units + 4 ADU's and 974 s.f. of commercial space. 5 lots proposed.", "A_USER_ID": "KEAGANSA", "A_CASE_PLA": "ROBINSH", "StatCode": "APP", "AppStatus": "Approved", "AppCode": "PL_MINSP", "AppType": "Level 4 - Administrative Site Plan", "CasePlanne": "Robin Schultze", "EMAIL": "Robin.Schultze@durhamnc.gov", "ORIG_FID": "1743", "CreationDa": "2025-09-20T00:00:00", "Creator": "gisproc_sys", "EditDate": "2025-09-20T00:00:00", "Editor": "gisproc_sys", "sf_detached": null, "sf_attached": null, "duplex_triplex": null, "multifamily": 6.0, "condo": 0, "unknown": 0, "data_source": "ITRE" }, "geometry": { "type": "Point", "coordinates": [ -78.898854263626689, 36.00221136466147 ] } },
{ "type": "Feature", "properties": { "A_NUMBER": "D2000211", "A_TYPE": "PL_SSP_SM2", "A_DATE": "2020-09-03T00:00:00", "A_STATUS": "APP", "A_STATUS_D": "2020-12-14T00:00:00", "A_PROJECT_": "Providence At Southpoint Amendment", "A_DESCRIPT": "Changes to open space and easements.", "A_USER_ID": "JESSICADO", "A_CASE_PLA": "JOHNRA", "StatCode": "APP", "AppStatus": "Approved", "AppCode": "PL_SSP_SM2", "AppType": "Level 2 - Administrative Site Plan", "CasePlanne": "John Rabon", "EMAIL": "John.Rabon@durhamnc.gov", "ORIG_FID": "1888", "CreationDa": "2025-09-20T00:00:00", "Creator": "gisproc_sys", "EditDate": "2025-09-20T00:00:00", "Editor": "gisproc_sys", "sf_detached": 0.0, "sf_attached": 0.0, "duplex_triplex": 0.0, "multifamily": 0.0, "condo": 0, "unknown": 0, "data_source": null }, "geometry": { "type": "Point", "coordinates": [ -78.91781530443069, 35.906004482151189 ] } },
{ "type": "Feature", "properties": { "A_NUMBER": "D2100168", "A_TYPE": "PL_ASP", "A_DATE": "2021-06-21T00:00:00", "A_STATUS": "APP", "A_STATUS_D": "2021-07-27T00:00:00", "A_PROJECT_": "5RA018A/ 372920", "A_DESCRIPT": "Upgrading equipment to existing tower.", "A_USER_ID": "JUSTINH", "A_CASE_PLA": "MICHAELKL", "StatCode": "APP", "AppStatus": "Approved", "AppCode": "PL_ASP", "AppType": "Level 1 - Administrative Site Plan", "CasePlanne": "Michael Klein", "EMAIL": "Michael.Klein@durhamnc.gov", "ORIG_FID": "1892", "CreationDa": "2025-09-20T00:00:00", "Creator": "gisproc_sys", "EditDate": "2025-09-20T00:00:00", "Editor": "gisproc_sys", "sf_detached": 0.0, "sf_attached": 0.0, "duplex_triplex": 0.0, "multifamily": 0.0, "condo": 0, "unknown": 0, "data_source": null }, "geometry": { "type": "Point", "coordinates": [ -78.890857215133806, 36.030116734639009 ] } },
{ "type": "Feature", "properties": { "A_NUMBER": "D2100401", "A_TYPE": "PL_MINSP", "A_DATE": "2021-11-08T00:00:00", "A_STATUS": "APP", "A_STATUS_D": "2022-08-02T00:00:00", "A_PROJECT_": "The Novus", "A_DESCRIPT": "Residential high rise building with parking and 1st floor retail. 242 apartments/condos", "A_USER_ID": "JESSICADO", "A_CASE_PLA": "TREYFI", "StatCode": "APP", "AppStatus": "Approved", "AppCode": "PL_MINSP", "AppType": "Level 4 - Administrative Site Plan", "CasePlanne": "Trey Figueroa", "EMAIL": "Trey.Figueroa@durhamnc.gov", "ORIG_FID": "1897", "CreationDa": "2025-09-20T00:00:00", "Creator": "gisproc_sys", "EditDate": "2025-09-20T00:00:00", "Editor": "gisproc_sys", "sf_detached": 0.0, "sf_attached": 0.0, "duplex_triplex": 0.0, "multifamily": 242.0, "condo": 0, "unknown": 0, "data_source": "DRHM" }, "geometry": { "type": "Point", "coordinates": [ -78.90439251319313, 35.997620414699462 ] } },
{ "type": "Feature", "properties": { "A_NUMBER": "A1800011", "A_TYPE": "PL_CPAA", "A_DATE": "2018-12-14T00:00:00", "A_STATUS": "APP", "A_STATUS_D": "2021-03-10T00:00:00", "A_PROJECT_": "1432 Ellis Road", "A_DESCRIPT": "Rezoning from RR/RS-20 to PDR 5.943 to allow for up to 200 townhouse development (case Z1800035).  Associated FLUM and Annexation.", "A_USER_ID": "KEAGANSA", "A_CASE_PLA": "ALEXCA", "StatCode": "APP", "AppStatus": "Approved", "AppCode": "PL_CPAA", "AppType": "Comprehensive Plan Map or Plan Amendment", "CasePlanne": "Alex Cahill", "EMAIL": "Alex.Cahill@durhamnc.gov", "ORIG_FID": "1942", "CreationDa": "2025-09-20T00:00:00", "Creator": "gisproc_sys", "EditDate": "2025-09-20T00:00:00", "Editor": "gisproc_sys", "sf_detached": 0.0, "sf_attached": 200.0, "duplex_triplex": 0.0, "multifamily": 0.0, "condo": 0, "unknown": 0, "data_source": "DRHM" }, "geometry": { "type": "Point", "coordinates": [ -78.870644226955605, 35.948099395070628 ] } },
{ "type": "Feature", "properties": { "A_NUMBER": "D1700317", "A_TYPE": "PL_ASP", "A_DATE": "2017-10-02T00:00:00", "A_STATUS": "APP", "A_STATUS_D": "2017-10-09T00:00:00", "A_PROJECT_": "Brier Green Apartments Amendment 2", "A_DESCRIPT": "Amend certain special conditions notes for roadway improvements tied to 91st CO of approved site plan for 200 apartment units.", "A_USER_ID": "LEEDA", "A_CASE_PLA": "DCULTRA", "StatCode": "APP", "AppStatus": "Approved", "AppCode": "PL_ASP", "AppType": "Level 1 - Administrative Site Plan", "CasePlanne": "Danny Cultra", "EMAIL": "Danny.Cultra@durhamnc.gov", "ORIG_FID": "1952", "CreationDa": "2025-09-20T00:00:00", "Creator": "gisproc_sys", "EditDate": "2025-09-20T00:00:00", "Editor": "gisproc_sys", "sf_detached": 0.0, "sf_attached": 0.0, "duplex_triplex": 0.0, "multifamily": 0.0, "condo": 0, "unknown": 0, "data_source": null }, "geometry": { "type": "Point", "coordinates": [ -78.88686594518353, 36.057866475119042 ] } },
{ "type": "Feature", "properties": { "A_NUMBER": "D2200335", "A_TYPE": "PL_MINSP", "A_DATE": "2022-09-30T00:00:00", "A_STATUS": "WITH", "A_STATUS_D": "2025-02-10T00:00:00", "A_PROJECT_": "Pinecrest Townhome Development", "A_DESCRIPT": "New 34-unit townhome development.", "A_USER_ID": "TREYFI", "A_CASE_PLA": "TREYFI", "StatCode": "WITH", "AppStatus": "Withdrawn/Cancelled", "AppCode": "PL_MINSP", "AppType": "Level 4 - Administrative Site Plan", "CasePlanne": "Trey Figueroa", "EMAIL": "Trey.Figueroa@durhamnc.gov", "ORIG_FID": "1991", "CreationDa": "2025-09-20T00:00:00", "Creator": "gisproc_sys", "EditDate": "2025-09-20T00:00:00", "Editor": "gisproc_sys", "sf_detached": null, "sf_attached": 29.0, "duplex_triplex": null, "multifamily": null, "condo": 0, "unknown": 0, "data_source": "ITRE" }, "geometry": { "type": "Point", "coordinates": [ -78.917325096715047, 35.970398233212762 ] } },
{ "type": "Feature", "properties": { "A_NUMBER": "D2000226", "A_TYPE": "PL_MINSP", "A_DATE": "2020-09-23T00:00:00", "A_STATUS": "APP", "A_STATUS_D": "2021-07-14T00:00:00", "A_PROJECT_": "Bethpage Apartments", "A_DESCRIPT": "228 Multi - Family Apartment units and associated amenity spaces", "A_USER_ID": "ADDMGR", "A_CASE_PLA": "COURTNEYMC", "StatCode": "APP", "AppStatus": "Approved", "AppCode": "PL_MINSP", "AppType": "Level 4 - Administrative Site Plan", "CasePlanne": "Courtney McQueen", "EMAIL": "Courtney.McQueen@durhamnc.gov", "ORIG_FID": "2010", "CreationDa": "2025-09-20T00:00:00", "Creator": "gisproc_sys", "EditDate": "2025-09-20T00:00:00", "Editor": "gisproc_sys", "sf_detached": 0.0, "sf_attached": 0.0, "duplex_triplex": 0.0, "multifamily": 228.0, "condo": 0, "unknown": 0, "data_source": "DRHM" }, "geometry": { "type": "Point", "coordinates": [ -78.826785038356022, 35.895550617010983 ] } },
{ "type": "Feature", "properties": { "A_NUMBER": "D2100048", "A_TYPE": "PL_MINSP", "A_DATE": "2021-02-16T00:00:00", "A_STATUS": "APP", "A_STATUS_D": "2021-12-21T00:00:00", "A_PROJECT_": "Selby Avenue Homes", "A_DESCRIPT": "14 Attached homes w/ cul-de-sac road and utilities. Site plan cannot be an amendment due to pending rezoning case D2000018.\r\n", "A_USER_ID": "KEAGANSA", "A_CASE_PLA": "ELIZAMO", "StatCode": "APP", "AppStatus": "Approved", "AppCode": "PL_MINSP", "AppType": "Level 4 - Administrative Site Plan", "CasePlanne": "Eliza Monroe", "EMAIL": "Eliza.Monroe@durhamnc.gov", "ORIG_FID": "2106", "CreationDa": "2025-09-20T00:00:00", "Creator": "gisproc_sys", "EditDate": "2025-09-20T00:00:00", "Editor": "gisproc_sys", "sf_detached": 14.0, "sf_attached": 0.0, "duplex_triplex": 0.0, "multifamily": 0.0, "condo": 0, "unknown": 0, "data_source": "DRHM" }, "geometry": { "type": "Point", "coordinates": [ -78.89536108020404, 35.953188027551477 ] } },
{ "type": "Feature", "properties": { "A_NUMBER": "D2200168", "A_TYPE": "PL_MINSP", "A_DATE": "2022-05-24T00:00:00", "A_STATUS": "APP", "A_STATUS_D": "2023-04-11T00:00:00", "A_PROJECT_": "Townes on Leesville", "A_DESCRIPT": "104 town home development ", "A_USER_ID": "JESSICADO", "A_CASE_PLA": "TREYFI", "StatCode": "APP", "AppStatus": "Approved", "AppCode": "PL_MINSP", "AppType": "Level 4 - Administrative Site Plan", "CasePlanne": "Trey Figueroa", "EMAIL": "Trey.Figueroa@durhamnc.gov", "ORIG_FID": "2162", "CreationDa": "2025-09-20T00:00:00", "Creator": "gisproc_sys", "EditDate": "2025-09-20T00:00:00", "Editor": "gisproc_sys", "sf_detached": 0.0, "sf_attached": 104.0, "duplex_triplex": 0.0, "multifamily": 0.0, "condo": 0, "unknown": 0, "data_source": "DRHM" }, "geometry": { "type": "Point", "coordinates": [ -78.799420795737177, 35.937327792490201 ] } },
{ "type": "Feature", "properties": { "A_NUMBER": "D2000100", "A_TYPE": "PL_MINSP", "A_DATE": "2020-04-30T00:00:00", "A_STATUS": "APP", "A_STATUS_D": "2021-06-24T00:00:00", "A_PROJECT_": "Sweetbrier (1001 Olive Branch Road) - Phase 1", "A_DESCRIPT": "Level 4 Site Plan for 50 Single - Family & 49 Townhouse Lots, part of Phase 1 of Development", "A_USER_ID": "KIMRO", "A_CASE_PLA": "COURTNEYMC", "StatCode": "APP", "AppStatus": "Approved", "AppCode": "PL_MINSP", "AppType": "Level 4 - Administrative Site Plan", "CasePlanne": "Courtney McQueen", "EMAIL": "Courtney.McQueen@durhamnc.gov", "ORIG_FID": "2177", "CreationDa": "2025-09-20T00:00:00", "Creator": "gisproc_sys", "EditDate": "2025-09-20T00:00:00", "Editor": "gisproc_sys", "sf_detached": 4.0, "sf_attached": 49.0, "duplex_triplex": 0.0, "multifamily": 0.0, "condo": 0, "unknown": 0, "data_source": "DRHM" }, "geometry": { "type": "Point", "coordinates": [ -78.778358120734055, 35.952776344824478 ] } },
{ "type": "Feature", "properties": { "A_NUMBER": "D2300255", "A_TYPE": "PL_MINSP", "A_DATE": "2023-11-13T00:00:00", "A_STATUS": "APP", "A_STATUS_D": "2024-05-10T00:00:00", "A_PROJECT_": "Hood Street Condos", "A_DESCRIPT": "24-unit apartment building totaling in 44,564 sf.", "A_USER_ID": "COLERE", "A_CASE_PLA": "COLERE", "StatCode": "APP", "AppStatus": "Approved", "AppCode": "PL_MINSP", "AppType": "Level 4 - Administrative Site Plan", "CasePlanne": "Cole Renigar", "EMAIL": "Cole.Renigar@durhamnc.gov", "ORIG_FID": "2183", "CreationDa": "2025-09-20T00:00:00", "Creator": "gisproc_sys", "EditDate": "2025-09-20T00:00:00", "Editor": "gisproc_sys", "sf_detached": 0.0, "sf_attached": 0.0, "duplex_triplex": 0.0, "multifamily": 24.0, "condo": 0, "unknown": 0, "data_source": "DRHM" }, "geometry": { "type": "Point", "coordinates": [ -78.89492122149278, 35.989670517463168 ] } },
{ "type": "Feature", "properties": { "A_NUMBER": "D1600261", "A_TYPE": "PL_MINSP", "A_DATE": "2016-09-13T00:00:00", "A_STATUS": "APP", "A_STATUS_D": "2017-05-12T00:00:00", "A_PROJECT_": "Solis Brightleaf", "A_DESCRIPT": "Construction of 200 unit apartment complex with underneath parking.", "A_USER_ID": "KYLETA", "A_CASE_PLA": "EMILYST", "StatCode": "APP", "AppStatus": "Approved", "AppCode": "PL_MINSP", "AppType": "Level 4 - Administrative Site Plan", "CasePlanne": "Emily Struthers", "EMAIL": "Emily.Struthers@durhamnc.gov", "ORIG_FID": "2199", "CreationDa": "2025-09-20T00:00:00", "Creator": "gisproc_sys", "EditDate": "2025-09-20T00:00:00", "Editor": "gisproc_sys", "sf_detached": 0.0, "sf_attached": 0.0, "duplex_triplex": 0.0, "multifamily": 200.0, "condo": 0, "unknown": 0, "data_source": "DRHM" }, "geometry": { "type": "Point", "coordinates": [ -78.910971323497364, 36.000238920084236 ] } },
{ "type": "Feature", "properties": { "A_NUMBER": "D1800173", "A_TYPE": "PL_MINSP", "A_DATE": "2018-05-29T00:00:00", "A_STATUS": "APP", "A_STATUS_D": "2019-08-28T00:00:00", "A_PROJECT_": "Townes at Courtney Creek", "A_DESCRIPT": "12 single family residential units 253 townehouse units", "A_USER_ID": "JESSICADO", "A_CASE_PLA": "COURTNEYMC", "StatCode": "APP", "AppStatus": "Approved", "AppCode": "PL_MINSP", "AppType": "Level 4 - Administrative Site Plan", "CasePlanne": "Courtney McQueen", "EMAIL": "Courtney.McQueen@durhamnc.gov", "ORIG_FID": "2285", "CreationDa": "2025-09-20T00:00:00", "Creator": "gisproc_sys", "EditDate": "2025-09-20T00:00:00", "Editor": "gisproc_sys", "sf_detached": 265.0, "sf_attached": 0.0, "duplex_triplex": 0.0, "multifamily": 0.0, "condo": 0, "unknown": 0, "data_source": "DRHM" }, "geometry": { "type": "Point", "coordinates": [ -78.890511997068501, 35.950189789159914 ] } },
{ "type": "Feature", "properties": { "A_NUMBER": "D1600280", "A_TYPE": "PL_MINSP", "A_DATE": "2016-09-27T00:00:00", "A_STATUS": "APP", "A_STATUS_D": "2018-01-22T00:00:00", "A_PROJECT_": "Sagewood Subdivision (formerly Heatherwood)", "A_DESCRIPT": "Single family detached (139) lots within conservation subdivision. Pending annexation.", "A_USER_ID": "JESSICADO", "A_CASE_PLA": "DCULTRA", "StatCode": "APP", "AppStatus": "Approved", "AppCode": "PL_MINSP", "AppType": "Level 4 - Administrative Site Plan", "CasePlanne": "Danny Cultra", "EMAIL": "Danny.Cultra@durhamnc.gov", "ORIG_FID": "2335", "CreationDa": "2025-09-20T00:00:00", "Creator": "gisproc_sys", "EditDate": "2025-09-20T00:00:00", "Editor": "gisproc_sys", "sf_detached": 139.0, "sf_attached": 0.0, "duplex_triplex": 0.0, "multifamily": 0.0, "condo": 0, "unknown": 0, "data_source": "DRHM" }, "geometry": { "type": "Point", "coordinates": [ -78.79497752285917, 35.960647791382868 ] } },
{ "type": "Feature", "properties": { "A_NUMBER": "D1900274", "A_TYPE": "PL_MINSP", "A_DATE": "2019-08-09T00:00:00", "A_STATUS": "APP", "A_STATUS_D": "2022-12-29T00:00:00", "A_PROJECT_": "Windhaven Crossing (New Haven) Townhouses", "A_DESCRIPT": "Proposed Townhouse development with associated site improvements", "A_USER_ID": "JOHNRA", "A_CASE_PLA": "JOHNRA", "StatCode": "APP", "AppStatus": "Approved", "AppCode": "PL_MINSP", "AppType": "Level 4 - Administrative Site Plan", "CasePlanne": "John Rabon", "EMAIL": "John.Rabon@durhamnc.gov", "ORIG_FID": "2401", "CreationDa": "2025-09-20T00:00:00", "Creator": "gisproc_sys", "EditDate": "2025-09-20T00:00:00", "Editor": "gisproc_sys", "sf_detached": 0.0, "sf_attached": 0.0, "duplex_triplex": 0.0, "multifamily": 0.0, "condo": 0, "unknown": 0, "data_source": null }, "geometry": { "type": "Point", "coordinates": [ -78.84688049693888, 35.937387064933823 ] } },
{ "type": "Feature", "properties": { "A_NUMBER": "A1500005", "A_TYPE": "PL_CPAA", "A_DATE": "2015-03-05T00:00:00", "A_STATUS": "APP", "A_STATUS_D": "2015-08-24T00:00:00", "A_PROJECT_": "2512 Vesson Avenue", "A_DESCRIPT": "Request to amend FLUM from Low-Medium Density Residential to medium Density residential in order to accommodate construction of duplexes.", "A_USER_ID": "LWOODS", "A_CASE_PLA": "LWOODS", "StatCode": "APP", "AppStatus": "Approved", "AppCode": "PL_CPAA", "AppType": "Comprehensive Plan Map or Plan Amendment", "CasePlanne": null, "EMAIL": null, "ORIG_FID": "2435", "CreationDa": "2025-09-20T00:00:00", "Creator": "gisproc_sys", "EditDate": "2025-09-20T00:00:00", "Editor": "gisproc_sys", "sf_detached": 0.0, "sf_attached": 0.0, "duplex_triplex": 0.0, "multifamily": 0.0, "condo": 0, "unknown": 0, "data_source": null }, "geometry": { "type": "Point", "coordinates": [ -78.934319342321558, 35.982965523689536 ] } },
{ "type": "Feature", "properties": { "A_NUMBER": "D1900104", "A_TYPE": "PL_MINSP", "A_DATE": "2019-04-15T00:00:00", "A_STATUS": "APP", "A_STATUS_D": "2019-10-24T00:00:00", "A_PROJECT_": "Central Campus Parking Facilities", "A_DESCRIPT": "Remove existing student housing and associated infrastructure to construct parking lots", "A_USER_ID": "COLERE", "A_CASE_PLA": "DCULTRA", "StatCode": "APP", "AppStatus": "Approved", "AppCode": "PL_MINSP", "AppType": "Level 4 - Administrative Site Plan", "CasePlanne": "Danny Cultra", "EMAIL": "Danny.Cultra@durhamnc.gov", "ORIG_FID": "2448", "CreationDa": "2025-09-20T00:00:00", "Creator": "gisproc_sys", "EditDate": "2025-09-20T00:00:00", "Editor": "gisproc_sys", "sf_detached": 0.0, "sf_attached": 0.0, "duplex_triplex": 0.0, "multifamily": 0.0, "condo": 0, "unknown": 0, "data_source": null }, "geometry": { "type": "Point", "coordinates": [ -78.926500662365115, 36.005577513575474 ] } },
{ "type": "Feature", "properties": { "A_NUMBER": "D2200289", "A_TYPE": "PL_MINSP", "A_DATE": "2022-08-31T00:00:00", "A_STATUS": "APP", "A_STATUS_D": "2023-09-22T00:00:00", "A_PROJECT_": "Mica Ridge", "A_DESCRIPT": "308 townhomes, 98 Single family lots, 6 stormwater ponds and associated infrastructure", "A_USER_ID": "COLERE", "A_CASE_PLA": "COLERE", "StatCode": "APP", "AppStatus": "Approved", "AppCode": "PL_MINSP", "AppType": "Level 4 - Administrative Site Plan", "CasePlanne": "Cole Renigar", "EMAIL": "Cole.Renigar@durhamnc.gov", "ORIG_FID": "2460", "CreationDa": "2025-09-20T00:00:00", "Creator": "gisproc_sys", "EditDate": "2025-09-20T00:00:00", "Editor": "gisproc_sys", "sf_detached": 98.0, "sf_attached": 308.0, "duplex_triplex": 0.0, "multifamily": 0.0, "condo": 0, "unknown": 0, "data_source": "DRHM" }, "geometry": { "type": "Point", "coordinates": [ -78.837547004010204, 35.958413403934095 ] } },
{ "type": "Feature", "properties": { "A_NUMBER": "D2100239", "A_TYPE": "PL_ASP", "A_DATE": "2021-07-29T00:00:00", "A_STATUS": "WITH", "A_STATUS_D": "2021-09-15T00:00:00", "A_PROJECT_": "Dish Site CLRDU00579", "A_DESCRIPT": "Collocate antennas on exsisting tower, add platform with equiptment, add 200 amp meter.", "A_USER_ID": "KYLETA", "A_CASE_PLA": "MICHAELKL", "StatCode": "WITH", "AppStatus": "Withdrawn/Cancelled", "AppCode": "PL_ASP", "AppType": "Level 1 - Administrative Site Plan", "CasePlanne": "Michael Klein", "EMAIL": "Michael.Klein@durhamnc.gov", "ORIG_FID": "2478", "CreationDa": "2025-09-20T00:00:00", "Creator": "gisproc_sys", "EditDate": "2025-09-20T00:00:00", "Editor": "gisproc_sys", "sf_detached": 0.0, "sf_attached": 0.0, "duplex_triplex": 0.0, "multifamily": 0.0, "condo": 0, "unknown": 0, "data_source": null }, "geometry": { "type": "Point", "coordinates": [ -78.924522141488438, 35.940657644325519 ] } },
{ "type": "Feature", "properties": { "A_NUMBER": "D2100313", "A_TYPE": "PL_MINSP", "A_DATE": "2021-09-15T00:00:00", "A_STATUS": "APP", "A_STATUS_D": "2022-07-07T00:00:00", "A_PROJECT_": "Chandler Run", "A_DESCRIPT": "59 Single Family residential lots", "A_USER_ID": "TALIAP", "A_CASE_PLA": "JOHNRA", "StatCode": "APP", "AppStatus": "Approved", "AppCode": "PL_MINSP", "AppType": "Level 4 - Administrative Site Plan", "CasePlanne": "John Rabon", "EMAIL": "John.Rabon@durhamnc.gov", "ORIG_FID": "2489", "CreationDa": "2025-09-20T00:00:00", "Creator": "gisproc_sys", "EditDate": "2025-09-20T00:00:00", "Editor": "gisproc_sys", "sf_detached": 59.0, "sf_attached": 0.0, "duplex_triplex": 0.0, "multifamily": 0.0, "condo": 0, "unknown": 0, "data_source": "DRHM" }, "geometry": { "type": "Point", "coordinates": [ -78.837394568051153, 35.991072919179558 ] } },
{ "type": "Feature", "properties": { "A_NUMBER": "D2000269", "A_TYPE": "PL_MINSP", "A_DATE": "2020-11-02T00:00:00", "A_STATUS": "APP", "A_STATUS_D": "2021-04-07T00:00:00", "A_PROJECT_": "509 North Mangum", "A_DESCRIPT": "182 multi - story multi-family building", "A_USER_ID": "KIMRO", "A_CASE_PLA": "COLERE", "StatCode": "APP", "AppStatus": "Approved", "AppCode": "PL_MINSP", "AppType": "Level 4 - Administrative Site Plan", "CasePlanne": "Cole Renigar", "EMAIL": "Cole.Renigar@durhamnc.gov", "ORIG_FID": "2508", "CreationDa": "2025-09-20T00:00:00", "Creator": "gisproc_sys", "EditDate": "2025-09-20T00:00:00", "Editor": "gisproc_sys", "sf_detached": 0.0, "sf_attached": 0.0, "duplex_triplex": 0.0, "multifamily": 0.0, "condo": 0, "unknown": 0, "data_source": null }, "geometry": { "type": "Point", "coordinates": [ -78.897881193482249, 35.999106592128619 ] } },
{ "type": "Feature", "properties": { "A_NUMBER": "D1700147", "A_TYPE": "PL_MINSP", "A_DATE": "2017-05-09T00:00:00", "A_STATUS": "APP", "A_STATUS_D": "2017-11-30T00:00:00", "A_PROJECT_": "Foster on the Park", "A_DESCRIPT": "164 residential units, 1600 SF of retail and under building parking.", "A_USER_ID": "EESBRI", "A_CASE_PLA": "EMILYST", "StatCode": "APP", "AppStatus": "Approved", "AppCode": "PL_MINSP", "AppType": "Level 4 - Administrative Site Plan", "CasePlanne": "Emily Struthers", "EMAIL": "Emily.Struthers@durhamnc.gov", "ORIG_FID": "2521", "CreationDa": "2025-09-20T00:00:00", "Creator": "gisproc_sys", "EditDate": "2025-09-20T00:00:00", "Editor": "gisproc_sys", "sf_detached": 0.0, "sf_attached": 0.0, "duplex_triplex": 0.0, "multifamily": 0.0, "condo": 0, "unknown": 0, "data_source": null }, "geometry": { "type": "Point", "coordinates": [ -78.901841398148136, 36.001569911155336 ] } },
{ "type": "Feature", "properties": { "A_NUMBER": "D2300170", "A_TYPE": "PL_MINSP", "A_DATE": "2023-06-30T00:00:00", "A_STATUS": "APP", "A_STATUS_D": "2023-12-12T00:00:00", "A_PROJECT_": "Sandy Ridge Amendment", "A_DESCRIPT": "197 units of affordable apartments and accessory uses.", "A_USER_ID": "JESSICADO", "A_CASE_PLA": "TREYFI", "StatCode": "APP", "AppStatus": "Approved", "AppCode": "PL_MINSP", "AppType": "Level 4 - Administrative Site Plan", "CasePlanne": "Trey Figueroa", "EMAIL": "Trey.Figueroa@durhamnc.gov", "ORIG_FID": "2559", "CreationDa": "2025-09-20T00:00:00", "Creator": "gisproc_sys", "EditDate": "2025-09-20T00:00:00", "Editor": "gisproc_sys", "sf_detached": 0.0, "sf_attached": 0.0, "duplex_triplex": 0.0, "multifamily": 197.0, "condo": 0, "unknown": 0, "data_source": "DRHM" }, "geometry": { "type": "Point", "coordinates": [ -78.879468740523208, 36.049667858421586 ] } },
{ "type": "Feature", "properties": { "A_NUMBER": "D1500243", "A_TYPE": "PL_ASP", "A_DATE": "2015-09-01T00:00:00", "A_STATUS": "APP", "A_STATUS_D": "2015-09-24T00:00:00", "A_PROJECT_": "Sterling Phase Amenity Center Amendment 3", "A_DESCRIPT": "This site plan adds a covered area on pool side of clubhouse, modifies sidewalk connection to pool and modifies sidewalk to exterior door.", "A_USER_ID": "KIMRO", "A_CASE_PLA": "DCULTRA", "StatCode": "APP", "AppStatus": "Approved", "AppCode": "PL_ASP", "AppType": "Level 1 - Administrative Site Plan", "CasePlanne": "Danny Cultra", "EMAIL": "Danny.Cultra@durhamnc.gov", "ORIG_FID": "2584", "CreationDa": "2025-09-20T00:00:00", "Creator": "gisproc_sys", "EditDate": "2025-09-20T00:00:00", "Editor": "gisproc_sys", "sf_detached": 0.0, "sf_attached": 0.0, "duplex_triplex": 0.0, "multifamily": 0.0, "condo": 0, "unknown": 0, "data_source": null }, "geometry": { "type": "Point", "coordinates": [ -78.83023923259168, 35.890190185849598 ] } },
{ "type": "Feature", "properties": { "A_NUMBER": "D2300173", "A_TYPE": "PL_MINSP", "A_DATE": "2023-07-13T00:00:00", "A_STATUS": "APP", "A_STATUS_D": "2025-02-11T00:00:00", "A_PROJECT_": "Goodwin Crossing", "A_DESCRIPT": "149 single family detached lots with supporting open space in 4 lots.", "A_USER_ID": "TREYFI", "A_CASE_PLA": "TREYFI", "StatCode": "APP", "AppStatus": "Approved", "AppCode": "PL_MINSP", "AppType": "Level 4 - Administrative Site Plan", "CasePlanne": "Trey Figueroa", "EMAIL": "Trey.Figueroa@durhamnc.gov", "ORIG_FID": "2601", "CreationDa": "2025-09-20T00:00:00", "Creator": "gisproc_sys", "EditDate": "2025-09-20T00:00:00", "Editor": "gisproc_sys", "sf_detached": 149.0, "sf_attached": 0.0, "duplex_triplex": 0.0, "multifamily": 0.0, "condo": 0, "unknown": 0, "data_source": "DRHM" }, "geometry": { "type": "Point", "coordinates": [ -78.881752708704823, 36.090889063489058 ] } },
{ "type": "Feature", "properties": { "A_NUMBER": "D2300033", "A_TYPE": "PL_SSP_SM", "A_DATE": "2023-02-07T00:00:00", "A_STATUS": "APP", "A_STATUS_D": "2023-10-31T00:00:00", "A_PROJECT_": "1300 Broad St. Multiplex", "A_DESCRIPT": "This 3-unit multiplex building will be replacing a former multiplex building along with required parking and utility connections.", "A_USER_ID": "JESSICADO", "A_CASE_PLA": "PEYTONBL", "StatCode": "APP", "AppStatus": "Approved", "AppCode": "PL_SSP_SM", "AppType": "Level 3 - Administrative Site Plan", "CasePlanne": "PEYTON BLANCHARD", "EMAIL": "PEYTON.BLANCHARD@DURHAMNC.GOV", "ORIG_FID": "2614", "CreationDa": "2025-09-20T00:00:00", "Creator": "gisproc_sys", "EditDate": "2025-09-20T00:00:00", "Editor": "gisproc_sys", "sf_detached": null, "sf_attached": null, "duplex_triplex": null, "multifamily": 3.0, "condo": 0, "unknown": 0, "data_source": "ITRE" }, "geometry": { "type": "Point", "coordinates": [ -78.91867085253233, 36.019116877436076 ] } },
{ "type": "Feature", "properties": { "A_NUMBER": "D2100001", "A_TYPE": "PL_ASP", "A_DATE": "2021-01-04T00:00:00", "A_STATUS": "WITH", "A_STATUS_D": "2025-02-05T00:00:00", "A_PROJECT_": "Selby Avenue Homes", "A_DESCRIPT": "24 attached homes w/cul-de-sac road and utilities", "A_USER_ID": "KEAGANSA", "A_CASE_PLA": "KEAGANSA", "StatCode": "WITH", "AppStatus": "Withdrawn/Cancelled", "AppCode": "PL_ASP", "AppType": "Level 1 - Administrative Site Plan", "CasePlanne": "Keagan Sacripanti", "EMAIL": "Keagan.Sacripanti@durhamnc.gov", "ORIG_FID": "2624", "CreationDa": "2025-09-20T00:00:00", "Creator": "gisproc_sys", "EditDate": "2025-09-20T00:00:00", "Editor": "gisproc_sys", "sf_detached": 0.0, "sf_attached": 0.0, "duplex_triplex": 0.0, "multifamily": 0.0, "condo": 0, "unknown": 0, "data_source": null }, "geometry": { "type": "Point", "coordinates": [ -78.89536108020404, 35.953188027551477 ] } },
{ "type": "Feature", "properties": { "A_NUMBER": "D1500157", "A_TYPE": "PL_ASP", "A_DATE": "2015-06-10T00:00:00", "A_STATUS": "APP", "A_STATUS_D": "2015-07-20T00:00:00", "A_PROJECT_": "Rustica Oaks Lot Area Amendment", "A_DESCRIPT": "Addition of small amount of lot area on the rear of exxisting Lots 21 amd 22, and reduction of natural open space", "A_USER_ID": "DACIARE", "A_CASE_PLA": "DCULTRA", "StatCode": "APP", "AppStatus": "Approved", "AppCode": "PL_ASP", "AppType": "Level 1 - Administrative Site Plan", "CasePlanne": "Danny Cultra", "EMAIL": "Danny.Cultra@durhamnc.gov", "ORIG_FID": "2663", "CreationDa": "2025-09-20T00:00:00", "Creator": "gisproc_sys", "EditDate": "2025-09-20T00:00:00", "Editor": "gisproc_sys", "sf_detached": 0.0, "sf_attached": 0.0, "duplex_triplex": 0.0, "multifamily": 0.0, "condo": 0, "unknown": 0, "data_source": null }, "geometry": { "type": "Point", "coordinates": [ -78.877861596653361, 35.946936019197608 ] } },
{ "type": "Feature", "properties": { "A_NUMBER": "D2000170", "A_TYPE": "PL_SSP_SM2", "A_DATE": "2020-07-17T00:00:00", "A_STATUS": "APP", "A_STATUS_D": "2021-09-03T00:00:00", "A_PROJECT_": "510 E. Pettigrew Apartments Amendment", "A_DESCRIPT": "Proposed site improvements for a 241 unit apartment building with associated parking deck.", "A_USER_ID": "JESSICADO", "A_CASE_PLA": "JOHNRA", "StatCode": "APP", "AppStatus": "Approved", "AppCode": "PL_SSP_SM2", "AppType": "Level 2 - Administrative Site Plan", "CasePlanne": "John Rabon", "EMAIL": "John.Rabon@durhamnc.gov", "ORIG_FID": "2785", "CreationDa": "2025-09-20T00:00:00", "Creator": "gisproc_sys", "EditDate": "2025-09-20T00:00:00", "Editor": "gisproc_sys", "sf_detached": 0.0, "sf_attached": 0.0, "duplex_triplex": 0.0, "multifamily": 0.0, "condo": 0, "unknown": 0, "data_source": null }, "geometry": { "type": "Point", "coordinates": [ -78.897687978650055, 35.989208327660464 ] } },
{ "type": "Feature", "properties": { "A_NUMBER": "D2100162", "A_TYPE": "PL_SSP_SM2", "A_DATE": "2021-06-11T00:00:00", "A_STATUS": "APP", "A_STATUS_D": "2021-09-01T00:00:00", "A_PROJECT_": "Yancey Street Condos Amendment", "A_DESCRIPT": "Trash corral moved, parking changes, transformer moved, sidewalk changes, bike parking changes.", "A_USER_ID": "JESSICADO", "A_CASE_PLA": "TREYFI", "StatCode": "APP", "AppStatus": "Approved", "AppCode": "PL_SSP_SM2", "AppType": "Level 2 - Administrative Site Plan", "CasePlanne": "Trey Figueroa", "EMAIL": "Trey.Figueroa@durhamnc.gov", "ORIG_FID": "2837", "CreationDa": "2025-09-20T00:00:00", "Creator": "gisproc_sys", "EditDate": "2025-09-20T00:00:00", "Editor": "gisproc_sys", "sf_detached": 0.0, "sf_attached": 0.0, "duplex_triplex": 0.0, "multifamily": 0.0, "condo": 0, "unknown": 66, "data_source": "COMP" }, "geometry": { "type": "Point", "coordinates": [ -78.909131887397038, 35.993707186991777 ] } },
{ "type": "Feature", "properties": { "A_NUMBER": "D2300159", "A_TYPE": "PL_MINSP", "A_DATE": "2023-06-16T00:00:00", "A_STATUS": "APP", "A_STATUS_D": "2024-10-14T00:00:00", "A_PROJECT_": "501 Ramseur Street", "A_DESCRIPT": "New 195-unit apartment building totaling 196,500 sq. ft. on existing parking lot.", "A_USER_ID": "KEAGANSA", "A_CASE_PLA": "KEAGANSA", "StatCode": "APP", "AppStatus": "Approved", "AppCode": "PL_MINSP", "AppType": "Level 4 - Administrative Site Plan", "CasePlanne": "Keagan Sacripanti", "EMAIL": "Keagan.Sacripanti@durhamnc.gov", "ORIG_FID": "2849", "CreationDa": "2025-09-20T00:00:00", "Creator": "gisproc_sys", "EditDate": "2025-09-20T00:00:00", "Editor": "gisproc_sys", "sf_detached": 0.0, "sf_attached": 0.0, "duplex_triplex": 0.0, "multifamily": 195.0, "condo": 0, "unknown": 0, "data_source": "DRHM" }, "geometry": { "type": "Point", "coordinates": [ -78.895946889709649, 35.991001307873688 ] } },
{ "type": "Feature", "properties": { "A_NUMBER": "A1700004", "A_TYPE": "PL_CPAA", "A_DATE": "2017-02-17T00:00:00", "A_STATUS": "APP", "A_STATUS_D": "2017-12-04T00:00:00", "A_PROJECT_": "Ellis Road Townhouses Phase 2", "A_DESCRIPT": "PA request associated with annexation (BDG1700004) and ZMC (Z1700008). Request LDR to LMD Residential", "A_USER_ID": "COLERE", "A_CASE_PLA": "JWIGGINS", "StatCode": "APP", "AppStatus": "Approved", "AppCode": "PL_CPAA", "AppType": "Comprehensive Plan Map or Plan Amendment", "CasePlanne": "Jacob Wiggins", "EMAIL": "jacob.wiggins@durhamnc.gov", "ORIG_FID": "2854", "CreationDa": "2025-09-20T00:00:00", "Creator": "gisproc_sys", "EditDate": "2025-09-20T00:00:00", "Editor": "gisproc_sys", "sf_detached": 0.0, "sf_attached": 0.0, "duplex_triplex": 0.0, "multifamily": 0.0, "condo": 0, "unknown": 0, "data_source": null }, "geometry": { "type": "Point", "coordinates": [ -78.845838115466279, 35.941433240249168 ] } },
{ "type": "Feature", "properties": { "A_NUMBER": "D1900153", "A_TYPE": "PL_SSP_SM2", "A_DATE": "2019-05-20T00:00:00", "A_STATUS": "APP", "A_STATUS_D": "2019-07-25T00:00:00", "A_PROJECT_": "Overture Farrington Road Amended Administrative Site Plan Level 2", "A_DESCRIPT": "184 Units for senior living with parking and pool amenity. Amendment", "A_USER_ID": "JOHNRA", "A_CASE_PLA": "JOHNRA", "StatCode": "APP", "AppStatus": "Approved", "AppCode": "PL_SSP_SM2", "AppType": "Level 2 - Administrative Site Plan", "CasePlanne": "John Rabon", "EMAIL": "John.Rabon@durhamnc.gov", "ORIG_FID": "2883", "CreationDa": "2025-09-20T00:00:00", "Creator": "gisproc_sys", "EditDate": "2025-09-20T00:00:00", "Editor": "gisproc_sys", "sf_detached": 0.0, "sf_attached": 0.0, "duplex_triplex": 0.0, "multifamily": 0.0, "condo": 0, "unknown": 0, "data_source": null }, "geometry": { "type": "Point", "coordinates": [ -78.985930061566165, 35.913428146766407 ] } },
{ "type": "Feature", "properties": { "A_NUMBER": "D2000077", "A_TYPE": "PL_MINSP", "A_DATE": "2020-04-09T00:00:00", "A_STATUS": "APP", "A_STATUS_D": "2020-10-21T00:00:00", "A_PROJECT_": "Summer Meadows Apartments", "A_DESCRIPT": "Proposed three apartment buildings (83 units) with associated parking,sidewalks,utilities & site grading", "A_USER_ID": "JESSICADO", "A_CASE_PLA": "COLERE", "StatCode": "APP", "AppStatus": "Approved", "AppCode": "PL_MINSP", "AppType": "Level 4 - Administrative Site Plan", "CasePlanne": "Cole Renigar", "EMAIL": "Cole.Renigar@durhamnc.gov", "ORIG_FID": "2931", "CreationDa": "2025-09-20T00:00:00", "Creator": "gisproc_sys", "EditDate": "2025-09-20T00:00:00", "Editor": "gisproc_sys", "sf_detached": 0.0, "sf_attached": 0.0, "duplex_triplex": 0.0, "multifamily": 83.0, "condo": 0, "unknown": 0, "data_source": "DRHM" }, "geometry": { "type": "Point", "coordinates": [ -78.890069950467307, 36.059718730033985 ] } },
{ "type": "Feature", "properties": { "A_NUMBER": "D1500192", "A_TYPE": "PL_MINSP", "A_DATE": "2015-07-14T00:00:00", "A_STATUS": "APP", "A_STATUS_D": "2015-12-18T00:00:00", "A_PROJECT_": "Southside East Ph 2", "A_DESCRIPT": "85 apartment units in 12 new structures on 17 acres", "A_USER_ID": "LEEDA", "A_CASE_PLA": "EMILYST", "StatCode": "APP", "AppStatus": "Approved", "AppCode": "PL_MINSP", "AppType": "Level 4 - Administrative Site Plan", "CasePlanne": "Emily Struthers", "EMAIL": "Emily.Struthers@durhamnc.gov", "ORIG_FID": "2969", "CreationDa": "2025-09-20T00:00:00", "Creator": "gisproc_sys", "EditDate": "2025-09-20T00:00:00", "Editor": "gisproc_sys", "sf_detached": 0.0, "sf_attached": 0.0, "duplex_triplex": 0.0, "multifamily": 85.0, "condo": 0, "unknown": 0, "data_source": "DRHM" }, "geometry": { "type": "Point", "coordinates": [ -78.901749061840874, 35.985842019586158 ] } },
{ "type": "Feature", "properties": { "A_NUMBER": "D1600059", "A_TYPE": "PL_MINSP", "A_DATE": "2016-02-23T00:00:00", "A_STATUS": "APP", "A_STATUS_D": "2016-09-16T00:00:00", "A_PROJECT_": "4806 Garrett Apartments", "A_DESCRIPT": "47 unit apartment building on 2.856 acres\r\n", "A_USER_ID": "LEEDA", "A_CASE_PLA": "NIARO", "StatCode": "APP", "AppStatus": "Approved", "AppCode": "PL_MINSP", "AppType": "Level 4 - Administrative Site Plan", "CasePlanne": "Nia Rodgers", "EMAIL": "nia.rodgers@durhamnc.gov", "ORIG_FID": "3219", "CreationDa": "2025-09-20T00:00:00", "Creator": "gisproc_sys", "EditDate": "2025-09-20T00:00:00", "Editor": "gisproc_sys", "sf_detached": 0.0, "sf_attached": 0.0, "duplex_triplex": 0.0, "multifamily": 47.0, "condo": 0, "unknown": 0, "data_source": "DRHM" }, "geometry": { "type": "Point", "coordinates": [ -78.972465635745223, 35.952577070417497 ] } },
{ "type": "Feature", "properties": { "A_NUMBER": "D2200322", "A_TYPE": "PL_MINSP", "A_DATE": "2022-09-20T00:00:00", "A_STATUS": "APP", "A_STATUS_D": "2023-09-08T00:00:00", "A_PROJECT_": "West Village Courtyard Renovation", "A_DESCRIPT": "Project is to renovate and update the residential interior courtyards at the West Village community in downtown Durham. The scope of work will include updates to hardscape and planting materials, site furnishings, etc.", "A_USER_ID": "ROBINSH", "A_CASE_PLA": "ROBINSH", "StatCode": "APP", "AppStatus": "Approved", "AppCode": "PL_MINSP", "AppType": "Level 4 - Administrative Site Plan", "CasePlanne": "Robin Schultze", "EMAIL": "Robin.Schultze@durhamnc.gov", "ORIG_FID": "3221", "CreationDa": "2025-09-20T00:00:00", "Creator": "gisproc_sys", "EditDate": "2025-09-20T00:00:00", "Editor": "gisproc_sys", "sf_detached": 0.0, "sf_attached": 0.0, "duplex_triplex": 0.0, "multifamily": 0.0, "condo": 0, "unknown": 0, "data_source": null }, "geometry": { "type": "Point", "coordinates": [ -78.906450771410007, 36.00012810064981 ] } },
{ "type": "Feature", "properties": { "A_NUMBER": "D2000073", "A_TYPE": "PL_MINSP", "A_DATE": "2020-04-01T00:00:00", "A_STATUS": "APP", "A_STATUS_D": "2022-07-01T00:00:00", "A_PROJECT_": "Griffin Townhomes", "A_DESCRIPT": "280 townhome units plus 9 open space lots", "A_USER_ID": "JOHNRA", "A_CASE_PLA": "JOHNRA", "StatCode": "APP", "AppStatus": "Approved", "AppCode": "PL_MINSP", "AppType": "Level 4 - Administrative Site Plan", "CasePlanne": "John Rabon", "EMAIL": "John.Rabon@durhamnc.gov", "ORIG_FID": "3318", "CreationDa": "2025-09-20T00:00:00", "Creator": "gisproc_sys", "EditDate": "2025-09-20T00:00:00", "Editor": "gisproc_sys", "sf_detached": 0.0, "sf_attached": 280.0, "duplex_triplex": 0.0, "multifamily": 0.0, "condo": 0, "unknown": 0, "data_source": "DRHM" }, "geometry": { "type": "Point", "coordinates": [ -78.832762697805549, 36.023022092308445 ] } },
{ "type": "Feature", "properties": { "A_NUMBER": "D2100161", "A_TYPE": "PL_SSP_SM2", "A_DATE": "2021-06-11T00:00:00", "A_STATUS": "APP", "A_STATUS_D": "2022-09-19T00:00:00", "A_PROJECT_": "Courtyards At Southpoint Amendment", "A_DESCRIPT": "Revision to Lot 39, Adding sewer stub.", "A_USER_ID": "AMANDAHO", "A_CASE_PLA": "ROBINSH", "StatCode": "APP", "AppStatus": "Approved", "AppCode": "PL_SSP_SM2", "AppType": "Level 2 - Administrative Site Plan", "CasePlanne": "Robin Schultze", "EMAIL": "Robin.Schultze@durhamnc.gov", "ORIG_FID": "3495", "CreationDa": "2025-09-20T00:00:00", "Creator": "gisproc_sys", "EditDate": "2025-09-20T00:00:00", "Editor": "gisproc_sys", "sf_detached": 0.0, "sf_attached": 0.0, "duplex_triplex": 0.0, "multifamily": 0.0, "condo": 0, "unknown": 246, "data_source": "COMP" }, "geometry": { "type": "Point", "coordinates": [ -78.93833945131334, 35.888305476594084 ] } },
{ "type": "Feature", "properties": { "A_NUMBER": "D2100097", "A_TYPE": "PL_MINSP", "A_DATE": "2021-03-31T00:00:00", "A_STATUS": "APP", "A_STATUS_D": "2021-10-01T00:00:00", "A_PROJECT_": "Signature Elevate at the Park", "A_DESCRIPT": "336 apartment unit development with amenities, road improvements to NC 55 per Z1800013", "A_USER_ID": "JESSICADO", "A_CASE_PLA": "JOHNRA", "StatCode": "APP", "AppStatus": "Approved", "AppCode": "PL_MINSP", "AppType": "Level 4 - Administrative Site Plan", "CasePlanne": "John Rabon", "EMAIL": "John.Rabon@durhamnc.gov", "ORIG_FID": "3538", "CreationDa": "2025-09-20T00:00:00", "Creator": "gisproc_sys", "EditDate": "2025-09-20T00:00:00", "Editor": "gisproc_sys", "sf_detached": 0.0, "sf_attached": 0.0, "duplex_triplex": 0.0, "multifamily": 336.0, "condo": 0, "unknown": 0, "data_source": "DRHM" }, "geometry": { "type": "Point", "coordinates": [ -78.891855076346346, 35.923216649837265 ] } },
{ "type": "Feature", "properties": { "A_NUMBER": "D1800326", "A_TYPE": "PL_MINSP", "A_DATE": "2018-10-16T00:00:00", "A_STATUS": "WITH", "A_STATUS_D": "2022-07-11T00:00:00", "A_PROJECT_": "Tocqueville Townes (Formally Ben Franklin Blvd)", "A_DESCRIPT": "Site plan at Ben Franklin Blvd. for 22 townhome lots on 2.865 acres with PDR zoning, F/J-B, river basin Neuse, and current use vacant, proposed use medium density residential.", "A_USER_ID": "COLERE", "A_CASE_PLA": "COLERE", "StatCode": "WITH", "AppStatus": "Withdrawn/Cancelled", "AppCode": "PL_MINSP", "AppType": "Level 4 - Administrative Site Plan", "CasePlanne": "Cole Renigar", "EMAIL": "Cole.Renigar@durhamnc.gov", "ORIG_FID": "3547", "CreationDa": "2025-09-20T00:00:00", "Creator": "gisproc_sys", "EditDate": "2025-09-20T00:00:00", "Editor": "gisproc_sys", "sf_detached": 0.0, "sf_attached": 22.0, "duplex_triplex": 0.0, "multifamily": 0.0, "condo": 0, "unknown": 0, "data_source": "COMP" }, "geometry": { "type": "Point", "coordinates": [ -78.890665600017471, 36.047068534259061 ] } },
{ "type": "Feature", "properties": { "A_NUMBER": "D2400060", "A_TYPE": "PL_SSP_SM2", "A_DATE": "2024-03-12T00:00:00", "A_STATUS": "APP", "A_STATUS_D": "2024-09-23T00:00:00", "A_PROJECT_": "Triple Crown Amendment", "A_DESCRIPT": "Amendment revising the phasing of a 359-unit single-family subdivision.", "A_USER_ID": "COLERE", "A_CASE_PLA": "COLERE", "StatCode": "APP", "AppStatus": "Approved", "AppCode": "PL_SSP_SM2", "AppType": "Level 2 - Administrative Site Plan", "CasePlanne": "Cole Renigar", "EMAIL": "Cole.Renigar@durhamnc.gov", "ORIG_FID": "3554", "CreationDa": "2025-09-20T00:00:00", "Creator": "gisproc_sys", "EditDate": "2025-09-20T00:00:00", "Editor": "gisproc_sys", "sf_detached": 390.0, "sf_attached": 0.0, "duplex_triplex": 0.0, "multifamily": 0.0, "condo": 0, "unknown": 0, "data_source": "COMP" }, "geometry": { "type": "Point", "coordinates": [ -78.777005852910747, 35.973397156875578 ] } },
{ "type": "Feature", "properties": { "A_NUMBER": "D2100002", "A_TYPE": "PL_MINSP", "A_DATE": "2021-01-05T00:00:00", "A_STATUS": "APP", "A_STATUS_D": "2021-07-01T00:00:00", "A_PROJECT_": "Parmer RTP Campus Improvements Amendment", "A_DESCRIPT": "Retrofit campus from single tenant use to multi- tenant use", "A_USER_ID": "TREYFI", "A_CASE_PLA": "TREYFI", "StatCode": "APP", "AppStatus": "Approved", "AppCode": "PL_MINSP", "AppType": "Level 4 - Administrative Site Plan", "CasePlanne": "Trey Figueroa", "EMAIL": "Trey.Figueroa@durhamnc.gov", "ORIG_FID": "3556", "CreationDa": "2025-09-20T00:00:00", "Creator": "gisproc_sys", "EditDate": "2025-09-20T00:00:00", "Editor": "gisproc_sys", "sf_detached": 0.0, "sf_attached": 0.0, "duplex_triplex": 0.0, "multifamily": 0.0, "condo": 0, "unknown": 0, "data_source": null }, "geometry": { "type": "Point", "coordinates": [ -78.862273465400875, 35.9344526599902 ] } },
{ "type": "Feature", "properties": { "A_NUMBER": "D1800305", "A_TYPE": "PL_MINSP", "A_DATE": "2018-09-18T00:00:00", "A_STATUS": "APP", "A_STATUS_D": "2019-03-20T00:00:00", "A_PROJECT_": "5321 Page Road", "A_DESCRIPT": "Mixed-Use Development containing approximately 277 units; amenities and 1200 sf of commercial", "A_USER_ID": "COLERE", "A_CASE_PLA": "COLERE", "StatCode": "APP", "AppStatus": "Approved", "AppCode": "PL_MINSP", "AppType": "Level 4 - Administrative Site Plan", "CasePlanne": "Cole Renigar", "EMAIL": "Cole.Renigar@durhamnc.gov", "ORIG_FID": "3559", "CreationDa": "2025-09-20T00:00:00", "Creator": "gisproc_sys", "EditDate": "2025-09-20T00:00:00", "Editor": "gisproc_sys", "sf_detached": 0.0, "sf_attached": 0.0, "duplex_triplex": 0.0, "multifamily": 0.0, "condo": 0, "unknown": 0, "data_source": null }, "geometry": { "type": "Point", "coordinates": [ -78.844516972997653, 35.878893941002971 ] } },
{ "type": "Feature", "properties": { "A_NUMBER": "D1600318", "A_TYPE": "PL_MINSP", "A_DATE": "2016-11-01T00:00:00", "A_STATUS": "APP", "A_STATUS_D": "2018-03-15T00:00:00", "A_PROJECT_": "Vincent Avenue Parcels", "A_DESCRIPT": "34 unit duplexes.", "A_USER_ID": "JOHNRA", "A_CASE_PLA": "DCULTRA", "StatCode": "APP", "AppStatus": "Approved", "AppCode": "PL_MINSP", "AppType": "Level 4 - Administrative Site Plan", "CasePlanne": "Danny Cultra", "EMAIL": "Danny.Cultra@durhamnc.gov", "ORIG_FID": "3560", "CreationDa": "2025-09-20T00:00:00", "Creator": "gisproc_sys", "EditDate": "2025-09-20T00:00:00", "Editor": "gisproc_sys", "sf_detached": 0.0, "sf_attached": 0.0, "duplex_triplex": 34.0, "multifamily": 0.0, "condo": 0, "unknown": 0, "data_source": "DRHM" }, "geometry": { "type": "Point", "coordinates": [ -78.955127493846263, 36.02065009349144 ] } },
{ "type": "Feature", "properties": { "A_NUMBER": "D2100011", "A_TYPE": "PL_MINSP", "A_DATE": "2021-01-20T00:00:00", "A_STATUS": "APP", "A_STATUS_D": "2021-07-19T00:00:00", "A_PROJECT_": "Angier Townhomes", "A_DESCRIPT": "115 townhome units. four private roadways, sanitary pump,and associated amenities", "A_USER_ID": "KIMRO", "A_CASE_PLA": "TREYFI", "StatCode": "APP", "AppStatus": "Approved", "AppCode": "PL_MINSP", "AppType": "Level 4 - Administrative Site Plan", "CasePlanne": "Trey Figueroa", "EMAIL": "Trey.Figueroa@durhamnc.gov", "ORIG_FID": "3603", "CreationDa": "2025-09-20T00:00:00", "Creator": "gisproc_sys", "EditDate": "2025-09-20T00:00:00", "Editor": "gisproc_sys", "sf_detached": 0.0, "sf_attached": 115.0, "duplex_triplex": 0.0, "multifamily": 0.0, "condo": 0, "unknown": 0, "data_source": "DRHM" }, "geometry": { "type": "Point", "coordinates": [ -78.83449161994821, 35.94505508347595 ] } },
{ "type": "Feature", "properties": { "A_NUMBER": "A1600004", "A_TYPE": "PL_CPAA", "A_DATE": "2016-03-14T00:00:00", "A_STATUS": "APP", "A_STATUS_D": "2016-10-04T00:00:00", "A_PROJECT_": "Bethpage Village IV", "A_DESCRIPT": "Industrial to Low-Medium Density Residential (4-8 DU/Ac.)", "A_USER_ID": "LWOODS", "A_CASE_PLA": "LWOODS", "StatCode": "APP", "AppStatus": "Approved", "AppCode": "PL_CPAA", "AppType": "Comprehensive Plan Map or Plan Amendment", "CasePlanne": null, "EMAIL": null, "ORIG_FID": "3636", "CreationDa": "2025-09-20T00:00:00", "Creator": "gisproc_sys", "EditDate": "2025-09-20T00:00:00", "Editor": "gisproc_sys", "sf_detached": 0.0, "sf_attached": 0.0, "duplex_triplex": 0.0, "multifamily": 0.0, "condo": 0, "unknown": 0, "data_source": null }, "geometry": { "type": "Point", "coordinates": [ -78.83164254076236, 35.902107703785823 ] } },
{ "type": "Feature", "properties": { "A_NUMBER": "D1900359", "A_TYPE": "PL_MINSP", "A_DATE": "2019-10-07T00:00:00", "A_STATUS": "APP", "A_STATUS_D": "2020-04-16T00:00:00", "A_PROJECT_": "Croasdaile Village Heritage Hall", "A_DESCRIPT": "Replace existing building with new building for loss of 2 units", "A_USER_ID": "TREYFI", "A_CASE_PLA": "TREYFI", "StatCode": "APP", "AppStatus": "Approved", "AppCode": "PL_MINSP", "AppType": "Level 4 - Administrative Site Plan", "CasePlanne": "Trey Figueroa", "EMAIL": "Trey.Figueroa@durhamnc.gov", "ORIG_FID": "3669", "CreationDa": "2025-09-20T00:00:00", "Creator": "gisproc_sys", "EditDate": "2025-09-20T00:00:00", "Editor": "gisproc_sys", "sf_detached": 0.0, "sf_attached": 0.0, "duplex_triplex": 0.0, "multifamily": 0.0, "condo": 0, "unknown": 0, "data_source": null }, "geometry": { "type": "Point", "coordinates": [ -78.939049070983828, 36.046641874203459 ] } },
{ "type": "Feature", "properties": { "A_NUMBER": "D2100034", "A_TYPE": "PL_MINSP", "A_DATE": "2021-02-08T00:00:00", "A_STATUS": "APP", "A_STATUS_D": "2023-11-27T00:00:00", "A_PROJECT_": "Wabash Parcels", "A_DESCRIPT": "This project includes 40 townhome lots with associated streets, sidewalks, utilities, grading, stormwater, and landscaping", "A_USER_ID": "KENNETHCA", "A_CASE_PLA": "TREYFI", "StatCode": "APP", "AppStatus": "Approved", "AppCode": "PL_MINSP", "AppType": "Level 4 - Administrative Site Plan", "CasePlanne": "Trey Figueroa", "EMAIL": "Trey.Figueroa@durhamnc.gov", "ORIG_FID": "3674", "CreationDa": "2025-09-20T00:00:00", "Creator": "gisproc_sys", "EditDate": "2025-09-20T00:00:00", "Editor": "gisproc_sys", "sf_detached": 0.0, "sf_attached": 40.0, "duplex_triplex": 0.0, "multifamily": 0.0, "condo": 0, "unknown": 0, "data_source": "DRHM" }, "geometry": { "type": "Point", "coordinates": [ -78.888965742901632, 35.969826895115382 ] } },
{ "type": "Feature", "properties": { "A_NUMBER": "D2200209", "A_TYPE": "PL_MINSP", "A_DATE": "2022-06-22T00:00:00", "A_STATUS": "APP", "A_STATUS_D": "2022-11-15T00:00:00", "A_PROJECT_": "Wolfspeed - 100 kv Bus Tie", "A_DESCRIPT": "Expansion of exsisting electrical infrastructure", "A_USER_ID": "JUSTINH", "A_CASE_PLA": "COLERE", "StatCode": "APP", "AppStatus": "Approved", "AppCode": "PL_MINSP", "AppType": "Level 4 - Administrative Site Plan", "CasePlanne": "Cole Renigar", "EMAIL": "Cole.Renigar@durhamnc.gov", "ORIG_FID": "3696", "CreationDa": "2025-09-20T00:00:00", "Creator": "gisproc_sys", "EditDate": "2025-09-20T00:00:00", "Editor": "gisproc_sys", "sf_detached": 0.0, "sf_attached": 0.0, "duplex_triplex": 0.0, "multifamily": 0.0, "condo": 0, "unknown": 0, "data_source": null }, "geometry": { "type": "Point", "coordinates": [ -78.838081272167955, 35.907898471163023 ] } },
{ "type": "Feature", "properties": { "A_NUMBER": "D2100307", "A_TYPE": "PL_MINSP", "A_DATE": "2021-09-10T00:00:00", "A_STATUS": "APP", "A_STATUS_D": "2022-03-14T00:00:00", "A_PROJECT_": "The Villas at Carpenter Woods", "A_DESCRIPT": "34 Single Family Conservation Subdivision", "A_USER_ID": "JESSICADO", "A_CASE_PLA": "TREYFI", "StatCode": "APP", "AppStatus": "Approved", "AppCode": "PL_MINSP", "AppType": "Level 4 - Administrative Site Plan", "CasePlanne": "Trey Figueroa", "EMAIL": "Trey.Figueroa@durhamnc.gov", "ORIG_FID": "3735", "CreationDa": "2025-09-20T00:00:00", "Creator": "gisproc_sys", "EditDate": "2025-09-20T00:00:00", "Editor": "gisproc_sys", "sf_detached": 34.0, "sf_attached": 0.0, "duplex_triplex": 0.0, "multifamily": 0.0, "condo": 0, "unknown": 0, "data_source": "DRHM" }, "geometry": { "type": "Point", "coordinates": [ -78.820343776594171, 36.026555772748594 ] } },
{ "type": "Feature", "properties": { "A_NUMBER": "D1500112", "A_TYPE": "PL_ASP", "A_DATE": "2015-05-06T00:00:00", "A_STATUS": "APP", "A_STATUS_D": "2015-06-30T00:00:00", "A_PROJECT_": "Winsford at the Park Pool Revision", "A_DESCRIPT": "Revision to pool layout and architectural elevations", "A_USER_ID": "LEEDA", "A_CASE_PLA": "NIARO", "StatCode": "APP", "AppStatus": "Approved", "AppCode": "PL_ASP", "AppType": "Level 1 - Administrative Site Plan", "CasePlanne": "Nia Rodgers", "EMAIL": "nia.rodgers@durhamnc.gov", "ORIG_FID": "3744", "CreationDa": "2025-09-20T00:00:00", "Creator": "gisproc_sys", "EditDate": "2025-09-20T00:00:00", "Editor": "gisproc_sys", "sf_detached": 0.0, "sf_attached": 0.0, "duplex_triplex": 0.0, "multifamily": 0.0, "condo": 0, "unknown": 0, "data_source": null }, "geometry": { "type": "Point", "coordinates": [ -78.872193856355366, 35.943810593937371 ] } },
{ "type": "Feature", "properties": { "A_NUMBER": "D2000176", "A_TYPE": "PL_MINSP", "A_DATE": "2020-07-23T00:00:00", "A_STATUS": "APP", "A_STATUS_D": "2021-04-27T00:00:00", "A_PROJECT_": "The Piedmont at Patterson Place Apartments", "A_DESCRIPT": "3 Apartment buildings (299 units) in 2 Phases and Associated parking and utilities", "A_USER_ID": "COLERE", "A_CASE_PLA": "COLERE", "StatCode": "APP", "AppStatus": "Approved", "AppCode": "PL_MINSP", "AppType": "Level 4 - Administrative Site Plan", "CasePlanne": "Cole Renigar", "EMAIL": "Cole.Renigar@durhamnc.gov", "ORIG_FID": "3772", "CreationDa": "2025-09-20T00:00:00", "Creator": "gisproc_sys", "EditDate": "2025-09-20T00:00:00", "Editor": "gisproc_sys", "sf_detached": 0.0, "sf_attached": 0.0, "duplex_triplex": 0.0, "multifamily": 3.0, "condo": 0, "unknown": 0, "data_source": "DRHM" }, "geometry": { "type": "Point", "coordinates": [ -78.990303196460289, 35.951684104491775 ] } },
{ "type": "Feature", "properties": { "A_NUMBER": "D1600178", "A_TYPE": "PL_MINSP", "A_DATE": "2016-06-28T00:00:00", "A_STATUS": "APP", "A_STATUS_D": "2017-03-03T00:00:00", "A_PROJECT_": "Andrews Chapel Amendment", "A_DESCRIPT": "180 single family lots, 231 townhome lots and open space.", "A_USER_ID": "JESSICADO", "A_CASE_PLA": "EMILYST", "StatCode": "APP", "AppStatus": "Approved", "AppCode": "PL_MINSP", "AppType": "Level 4 - Administrative Site Plan", "CasePlanne": "Emily Struthers", "EMAIL": "Emily.Struthers@durhamnc.gov", "ORIG_FID": "3826", "CreationDa": "2025-09-20T00:00:00", "Creator": "gisproc_sys", "EditDate": "2025-09-20T00:00:00", "Editor": "gisproc_sys", "sf_detached": 180.0, "sf_attached": 231.0, "duplex_triplex": 0.0, "multifamily": 0.0, "condo": 0, "unknown": 0, "data_source": "DRHM" }, "geometry": { "type": "Point", "coordinates": [ -78.775691362885468, 35.928636322147078 ] } },
{ "type": "Feature", "properties": { "A_NUMBER": "D2100274", "A_TYPE": "PL_MINSP", "A_DATE": "2021-08-25T00:00:00", "A_STATUS": "APP", "A_STATUS_D": "2022-04-11T00:00:00", "A_PROJECT_": "Ascend Brightleaf Apartments", "A_DESCRIPT": "336  unit apartment development with the associated parking, utilities, and stormwater management.", "A_USER_ID": "KIMRO", "A_CASE_PLA": "TREYFI", "StatCode": "APP", "AppStatus": "Approved", "AppCode": "PL_MINSP", "AppType": "Level 4 - Administrative Site Plan", "CasePlanne": "Trey Figueroa", "EMAIL": "Trey.Figueroa@durhamnc.gov", "ORIG_FID": "3838", "CreationDa": "2025-09-20T00:00:00", "Creator": "gisproc_sys", "EditDate": "2025-09-20T00:00:00", "Editor": "gisproc_sys", "sf_detached": 0.0, "sf_attached": 0.0, "duplex_triplex": 0.0, "multifamily": 336.0, "condo": 0, "unknown": 0, "data_source": "DRHM" }, "geometry": { "type": "Point", "coordinates": [ -78.822099472933061, 35.943322888492958 ] } },
{ "type": "Feature", "properties": { "A_NUMBER": "D1700388", "A_TYPE": "PL_MINSP", "A_DATE": "2017-12-19T00:00:00", "A_STATUS": "APP", "A_STATUS_D": "2018-10-01T00:00:00", "A_PROJECT_": "North Duke Street Mixed Use", "A_DESCRIPT": "Mixed use development with commercial and residential.", "A_USER_ID": "MICHAELKL", "A_CASE_PLA": "EMILYST", "StatCode": "APP", "AppStatus": "Approved", "AppCode": "PL_MINSP", "AppType": "Level 4 - Administrative Site Plan", "CasePlanne": "Emily Struthers", "EMAIL": "Emily.Struthers@durhamnc.gov", "ORIG_FID": "3879", "CreationDa": "2025-09-20T00:00:00", "Creator": "gisproc_sys", "EditDate": "2025-09-20T00:00:00", "Editor": "gisproc_sys", "sf_detached": 0.0, "sf_attached": 0.0, "duplex_triplex": 0.0, "multifamily": 0.0, "condo": 0, "unknown": 0, "data_source": null }, "geometry": { "type": "Point", "coordinates": [ -78.905198283171046, 36.043320977635069 ] } },
{ "type": "Feature", "properties": { "A_NUMBER": "D2200226", "A_TYPE": "PL_MINSP", "A_DATE": "2022-06-28T00:00:00", "A_STATUS": "APP", "A_STATUS_D": "2022-11-23T00:00:00", "A_PROJECT_": "The Enclave at Garrett Grading", "A_DESCRIPT": "Sewer and grading plan for single family residential on existing lots. ", "A_USER_ID": "JESSICADO", "A_CASE_PLA": "ROBINSH", "StatCode": "APP", "AppStatus": "Approved", "AppCode": "PL_MINSP", "AppType": "Level 4 - Administrative Site Plan", "CasePlanne": "Robin Schultze", "EMAIL": "Robin.Schultze@durhamnc.gov", "ORIG_FID": "3935", "CreationDa": "2025-09-20T00:00:00", "Creator": "gisproc_sys", "EditDate": "2025-09-20T00:00:00", "Editor": "gisproc_sys", "sf_detached": 0.0, "sf_attached": 0.0, "duplex_triplex": 0.0, "multifamily": 0.0, "condo": 0, "unknown": 0, "data_source": null }, "geometry": { "type": "Point", "coordinates": [ -78.968840330260065, 35.945213436073139 ] } },
{ "type": "Feature", "properties": { "A_NUMBER": "D1900025", "A_TYPE": "PL_MINSP", "A_DATE": "2019-02-05T00:00:00", "A_STATUS": "APP", "A_STATUS_D": "2019-06-18T00:00:00", "A_PROJECT_": "Gateway Center Building 2", "A_DESCRIPT": "112 Multi-Family Development", "A_USER_ID": "AMANDAHO", "A_CASE_PLA": "COURTNEYMC", "StatCode": "APP", "AppStatus": "Approved", "AppCode": "PL_MINSP", "AppType": "Level 4 - Administrative Site Plan", "CasePlanne": "Courtney McQueen", "EMAIL": "Courtney.McQueen@durhamnc.gov", "ORIG_FID": "4029", "CreationDa": "2025-09-20T00:00:00", "Creator": "gisproc_sys", "EditDate": "2025-09-20T00:00:00", "Editor": "gisproc_sys", "sf_detached": 0.0, "sf_attached": 0.0, "duplex_triplex": 0.0, "multifamily": 112.0, "condo": 0, "unknown": 0, "data_source": "DRHM" }, "geometry": { "type": "Point", "coordinates": [ -78.900428027732573, 35.990001209800788 ] } },
{ "type": "Feature", "properties": { "A_NUMBER": "D2200007", "A_TYPE": "PL_MINSP", "A_DATE": "2022-01-07T00:00:00", "A_STATUS": "APP", "A_STATUS_D": "2022-09-23T00:00:00", "A_PROJECT_": "Washington Street Mixed - Use", "A_DESCRIPT": "311 Multi -family apartments with ground floor retail, amenities, and parking garage. Existing historic City Place Garage/RetailOffice and Fire Tower", "A_USER_ID": "JESSICADO", "A_CASE_PLA": "ROBINSH", "StatCode": "APP", "AppStatus": "Approved", "AppCode": "PL_MINSP", "AppType": "Level 4 - Administrative Site Plan", "CasePlanne": "Robin Schultze", "EMAIL": "Robin.Schultze@durhamnc.gov", "ORIG_FID": "4108", "CreationDa": "2025-09-20T00:00:00", "Creator": "gisproc_sys", "EditDate": "2025-09-20T00:00:00", "Editor": "gisproc_sys", "sf_detached": 0.0, "sf_attached": 0.0, "duplex_triplex": 0.0, "multifamily": 311.0, "condo": 0, "unknown": 0, "data_source": "DRHM" }, "geometry": { "type": "Point", "coordinates": [ -78.903537756628921, 36.00399799680482 ] } },
{ "type": "Feature", "properties": { "A_NUMBER": "D2100045", "A_TYPE": "PL_MINSP", "A_DATE": "2021-02-15T00:00:00", "A_STATUS": "APP", "A_STATUS_D": "2021-11-05T00:00:00", "A_PROJECT_": "Alexander Crossing", "A_DESCRIPT": "3 apartment buildings  ( 176 units ) and an amenity center", "A_USER_ID": "JESSICADO", "A_CASE_PLA": "ROBINSH", "StatCode": "APP", "AppStatus": "Approved", "AppCode": "PL_MINSP", "AppType": "Level 4 - Administrative Site Plan", "CasePlanne": "Robin Schultze", "EMAIL": "Robin.Schultze@durhamnc.gov", "ORIG_FID": "4140", "CreationDa": "2025-09-20T00:00:00", "Creator": "gisproc_sys", "EditDate": "2025-09-20T00:00:00", "Editor": "gisproc_sys", "sf_detached": 0.0, "sf_attached": 0.0, "duplex_triplex": 0.0, "multifamily": 3.0, "condo": 0, "unknown": 0, "data_source": "DRHM" }, "geometry": { "type": "Point", "coordinates": [ -78.88708393426937, 35.880767057169344 ] } },
{ "type": "Feature", "properties": { "A_NUMBER": "D1500132", "A_TYPE": "PL_MINSP", "A_DATE": "2015-05-26T00:00:00", "A_STATUS": "APP", "A_STATUS_D": "2016-04-19T00:00:00", "A_PROJECT_": "Blacknall Church Off-site Parking Lot", "A_DESCRIPT": "Removal of existing dwellings and construction 43 space parking lot", "A_USER_ID": "DACIARE", "A_CASE_PLA": "NIARO", "StatCode": "APP", "AppStatus": "Approved", "AppCode": "PL_MINSP", "AppType": "Level 4 - Administrative Site Plan", "CasePlanne": "Nia Rodgers", "EMAIL": "nia.rodgers@durhamnc.gov", "ORIG_FID": "4167", "CreationDa": "2025-09-20T00:00:00", "Creator": "gisproc_sys", "EditDate": "2025-09-20T00:00:00", "Editor": "gisproc_sys", "sf_detached": 0.0, "sf_attached": 0.0, "duplex_triplex": 0.0, "multifamily": 0.0, "condo": 0, "unknown": 0, "data_source": null }, "geometry": { "type": "Point", "coordinates": [ -78.920531835422935, 36.008757205427074 ] } },
{ "type": "Feature", "properties": { "A_NUMBER": "D1900038", "A_TYPE": "PL_MINSP", "A_DATE": "2019-02-15T00:00:00", "A_STATUS": "WITH", "A_STATUS_D": "2021-06-01T00:00:00", "A_PROJECT_": "Rollingdale Preliminary Plat", "A_DESCRIPT": "Propose 25 unit townhome subdivison", "A_USER_ID": "SHERISELA", "A_CASE_PLA": "TREYFI", "StatCode": "WITH", "AppStatus": "Withdrawn/Cancelled", "AppCode": "PL_MINSP", "AppType": "Level 4 - Administrative Site Plan", "CasePlanne": "Trey Figueroa", "EMAIL": "Trey.Figueroa@durhamnc.gov", "ORIG_FID": "4195", "CreationDa": "2025-09-20T00:00:00", "Creator": "gisproc_sys", "EditDate": "2025-09-20T00:00:00", "Editor": "gisproc_sys", "sf_detached": 0.0, "sf_attached": 25.0, "duplex_triplex": 0.0, "multifamily": 0.0, "condo": 0, "unknown": 0, "data_source": "COMP" }, "geometry": { "type": "Point", "coordinates": [ -78.948730101578008, 35.915115792674747 ] } },
{ "type": "Feature", "properties": { "A_NUMBER": "D2300184", "A_TYPE": "PL_SSP_SM", "A_DATE": "2023-07-21T00:00:00", "A_STATUS": "WITH", "A_STATUS_D": "2024-09-16T00:00:00", "A_PROJECT_": "New Townhome Units", "A_DESCRIPT": "5 new townhome units.", "A_USER_ID": "COLERE", "A_CASE_PLA": "COLERE", "StatCode": "WITH", "AppStatus": "Withdrawn/Cancelled", "AppCode": "PL_SSP_SM", "AppType": "Level 3 - Administrative Site Plan", "CasePlanne": "Cole Renigar", "EMAIL": "Cole.Renigar@durhamnc.gov", "ORIG_FID": "4271", "CreationDa": "2025-09-20T00:00:00", "Creator": "gisproc_sys", "EditDate": "2025-09-20T00:00:00", "Editor": "gisproc_sys", "sf_detached": null, "sf_attached": 5.0, "duplex_triplex": null, "multifamily": null, "condo": 0, "unknown": 0, "data_source": "ITRE" }, "geometry": { "type": "Point", "coordinates": [ -78.9182836375916, 36.016912427779559 ] } },
{ "type": "Feature", "properties": { "A_NUMBER": "D2400006", "A_TYPE": "PL_MINSP", "A_DATE": "2024-01-16T00:00:00", "A_STATUS": "APP", "A_STATUS_D": "2024-07-10T00:00:00", "A_PROJECT_": "Alexander Crossing (new)", "A_DESCRIPT": "Apartments (176 units) with club house and dog park.", "A_USER_ID": "JUSTINH", "A_CASE_PLA": "COLERE", "StatCode": "APP", "AppStatus": "Approved", "AppCode": "PL_MINSP", "AppType": "Level 4 - Administrative Site Plan", "CasePlanne": "Cole Renigar", "EMAIL": "Cole.Renigar@durhamnc.gov", "ORIG_FID": "4281", "CreationDa": "2025-09-20T00:00:00", "Creator": "gisproc_sys", "EditDate": "2025-09-20T00:00:00", "Editor": "gisproc_sys", "sf_detached": 0.0, "sf_attached": 0.0, "duplex_triplex": 0.0, "multifamily": 176.0, "condo": 0, "unknown": 0, "data_source": "DRHM" }, "geometry": { "type": "Point", "coordinates": [ -78.887093127124956, 35.880760910250352 ] } },
{ "type": "Feature", "properties": { "A_NUMBER": "D1900411", "A_TYPE": "PL_MINSP", "A_DATE": "2019-11-26T00:00:00", "A_STATUS": "APP", "A_STATUS_D": "2021-08-05T00:00:00", "A_PROJECT_": "Salix Pointe", "A_DESCRIPT": "10 Lot Subdivison at the corner of Salix Drive and Scott King Road", "A_USER_ID": "COLERE", "A_CASE_PLA": "COLERE", "StatCode": "APP", "AppStatus": "Approved", "AppCode": "PL_MINSP", "AppType": "Level 4 - Administrative Site Plan", "CasePlanne": "Cole Renigar", "EMAIL": "Cole.Renigar@durhamnc.gov", "ORIG_FID": "4290", "CreationDa": "2025-09-20T00:00:00", "Creator": "gisproc_sys", "EditDate": "2025-09-20T00:00:00", "Editor": "gisproc_sys", "sf_detached": 0.0, "sf_attached": 0.0, "duplex_triplex": 0.0, "multifamily": 0.0, "condo": 0, "unknown": 0, "data_source": null }, "geometry": { "type": "Point", "coordinates": [ -78.938058990678144, 35.873564873089222 ] } },
{ "type": "Feature", "properties": { "A_NUMBER": "D1500338", "A_TYPE": "PL_SSP_SM", "A_DATE": "2015-11-17T00:00:00", "A_STATUS": "APP", "A_STATUS_D": "2016-03-29T00:00:00", "A_PROJECT_": "Creekside at Bethpage Townhome Amendment", "A_DESCRIPT": "Convert a group of single-family lots in phase 3 to townhomes. No change to roads, add building elevations, add sub-phases, modifications to tree coverage to match construction drawings, revisions to special notes.", "A_USER_ID": "TDANNER", "A_CASE_PLA": "DCULTRA", "StatCode": "APP", "AppStatus": "Approved", "AppCode": "PL_SSP_SM", "AppType": "Level 3 - Administrative Site Plan", "CasePlanne": "Danny Cultra", "EMAIL": "Danny.Cultra@durhamnc.gov", "ORIG_FID": "4329", "CreationDa": "2025-09-20T00:00:00", "Creator": "gisproc_sys", "EditDate": "2025-09-20T00:00:00", "Editor": "gisproc_sys", "sf_detached": 3.0, "sf_attached": 0.0, "duplex_triplex": 0.0, "multifamily": 0.0, "condo": 0, "unknown": 0, "data_source": "DRHM" }, "geometry": { "type": "Point", "coordinates": [ -78.83164254076236, 35.902107703785823 ] } },
{ "type": "Feature", "properties": { "A_NUMBER": "D1500044", "A_TYPE": "PL_MINSP", "A_DATE": "2015-03-03T00:00:00", "A_STATUS": "APP", "A_STATUS_D": "2015-09-01T00:00:00", "A_PROJECT_": "Whitted School", "A_DESCRIPT": "Adaptive re-use of the historic Whitted School. Project involves the renovation of the existing building and a new building to incorporate 79 residential units and a pre-K program", "A_USER_ID": "DACIARE", "A_CASE_PLA": "BDOBRZENSKI", "StatCode": "APP", "AppStatus": "Approved", "AppCode": "PL_MINSP", "AppType": "Level 4 - Administrative Site Plan", "CasePlanne": "Bo Dobrzenski", "EMAIL": "Bo.Dobrzenski@durhamnc.gov", "ORIG_FID": "4332", "CreationDa": "2025-09-20T00:00:00", "Creator": "gisproc_sys", "EditDate": "2025-09-20T00:00:00", "Editor": "gisproc_sys", "sf_detached": 0.0, "sf_attached": 0.0, "duplex_triplex": 0.0, "multifamily": 0.0, "condo": 0, "unknown": 0, "data_source": null }, "geometry": { "type": "Point", "coordinates": [ -78.902608379703608, 35.98213240828165 ] } },
{ "type": "Feature", "properties": { "A_NUMBER": "D1900221", "A_TYPE": "PL_MINSP", "A_DATE": "2019-07-10T00:00:00", "A_STATUS": "APP", "A_STATUS_D": "2019-12-30T00:00:00", "A_PROJECT_": "The Landings at Southpoint Phase 2", "A_DESCRIPT": "25 Condo Units", "A_USER_ID": "JWEIST", "A_CASE_PLA": "TREYFI", "StatCode": "APP", "AppStatus": "Approved", "AppCode": "PL_MINSP", "AppType": "Level 4 - Administrative Site Plan", "CasePlanne": "Trey Figueroa", "EMAIL": "Trey.Figueroa@durhamnc.gov", "ORIG_FID": "4335", "CreationDa": "2025-09-20T00:00:00", "Creator": "gisproc_sys", "EditDate": "2025-09-20T00:00:00", "Editor": "gisproc_sys", "sf_detached": 0.0, "sf_attached": 0.0, "duplex_triplex": 0.0, "multifamily": 0.0, "condo": 25, "unknown": 0, "data_source": "DRHM" }, "geometry": { "type": "Point", "coordinates": [ -78.965271511474839, 35.914445401023897 ] } },
{ "type": "Feature", "properties": { "A_NUMBER": "D2400054", "A_TYPE": "PL_MINSP", "A_DATE": "2024-03-06T00:00:00", "A_STATUS": "WITH", "A_STATUS_D": "2024-11-22T00:00:00", "A_PROJECT_": "Amavi Olive Branch", "A_DESCRIPT": "Townhome and multifamily duplex development with permitted accessory uses.", "A_USER_ID": "NKOST", "A_CASE_PLA": "TREYFI", "StatCode": "WITH", "AppStatus": "Withdrawn/Cancelled", "AppCode": "PL_MINSP", "AppType": "Level 4 - Administrative Site Plan", "CasePlanne": "Trey Figueroa", "EMAIL": "Trey.Figueroa@durhamnc.gov", "ORIG_FID": "4361", "CreationDa": "2025-09-20T00:00:00", "Creator": "gisproc_sys", "EditDate": "2025-09-20T00:00:00", "Editor": "gisproc_sys", "sf_detached": 0.0, "sf_attached": 0.0, "duplex_triplex": 0.0, "multifamily": 0.0, "condo": 0, "unknown": 0, "data_source": null }, "geometry": { "type": "Point", "coordinates": [ -78.771557401257866, 35.95416622726907 ] } },
{ "type": "Feature", "properties": { "A_NUMBER": "D2300145", "A_TYPE": "PL_MINSP", "A_DATE": "2023-06-02T00:00:00", "A_STATUS": "APP", "A_STATUS_D": "2024-07-16T00:00:00", "A_PROJECT_": "Oakridge Residential", "A_DESCRIPT": "930 Multifamily units with structured parking.", "A_USER_ID": "COLERE", "A_CASE_PLA": "COLERE", "StatCode": "APP", "AppStatus": "Approved", "AppCode": "PL_MINSP", "AppType": "Level 4 - Administrative Site Plan", "CasePlanne": "Cole Renigar", "EMAIL": "Cole.Renigar@durhamnc.gov", "ORIG_FID": "4367", "CreationDa": "2025-09-20T00:00:00", "Creator": "gisproc_sys", "EditDate": "2025-09-20T00:00:00", "Editor": "gisproc_sys", "sf_detached": 0.0, "sf_attached": 0.0, "duplex_triplex": 0.0, "multifamily": 930.0, "condo": 0, "unknown": 0, "data_source": "DRHM" }, "geometry": { "type": "Point", "coordinates": [ -78.987975290059893, 35.959691646073644 ] } },
{ "type": "Feature", "properties": { "A_NUMBER": "D1900050", "A_TYPE": "PL_MINSP", "A_DATE": "2019-02-25T00:00:00", "A_STATUS": "APP", "A_STATUS_D": "2020-06-30T00:00:00", "A_PROJECT_": "Corporation Street Townhomes", "A_DESCRIPT": "3 Townhome Units", "A_USER_ID": "KRISTINEMU", "A_CASE_PLA": "COURTNEYMC", "StatCode": "APP", "AppStatus": "Approved", "AppCode": "PL_MINSP", "AppType": "Level 4 - Administrative Site Plan", "CasePlanne": "Courtney McQueen", "EMAIL": "Courtney.McQueen@durhamnc.gov", "ORIG_FID": "4392", "CreationDa": "2025-09-20T00:00:00", "Creator": "gisproc_sys", "EditDate": "2025-09-20T00:00:00", "Editor": "gisproc_sys", "sf_detached": 0.0, "sf_attached": 3.0, "duplex_triplex": 0.0, "multifamily": 0.0, "condo": 0, "unknown": 0, "data_source": "DRHM" }, "geometry": { "type": "Point", "coordinates": [ -78.896995294252264, 36.001864517871745 ] } },
{ "type": "Feature", "properties": { "A_NUMBER": "D2100040", "A_TYPE": "PL_MINSP", "A_DATE": "2021-02-10T00:00:00", "A_STATUS": "APP", "A_STATUS_D": "2021-09-24T00:00:00", "A_PROJECT_": "Townhome Development(1432 Ellis Rd)", "A_DESCRIPT": "192 townhome units and associated amenities", "A_USER_ID": "KIMRO", "A_CASE_PLA": "COLERE", "StatCode": "APP", "AppStatus": "Approved", "AppCode": "PL_MINSP", "AppType": "Level 4 - Administrative Site Plan", "CasePlanne": "Cole Renigar", "EMAIL": "Cole.Renigar@durhamnc.gov", "ORIG_FID": "4547", "CreationDa": "2025-09-20T00:00:00", "Creator": "gisproc_sys", "EditDate": "2025-09-20T00:00:00", "Editor": "gisproc_sys", "sf_detached": 0.0, "sf_attached": 192.0, "duplex_triplex": 0.0, "multifamily": 0.0, "condo": 0, "unknown": 0, "data_source": "DRHM" }, "geometry": { "type": "Point", "coordinates": [ -78.870644226955605, 35.948099395070628 ] } },
{ "type": "Feature", "properties": { "A_NUMBER": "D2300180", "A_TYPE": "PL_MINSP", "A_DATE": "2023-07-20T00:00:00", "A_STATUS": "APP", "A_STATUS_D": "2024-07-03T00:00:00", "A_PROJECT_": "Meridian Forty54", "A_DESCRIPT": "219 multifamily units totaling at 304,673 sq. ft. with surface parking.", "A_USER_ID": "EDWARDFR", "A_CASE_PLA": "TREYFI", "StatCode": "APP", "AppStatus": "Approved", "AppCode": "PL_MINSP", "AppType": "Level 4 - Administrative Site Plan", "CasePlanne": "Trey Figueroa", "EMAIL": "Trey.Figueroa@durhamnc.gov", "ORIG_FID": "4579", "CreationDa": "2025-09-20T00:00:00", "Creator": "gisproc_sys", "EditDate": "2025-09-20T00:00:00", "Editor": "gisproc_sys", "sf_detached": 0.0, "sf_attached": 0.0, "duplex_triplex": 0.0, "multifamily": 219.0, "condo": 0, "unknown": 0, "data_source": "DRHM" }, "geometry": { "type": "Point", "coordinates": [ -78.987783918130916, 35.91921104384835 ] } },
{ "type": "Feature", "properties": { "A_NUMBER": "D2200107", "A_TYPE": "PL_MINSP", "A_DATE": "2022-03-31T00:00:00", "A_STATUS": "APP", "A_STATUS_D": "2023-05-10T00:00:00", "A_PROJECT_": "Downtown Durham YMCA", "A_DESCRIPT": "Proposed mixed-use building with associated structured and site / Utility upgrades.", "A_USER_ID": "TREYFI", "A_CASE_PLA": "TREYFI", "StatCode": "APP", "AppStatus": "Approved", "AppCode": "PL_MINSP", "AppType": "Level 4 - Administrative Site Plan", "CasePlanne": "Trey Figueroa", "EMAIL": "Trey.Figueroa@durhamnc.gov", "ORIG_FID": "4593", "CreationDa": "2025-09-20T00:00:00", "Creator": "gisproc_sys", "EditDate": "2025-09-20T00:00:00", "Editor": "gisproc_sys", "sf_detached": 0.0, "sf_attached": 0.0, "duplex_triplex": 0.0, "multifamily": 0.0, "condo": 0, "unknown": 0, "data_source": null }, "geometry": { "type": "Point", "coordinates": [ -78.901053667563687, 35.998683456944384 ] } },
{ "type": "Feature", "properties": { "A_NUMBER": "D2000225", "A_TYPE": "PL_MINSP", "A_DATE": "2020-09-23T00:00:00", "A_STATUS": "APP", "A_STATUS_D": "2022-02-08T00:00:00", "A_PROJECT_": "Harlowe Point (formerly S. Mineral and Pleasant)", "A_DESCRIPT": "174 single family residential lots + 7 Open Space lots", "A_USER_ID": "COLERE", "A_CASE_PLA": "COLERE", "StatCode": "APP", "AppStatus": "Approved", "AppCode": "PL_MINSP", "AppType": "Level 4 - Administrative Site Plan", "CasePlanne": "Cole Renigar", "EMAIL": "Cole.Renigar@durhamnc.gov", "ORIG_FID": "4671", "CreationDa": "2025-09-20T00:00:00", "Creator": "gisproc_sys", "EditDate": "2025-09-20T00:00:00", "Editor": "gisproc_sys", "sf_detached": 174.0, "sf_attached": 0.0, "duplex_triplex": 0.0, "multifamily": 0.0, "condo": 0, "unknown": 0, "data_source": "DRHM" }, "geometry": { "type": "Point", "coordinates": [ -78.830212891553572, 35.967489236398393 ] } },
{ "type": "Feature", "properties": { "A_NUMBER": "D1700200", "A_TYPE": "PL_MINSP", "A_DATE": "2017-06-13T00:00:00", "A_STATUS": "APP", "A_STATUS_D": "2018-02-15T00:00:00", "A_PROJECT_": "Elliott Square Townhomes", "A_DESCRIPT": "37-unit townhome development.", "A_USER_ID": "DACIARE", "A_CASE_PLA": "EMILYST", "StatCode": "APP", "AppStatus": "Approved", "AppCode": "PL_MINSP", "AppType": "Level 4 - Administrative Site Plan", "CasePlanne": "Emily Struthers", "EMAIL": "Emily.Struthers@durhamnc.gov", "ORIG_FID": "4695", "CreationDa": "2025-09-20T00:00:00", "Creator": "gisproc_sys", "EditDate": "2025-09-20T00:00:00", "Editor": "gisproc_sys", "sf_detached": 0.0, "sf_attached": 37.0, "duplex_triplex": 0.0, "multifamily": 0.0, "condo": 0, "unknown": 0, "data_source": "DRHM" }, "geometry": { "type": "Point", "coordinates": [ -78.895220199752856, 35.997269341951004 ] } },
{ "type": "Feature", "properties": { "A_NUMBER": "D2100293", "A_TYPE": "PL_MINSP", "A_DATE": "2021-09-03T00:00:00", "A_STATUS": "APP", "A_STATUS_D": "2022-03-30T00:00:00", "A_PROJECT_": "Bethpage Apartments Amendment", "A_DESCRIPT": "Increase in unit number from 228 to 240 Multi-Family Apartment units and associated amenity spaces", "A_USER_ID": "KIMRO", "A_CASE_PLA": "JOHNRA", "StatCode": "APP", "AppStatus": "Approved", "AppCode": "PL_MINSP", "AppType": "Level 4 - Administrative Site Plan", "CasePlanne": "John Rabon", "EMAIL": "John.Rabon@durhamnc.gov", "ORIG_FID": "4780", "CreationDa": "2025-09-20T00:00:00", "Creator": "gisproc_sys", "EditDate": "2025-09-20T00:00:00", "Editor": "gisproc_sys", "sf_detached": 0.0, "sf_attached": 0.0, "duplex_triplex": 0.0, "multifamily": 228.0, "condo": 0, "unknown": 0, "data_source": "DRHM" }, "geometry": { "type": "Point", "coordinates": [ -78.826785037037169, 35.895550617009093 ] } },
{ "type": "Feature", "properties": { "A_NUMBER": "D1900218", "A_TYPE": "PL_PPA", "A_DATE": "2019-07-08T00:00:00", "A_STATUS": "APP", "A_STATUS_D": "2020-02-26T00:00:00", "A_PROJECT_": "HUB RTP", "A_DESCRIPT": "Infrastructure Constructure for Future Mixed Use Development", "A_USER_ID": "EARLENETHO", "A_CASE_PLA": "COLERE", "StatCode": "APP", "AppStatus": "Approved", "AppCode": "PL_PPA", "AppType": "Preliminary Plat Amendment", "CasePlanne": "Cole Renigar", "EMAIL": "Cole.Renigar@durhamnc.gov", "ORIG_FID": "4828", "CreationDa": "2025-09-20T00:00:00", "Creator": "gisproc_sys", "EditDate": "2025-09-20T00:00:00", "Editor": "gisproc_sys", "sf_detached": 0.0, "sf_attached": 0.0, "duplex_triplex": 0.0, "multifamily": 0.0, "condo": 0, "unknown": 0, "data_source": null }, "geometry": { "type": "Point", "coordinates": [ -78.865478288591078, 35.89459018154249 ] } },
{ "type": "Feature", "properties": { "A_NUMBER": "D2300141", "A_TYPE": "PL_MINSP", "A_DATE": "2023-05-25T00:00:00", "A_STATUS": "APP", "A_STATUS_D": "2024-08-13T00:00:00", "A_PROJECT_": "Copper Run North", "A_DESCRIPT": "80 Townhomes with public infrastructure.", "A_USER_ID": "COLERE", "A_CASE_PLA": "COLERE", "StatCode": "APP", "AppStatus": "Approved", "AppCode": "PL_MINSP", "AppType": "Level 4 - Administrative Site Plan", "CasePlanne": "Cole Renigar", "EMAIL": "Cole.Renigar@durhamnc.gov", "ORIG_FID": "4865", "CreationDa": "2025-09-20T00:00:00", "Creator": "gisproc_sys", "EditDate": "2025-09-20T00:00:00", "Editor": "gisproc_sys", "sf_detached": 0.0, "sf_attached": 80.0, "duplex_triplex": 0.0, "multifamily": 0.0, "condo": 0, "unknown": 0, "data_source": "DRHM" }, "geometry": { "type": "Point", "coordinates": [ -78.827987617020781, 35.947727065892344 ] } },
{ "type": "Feature", "properties": { "A_NUMBER": "D2300186", "A_TYPE": "PL_MINSP", "A_DATE": "2023-07-24T00:00:00", "A_STATUS": "APP", "A_STATUS_D": "2025-04-14T00:00:00", "A_PROJECT_": "901-903 Sherron Rd", "A_DESCRIPT": "Proposed 29 single-family and 33 residential townhouse lots with 4 open space lots.", "A_USER_ID": "COLERE", "A_CASE_PLA": "COLERE", "StatCode": "APP", "AppStatus": "Approved", "AppCode": "PL_MINSP", "AppType": "Level 4 - Administrative Site Plan", "CasePlanne": "Cole Renigar", "EMAIL": "Cole.Renigar@durhamnc.gov", "ORIG_FID": "4923", "CreationDa": "2025-09-20T00:00:00", "Creator": "gisproc_sys", "EditDate": "2025-09-20T00:00:00", "Editor": "gisproc_sys", "sf_detached": 29.0, "sf_attached": 33.0, "duplex_triplex": 0.0, "multifamily": 0.0, "condo": 0, "unknown": 0, "data_source": "DRHM" }, "geometry": { "type": "Point", "coordinates": [ -78.807311527109491, 35.960538142249987 ] } },
{ "type": "Feature", "properties": { "A_NUMBER": "D1500212", "A_TYPE": "PL_MINSP", "A_DATE": "2015-08-04T00:00:00", "A_STATUS": "APP", "A_STATUS_D": "2016-09-22T00:00:00", "A_PROJECT_": "Miami Blvd Car Lot", "A_DESCRIPT": "Conversion of existing dwelling and lot to vehicle sales use", "A_USER_ID": "DDOTY", "A_CASE_PLA": "NIARO", "StatCode": "APP", "AppStatus": "Approved", "AppCode": "PL_MINSP", "AppType": "Level 4 - Administrative Site Plan", "CasePlanne": "Nia Rodgers", "EMAIL": "nia.rodgers@durhamnc.gov", "ORIG_FID": "4934", "CreationDa": "2025-09-20T00:00:00", "Creator": "gisproc_sys", "EditDate": "2025-09-20T00:00:00", "Editor": "gisproc_sys", "sf_detached": 0.0, "sf_attached": 0.0, "duplex_triplex": 0.0, "multifamily": 0.0, "condo": 0, "unknown": 0, "data_source": null }, "geometry": { "type": "Point", "coordinates": [ -78.844773433263086, 35.926883823556608 ] } },
{ "type": "Feature", "properties": { "A_NUMBER": "D2300103", "A_TYPE": "PL_MINSP", "A_DATE": "2023-04-13T00:00:00", "A_STATUS": "APP", "A_STATUS_D": "2023-11-30T00:00:00", "A_PROJECT_": "NOVEL UHill", "A_DESCRIPT": "A 448,537 square foot (sf) multifamily building (400 units) with a 2,566 sf commercial business, a 178,018 sf garage, and associated infrastructure with off-site improvements on 2 existing lots.", "A_USER_ID": "JESSICADO", "A_CASE_PLA": "ROBINSH", "StatCode": "APP", "AppStatus": "Approved", "AppCode": "PL_MINSP", "AppType": "Level 4 - Administrative Site Plan", "CasePlanne": "Robin Schultze", "EMAIL": "Robin.Schultze@durhamnc.gov", "ORIG_FID": "4963", "CreationDa": "2025-09-20T00:00:00", "Creator": "gisproc_sys", "EditDate": "2025-09-20T00:00:00", "Editor": "gisproc_sys", "sf_detached": 0.0, "sf_attached": 0.0, "duplex_triplex": 0.0, "multifamily": 400.0, "condo": 0, "unknown": 0, "data_source": "DRHM" }, "geometry": { "type": "Point", "coordinates": [ -78.952865138665587, 35.969797681780996 ] } },
{ "type": "Feature", "properties": { "A_NUMBER": "D1900329", "A_TYPE": "PL_SSP_SM2", "A_DATE": "2019-09-16T00:00:00", "A_STATUS": "APP", "A_STATUS_D": "2019-10-16T00:00:00", "A_PROJECT_": "Providence at Southpoint Amendment", "A_DESCRIPT": "The proposed development will be limited to townhouses and accesory uses.", "A_USER_ID": "BRYANTGR", "A_CASE_PLA": "TREYFI", "StatCode": "APP", "AppStatus": "Approved", "AppCode": "PL_SSP_SM2", "AppType": "Level 2 - Administrative Site Plan", "CasePlanne": "Trey Figueroa", "EMAIL": "Trey.Figueroa@durhamnc.gov", "ORIG_FID": "4990", "CreationDa": "2025-09-20T00:00:00", "Creator": "gisproc_sys", "EditDate": "2025-09-20T00:00:00", "Editor": "gisproc_sys", "sf_detached": 0.0, "sf_attached": 0.0, "duplex_triplex": 0.0, "multifamily": 0.0, "condo": 0, "unknown": 0, "data_source": null }, "geometry": { "type": "Point", "coordinates": [ -78.918865786841906, 35.906984480517274 ] } },
{ "type": "Feature", "properties": { "A_NUMBER": "D2200300", "A_TYPE": "PL_MINSP", "A_DATE": "2022-09-06T00:00:00", "A_STATUS": "APP", "A_STATUS_D": "2024-01-25T00:00:00", "A_PROJECT_": "Pineview Glen Townhomes", "A_DESCRIPT": "Residential townhome project with associated infrastructure (67 units). Associated with rezoning case ZZ2100003 and annexation BDG2100007.", "A_USER_ID": "KYLETA", "A_CASE_PLA": "ROBINSH", "StatCode": "APP", "AppStatus": "Approved", "AppCode": "PL_MINSP", "AppType": "Level 4 - Administrative Site Plan", "CasePlanne": "Robin Schultze", "EMAIL": "Robin.Schultze@durhamnc.gov", "ORIG_FID": "5126", "CreationDa": "2025-09-20T00:00:00", "Creator": "gisproc_sys", "EditDate": "2025-09-20T00:00:00", "Editor": "gisproc_sys", "sf_detached": 0.0, "sf_attached": 67.0, "duplex_triplex": 0.0, "multifamily": 0.0, "condo": 0, "unknown": 0, "data_source": "DRHM" }, "geometry": { "type": "Point", "coordinates": [ -78.810514330443155, 35.927764779760885 ] } },
{ "type": "Feature", "properties": { "A_NUMBER": "D1700138", "A_TYPE": "PL_MINSP", "A_DATE": "2017-05-02T00:00:00", "A_STATUS": "APP", "A_STATUS_D": "2017-12-01T00:00:00", "A_PROJECT_": "Morehead Hills Townhomes", "A_DESCRIPT": "25 unit townhome development zoned DD-S2 and located at 411 Cobb Street", "A_USER_ID": "ROBINSH", "A_CASE_PLA": "AWOLFF", "StatCode": "APP", "AppStatus": "Approved", "AppCode": "PL_MINSP", "AppType": "Level 4 - Administrative Site Plan", "CasePlanne": "Amy Wolff", "EMAIL": "Amy.Wolff@durhamnc.gov", "ORIG_FID": "5203", "CreationDa": "2025-09-20T00:00:00", "Creator": "gisproc_sys", "EditDate": "2025-09-20T00:00:00", "Editor": "gisproc_sys", "sf_detached": 0.0, "sf_attached": 25.0, "duplex_triplex": 0.0, "multifamily": 0.0, "condo": 0, "unknown": 0, "data_source": "DRHM" }, "geometry": { "type": "Point", "coordinates": [ -78.907963349074265, 35.988471912056568 ] } },
{ "type": "Feature", "properties": { "A_NUMBER": "D1700358", "A_TYPE": "PL_MINSP", "A_DATE": "2017-11-21T00:00:00", "A_STATUS": "APP", "A_STATUS_D": "2018-05-30T00:00:00", "A_PROJECT_": "Colvard Farms Phase 10", "A_DESCRIPT": "15 single family lots.", "A_USER_ID": "JESSICADO", "A_CASE_PLA": "EMILYST", "StatCode": "APP", "AppStatus": "Approved", "AppCode": "PL_MINSP", "AppType": "Level 4 - Administrative Site Plan", "CasePlanne": "Emily Struthers", "EMAIL": "Emily.Struthers@durhamnc.gov", "ORIG_FID": "5205", "CreationDa": "2025-09-20T00:00:00", "Creator": "gisproc_sys", "EditDate": "2025-09-20T00:00:00", "Editor": "gisproc_sys", "sf_detached": 15.0, "sf_attached": 0.0, "duplex_triplex": 0.0, "multifamily": 0.0, "condo": 0, "unknown": 0, "data_source": "DRHM" }, "geometry": { "type": "Point", "coordinates": [ -78.956054200225537, 35.869293656200306 ] } },
{ "type": "Feature", "properties": { "A_NUMBER": "D1900225", "A_TYPE": "PL_MINSP", "A_DATE": "2019-07-11T00:00:00", "A_STATUS": "APP", "A_STATUS_D": "2022-01-14T00:00:00", "A_PROJECT_": "Westpoint", "A_DESCRIPT": "Proposed residential subdivison that includes single family and townhomes and the associated infrastructure", "A_USER_ID": "AMANDAHO", "A_CASE_PLA": "ROBINSH", "StatCode": "APP", "AppStatus": "Approved", "AppCode": "PL_MINSP", "AppType": "Level 4 - Administrative Site Plan", "CasePlanne": "Robin Schultze", "EMAIL": "Robin.Schultze@durhamnc.gov", "ORIG_FID": "5219", "CreationDa": "2025-09-20T00:00:00", "Creator": "gisproc_sys", "EditDate": "2025-09-20T00:00:00", "Editor": "gisproc_sys", "sf_detached": 0.0, "sf_attached": 0.0, "duplex_triplex": 0.0, "multifamily": 0.0, "condo": 0, "unknown": 0, "data_source": null }, "geometry": { "type": "Point", "coordinates": [ -78.915113448593686, 36.06449725149718 ] } },
{ "type": "Feature", "properties": { "A_NUMBER": "D2100317", "A_TYPE": "PL_MINSP", "A_DATE": "2021-09-20T00:00:00", "A_STATUS": "APP", "A_STATUS_D": "2022-11-21T00:00:00", "A_PROJECT_": "Fowler Tract - Phase 1", "A_DESCRIPT": "65 Single -Family & 86 Townhouse lots. Includes some grading over the future phase.", "A_USER_ID": "JESSICADO", "A_CASE_PLA": "ROBINSH", "StatCode": "APP", "AppStatus": "Approved", "AppCode": "PL_MINSP", "AppType": "Level 4 - Administrative Site Plan", "CasePlanne": "Robin Schultze", "EMAIL": "Robin.Schultze@durhamnc.gov", "ORIG_FID": "5252", "CreationDa": "2025-09-20T00:00:00", "Creator": "gisproc_sys", "EditDate": "2025-09-20T00:00:00", "Editor": "gisproc_sys", "sf_detached": 65.0, "sf_attached": 86.0, "duplex_triplex": 0.0, "multifamily": 0.0, "condo": 0, "unknown": 0, "data_source": "DRHM" }, "geometry": { "type": "Point", "coordinates": [ -78.785699277647851, 35.954504581588516 ] } },
{ "type": "Feature", "properties": { "A_NUMBER": "D2400083", "A_TYPE": "PL_MINSP", "A_DATE": "2024-04-11T00:00:00", "A_STATUS": "APP", "A_STATUS_D": "2025-05-05T00:00:00", "A_PROJECT_": "751 Excelsior Grand Residential", "A_DESCRIPT": "208 Single-family, 186 townhouses, 8 apartments residential development. 402 Total Units\r\n", "A_USER_ID": "ADDMGR", "A_CASE_PLA": "COLERE", "StatCode": "APP", "AppStatus": "Approved", "AppCode": "PL_MINSP", "AppType": "Level 4 - Administrative Site Plan", "CasePlanne": "Cole Renigar", "EMAIL": "Cole.Renigar@durhamnc.gov", "ORIG_FID": "5265", "CreationDa": "2025-09-20T00:00:00", "Creator": "gisproc_sys", "EditDate": "2025-09-20T00:00:00", "Editor": "gisproc_sys", "sf_detached": 208.0, "sf_attached": 186.0, "duplex_triplex": 0.0, "multifamily": 8.0, "condo": 0, "unknown": 0, "data_source": "DRHM" }, "geometry": { "type": "Point", "coordinates": [ -78.954691768533152, 35.878904229653017 ] } },
{ "type": "Feature", "properties": { "A_NUMBER": "D2400084", "A_TYPE": "PL_MINSP", "A_DATE": "2024-04-11T00:00:00", "A_STATUS": "ON_HOLD", "A_STATUS_D": "2025-04-30T00:00:00", "A_PROJECT_": "Tocqueville Townes", "A_DESCRIPT": "22 proposed townhome units, playground, trail, and two bio-retention ponds.", "A_USER_ID": "MICHAELIR", "A_CASE_PLA": "TREYFI", "StatCode": "ON_HOLD", "AppStatus": "On Hold", "AppCode": "PL_MINSP", "AppType": "Level 4 - Administrative Site Plan", "CasePlanne": "Trey Figueroa", "EMAIL": "Trey.Figueroa@durhamnc.gov", "ORIG_FID": "5268", "CreationDa": "2025-09-20T00:00:00", "Creator": "gisproc_sys", "EditDate": "2025-09-20T00:00:00", "Editor": "gisproc_sys", "sf_detached": 0.0, "sf_attached": 22.0, "duplex_triplex": 0.0, "multifamily": 0.0, "condo": 0, "unknown": 0, "data_source": "DRHM" }, "geometry": { "type": "Point", "coordinates": [ -78.890665600017471, 36.047068534259061 ] } },
{ "type": "Feature", "properties": { "A_NUMBER": "D2100240", "A_TYPE": "PL_ASP", "A_DATE": "2021-07-29T00:00:00", "A_STATUS": "APP", "A_STATUS_D": "2021-08-24T00:00:00", "A_PROJECT_": "5RA0189A T-Mobile", "A_DESCRIPT": "Add antennas and swap equipment on existing telecommunication tower.", "A_USER_ID": "KIMRO", "A_CASE_PLA": "MICHAELKL", "StatCode": "APP", "AppStatus": "Approved", "AppCode": "PL_ASP", "AppType": "Level 1 - Administrative Site Plan", "CasePlanne": "Michael Klein", "EMAIL": "Michael.Klein@durhamnc.gov", "ORIG_FID": "5270", "CreationDa": "2025-09-20T00:00:00", "Creator": "gisproc_sys", "EditDate": "2025-09-20T00:00:00", "Editor": "gisproc_sys", "sf_detached": 0.0, "sf_attached": 0.0, "duplex_triplex": 0.0, "multifamily": 0.0, "condo": 0, "unknown": 0, "data_source": null }, "geometry": { "type": "Point", "coordinates": [ -78.958830074164098, 36.039339284104145 ] } },
{ "type": "Feature", "properties": { "A_NUMBER": "D2400088", "A_TYPE": "PL_MINSP", "A_DATE": "2024-04-15T00:00:00", "A_STATUS": "WITH", "A_STATUS_D": "2025-08-19T00:00:00", "A_PROJECT_": "Cityscape 8", "A_DESCRIPT": "Construction of 8 Townhouse units with 1 open space lot.", "A_USER_ID": "COLERE", "A_CASE_PLA": "COLERE", "StatCode": "WITH", "AppStatus": "Withdrawn/Cancelled", "AppCode": "PL_MINSP", "AppType": "Level 4 - Administrative Site Plan", "CasePlanne": "Cole Renigar", "EMAIL": "Cole.Renigar@durhamnc.gov", "ORIG_FID": "5297", "CreationDa": "2025-09-20T00:00:00", "Creator": "gisproc_sys", "EditDate": "2025-09-20T00:00:00", "Editor": "gisproc_sys", "sf_detached": 0.0, "sf_attached": 8.0, "duplex_triplex": 0.0, "multifamily": 0.0, "condo": 0, "unknown": 0, "data_source": "ITRE" }, "geometry": { "type": "Point", "coordinates": [ -78.892268655230581, 35.999465317803732 ] } },
{ "type": "Feature", "properties": { "A_NUMBER": "D1500164", "A_TYPE": "PL_MINSP", "A_DATE": "2015-06-16T00:00:00", "A_STATUS": "APP", "A_STATUS_D": "2016-04-13T00:00:00", "A_PROJECT_": "Villas at Culp Arbor Ph 2C", "A_DESCRIPT": "36 Single unit buildings on 32 acres (Z07-26)", "A_USER_ID": "AMANDAHO", "A_CASE_PLA": "DCULTRA", "StatCode": "APP", "AppStatus": "Approved", "AppCode": "PL_MINSP", "AppType": "Level 4 - Administrative Site Plan", "CasePlanne": "Danny Cultra", "EMAIL": "Danny.Cultra@durhamnc.gov", "ORIG_FID": "5298", "CreationDa": "2025-09-20T00:00:00", "Creator": "gisproc_sys", "EditDate": "2025-09-20T00:00:00", "Editor": "gisproc_sys", "sf_detached": 0.0, "sf_attached": 0.0, "duplex_triplex": 0.0, "multifamily": 0.0, "condo": 0, "unknown": 62, "data_source": "COMP" }, "geometry": { "type": "Point", "coordinates": [ -78.990619924297491, 35.927992672168443 ] } },
{ "type": "Feature", "properties": { "A_NUMBER": "D2400110", "A_TYPE": "PL_ASP", "A_DATE": "2024-05-13T00:00:00", "A_STATUS": "APP", "A_STATUS_D": "2025-01-13T00:00:00", "A_PROJECT_": "2012 Ward St", "A_DESCRIPT": "Two property lines added for the SF house & open space adjusted as a result.", "A_USER_ID": "PEYTONBL", "A_CASE_PLA": "PEYTONBL", "StatCode": "APP", "AppStatus": "Approved", "AppCode": "PL_ASP", "AppType": "Level 1 - Administrative Site Plan", "CasePlanne": "PEYTON BLANCHARD", "EMAIL": "PEYTON.BLANCHARD@DURHAMNC.GOV", "ORIG_FID": "5304", "CreationDa": "2025-09-20T00:00:00", "Creator": "gisproc_sys", "EditDate": "2025-09-20T00:00:00", "Editor": "gisproc_sys", "sf_detached": 0.0, "sf_attached": 0.0, "duplex_triplex": 0.0, "multifamily": 0.0, "condo": 0, "unknown": 0, "data_source": null }, "geometry": { "type": "Point", "coordinates": [ -78.928490729749441, 35.98287148085285 ] } },
{ "type": "Feature", "properties": { "A_NUMBER": "D1900084", "A_TYPE": "PL_MINSP", "A_DATE": "2019-03-28T00:00:00", "A_STATUS": "APP", "A_STATUS_D": "2019-12-02T00:00:00", "A_PROJECT_": "Venable Center Multi-Family", "A_DESCRIPT": "Multifamily building with structured parking - 244 units", "A_USER_ID": "TDANNER", "A_CASE_PLA": "COURTNEYMC", "StatCode": "APP", "AppStatus": "Approved", "AppCode": "PL_MINSP", "AppType": "Level 4 - Administrative Site Plan", "CasePlanne": "Courtney McQueen", "EMAIL": "Courtney.McQueen@durhamnc.gov", "ORIG_FID": "5314", "CreationDa": "2025-09-20T00:00:00", "Creator": "gisproc_sys", "EditDate": "2025-09-20T00:00:00", "Editor": "gisproc_sys", "sf_detached": 0.0, "sf_attached": 0.0, "duplex_triplex": 0.0, "multifamily": 244.0, "condo": 0, "unknown": 0, "data_source": "COMP" }, "geometry": { "type": "Point", "coordinates": [ -78.898336401086567, 35.99077822680524 ] } },
{ "type": "Feature", "properties": { "A_NUMBER": "D2400105", "A_TYPE": "PL_MINSP", "A_DATE": "2024-05-03T00:00:00", "A_STATUS": "APP", "A_STATUS_D": "2025-04-21T00:00:00", "A_PROJECT_": "902 S Briggs Ave Affordable Housing", "A_DESCRIPT": "The proposed affordable housing project includes the development of two multifamily apartment buildings with 124 units.", "A_USER_ID": "TREYFI", "A_CASE_PLA": "TREYFI", "StatCode": "APP", "AppStatus": "Approved", "AppCode": "PL_MINSP", "AppType": "Level 4 - Administrative Site Plan", "CasePlanne": "Trey Figueroa", "EMAIL": "Trey.Figueroa@durhamnc.gov", "ORIG_FID": "5326", "CreationDa": "2025-09-20T00:00:00", "Creator": "gisproc_sys", "EditDate": "2025-09-20T00:00:00", "Editor": "gisproc_sys", "sf_detached": 0.0, "sf_attached": 0.0, "duplex_triplex": 0.0, "multifamily": 124.0, "condo": 0, "unknown": 0, "data_source": "DRHM" }, "geometry": { "type": "Point", "coordinates": [ -78.877633390165229, 35.970569627366828 ] } },
{ "type": "Feature", "properties": { "A_NUMBER": "D1500118", "A_TYPE": "PL_SSP_SM2", "A_DATE": "2015-05-12T00:00:00", "A_STATUS": "APP", "A_STATUS_D": "2015-07-21T00:00:00", "A_PROJECT_": "Del Webb Carolina Arbors Phase 3 - 6  Amendment", "A_DESCRIPT": "Revision of previously approvel site plan - cover sheet lists revisions", "A_USER_ID": "DACIARE", "A_CASE_PLA": "DCULTRA", "StatCode": "APP", "AppStatus": "Approved", "AppCode": "PL_SSP_SM2", "AppType": "Level 2 - Administrative Site Plan", "CasePlanne": "Danny Cultra", "EMAIL": "Danny.Cultra@durhamnc.gov", "ORIG_FID": "5329", "CreationDa": "2025-09-20T00:00:00", "Creator": "gisproc_sys", "EditDate": "2025-09-20T00:00:00", "Editor": "gisproc_sys", "sf_detached": 0.0, "sf_attached": 0.0, "duplex_triplex": 0.0, "multifamily": 0.0, "condo": 0, "unknown": 0, "data_source": null }, "geometry": { "type": "Point", "coordinates": [ -78.786949983295401, 35.929521006097318 ] } },
{ "type": "Feature", "properties": { "A_NUMBER": "D1500120", "A_TYPE": "PL_MINSP", "A_DATE": "2015-05-12T00:00:00", "A_STATUS": "APP", "A_STATUS_D": "2016-09-28T00:00:00", "A_PROJECT_": "Brightleaf at the Park Tract 12", "A_DESCRIPT": "62 Single family lots and 4 open space lots on 35 acres", "A_USER_ID": "SWINDSOR", "A_CASE_PLA": "DCULTRA", "StatCode": "APP", "AppStatus": "Approved", "AppCode": "PL_MINSP", "AppType": "Level 4 - Administrative Site Plan", "CasePlanne": "Danny Cultra", "EMAIL": "Danny.Cultra@durhamnc.gov", "ORIG_FID": "5368", "CreationDa": "2025-09-20T00:00:00", "Creator": "gisproc_sys", "EditDate": "2025-09-20T00:00:00", "Editor": "gisproc_sys", "sf_detached": 62.0, "sf_attached": 0.0, "duplex_triplex": 0.0, "multifamily": 0.0, "condo": 0, "unknown": 0, "data_source": "DRHM" }, "geometry": { "type": "Point", "coordinates": [ -78.809276523787588, 35.948631282699658 ] } },
{ "type": "Feature", "properties": { "A_NUMBER": "D1800148", "A_TYPE": "PL_MINSP", "A_DATE": "2018-05-08T00:00:00", "A_STATUS": "APP", "A_STATUS_D": "2018-12-19T00:00:00", "A_PROJECT_": "Croasdaile Village Campus Improvements Amendment", "A_DESCRIPT": "Demolition and site work associated with building renovations, expansions, and new living units", "A_USER_ID": "JESSICADO", "A_CASE_PLA": "JESSICADO", "StatCode": "APP", "AppStatus": "Approved", "AppCode": "PL_MINSP", "AppType": "Level 4 - Administrative Site Plan", "CasePlanne": "Jessica Dockery", "EMAIL": "Jessica.Dockery@durhamnc.gov", "ORIG_FID": "5468", "CreationDa": "2025-09-20T00:00:00", "Creator": "gisproc_sys", "EditDate": "2025-09-20T00:00:00", "Editor": "gisproc_sys", "sf_detached": 0.0, "sf_attached": 0.0, "duplex_triplex": 0.0, "multifamily": 0.0, "condo": 0, "unknown": 0, "data_source": null }, "geometry": { "type": "Point", "coordinates": [ -78.939049070983828, 36.046641874203459 ] } },
{ "type": "Feature", "properties": { "A_NUMBER": "D1900337", "A_TYPE": "PL_MINSP", "A_DATE": "2019-09-18T00:00:00", "A_STATUS": "APP", "A_STATUS_D": "2021-10-05T00:00:00", "A_PROJECT_": "The Corners at Brier Creek Townhomes - North", "A_DESCRIPT": "55 townhomes and associated infrastructure", "A_USER_ID": "COLERE", "A_CASE_PLA": "COLERE", "StatCode": "APP", "AppStatus": "Approved", "AppCode": "PL_MINSP", "AppType": "Level 4 - Administrative Site Plan", "CasePlanne": "Cole Renigar", "EMAIL": "Cole.Renigar@durhamnc.gov", "ORIG_FID": "5479", "CreationDa": "2025-09-20T00:00:00", "Creator": "gisproc_sys", "EditDate": "2025-09-20T00:00:00", "Editor": "gisproc_sys", "sf_detached": 0.0, "sf_attached": 55.0, "duplex_triplex": 0.0, "multifamily": 0.0, "condo": 0, "unknown": 0, "data_source": "DRHM" }, "geometry": { "type": "Point", "coordinates": [ -78.787686211790984, 35.923384674417285 ] } },
{ "type": "Feature", "properties": { "A_NUMBER": "A1700008", "A_TYPE": "PL_CPAA", "A_DATE": "2017-05-31T00:00:00", "A_STATUS": "APP", "A_STATUS_D": "2018-04-17T00:00:00", "A_PROJECT_": "410 Crutchfield Street", "A_DESCRIPT": "PA request associated with Z1700019. Medium-High Density Residential to Commercial", "A_USER_ID": "EARLENETHO", "A_CASE_PLA": "JWIGGINS", "StatCode": "APP", "AppStatus": "Approved", "AppCode": "PL_CPAA", "AppType": "Comprehensive Plan Map or Plan Amendment", "CasePlanne": "Jacob Wiggins", "EMAIL": "jacob.wiggins@durhamnc.gov", "ORIG_FID": "5480", "CreationDa": "2025-09-20T00:00:00", "Creator": "gisproc_sys", "EditDate": "2025-09-20T00:00:00", "Editor": "gisproc_sys", "sf_detached": 0.0, "sf_attached": 0.0, "duplex_triplex": 0.0, "multifamily": 0.0, "condo": 0, "unknown": 0, "data_source": null }, "geometry": { "type": "Point", "coordinates": [ -78.904917980354455, 36.03925776174772 ] } },
{ "type": "Feature", "properties": { "A_NUMBER": "D2000217", "A_TYPE": "PL_MINSP", "A_DATE": "2020-09-14T00:00:00", "A_STATUS": "APP", "A_STATUS_D": "2020-12-29T00:00:00", "A_PROJECT_": "Venable Center - Multi - Family (Amendment)", "A_DESCRIPT": "Construction of apartment building and associated infrastructure and utility improvements", "A_USER_ID": "KIMRO", "A_CASE_PLA": "TREYFI", "StatCode": "APP", "AppStatus": "Approved", "AppCode": "PL_MINSP", "AppType": "Level 4 - Administrative Site Plan", "CasePlanne": "Trey Figueroa", "EMAIL": "Trey.Figueroa@durhamnc.gov", "ORIG_FID": "5489", "CreationDa": "2025-09-20T00:00:00", "Creator": "gisproc_sys", "EditDate": "2025-09-20T00:00:00", "Editor": "gisproc_sys", "sf_detached": 0.0, "sf_attached": 0.0, "duplex_triplex": 0.0, "multifamily": 0.0, "condo": 0, "unknown": 0, "data_source": null }, "geometry": { "type": "Point", "coordinates": [ -78.898336401086567, 35.99077822680524 ] } },
{ "type": "Feature", "properties": { "A_NUMBER": "D2100463", "A_TYPE": "PL_MINSP", "A_DATE": "2021-12-22T00:00:00", "A_STATUS": "APP", "A_STATUS_D": "2023-10-05T00:00:00", "A_PROJECT_": "K Parcel", "A_DESCRIPT": "103 Single Family residential lots and 237 townhomes", "A_USER_ID": "JESSICADO", "A_CASE_PLA": "TREYFI", "StatCode": "APP", "AppStatus": "Approved", "AppCode": "PL_MINSP", "AppType": "Level 4 - Administrative Site Plan", "CasePlanne": "Trey Figueroa", "EMAIL": "Trey.Figueroa@durhamnc.gov", "ORIG_FID": "5563", "CreationDa": "2025-09-20T00:00:00", "Creator": "gisproc_sys", "EditDate": "2025-09-20T00:00:00", "Editor": "gisproc_sys", "sf_detached": 103.0, "sf_attached": 237.0, "duplex_triplex": 0.0, "multifamily": 0.0, "condo": 0, "unknown": 0, "data_source": "DRHM" }, "geometry": { "type": "Point", "coordinates": [ -78.813843177151767, 35.941243890372633 ] } },
{ "type": "Feature", "properties": { "A_NUMBER": "D2200368", "A_TYPE": "PL_MINSP", "A_DATE": "2022-10-20T00:00:00", "A_STATUS": "APP", "A_STATUS_D": "2023-07-25T00:00:00", "A_PROJECT_": "Stella View", "A_DESCRIPT": "Residential subdivision with 107 townhomes and 102 single-family lots and open space, pending approval of associated rezoning (Z2100008) and annexation (BDG2100003)", "A_USER_ID": "KIMRO", "A_CASE_PLA": "TREYFI", "StatCode": "APP", "AppStatus": "Approved", "AppCode": "PL_MINSP", "AppType": "Level 4 - Administrative Site Plan", "CasePlanne": "Trey Figueroa", "EMAIL": "Trey.Figueroa@durhamnc.gov", "ORIG_FID": "5592", "CreationDa": "2025-09-20T00:00:00", "Creator": "gisproc_sys", "EditDate": "2025-09-20T00:00:00", "Editor": "gisproc_sys", "sf_detached": 102.0, "sf_attached": 107.0, "duplex_triplex": 0.0, "multifamily": 0.0, "condo": 0, "unknown": 0, "data_source": "DRHM" }, "geometry": { "type": "Point", "coordinates": [ -78.812502844914349, 35.958517771575849 ] } },
{ "type": "Feature", "properties": { "A_NUMBER": "D2200390", "A_TYPE": "PL_MINSP", "A_DATE": "2022-11-07T00:00:00", "A_STATUS": "APP", "A_STATUS_D": "2024-04-24T00:00:00", "A_PROJECT_": "Sweetbrier Phase 3", "A_DESCRIPT": "Level 4 Site Plan for 186 single family homes, phase 3 of development.", "A_USER_ID": "JESSICADO", "A_CASE_PLA": "TREYFI", "StatCode": "APP", "AppStatus": "Approved", "AppCode": "PL_MINSP", "AppType": "Level 4 - Administrative Site Plan", "CasePlanne": "Trey Figueroa", "EMAIL": "Trey.Figueroa@durhamnc.gov", "ORIG_FID": "5646", "CreationDa": "2025-09-20T00:00:00", "Creator": "gisproc_sys", "EditDate": "2025-09-20T00:00:00", "Editor": "gisproc_sys", "sf_detached": 4.0, "sf_attached": 0.0, "duplex_triplex": 0.0, "multifamily": 0.0, "condo": 0, "unknown": 0, "data_source": "DRHM" }, "geometry": { "type": "Point", "coordinates": [ -78.778358165533476, 35.952776371733563 ] } },
{ "type": "Feature", "properties": { "A_NUMBER": "D2200356", "A_TYPE": "PL_MINSP", "A_DATE": "2022-10-12T00:00:00", "A_STATUS": "APP", "A_STATUS_D": "2023-05-25T00:00:00", "A_PROJECT_": "Grace Place Apartments", "A_DESCRIPT": "201 Multifamily apartments with -9,346 sf commerical space", "A_USER_ID": "JOHNRA", "A_CASE_PLA": "TREYFI", "StatCode": "APP", "AppStatus": "Approved", "AppCode": "PL_MINSP", "AppType": "Level 4 - Administrative Site Plan", "CasePlanne": "Trey Figueroa", "EMAIL": "Trey.Figueroa@durhamnc.gov", "ORIG_FID": "5647", "CreationDa": "2025-09-20T00:00:00", "Creator": "gisproc_sys", "EditDate": "2025-09-20T00:00:00", "Editor": "gisproc_sys", "sf_detached": 0.0, "sf_attached": 0.0, "duplex_triplex": 0.0, "multifamily": 201.0, "condo": 0, "unknown": 0, "data_source": "DRHM" }, "geometry": { "type": "Point", "coordinates": [ -78.891558866109989, 35.993475453881857 ] } },
{ "type": "Feature", "properties": { "A_NUMBER": "D2100421", "A_TYPE": "PL_MINSP", "A_DATE": "2021-11-29T00:00:00", "A_STATUS": "APP", "A_STATUS_D": "2023-11-08T00:00:00", "A_PROJECT_": "Carpenter Falls Conservation Subdivision", "A_DESCRIPT": "179 single-family and 81 townhouse unit conservation subdivision", "A_USER_ID": "KIMRO", "A_CASE_PLA": "TREYFI", "StatCode": "APP", "AppStatus": "Approved", "AppCode": "PL_MINSP", "AppType": "Level 4 - Administrative Site Plan", "CasePlanne": "Trey Figueroa", "EMAIL": "Trey.Figueroa@durhamnc.gov", "ORIG_FID": "5679", "CreationDa": "2025-09-20T00:00:00", "Creator": "gisproc_sys", "EditDate": "2025-09-20T00:00:00", "Editor": "gisproc_sys", "sf_detached": 179.0, "sf_attached": 81.0, "duplex_triplex": 0.0, "multifamily": 0.0, "condo": 0, "unknown": 0, "data_source": "DRHM" }, "geometry": { "type": "Point", "coordinates": [ -78.815883748669805, 36.028045078080517 ] } },
{ "type": "Feature", "properties": { "A_NUMBER": "D1600207", "A_TYPE": "PL_MINSP", "A_DATE": "2016-07-26T00:00:00", "A_STATUS": "APP", "A_STATUS_D": "2016-12-27T00:00:00", "A_PROJECT_": "Sherron Road Tract Horseshoe", "A_DESCRIPT": "Additon of 35 single family lots and an amenity center to the sherron farms conservation subdivision.", "A_USER_ID": "LEEDA", "A_CASE_PLA": "DCULTRA", "StatCode": "APP", "AppStatus": "Approved", "AppCode": "PL_MINSP", "AppType": "Level 4 - Administrative Site Plan", "CasePlanne": "Danny Cultra", "EMAIL": "Danny.Cultra@durhamnc.gov", "ORIG_FID": "5711", "CreationDa": "2025-09-20T00:00:00", "Creator": "gisproc_sys", "EditDate": "2025-09-20T00:00:00", "Editor": "gisproc_sys", "sf_detached": 35.0, "sf_attached": 0.0, "duplex_triplex": 0.0, "multifamily": 0.0, "condo": 0, "unknown": 0, "data_source": "DRHM" }, "geometry": { "type": "Point", "coordinates": [ -78.797297982394426, 35.966887704686407 ] } },
{ "type": "Feature", "properties": { "A_NUMBER": "D1800061", "A_TYPE": "PL_MINSP", "A_DATE": "2018-03-06T00:00:00", "A_STATUS": "APP", "A_STATUS_D": "2019-01-28T00:00:00", "A_PROJECT_": "Student Living Apartments", "A_DESCRIPT": "84 Apartment Units and Asociated Infrastructure", "A_USER_ID": "KIMRO", "A_CASE_PLA": "COURTNEYMC", "StatCode": "APP", "AppStatus": "Approved", "AppCode": "PL_MINSP", "AppType": "Level 4 - Administrative Site Plan", "CasePlanne": "Courtney McQueen", "EMAIL": "Courtney.McQueen@durhamnc.gov", "ORIG_FID": "5776", "CreationDa": "2025-09-20T00:00:00", "Creator": "gisproc_sys", "EditDate": "2025-09-20T00:00:00", "Editor": "gisproc_sys", "sf_detached": 0.0, "sf_attached": 0.0, "duplex_triplex": 0.0, "multifamily": 84.0, "condo": 0, "unknown": 0, "data_source": "DRHM" }, "geometry": { "type": "Point", "coordinates": [ -78.95724967389333, 35.97916624032419 ] } },
{ "type": "Feature", "properties": { "A_NUMBER": "D2100283", "A_TYPE": "PL_MINSP", "A_DATE": "2021-09-01T00:00:00", "A_STATUS": "APP", "A_STATUS_D": "2022-09-19T00:00:00", "A_PROJECT_": "Townes at Greystone", "A_DESCRIPT": "68 Townhome Style Condos", "A_USER_ID": "ROBINSH", "A_CASE_PLA": "ROBINSH", "StatCode": "APP", "AppStatus": "Approved", "AppCode": "PL_MINSP", "AppType": "Level 4 - Administrative Site Plan", "CasePlanne": "Robin Schultze", "EMAIL": "Robin.Schultze@durhamnc.gov", "ORIG_FID": "5850", "CreationDa": "2025-09-20T00:00:00", "Creator": "gisproc_sys", "EditDate": "2025-09-20T00:00:00", "Editor": "gisproc_sys", "sf_detached": 0.0, "sf_attached": 68.0, "duplex_triplex": 0.0, "multifamily": 0.0, "condo": 0, "unknown": 0, "data_source": "DRHM" }, "geometry": { "type": "Point", "coordinates": [ -78.909996012174361, 35.992158134161727 ] } },
{ "type": "Feature", "properties": { "A_NUMBER": "D2100394", "A_TYPE": "PL_MINSP", "A_DATE": "2021-11-03T00:00:00", "A_STATUS": "APP", "A_STATUS_D": "2022-04-25T00:00:00", "A_PROJECT_": "Ascend Brightleaf - Cottages", "A_DESCRIPT": "97 Apartments with Club", "A_USER_ID": "JESSICADO", "A_CASE_PLA": "TREYFI", "StatCode": "APP", "AppStatus": "Approved", "AppCode": "PL_MINSP", "AppType": "Level 4 - Administrative Site Plan", "CasePlanne": "Trey Figueroa", "EMAIL": "Trey.Figueroa@durhamnc.gov", "ORIG_FID": "5867", "CreationDa": "2025-09-20T00:00:00", "Creator": "gisproc_sys", "EditDate": "2025-09-20T00:00:00", "Editor": "gisproc_sys", "sf_detached": 0.0, "sf_attached": 0.0, "duplex_triplex": 0.0, "multifamily": 97.0, "condo": 0, "unknown": 0, "data_source": "DRHM" }, "geometry": { "type": "Point", "coordinates": [ -78.826855635116445, 35.945918769738547 ] } },
{ "type": "Feature", "properties": { "A_NUMBER": "D2100327", "A_TYPE": "PL_MINSP", "A_DATE": "2021-09-24T00:00:00", "A_STATUS": "APP", "A_STATUS_D": "2024-08-21T00:00:00", "A_PROJECT_": "1200 Castlebay Road", "A_DESCRIPT": "Subdivide projects into four residential duplex lots - 8 units total", "A_USER_ID": "JESSICADO", "A_CASE_PLA": "COLERE", "StatCode": "APP", "AppStatus": "Approved", "AppCode": "PL_MINSP", "AppType": "Level 4 - Administrative Site Plan", "CasePlanne": "Cole Renigar", "EMAIL": "Cole.Renigar@durhamnc.gov", "ORIG_FID": "5871", "CreationDa": "2025-09-20T00:00:00", "Creator": "gisproc_sys", "EditDate": "2025-09-20T00:00:00", "Editor": "gisproc_sys", "sf_detached": 0.0, "sf_attached": 0.0, "duplex_triplex": 0.0, "multifamily": 0.0, "condo": 0, "unknown": 0, "data_source": null }, "geometry": { "type": "Point", "coordinates": [ -78.870102991532946, 36.001386567743069 ] } },
{ "type": "Feature", "properties": { "A_NUMBER": "D2400108", "A_TYPE": "PL_SSP_SM2", "A_DATE": "2024-05-09T00:00:00", "A_STATUS": "APP", "A_STATUS_D": "2024-11-13T00:00:00", "A_PROJECT_": "Highland View Amendment 4", "A_DESCRIPT": "Addition of well house / access drive to serve community. 81 single-family lots", "A_USER_ID": "JESSICADO", "A_CASE_PLA": "JALISAHA", "StatCode": "APP", "AppStatus": "Approved", "AppCode": "PL_SSP_SM2", "AppType": "Level 2 - Administrative Site Plan", "CasePlanne": "JALISA HARRIS", "EMAIL": "Jalisa.Harris@durhamnc.gov", "ORIG_FID": "5880", "CreationDa": "2025-09-20T00:00:00", "Creator": "gisproc_sys", "EditDate": "2025-09-20T00:00:00", "Editor": "gisproc_sys", "sf_detached": 0.0, "sf_attached": 0.0, "duplex_triplex": 0.0, "multifamily": 66.0, "condo": 0, "unknown": 0, "data_source": "COMP" }, "geometry": { "type": "Point", "coordinates": [ -78.937413422489158, 36.100049785954084 ] } },
{ "type": "Feature", "properties": { "A_NUMBER": "D2300091", "A_TYPE": "PL_SSP_SM2", "A_DATE": "2023-03-30T00:00:00", "A_STATUS": "APP", "A_STATUS_D": "2024-08-09T00:00:00", "A_PROJECT_": "Brightleaf - Cottages Amendment", "A_DESCRIPT": "Revise (reduce footprint) to the Amenity (clubhouse, mail kiosk, pool) and add an additional duplex beside it, while staying under the approved allocated impervious surface area.", "A_USER_ID": "KIMRO", "A_CASE_PLA": "COLERE", "StatCode": "APP", "AppStatus": "Approved", "AppCode": "PL_SSP_SM2", "AppType": "Level 2 - Administrative Site Plan", "CasePlanne": "Cole Renigar", "EMAIL": "Cole.Renigar@durhamnc.gov", "ORIG_FID": "5902", "CreationDa": "2025-09-20T00:00:00", "Creator": "gisproc_sys", "EditDate": "2025-09-20T00:00:00", "Editor": "gisproc_sys", "sf_detached": 0.0, "sf_attached": 14.0, "duplex_triplex": 0.0, "multifamily": 0.0, "condo": 0, "unknown": 0, "data_source": "COMP" }, "geometry": { "type": "Point", "coordinates": [ -78.826855635116445, 35.945918769738547 ] } },
{ "type": "Feature", "properties": { "A_NUMBER": "D1700361", "A_TYPE": "PL_MINSP", "A_DATE": "2017-11-21T00:00:00", "A_STATUS": "APP", "A_STATUS_D": "2018-06-28T00:00:00", "A_PROJECT_": "Village Hearth CoHousing Community", "A_DESCRIPT": "Construction of new condominium townhomes, accessory structure and associated site work.", "A_USER_ID": "KIMRO", "A_CASE_PLA": "TREYFI", "StatCode": "APP", "AppStatus": "Approved", "AppCode": "PL_MINSP", "AppType": "Level 4 - Administrative Site Plan", "CasePlanne": "Trey Figueroa", "EMAIL": "Trey.Figueroa@durhamnc.gov", "ORIG_FID": "6018", "CreationDa": "2025-09-20T00:00:00", "Creator": "gisproc_sys", "EditDate": "2025-09-20T00:00:00", "Editor": "gisproc_sys", "sf_detached": 0.0, "sf_attached": 0.0, "duplex_triplex": 0.0, "multifamily": 0.0, "condo": 0, "unknown": 0, "data_source": null }, "geometry": { "type": "Point", "coordinates": [ -78.888614002138937, 36.080544542036783 ] } },
{ "type": "Feature", "properties": { "A_NUMBER": "D2000081", "A_TYPE": "PL_MINSP", "A_DATE": "2020-04-13T00:00:00", "A_STATUS": "APP", "A_STATUS_D": "2020-09-18T00:00:00", "A_PROJECT_": "Trinity Quad & Gilbert Addoms Site & Utility Improvements", "A_DESCRIPT": "Demolition and construction of a courtyard in the heart of East Campus at Duke University that will improve ADA accessibility. ADA site, and utility improvements for Gilbert Addoms Residence Hall.", "A_USER_ID": "DCULTRA", "A_CASE_PLA": "DCULTRA", "StatCode": "APP", "AppStatus": "Approved", "AppCode": "PL_MINSP", "AppType": "Level 4 - Administrative Site Plan", "CasePlanne": "Danny Cultra", "EMAIL": "Danny.Cultra@durhamnc.gov", "ORIG_FID": "6049", "CreationDa": "2025-09-20T00:00:00", "Creator": "gisproc_sys", "EditDate": "2025-09-20T00:00:00", "Editor": "gisproc_sys", "sf_detached": 0.0, "sf_attached": 0.0, "duplex_triplex": 0.0, "multifamily": 0.0, "condo": 0, "unknown": 0, "data_source": null }, "geometry": { "type": "Point", "coordinates": [ -78.915649926102759, 36.006850537058646 ] } },
{ "type": "Feature", "properties": { "A_NUMBER": "D2000017", "A_TYPE": "PL_MINSP", "A_DATE": "2020-01-21T00:00:00", "A_STATUS": "APP", "A_STATUS_D": "2020-03-24T00:00:00", "A_PROJECT_": "Project Bluejay", "A_DESCRIPT": "Grading Only", "A_USER_ID": "AMANDAHO", "A_CASE_PLA": "COLERE", "StatCode": "APP", "AppStatus": "Approved", "AppCode": "PL_MINSP", "AppType": "Level 4 - Administrative Site Plan", "CasePlanne": "Cole Renigar", "EMAIL": "Cole.Renigar@durhamnc.gov", "ORIG_FID": "6117", "CreationDa": "2025-09-20T00:00:00", "Creator": "gisproc_sys", "EditDate": "2025-09-20T00:00:00", "Editor": "gisproc_sys", "sf_detached": 0.0, "sf_attached": 0.0, "duplex_triplex": 0.0, "multifamily": 0.0, "condo": 0, "unknown": 0, "data_source": null }, "geometry": { "type": "Point", "coordinates": [ -78.869736058994746, 35.938585127951562 ] } },
{ "type": "Feature", "properties": { "A_NUMBER": "D2300230", "A_TYPE": "PL_MINSP", "A_DATE": "2023-10-06T00:00:00", "A_STATUS": "APP", "A_STATUS_D": "2025-02-14T00:00:00", "A_PROJECT_": "Lumley Multifamily", "A_DESCRIPT": "400 multifamily units comprised of 74 townhouse and 326 apartment units and associated amenity space.", "A_USER_ID": "JALISAHA", "A_CASE_PLA": "JALISAHA", "StatCode": "APP", "AppStatus": "Approved", "AppCode": "PL_MINSP", "AppType": "Level 4 - Administrative Site Plan", "CasePlanne": "JALISA HARRIS", "EMAIL": "Jalisa.Harris@durhamnc.gov", "ORIG_FID": "6209", "CreationDa": "2025-09-20T00:00:00", "Creator": "gisproc_sys", "EditDate": "2025-09-20T00:00:00", "Editor": "gisproc_sys", "sf_detached": 0.0, "sf_attached": 74.0, "duplex_triplex": 0.0, "multifamily": 726.0, "condo": 0, "unknown": 0, "data_source": "DRHM" }, "geometry": { "type": "Point", "coordinates": [ -78.807229493171036, 35.926759722435833 ] } },
{ "type": "Feature", "properties": { "A_NUMBER": "D1500128", "A_TYPE": "PL_SSP_SM2", "A_DATE": "2015-05-19T00:00:00", "A_STATUS": "APP", "A_STATUS_D": "2015-09-17T00:00:00", "A_PROJECT_": "Croasdaile Village", "A_DESCRIPT": "New egress door and stairwell, exit sidewalk, and access drive modification to the previously approved 698 sq building expansion.", "A_USER_ID": "DOUGWE", "A_CASE_PLA": "NIARO", "StatCode": "APP", "AppStatus": "Approved", "AppCode": "PL_SSP_SM2", "AppType": "Level 2 - Administrative Site Plan", "CasePlanne": "Nia Rodgers", "EMAIL": "nia.rodgers@durhamnc.gov", "ORIG_FID": "6241", "CreationDa": "2025-09-20T00:00:00", "Creator": "gisproc_sys", "EditDate": "2025-09-20T00:00:00", "Editor": "gisproc_sys", "sf_detached": 0.0, "sf_attached": 0.0, "duplex_triplex": 0.0, "multifamily": 0.0, "condo": 0, "unknown": 0, "data_source": null }, "geometry": { "type": "Point", "coordinates": [ -78.939049070983828, 36.046641874203459 ] } },
{ "type": "Feature", "properties": { "A_NUMBER": "D2300278", "A_TYPE": "PL_MINSP", "A_DATE": "2023-12-14T00:00:00", "A_STATUS": "APP", "A_STATUS_D": "2024-06-13T00:00:00", "A_PROJECT_": "Eno Village", "A_DESCRIPT": "Residential project consisting of a 142 townhomes and 240 multifamily units (297,000 SF) and the associated infrastructure.", "A_USER_ID": "COLERE", "A_CASE_PLA": "COLERE", "StatCode": "APP", "AppStatus": "Approved", "AppCode": "PL_MINSP", "AppType": "Level 4 - Administrative Site Plan", "CasePlanne": "Cole Renigar", "EMAIL": "Cole.Renigar@durhamnc.gov", "ORIG_FID": "6246", "CreationDa": "2025-09-20T00:00:00", "Creator": "gisproc_sys", "EditDate": "2025-09-20T00:00:00", "Editor": "gisproc_sys", "sf_detached": 0.0, "sf_attached": 142.0, "duplex_triplex": 0.0, "multifamily": 240.0, "condo": 0, "unknown": 0, "data_source": "DRHM" }, "geometry": { "type": "Point", "coordinates": [ -78.913735648431967, 36.064607757945531 ] } },
{ "type": "Feature", "properties": { "A_NUMBER": "D1500123", "A_TYPE": "PL_MINSP", "A_DATE": "2015-05-12T00:00:00", "A_STATUS": "APP", "A_STATUS_D": "2015-09-09T00:00:00", "A_PROJECT_": "Briar Green Apartments", "A_DESCRIPT": "Development of 200 apartment units, including roadway, utility, & stormwater management infrastructure.", "A_USER_ID": "LEEDA", "A_CASE_PLA": "BDOBRZENSKI", "StatCode": "APP", "AppStatus": "Approved", "AppCode": "PL_MINSP", "AppType": "Level 4 - Administrative Site Plan", "CasePlanne": "Bo Dobrzenski", "EMAIL": "Bo.Dobrzenski@durhamnc.gov", "ORIG_FID": "6261", "CreationDa": "2025-09-20T00:00:00", "Creator": "gisproc_sys", "EditDate": "2025-09-20T00:00:00", "Editor": "gisproc_sys", "sf_detached": 0.0, "sf_attached": 0.0, "duplex_triplex": 0.0, "multifamily": 200.0, "condo": 0, "unknown": 0, "data_source": "DRHM" }, "geometry": { "type": "Point", "coordinates": [ -78.88686594518353, 36.057866475119042 ] } },
{ "type": "Feature", "properties": { "A_NUMBER": "D2400094", "A_TYPE": "PL_ASP", "A_DATE": "2024-04-18T00:00:00", "A_STATUS": "APP", "A_STATUS_D": "2024-08-01T00:00:00", "A_PROJECT_": "Trellis", "A_DESCRIPT": "Change of use site plan from hotel to 90 apartments.", "A_USER_ID": "JUSTINH", "A_CASE_PLA": "JOHNRA", "StatCode": "APP", "AppStatus": "Approved", "AppCode": "PL_ASP", "AppType": "Level 1 - Administrative Site Plan", "CasePlanne": "John Rabon", "EMAIL": "John.Rabon@durhamnc.gov", "ORIG_FID": "6262", "CreationDa": "2025-09-20T00:00:00", "Creator": "gisproc_sys", "EditDate": "2025-09-20T00:00:00", "Editor": "gisproc_sys", "sf_detached": 0.0, "sf_attached": 0.0, "duplex_triplex": 0.0, "multifamily": 124.0, "condo": 0, "unknown": 0, "data_source": "COMP" }, "geometry": { "type": "Point", "coordinates": [ -78.898519403986185, 35.904406046631955 ] } },
{ "type": "Feature", "properties": { "A_NUMBER": "D1600208", "A_TYPE": "PL_SSP_SM", "A_DATE": "2016-07-26T00:00:00", "A_STATUS": "APP", "A_STATUS_D": "2016-10-13T00:00:00", "A_PROJECT_": "Davis Park Apartments Amendment 2 Approved Plan", "A_DESCRIPT": "Phasing less 2 units, location of HC parking, location of club/leasing, final building footprints and elevations. Shift in bike racks and final retaining wall locations.", "A_USER_ID": "KIMRO", "A_CASE_PLA": "DCULTRA", "StatCode": "APP", "AppStatus": "Approved", "AppCode": "PL_SSP_SM", "AppType": "Level 3 - Administrative Site Plan", "CasePlanne": "Danny Cultra", "EMAIL": "Danny.Cultra@durhamnc.gov", "ORIG_FID": "6300", "CreationDa": "2025-09-20T00:00:00", "Creator": "gisproc_sys", "EditDate": "2025-09-20T00:00:00", "Editor": "gisproc_sys", "sf_detached": 0.0, "sf_attached": 0.0, "duplex_triplex": 0.0, "multifamily": 0.0, "condo": 0, "unknown": 0, "data_source": null }, "geometry": { "type": "Point", "coordinates": [ -78.860584287939645, 35.882208496334897 ] } },
{ "type": "Feature", "properties": { "A_NUMBER": "A1900008", "A_TYPE": "PL_CPAA", "A_DATE": "2019-06-10T00:00:00", "A_STATUS": "APP", "A_STATUS_D": "2025-01-07T00:00:00", "A_PROJECT_": "Farrington Townes", "A_DESCRIPT": "Low Density Residential to Low Medium Residential. Associated with Z1900023.", "A_USER_ID": "GSMITH", "A_CASE_PLA": "EMILYST", "StatCode": "APP", "AppStatus": "Approved", "AppCode": "PL_CPAA", "AppType": "Comprehensive Plan Map or Plan Amendment", "CasePlanne": "Emily Struthers", "EMAIL": "Emily.Struthers@durhamnc.gov", "ORIG_FID": "6395", "CreationDa": "2025-09-20T00:00:00", "Creator": "gisproc_sys", "EditDate": "2025-09-20T00:00:00", "Editor": "gisproc_sys", "sf_detached": 0.0, "sf_attached": 0.0, "duplex_triplex": 0.0, "multifamily": 0.0, "condo": 0, "unknown": 0, "data_source": null }, "geometry": { "type": "Point", "coordinates": [ -78.984529987249758, 35.942748163428007 ] } },
{ "type": "Feature", "properties": { "A_NUMBER": "D2100465", "A_TYPE": "PL_MINSP", "A_DATE": "2021-12-22T00:00:00", "A_STATUS": "APP", "A_STATUS_D": "2022-04-25T00:00:00", "A_PROJECT_": "Rollingdale", "A_DESCRIPT": "33 Townhomes and 4 open spaces", "A_USER_ID": "KIMRO", "A_CASE_PLA": "ROBINSH", "StatCode": "APP", "AppStatus": "Approved", "AppCode": "PL_MINSP", "AppType": "Level 4 - Administrative Site Plan", "CasePlanne": "Robin Schultze", "EMAIL": "Robin.Schultze@durhamnc.gov", "ORIG_FID": "6430", "CreationDa": "2025-09-20T00:00:00", "Creator": "gisproc_sys", "EditDate": "2025-09-20T00:00:00", "Editor": "gisproc_sys", "sf_detached": 0.0, "sf_attached": 33.0, "duplex_triplex": 0.0, "multifamily": 0.0, "condo": 0, "unknown": 0, "data_source": "DRHM" }, "geometry": { "type": "Point", "coordinates": [ -78.948689949818828, 35.914821732312582 ] } },
{ "type": "Feature", "properties": { "A_NUMBER": "D2300114", "A_TYPE": "PL_MINSP", "A_DATE": "2023-04-24T00:00:00", "A_STATUS": "APP", "A_STATUS_D": "2024-07-09T00:00:00", "A_PROJECT_": "MLK Apartments", "A_DESCRIPT": "180 apartments in 6 buildings totaling 64,530 square feet on 9.651 acres", "A_USER_ID": "TREYFI", "A_CASE_PLA": "TREYFI", "StatCode": "APP", "AppStatus": "Approved", "AppCode": "PL_MINSP", "AppType": "Level 4 - Administrative Site Plan", "CasePlanne": "Trey Figueroa", "EMAIL": "Trey.Figueroa@durhamnc.gov", "ORIG_FID": "6455", "CreationDa": "2025-09-20T00:00:00", "Creator": "gisproc_sys", "EditDate": "2025-09-20T00:00:00", "Editor": "gisproc_sys", "sf_detached": 0.0, "sf_attached": 0.0, "duplex_triplex": 0.0, "multifamily": 180.0, "condo": 0, "unknown": 0, "data_source": "DRHM" }, "geometry": { "type": "Point", "coordinates": [ -78.904825506788072, 35.940252034543995 ] } },
{ "type": "Feature", "properties": { "A_NUMBER": "D1900109", "A_TYPE": "PL_MINSP", "A_DATE": "2019-04-17T00:00:00", "A_STATUS": "APP", "A_STATUS_D": "2019-07-31T00:00:00", "A_PROJECT_": "Northern Durham Convenience Site", "A_DESCRIPT": "Construct a new solid waste convenience site for Northern Durham County residents", "A_USER_ID": "MICHAELKL", "A_CASE_PLA": "ELIZAMO", "StatCode": "APP", "AppStatus": "Approved", "AppCode": "PL_MINSP", "AppType": "Level 4 - Administrative Site Plan", "CasePlanne": "Eliza Monroe", "EMAIL": "Eliza.Monroe@durhamnc.gov", "ORIG_FID": "6479", "CreationDa": "2025-09-20T00:00:00", "Creator": "gisproc_sys", "EditDate": "2025-09-20T00:00:00", "Editor": "gisproc_sys", "sf_detached": 0.0, "sf_attached": 0.0, "duplex_triplex": 0.0, "multifamily": 0.0, "condo": 0, "unknown": 0, "data_source": null }, "geometry": { "type": "Point", "coordinates": [ -78.917049611407023, 36.206628512340707 ] } },
{ "type": "Feature", "properties": { "A_NUMBER": "D1900242", "A_TYPE": "PL_SSP_SM", "A_DATE": "2019-07-19T00:00:00", "A_STATUS": "APP", "A_STATUS_D": "2019-11-04T00:00:00", "A_PROJECT_": "Alexander Place Amendment 1", "A_DESCRIPT": "Reduce number of townhouse units to 157, add phasing, parking, elevations, landscape, easement, retaining wall, boardwal, and road improvement changes", "A_USER_ID": "JESSICADO", "A_CASE_PLA": "JOHNRA", "StatCode": "APP", "AppStatus": "Approved", "AppCode": "PL_SSP_SM", "AppType": "Level 3 - Administrative Site Plan", "CasePlanne": "John Rabon", "EMAIL": "John.Rabon@durhamnc.gov", "ORIG_FID": "6619", "CreationDa": "2025-09-20T00:00:00", "Creator": "gisproc_sys", "EditDate": "2025-09-20T00:00:00", "Editor": "gisproc_sys", "sf_detached": 0.0, "sf_attached": 157.0, "duplex_triplex": 0.0, "multifamily": 0.0, "condo": 0, "unknown": 0, "data_source": "DRHM" }, "geometry": { "type": "Point", "coordinates": [ -78.89122792189967, 35.882834187580841 ] } },
{ "type": "Feature", "properties": { "A_NUMBER": "D2100325", "A_TYPE": "PL_MINSP", "A_DATE": "2021-09-23T00:00:00", "A_STATUS": "APP", "A_STATUS_D": "2023-05-25T00:00:00", "A_PROJECT_": "Mason Farms Conservation Subdivision", "A_DESCRIPT": "Residential Subdivision with 142 proposed lots, wastewater collection and treatment, well water system.", "A_USER_ID": "JESSICADO", "A_CASE_PLA": "COLERE", "StatCode": "APP", "AppStatus": "Approved", "AppCode": "PL_MINSP", "AppType": "Level 4 - Administrative Site Plan", "CasePlanne": "Cole Renigar", "EMAIL": "Cole.Renigar@durhamnc.gov", "ORIG_FID": "6677", "CreationDa": "2025-09-20T00:00:00", "Creator": "gisproc_sys", "EditDate": "2025-09-20T00:00:00", "Editor": "gisproc_sys", "sf_detached": 0.0, "sf_attached": 0.0, "duplex_triplex": 0.0, "multifamily": 0.0, "condo": 0, "unknown": 0, "data_source": null }, "geometry": { "type": "Point", "coordinates": [ -78.901711057706052, 36.124325945066104 ] } },
{ "type": "Feature", "properties": { "A_NUMBER": "D2400030", "A_TYPE": "PL_ASP", "A_DATE": "2024-02-08T00:00:00", "A_STATUS": "APP", "A_STATUS_D": "2024-04-15T00:00:00", "A_PROJECT_": "Vivo Living Durham, LLC (2517 Guess Rd.)", "A_DESCRIPT": "Re-review of D2200245 as a new application. Conversion of 183 motel units to 183 micro-efficiency multifamily apartments.", "A_USER_ID": "JESSICADO", "A_CASE_PLA": "JOHNRA", "StatCode": "APP", "AppStatus": "Approved", "AppCode": "PL_ASP", "AppType": "Level 1 - Administrative Site Plan", "CasePlanne": "John Rabon", "EMAIL": "John.Rabon@durhamnc.gov", "ORIG_FID": "6698", "CreationDa": "2025-09-20T00:00:00", "Creator": "gisproc_sys", "EditDate": "2025-09-20T00:00:00", "Editor": "gisproc_sys", "sf_detached": null, "sf_attached": null, "duplex_triplex": null, "multifamily": 183.0, "condo": 0, "unknown": 0, "data_source": "ITRE" }, "geometry": { "type": "Point", "coordinates": [ -78.923999155388486, 36.025818800945274 ] } },
{ "type": "Feature", "properties": { "A_NUMBER": "D2200202", "A_TYPE": "PL_MINSP", "A_DATE": "2022-06-15T00:00:00", "A_STATUS": "APP", "A_STATUS_D": "2023-06-14T00:00:00", "A_PROJECT_": "Wesley Downs", "A_DESCRIPT": "229 unit single family (101) and townhome (128) residential development.", "A_USER_ID": "KIMRO", "A_CASE_PLA": "ROBINSH", "StatCode": "APP", "AppStatus": "Approved", "AppCode": "PL_MINSP", "AppType": "Level 4 - Administrative Site Plan", "CasePlanne": "Robin Schultze", "EMAIL": "Robin.Schultze@durhamnc.gov", "ORIG_FID": "6727", "CreationDa": "2025-09-20T00:00:00", "Creator": "gisproc_sys", "EditDate": "2025-09-20T00:00:00", "Editor": "gisproc_sys", "sf_detached": 229.0, "sf_attached": 101.0, "duplex_triplex": 0.0, "multifamily": 0.0, "condo": 0, "unknown": 0, "data_source": "DRHM" }, "geometry": { "type": "Point", "coordinates": [ -78.82011384613439, 35.966875680168542 ] } },
{ "type": "Feature", "properties": { "A_NUMBER": "D2400099", "A_TYPE": "PL_MINSP", "A_DATE": "2024-04-25T00:00:00", "A_STATUS": "UN_RE", "A_STATUS_D": "2024-07-30T00:00:00", "A_PROJECT_": "Crescent Drive Development", "A_DESCRIPT": "Phased development consisting of 90 multifamily units and 17 townhomes and the associated infrastructure.", "A_USER_ID": "JALISAHA", "A_CASE_PLA": "JALISAHA", "StatCode": "UN_RE", "AppStatus": "Under Review", "AppCode": "PL_MINSP", "AppType": "Level 4 - Administrative Site Plan", "CasePlanne": "JALISA HARRIS", "EMAIL": "Jalisa.Harris@durhamnc.gov", "ORIG_FID": "6731", "CreationDa": "2025-09-20T00:00:00", "Creator": "gisproc_sys", "EditDate": "2025-09-20T00:00:00", "Editor": "gisproc_sys", "sf_detached": 0.0, "sf_attached": 17.0, "duplex_triplex": 0.0, "multifamily": 90.0, "condo": 0, "unknown": 0, "data_source": "DRHM" }, "geometry": { "type": "Point", "coordinates": [ -78.996992543220287, 35.921129269026437 ] } },
{ "type": "Feature", "properties": { "A_NUMBER": "D2100022", "A_TYPE": "PL_MINSP", "A_DATE": "2021-01-25T00:00:00", "A_STATUS": "APP", "A_STATUS_D": "2021-08-10T00:00:00", "A_PROJECT_": "Tredenham ( Formerly Known as Doc Nichols Road )", "A_DESCRIPT": "Development of 66 townhomes, Annexation and Utility Agreement Approved as of Rezoning Case #Z1900054", "A_USER_ID": "KIMRO", "A_CASE_PLA": "COLERE", "StatCode": "APP", "AppStatus": "Approved", "AppCode": "PL_MINSP", "AppType": "Level 4 - Administrative Site Plan", "CasePlanne": "Cole Renigar", "EMAIL": "Cole.Renigar@durhamnc.gov", "ORIG_FID": "6780", "CreationDa": "2025-09-20T00:00:00", "Creator": "gisproc_sys", "EditDate": "2025-09-20T00:00:00", "Editor": "gisproc_sys", "sf_detached": 0.0, "sf_attached": 66.0, "duplex_triplex": 0.0, "multifamily": 0.0, "condo": 0, "unknown": 0, "data_source": "DRHM" }, "geometry": { "type": "Point", "coordinates": [ -78.793257810177252, 35.942378795795008 ] } },
{ "type": "Feature", "properties": { "A_NUMBER": "D2000309", "A_TYPE": "PL_MINSP", "A_DATE": "2020-12-18T00:00:00", "A_STATUS": "APP", "A_STATUS_D": "2023-08-08T00:00:00", "A_PROJECT_": "Griffin Place North", "A_DESCRIPT": "The proposed development includes 154 single family residential lots and road improvements on Ferrell Road and E Geer Street.", "A_USER_ID": "JESSICADO", "A_CASE_PLA": "ROBINSH", "StatCode": "APP", "AppStatus": "Approved", "AppCode": "PL_MINSP", "AppType": "Level 4 - Administrative Site Plan", "CasePlanne": "Robin Schultze", "EMAIL": "Robin.Schultze@durhamnc.gov", "ORIG_FID": "6783", "CreationDa": "2025-09-20T00:00:00", "Creator": "gisproc_sys", "EditDate": "2025-09-20T00:00:00", "Editor": "gisproc_sys", "sf_detached": 154.0, "sf_attached": 0.0, "duplex_triplex": 0.0, "multifamily": 0.0, "condo": 0, "unknown": 0, "data_source": "DRHM" }, "geometry": { "type": "Point", "coordinates": [ -78.832762697805549, 36.023022092308445 ] } },
{ "type": "Feature", "properties": { "A_NUMBER": "D2200021", "A_TYPE": "PL_MINSP", "A_DATE": "2022-01-26T00:00:00", "A_STATUS": "APP", "A_STATUS_D": "2022-06-23T00:00:00", "A_PROJECT_": "Forty and Page Amendment", "A_DESCRIPT": "pump station added, change to private streets, and tree coverage changes.", "A_USER_ID": "KIMRO", "A_CASE_PLA": "TREYFI", "StatCode": "APP", "AppStatus": "Approved", "AppCode": "PL_MINSP", "AppType": "Level 4 - Administrative Site Plan", "CasePlanne": "Trey Figueroa", "EMAIL": "Trey.Figueroa@durhamnc.gov", "ORIG_FID": "6832", "CreationDa": "2025-09-20T00:00:00", "Creator": "gisproc_sys", "EditDate": "2025-09-20T00:00:00", "Editor": "gisproc_sys", "sf_detached": 0.0, "sf_attached": 0.0, "duplex_triplex": 0.0, "multifamily": 0.0, "condo": 0, "unknown": 0, "data_source": null }, "geometry": { "type": "Point", "coordinates": [ -78.823853192538024, 35.890633535522859 ] } },
{ "type": "Feature", "properties": { "A_NUMBER": "A1500020", "A_TYPE": "PL_CPAA", "A_DATE": "2015-10-27T00:00:00", "A_STATUS": "APP", "A_STATUS_D": "2016-06-07T00:00:00", "A_PROJECT_": "Compact Neighborhood Tier Policy Updates", "A_DESCRIPT": "Add two policies to the Comprehensive Plan intended to formalize the City and County's resolution on affordable housing in transit areas and to describe zoning sub-districts used in the Compact Design district.", "A_USER_ID": "HJACOBSON", "A_CASE_PLA": "HJACOBSON", "StatCode": "APP", "AppStatus": "Approved", "AppCode": "PL_CPAA", "AppType": "Comprehensive Plan Map or Plan Amendment", "CasePlanne": null, "EMAIL": null, "ORIG_FID": "6833", "CreationDa": "2025-09-20T00:00:00", "Creator": "gisproc_sys", "EditDate": "2025-09-20T00:00:00", "Editor": "gisproc_sys", "sf_detached": 0.0, "sf_attached": 0.0, "duplex_triplex": 0.0, "multifamily": 0.0, "condo": 0, "unknown": 0, "data_source": null }, "geometry": { "type": "Point", "coordinates": [ -78.89879688926807, 35.996370790323105 ] } },
{ "type": "Feature", "properties": { "A_NUMBER": "D1500113", "A_TYPE": "PL_ASP", "A_DATE": "2015-05-05T00:00:00", "A_STATUS": "APP", "A_STATUS_D": "2015-06-05T00:00:00", "A_PROJECT_": "Laurel Grove", "A_DESCRIPT": "Revision to previously approved phased grading plan", "A_USER_ID": "DACIARE", "A_CASE_PLA": "BDOBRZENSKI", "StatCode": "APP", "AppStatus": "Approved", "AppCode": "PL_ASP", "AppType": "Level 1 - Administrative Site Plan", "CasePlanne": "Bo Dobrzenski", "EMAIL": "Bo.Dobrzenski@durhamnc.gov", "ORIG_FID": "6877", "CreationDa": "2025-09-20T00:00:00", "Creator": "gisproc_sys", "EditDate": "2025-09-20T00:00:00", "Editor": "gisproc_sys", "sf_detached": 0.0, "sf_attached": 0.0, "duplex_triplex": 0.0, "multifamily": 0.0, "condo": 0, "unknown": 0, "data_source": null }, "geometry": { "type": "Point", "coordinates": [ -78.788535483462155, 35.940970509093354 ] } },
{ "type": "Feature", "properties": { "A_NUMBER": "D1800320", "A_TYPE": "PL_MINSP", "A_DATE": "2018-10-09T00:00:00", "A_STATUS": "APP", "A_STATUS_D": "2019-04-30T00:00:00", "A_PROJECT_": "Colvard Farms Phase 12", "A_DESCRIPT": "30 single-family lots, and one open space lot, with associated infrastructure,  including city water, county stormwater/erosion control, Aqua America for sewer. 21.93 acres area of disturbance, 28.72 acres project area, and RS-20 zoning.", "A_USER_ID": "JESSICADO", "A_CASE_PLA": "COLERE", "StatCode": "APP", "AppStatus": "Approved", "AppCode": "PL_MINSP", "AppType": "Level 4 - Administrative Site Plan", "CasePlanne": "Cole Renigar", "EMAIL": "Cole.Renigar@durhamnc.gov", "ORIG_FID": "6900", "CreationDa": "2025-09-20T00:00:00", "Creator": "gisproc_sys", "EditDate": "2025-09-20T00:00:00", "Editor": "gisproc_sys", "sf_detached": 30.0, "sf_attached": 0.0, "duplex_triplex": 0.0, "multifamily": 0.0, "condo": 0, "unknown": 0, "data_source": "DRHM" }, "geometry": { "type": "Point", "coordinates": [ -78.954007763020229, 35.866979172870288 ] } },
{ "type": "Feature", "properties": { "A_NUMBER": "D2200051", "A_TYPE": "PL_MINSP", "A_DATE": "2022-02-21T00:00:00", "A_STATUS": "APP", "A_STATUS_D": "2023-05-12T00:00:00", "A_PROJECT_": "Copper Run South", "A_DESCRIPT": "127 townhomes, 6 SF detached.", "A_USER_ID": "KIMRO", "A_CASE_PLA": "ROBINSH", "StatCode": "APP", "AppStatus": "Approved", "AppCode": "PL_MINSP", "AppType": "Level 4 - Administrative Site Plan", "CasePlanne": "Robin Schultze", "EMAIL": "Robin.Schultze@durhamnc.gov", "ORIG_FID": "6920", "CreationDa": "2025-09-20T00:00:00", "Creator": "gisproc_sys", "EditDate": "2025-09-20T00:00:00", "Editor": "gisproc_sys", "sf_detached": 0.0, "sf_attached": 127.0, "duplex_triplex": 0.0, "multifamily": 0.0, "condo": 0, "unknown": 0, "data_source": "DRHM" }, "geometry": { "type": "Point", "coordinates": [ -78.832500019295168, 35.942491323154293 ] } },
{ "type": "Feature", "properties": { "A_NUMBER": "D2100328", "A_TYPE": "PL_MINSP", "A_DATE": "2021-09-27T00:00:00", "A_STATUS": "APP", "A_STATUS_D": "2021-12-23T00:00:00", "A_PROJECT_": "710 Rigsbee Ave", "A_DESCRIPT": "Residential building with 49 Dwelling units and commercial space including restaurant and retail. (1,889 SF)", "A_USER_ID": "JESSICADO", "A_CASE_PLA": "ROBINSH", "StatCode": "APP", "AppStatus": "Approved", "AppCode": "PL_MINSP", "AppType": "Level 4 - Administrative Site Plan", "CasePlanne": "Robin Schultze", "EMAIL": "Robin.Schultze@durhamnc.gov", "ORIG_FID": "6960", "CreationDa": "2025-09-20T00:00:00", "Creator": "gisproc_sys", "EditDate": "2025-09-20T00:00:00", "Editor": "gisproc_sys", "sf_detached": 0.0, "sf_attached": 0.0, "duplex_triplex": 0.0, "multifamily": 0.0, "condo": 0, "unknown": 0, "data_source": null }, "geometry": { "type": "Point", "coordinates": [ -78.899525839911036, 36.002888481210626 ] } },
{ "type": "Feature", "properties": { "A_NUMBER": "D1700289", "A_TYPE": "PL_SSP_SM2", "A_DATE": "2017-08-29T00:00:00", "A_STATUS": "APP", "A_STATUS_D": "2018-01-02T00:00:00", "A_PROJECT_": "Trilogy at Brier Creek Amendment", "A_DESCRIPT": "Removal of the site pump station, mail kiosks relocated, new entry monument signs, retaining wall changes, grading changes included spillway on BMP, open space area changes and pool cabana building footprint has changed.", "A_USER_ID": "KYLETA", "A_CASE_PLA": "DCULTRA", "StatCode": "APP", "AppStatus": "Approved", "AppCode": "PL_SSP_SM2", "AppType": "Level 2 - Administrative Site Plan", "CasePlanne": "Danny Cultra", "EMAIL": "Danny.Cultra@durhamnc.gov", "ORIG_FID": "6999", "CreationDa": "2025-09-20T00:00:00", "Creator": "gisproc_sys", "EditDate": "2025-09-20T00:00:00", "Editor": "gisproc_sys", "sf_detached": 0.0, "sf_attached": 0.0, "duplex_triplex": 0.0, "multifamily": 0.0, "condo": 0, "unknown": 0, "data_source": null }, "geometry": { "type": "Point", "coordinates": [ -78.812386549024808, 35.914195070962236 ] } },
{ "type": "Feature", "properties": { "A_NUMBER": "A1600002", "A_TYPE": "PL_CPAA", "A_DATE": "2016-02-10T00:00:00", "A_STATUS": "APP", "A_STATUS_D": "2016-11-08T00:00:00", "A_PROJECT_": "Southpoint Trails II", "A_DESCRIPT": "change 27.10 acres of Low Density Residential (4 DU/A. or less) to Low-Medium Density Residential (4-8 DU/Ac.)", "A_USER_ID": "LWOODS", "A_CASE_PLA": "LWOODS", "StatCode": "APP", "AppStatus": "Approved", "AppCode": "PL_CPAA", "AppType": "Comprehensive Plan Map or Plan Amendment", "CasePlanne": null, "EMAIL": null, "ORIG_FID": "7003", "CreationDa": "2025-09-20T00:00:00", "Creator": "gisproc_sys", "EditDate": "2025-09-20T00:00:00", "Editor": "gisproc_sys", "sf_detached": 0.0, "sf_attached": 0.0, "duplex_triplex": 0.0, "multifamily": 0.0, "condo": 0, "unknown": 0, "data_source": null }, "geometry": { "type": "Point", "coordinates": [ -78.959322907637244, 35.89033601364887 ] } },
{ "type": "Feature", "properties": { "A_NUMBER": "D2100201", "A_TYPE": "PL_MINSP", "A_DATE": "2021-07-12T00:00:00", "A_STATUS": "APP", "A_STATUS_D": "2023-02-08T00:00:00", "A_PROJECT_": "Crutchfield St Mixed Use Building", "A_DESCRIPT": "Medical Office with 3 additional stories of 25 Multi-Family dwelling units on two parcels to be recombined - 12,225 sf", "A_USER_ID": "JESSICADO", "A_CASE_PLA": "TREYFI", "StatCode": "APP", "AppStatus": "Approved", "AppCode": "PL_MINSP", "AppType": "Level 4 - Administrative Site Plan", "CasePlanne": "Trey Figueroa", "EMAIL": "Trey.Figueroa@durhamnc.gov", "ORIG_FID": "7041", "CreationDa": "2025-09-20T00:00:00", "Creator": "gisproc_sys", "EditDate": "2025-09-20T00:00:00", "Editor": "gisproc_sys", "sf_detached": 0.0, "sf_attached": 0.0, "duplex_triplex": 0.0, "multifamily": 3.0, "condo": 0, "unknown": 0, "data_source": "DRHM" }, "geometry": { "type": "Point", "coordinates": [ -78.905255535263635, 36.039267737910201 ] } },
{ "type": "Feature", "properties": { "A_NUMBER": "D1700275", "A_TYPE": "PL_MINSP", "A_DATE": "2017-08-22T00:00:00", "A_STATUS": "APP", "A_STATUS_D": "2018-05-25T00:00:00", "A_PROJECT_": "Davis Park Townhomes", "A_DESCRIPT": "181 townhomes, infrastructure and greenway.", "A_USER_ID": "KARENPA", "A_CASE_PLA": "EMILYST", "StatCode": "APP", "AppStatus": "Approved", "AppCode": "PL_MINSP", "AppType": "Level 4 - Administrative Site Plan", "CasePlanne": "Emily Struthers", "EMAIL": "Emily.Struthers@durhamnc.gov", "ORIG_FID": "7042", "CreationDa": "2025-09-20T00:00:00", "Creator": "gisproc_sys", "EditDate": "2025-09-20T00:00:00", "Editor": "gisproc_sys", "sf_detached": 0.0, "sf_attached": 181.0, "duplex_triplex": 0.0, "multifamily": 0.0, "condo": 0, "unknown": 0, "data_source": "DRHM" }, "geometry": { "type": "Point", "coordinates": [ -78.860584287939645, 35.882208496334897 ] } },
{ "type": "Feature", "properties": { "A_NUMBER": "D2100163", "A_TYPE": "PL_MINSP", "A_DATE": "2021-06-14T00:00:00", "A_STATUS": "APP", "A_STATUS_D": "2021-11-04T00:00:00", "A_PROJECT_": "Huckleberry", "A_DESCRIPT": "Ground floor retail sales, 2nd floor residential apartments (4 units) - Renovation and addition to existing commercial building", "A_USER_ID": "JESSICADO", "A_CASE_PLA": "TREYFI", "StatCode": "APP", "AppStatus": "Approved", "AppCode": "PL_MINSP", "AppType": "Level 4 - Administrative Site Plan", "CasePlanne": "Trey Figueroa", "EMAIL": "Trey.Figueroa@durhamnc.gov", "ORIG_FID": "7063", "CreationDa": "2025-09-20T00:00:00", "Creator": "gisproc_sys", "EditDate": "2025-09-20T00:00:00", "Editor": "gisproc_sys", "sf_detached": 0.0, "sf_attached": 0.0, "duplex_triplex": 0.0, "multifamily": 2.0, "condo": 0, "unknown": 0, "data_source": "DRHM" }, "geometry": { "type": "Point", "coordinates": [ -78.909044813737367, 36.000513515691487 ] } },
{ "type": "Feature", "properties": { "A_NUMBER": "D2300050", "A_TYPE": "PL_SSP_SM2", "A_DATE": "2023-02-16T00:00:00", "A_STATUS": "APP", "A_STATUS_D": "2024-03-27T00:00:00", "A_PROJECT_": "500 East Main Street Amendment", "A_DESCRIPT": "Amend previously approved site plan to add 2 additional units. No changes to building footprint.", "A_USER_ID": "JESSICADO", "A_CASE_PLA": "KEAGANSA", "StatCode": "APP", "AppStatus": "Approved", "AppCode": "PL_SSP_SM2", "AppType": "Level 2 - Administrative Site Plan", "CasePlanne": "Keagan Sacripanti", "EMAIL": "Keagan.Sacripanti@durhamnc.gov", "ORIG_FID": "7132", "CreationDa": "2025-09-20T00:00:00", "Creator": "gisproc_sys", "EditDate": "2025-09-20T00:00:00", "Editor": "gisproc_sys", "sf_detached": null, "sf_attached": null, "duplex_triplex": null, "multifamily": 2.0, "condo": 0, "unknown": 0, "data_source": "ITRE" }, "geometry": { "type": "Point", "coordinates": [ -78.894578350326697, 35.991193898678553 ] } },
{ "type": "Feature", "properties": { "A_NUMBER": "D1500359", "A_TYPE": "PL_SSP_SM", "A_DATE": "2015-12-15T00:00:00", "A_STATUS": "APP", "A_STATUS_D": "2016-08-26T00:00:00", "A_PROJECT_": "Damar Court", "A_DESCRIPT": "Construct a new community building, convert existing units to be ADA accessible.", "A_USER_ID": "LEEDA", "A_CASE_PLA": "DANIELHE", "StatCode": "APP", "AppStatus": "Approved", "AppCode": "PL_SSP_SM", "AppType": "Level 3 - Administrative Site Plan", "CasePlanne": "Daniel Hedglin", "EMAIL": "Daniel.Hedglin@durhamnc.gov", "ORIG_FID": "7168", "CreationDa": "2025-09-20T00:00:00", "Creator": "gisproc_sys", "EditDate": "2025-09-20T00:00:00", "Editor": "gisproc_sys", "sf_detached": 0.0, "sf_attached": 0.0, "duplex_triplex": 0.0, "multifamily": 0.0, "condo": 0, "unknown": 0, "data_source": null }, "geometry": { "type": "Point", "coordinates": [ -78.953159918083159, 36.007023438103587 ] } },
{ "type": "Feature", "properties": { "A_NUMBER": "D2100273", "A_TYPE": "PL_MINSP", "A_DATE": "2021-08-23T00:00:00", "A_STATUS": "APP", "A_STATUS_D": "2022-06-29T00:00:00", "A_PROJECT_": "Courtyards at Southpoint II", "A_DESCRIPT": "68 Single family detached lots with supporting open space", "A_USER_ID": "KEAGANSA", "A_CASE_PLA": "JOHNRA", "StatCode": "APP", "AppStatus": "Approved", "AppCode": "PL_MINSP", "AppType": "Level 4 - Administrative Site Plan", "CasePlanne": "John Rabon", "EMAIL": "John.Rabon@durhamnc.gov", "ORIG_FID": "7171", "CreationDa": "2025-09-20T00:00:00", "Creator": "gisproc_sys", "EditDate": "2025-09-20T00:00:00", "Editor": "gisproc_sys", "sf_detached": 68.0, "sf_attached": 0.0, "duplex_triplex": 0.0, "multifamily": 0.0, "condo": 0, "unknown": 0, "data_source": "DRHM" }, "geometry": { "type": "Point", "coordinates": [ -78.935384236745236, 35.883670671757066 ] } },
{ "type": "Feature", "properties": { "A_NUMBER": "D2200036", "A_TYPE": "PL_MINSP", "A_DATE": "2022-02-11T00:00:00", "A_STATUS": "APP", "A_STATUS_D": "2024-04-23T00:00:00", "A_PROJECT_": "Hinson Drive Townhomes", "A_DESCRIPT": "Development of 72 town homes ", "A_USER_ID": "TREYFI", "A_CASE_PLA": "TREYFI", "StatCode": "APP", "AppStatus": "Approved", "AppCode": "PL_MINSP", "AppType": "Level 4 - Administrative Site Plan", "CasePlanne": "Trey Figueroa", "EMAIL": "Trey.Figueroa@durhamnc.gov", "ORIG_FID": "7179", "CreationDa": "2025-09-20T00:00:00", "Creator": "gisproc_sys", "EditDate": "2025-09-20T00:00:00", "Editor": "gisproc_sys", "sf_detached": 0.0, "sf_attached": 72.0, "duplex_triplex": 0.0, "multifamily": 0.0, "condo": 0, "unknown": 0, "data_source": "DRHM" }, "geometry": { "type": "Point", "coordinates": [ -78.876506521368114, 36.02793360254136 ] } },
{ "type": "Feature", "properties": { "A_NUMBER": "A1600003", "A_TYPE": "PL_CPAA", "A_DATE": "2016-03-03T00:00:00", "A_STATUS": "APP", "A_STATUS_D": "2016-12-06T00:00:00", "A_PROJECT_": "Ellis Road Townhomes", "A_DESCRIPT": "From Low-Density Residential to Low-Medium Density Residential -Acres: 25.68", "A_USER_ID": "EARLENETHO", "A_CASE_PLA": "LWOODS", "StatCode": "APP", "AppStatus": "Approved", "AppCode": "PL_CPAA", "AppType": "Comprehensive Plan Map or Plan Amendment", "CasePlanne": null, "EMAIL": null, "ORIG_FID": "7221", "CreationDa": "2025-09-20T00:00:00", "Creator": "gisproc_sys", "EditDate": "2025-09-20T00:00:00", "Editor": "gisproc_sys", "sf_detached": 0.0, "sf_attached": 0.0, "duplex_triplex": 0.0, "multifamily": 0.0, "condo": 0, "unknown": 0, "data_source": null }, "geometry": { "type": "Point", "coordinates": [ -78.848348394254046, 35.938938392866582 ] } },
{ "type": "Feature", "properties": { "A_NUMBER": "D1500072", "A_TYPE": "PL_MINSP", "A_DATE": "2015-03-31T00:00:00", "A_STATUS": "APP", "A_STATUS_D": "2015-12-14T00:00:00", "A_PROJECT_": "Brightleaf Tract 6", "A_DESCRIPT": "14 Single family residential lots and supporting public infrastructure", "A_USER_ID": "JBUZUN", "A_CASE_PLA": "NIARO", "StatCode": "APP", "AppStatus": "Approved", "AppCode": "PL_MINSP", "AppType": "Level 4 - Administrative Site Plan", "CasePlanne": "Nia Rodgers", "EMAIL": "nia.rodgers@durhamnc.gov", "ORIG_FID": "7333", "CreationDa": "2025-09-20T00:00:00", "Creator": "gisproc_sys", "EditDate": "2025-09-20T00:00:00", "Editor": "gisproc_sys", "sf_detached": 14.0, "sf_attached": 0.0, "duplex_triplex": 0.0, "multifamily": 0.0, "condo": 0, "unknown": 0, "data_source": "DRHM" }, "geometry": { "type": "Point", "coordinates": [ -78.820087965373531, 35.949884129555926 ] } },
{ "type": "Feature", "properties": { "A_NUMBER": "D2000175", "A_TYPE": "PL_MINSP", "A_DATE": "2020-07-23T00:00:00", "A_STATUS": "APP", "A_STATUS_D": "2022-04-19T00:00:00", "A_PROJECT_": "Page Road Townhomes", "A_DESCRIPT": "48 townhome project involving the construction of 900 LF of roadway and 11 buildings. In addition any associated stormwater and utilities.", "A_USER_ID": "TDANNER", "A_CASE_PLA": "ROBINSH", "StatCode": "APP", "AppStatus": "Approved", "AppCode": "PL_MINSP", "AppType": "Level 4 - Administrative Site Plan", "CasePlanne": "Robin Schultze", "EMAIL": "Robin.Schultze@durhamnc.gov", "ORIG_FID": "7350", "CreationDa": "2025-09-20T00:00:00", "Creator": "gisproc_sys", "EditDate": "2025-09-20T00:00:00", "Editor": "gisproc_sys", "sf_detached": 0.0, "sf_attached": 48.0, "duplex_triplex": 0.0, "multifamily": 0.0, "condo": 0, "unknown": 0, "data_source": "DRHM" }, "geometry": { "type": "Point", "coordinates": [ -78.828559959429171, 35.889982156038691 ] } },
{ "type": "Feature", "properties": { "A_NUMBER": "D1500323", "A_TYPE": "PL_MINSP", "A_DATE": "2015-11-03T00:00:00", "A_STATUS": "APP", "A_STATUS_D": "2016-04-19T00:00:00", "A_PROJECT_": "Morreene Road Apartments", "A_DESCRIPT": "Addition of grill areas, ADA ramps, parking spaces and building additions.", "A_USER_ID": "DACIARE", "A_CASE_PLA": "DCULTRA", "StatCode": "APP", "AppStatus": "Approved", "AppCode": "PL_MINSP", "AppType": "Level 4 - Administrative Site Plan", "CasePlanne": "Danny Cultra", "EMAIL": "Danny.Cultra@durhamnc.gov", "ORIG_FID": "7353", "CreationDa": "2025-09-20T00:00:00", "Creator": "gisproc_sys", "EditDate": "2025-09-20T00:00:00", "Editor": "gisproc_sys", "sf_detached": 0.0, "sf_attached": 0.0, "duplex_triplex": 0.0, "multifamily": 0.0, "condo": 0, "unknown": 0, "data_source": null }, "geometry": { "type": "Point", "coordinates": [ -78.955445529336274, 36.004827493183527 ] } },
{ "type": "Feature", "properties": { "A_NUMBER": "D2000240", "A_TYPE": "PL_MINSP", "A_DATE": "2020-10-02T00:00:00", "A_STATUS": "APP", "A_STATUS_D": "2021-10-27T00:00:00", "A_PROJECT_": "Farrington Townes", "A_DESCRIPT": "25 townhome lots with associated streets, sidewalks, utilities, grading, stormwater and landscaping.", "A_USER_ID": "KIMRO", "A_CASE_PLA": "ELIZAMO", "StatCode": "APP", "AppStatus": "Approved", "AppCode": "PL_MINSP", "AppType": "Level 4 - Administrative Site Plan", "CasePlanne": "Eliza Monroe", "EMAIL": "Eliza.Monroe@durhamnc.gov", "ORIG_FID": "7382", "CreationDa": "2025-09-20T00:00:00", "Creator": "gisproc_sys", "EditDate": "2025-09-20T00:00:00", "Editor": "gisproc_sys", "sf_detached": 0.0, "sf_attached": 25.0, "duplex_triplex": 0.0, "multifamily": 0.0, "condo": 0, "unknown": 0, "data_source": "DRHM" }, "geometry": { "type": "Point", "coordinates": [ -78.984442063741398, 35.943017494624129 ] } },
{ "type": "Feature", "properties": { "A_NUMBER": "D1700229", "A_TYPE": "PL_MINSP", "A_DATE": "2017-07-11T00:00:00", "A_STATUS": "APP", "A_STATUS_D": "2018-02-12T00:00:00", "A_PROJECT_": "Bethpage Village Multifamily", "A_DESCRIPT": "Development of 510 residential units and non-residential uses near intersection of Page Road and Chin Page Road.", "A_USER_ID": "ADDMGR", "A_CASE_PLA": "DCULTRA", "StatCode": "APP", "AppStatus": "Approved", "AppCode": "PL_MINSP", "AppType": "Level 4 - Administrative Site Plan", "CasePlanne": "Danny Cultra", "EMAIL": "Danny.Cultra@durhamnc.gov", "ORIG_FID": "7435", "CreationDa": "2025-09-20T00:00:00", "Creator": "gisproc_sys", "EditDate": "2025-09-20T00:00:00", "Editor": "gisproc_sys", "sf_detached": 0.0, "sf_attached": 0.0, "duplex_triplex": 0.0, "multifamily": 0.0, "condo": 0, "unknown": 0, "data_source": null }, "geometry": { "type": "Point", "coordinates": [ -78.822485888397807, 35.896790414917795 ] } },
{ "type": "Feature", "properties": { "A_NUMBER": "D2400015", "A_TYPE": "PL_MINSP", "A_DATE": "2024-01-24T00:00:00", "A_STATUS": "APP", "A_STATUS_D": "2025-02-05T00:00:00", "A_PROJECT_": "Ovation at Sweetbrier - Phase 2 & 3", "A_DESCRIPT": "360 Single family Detached lots and 114 Townhome lots with supporting open space.", "A_USER_ID": "JESSICADO", "A_CASE_PLA": "KEAGANSA", "StatCode": "APP", "AppStatus": "Approved", "AppCode": "PL_MINSP", "AppType": "Level 4 - Administrative Site Plan", "CasePlanne": "Keagan Sacripanti", "EMAIL": "Keagan.Sacripanti@durhamnc.gov", "ORIG_FID": "7455", "CreationDa": "2025-09-20T00:00:00", "Creator": "gisproc_sys", "EditDate": "2025-09-20T00:00:00", "Editor": "gisproc_sys", "sf_detached": 360.0, "sf_attached": 114.0, "duplex_triplex": 0.0, "multifamily": 0.0, "condo": 0, "unknown": 0, "data_source": "DRHM" }, "geometry": { "type": "Point", "coordinates": [ -78.784020891977079, 35.956841135610297 ] } },
{ "type": "Feature", "properties": { "A_NUMBER": "D2400050", "A_TYPE": "PL_MINSP", "A_DATE": "2024-03-04T00:00:00", "A_STATUS": "APP", "A_STATUS_D": "2025-04-30T00:00:00", "A_PROJECT_": "Hopson Road Multi-Family", "A_DESCRIPT": "Construction of 399 multi-family units with associated amenities and infrastructure totaling in 498,495 SF.", "A_USER_ID": "TREYFI", "A_CASE_PLA": "TREYFI", "StatCode": "APP", "AppStatus": "Approved", "AppCode": "PL_MINSP", "AppType": "Level 4 - Administrative Site Plan", "CasePlanne": "Trey Figueroa", "EMAIL": "Trey.Figueroa@durhamnc.gov", "ORIG_FID": "7506", "CreationDa": "2025-09-20T00:00:00", "Creator": "gisproc_sys", "EditDate": "2025-09-20T00:00:00", "Editor": "gisproc_sys", "sf_detached": 0.0, "sf_attached": 0.0, "duplex_triplex": 0.0, "multifamily": 399.0, "condo": 0, "unknown": 0, "data_source": "DRHM" }, "geometry": { "type": "Point", "coordinates": [ -78.857084601795421, 35.876012391157765 ] } },
{ "type": "Feature", "properties": { "A_NUMBER": "D1900336", "A_TYPE": "PL_SSP_SM2", "A_DATE": "2019-09-18T00:00:00", "A_STATUS": "APP", "A_STATUS_D": "2020-10-27T00:00:00", "A_PROJECT_": "Witherspoon Apartments Site Plan Amendment", "A_DESCRIPT": "Apt buildings w/ structured parking", "A_USER_ID": "COURTNEYMC", "A_CASE_PLA": "COURTNEYMC", "StatCode": "APP", "AppStatus": "Approved", "AppCode": "PL_SSP_SM2", "AppType": "Level 2 - Administrative Site Plan", "CasePlanne": "Courtney McQueen", "EMAIL": "Courtney.McQueen@durhamnc.gov", "ORIG_FID": "7508", "CreationDa": "2025-09-20T00:00:00", "Creator": "gisproc_sys", "EditDate": "2025-09-20T00:00:00", "Editor": "gisproc_sys", "sf_detached": 0.0, "sf_attached": 0.0, "duplex_triplex": 0.0, "multifamily": 0.0, "condo": 0, "unknown": 0, "data_source": null }, "geometry": { "type": "Point", "coordinates": [ -78.990303196460289, 35.951684104491775 ] } },
{ "type": "Feature", "properties": { "A_NUMBER": "D1900394", "A_TYPE": "PL_MINSP", "A_DATE": "2019-11-12T00:00:00", "A_STATUS": "APP", "A_STATUS_D": "2021-04-14T00:00:00", "A_PROJECT_": "3404 Page Road", "A_DESCRIPT": "Proposed townhome development. A total of 188 lots are proposed.", "A_USER_ID": "KIMRO", "A_CASE_PLA": "COLERE", "StatCode": "APP", "AppStatus": "Approved", "AppCode": "PL_MINSP", "AppType": "Level 4 - Administrative Site Plan", "CasePlanne": "Cole Renigar", "EMAIL": "Cole.Renigar@durhamnc.gov", "ORIG_FID": "7578", "CreationDa": "2025-09-20T00:00:00", "Creator": "gisproc_sys", "EditDate": "2025-09-20T00:00:00", "Editor": "gisproc_sys", "sf_detached": 0.0, "sf_attached": 0.0, "duplex_triplex": 0.0, "multifamily": 0.0, "condo": 0, "unknown": 130, "data_source": "COMP" }, "geometry": { "type": "Point", "coordinates": [ -78.820890816588943, 35.902320901529954 ] } },
{ "type": "Feature", "properties": { "A_NUMBER": "D2000129", "A_TYPE": "PL_SSP_SM", "A_DATE": "2020-06-05T00:00:00", "A_STATUS": "APP", "A_STATUS_D": "2023-02-24T00:00:00", "A_PROJECT_": "Davis Park East - Pod B - Amendment", "A_DESCRIPT": "Amendment to previously approved site plan to incorporate revised building footprint/elevations, revised pool/amenity layout, & the associated minor impervious, grading,utility,retaining wall, & storm drainage Revisions.", "A_USER_ID": "JOHNRA", "A_CASE_PLA": "JOHNRA", "StatCode": "APP", "AppStatus": "Approved", "AppCode": "PL_SSP_SM", "AppType": "Level 3 - Administrative Site Plan", "CasePlanne": "John Rabon", "EMAIL": "John.Rabon@durhamnc.gov", "ORIG_FID": "7653", "CreationDa": "2025-09-20T00:00:00", "Creator": "gisproc_sys", "EditDate": "2025-09-20T00:00:00", "Editor": "gisproc_sys", "sf_detached": 0.0, "sf_attached": 0.0, "duplex_triplex": 0.0, "multifamily": 0.0, "condo": 0, "unknown": 46, "data_source": "COMP" }, "geometry": { "type": "Point", "coordinates": [ -78.860584287939645, 35.882208496334897 ] } },
{ "type": "Feature", "properties": { "A_NUMBER": "A1900012", "A_TYPE": "PL_CPAA", "A_DATE": "2019-07-02T00:00:00", "A_STATUS": "APP", "A_STATUS_D": "2021-03-10T00:00:00", "A_PROJECT_": "NCCU School of Business", "A_DESCRIPT": "Proposed change from Low Residential to Institutional FLUM", "A_USER_ID": "ALEXCA", "A_CASE_PLA": "EMILYST", "StatCode": "APP", "AppStatus": "Approved", "AppCode": "PL_CPAA", "AppType": "Comprehensive Plan Map or Plan Amendment", "CasePlanne": "Emily Struthers", "EMAIL": "Emily.Struthers@durhamnc.gov", "ORIG_FID": "7729", "CreationDa": "2025-09-20T00:00:00", "Creator": "gisproc_sys", "EditDate": "2025-09-20T00:00:00", "Editor": "gisproc_sys", "sf_detached": 0.0, "sf_attached": 0.0, "duplex_triplex": 0.0, "multifamily": 0.0, "condo": 0, "unknown": 0, "data_source": null }, "geometry": { "type": "Point", "coordinates": [ -78.894338864311223, 35.97606651542786 ] } },
{ "type": "Feature", "properties": { "A_NUMBER": "D2300275", "A_TYPE": "PL_MINSP", "A_DATE": "2023-12-07T00:00:00", "A_STATUS": "APP", "A_STATUS_D": "2025-03-02T00:00:00", "A_PROJECT_": "The Shannon at Old Chapel Hill", "A_DESCRIPT": "Development of 43 townhouses, a mixed-use building with 17 apartments and 3,500 sq. ft. retail space.", "A_USER_ID": "TREYFI", "A_CASE_PLA": "TREYFI", "StatCode": "APP", "AppStatus": "Approved", "AppCode": "PL_MINSP", "AppType": "Level 4 - Administrative Site Plan", "CasePlanne": "Trey Figueroa", "EMAIL": "Trey.Figueroa@durhamnc.gov", "ORIG_FID": "7746", "CreationDa": "2025-09-20T00:00:00", "Creator": "gisproc_sys", "EditDate": "2025-09-20T00:00:00", "Editor": "gisproc_sys", "sf_detached": 0.0, "sf_attached": 43.0, "duplex_triplex": 0.0, "multifamily": 17.0, "condo": 0, "unknown": 0, "data_source": "DRHM" }, "geometry": { "type": "Point", "coordinates": [ -78.954984685548808, 35.956831635572513 ] } },
{ "type": "Feature", "properties": { "A_NUMBER": "D1800348", "A_TYPE": "PL_MINSP", "A_DATE": "2018-11-06T00:00:00", "A_STATUS": "APP", "A_STATUS_D": "2019-05-31T00:00:00", "A_PROJECT_": "Andrews Chapel Site Plan Amendment 4", "A_DESCRIPT": "Changing a majority of single family lots to townhomes, creating 45 new lots property is zonned PDR 4.793, and the tract acreage is 114.17", "A_USER_ID": "JESSICADO", "A_CASE_PLA": "COLERE", "StatCode": "APP", "AppStatus": "Approved", "AppCode": "PL_MINSP", "AppType": "Level 4 - Administrative Site Plan", "CasePlanne": "Cole Renigar", "EMAIL": "Cole.Renigar@durhamnc.gov", "ORIG_FID": "7757", "CreationDa": "2025-09-20T00:00:00", "Creator": "gisproc_sys", "EditDate": "2025-09-20T00:00:00", "Editor": "gisproc_sys", "sf_detached": 0.0, "sf_attached": 0.0, "duplex_triplex": 0.0, "multifamily": 0.0, "condo": 0, "unknown": 0, "data_source": null }, "geometry": { "type": "Point", "coordinates": [ -78.776639316982468, 35.92442204448156 ] } },
{ "type": "Feature", "properties": { "A_NUMBER": "D1800067", "A_TYPE": "PL_MINPP", "A_DATE": "2018-03-06T00:00:00", "A_STATUS": "APP", "A_STATUS_D": "2018-12-20T00:00:00", "A_PROJECT_": "Angier Avenue Residential", "A_DESCRIPT": "Single Family Residential Subdivision", "A_USER_ID": "JESSICADO", "A_CASE_PLA": "JESSICADO", "StatCode": "APP", "AppStatus": "Approved", "AppCode": "PL_MINPP", "AppType": "Minor Preliminary Plat", "CasePlanne": "Jessica Dockery", "EMAIL": "Jessica.Dockery@durhamnc.gov", "ORIG_FID": "7763", "CreationDa": "2025-09-20T00:00:00", "Creator": "gisproc_sys", "EditDate": "2025-09-20T00:00:00", "Editor": "gisproc_sys", "sf_detached": 0.0, "sf_attached": 0.0, "duplex_triplex": 0.0, "multifamily": 0.0, "condo": 0, "unknown": 0, "data_source": null }, "geometry": { "type": "Point", "coordinates": [ -78.84521802820025, 35.94779973984658 ] } },
{ "type": "Feature", "properties": { "A_NUMBER": "D2100130", "A_TYPE": "PL_MINSP", "A_DATE": "2021-05-04T00:00:00", "A_STATUS": "APP", "A_STATUS_D": "2021-12-03T00:00:00", "A_PROJECT_": "Newcastle", "A_DESCRIPT": "Landscape enhancement around building and proposed site plan amenities for building tenants. Minor grading disturbance and additional parking proposed in interior courtyard.", "A_USER_ID": "COLERE", "A_CASE_PLA": "ELIZAMO", "StatCode": "APP", "AppStatus": "Approved", "AppCode": "PL_MINSP", "AppType": "Level 4 - Administrative Site Plan", "CasePlanne": "Eliza Monroe", "EMAIL": "Eliza.Monroe@durhamnc.gov", "ORIG_FID": "7788", "CreationDa": "2025-09-20T00:00:00", "Creator": "gisproc_sys", "EditDate": "2025-09-20T00:00:00", "Editor": "gisproc_sys", "sf_detached": 0.0, "sf_attached": 0.0, "duplex_triplex": 0.0, "multifamily": 0.0, "condo": 0, "unknown": 0, "data_source": null }, "geometry": { "type": "Point", "coordinates": [ -78.846784620412535, 35.8761618312707 ] } },
{ "type": "Feature", "properties": { "A_NUMBER": "D2000142", "A_TYPE": "PL_ASP", "A_DATE": "2020-06-19T00:00:00", "A_STATUS": "APP", "A_STATUS_D": "2020-07-31T00:00:00", "A_PROJECT_": "Lumley Road - Townhomes Amendment", "A_DESCRIPT": "Site plan amendment to add new playground and screen fence", "A_USER_ID": "JUSTINH", "A_CASE_PLA": "WGRIFFIN", "StatCode": "APP", "AppStatus": "Approved", "AppCode": "PL_ASP", "AppType": "Level 1 - Administrative Site Plan", "CasePlanne": "Wade Griffin", "EMAIL": "Wade.Griffin@durhamnc.gov", "ORIG_FID": "7811", "CreationDa": "2025-09-20T00:00:00", "Creator": "gisproc_sys", "EditDate": "2025-09-20T00:00:00", "Editor": "gisproc_sys", "sf_detached": 0.0, "sf_attached": 0.0, "duplex_triplex": 0.0, "multifamily": 0.0, "condo": 0, "unknown": 0, "data_source": null }, "geometry": { "type": "Point", "coordinates": [ -78.808309349032442, 35.924103175991505 ] } },
{ "type": "Feature", "properties": { "A_NUMBER": "D2200204", "A_TYPE": "PL_MINSP", "A_DATE": "2022-06-15T00:00:00", "A_STATUS": "APP", "A_STATUS_D": "2023-05-26T00:00:00", "A_PROJECT_": "Jackson Street Condominiums", "A_DESCRIPT": "61 apartment unit condos with 1st floor retail and parking garage", "A_USER_ID": "COLERE", "A_CASE_PLA": "COLERE", "StatCode": "APP", "AppStatus": "Approved", "AppCode": "PL_MINSP", "AppType": "Level 4 - Administrative Site Plan", "CasePlanne": "Cole Renigar", "EMAIL": "Cole.Renigar@durhamnc.gov", "ORIG_FID": "7873", "CreationDa": "2025-09-20T00:00:00", "Creator": "gisproc_sys", "EditDate": "2025-09-20T00:00:00", "Editor": "gisproc_sys", "sf_detached": 0.0, "sf_attached": 0.0, "duplex_triplex": 0.0, "multifamily": 61.0, "condo": 1, "unknown": 0, "data_source": "DRHM" }, "geometry": { "type": "Point", "coordinates": [ -78.910990402560103, 35.995209866891592 ] } },
{ "type": "Feature", "properties": { "A_NUMBER": "D2200292", "A_TYPE": "PL_MINSP", "A_DATE": "2022-08-31T00:00:00", "A_STATUS": "APP", "A_STATUS_D": "2023-02-16T00:00:00", "A_PROJECT_": "Cedar Trace Apartments", "A_DESCRIPT": "180 apartment units with clubhouse", "A_USER_ID": "KIMRO", "A_CASE_PLA": "TREYFI", "StatCode": "APP", "AppStatus": "Approved", "AppCode": "PL_MINSP", "AppType": "Level 4 - Administrative Site Plan", "CasePlanne": "Trey Figueroa", "EMAIL": "Trey.Figueroa@durhamnc.gov", "ORIG_FID": "7897", "CreationDa": "2025-09-20T00:00:00", "Creator": "gisproc_sys", "EditDate": "2025-09-20T00:00:00", "Editor": "gisproc_sys", "sf_detached": 0.0, "sf_attached": 0.0, "duplex_triplex": 0.0, "multifamily": 180.0, "condo": 0, "unknown": 0, "data_source": "DRHM" }, "geometry": { "type": "Point", "coordinates": [ -78.85256258215594, 35.979863270162184 ] } },
{ "type": "Feature", "properties": { "A_NUMBER": "D1800273", "A_TYPE": "PL_MINSP", "A_DATE": "2018-08-14T00:00:00", "A_STATUS": "APP", "A_STATUS_D": "2019-04-11T00:00:00", "A_PROJECT_": "Yancey Street Condos", "A_DESCRIPT": "44 condos in a new 5 story building", "A_USER_ID": "JESSICADO", "A_CASE_PLA": "TREYFI", "StatCode": "APP", "AppStatus": "Approved", "AppCode": "PL_MINSP", "AppType": "Level 4 - Administrative Site Plan", "CasePlanne": "Trey Figueroa", "EMAIL": "Trey.Figueroa@durhamnc.gov", "ORIG_FID": "7908", "CreationDa": "2025-09-20T00:00:00", "Creator": "gisproc_sys", "EditDate": "2025-09-20T00:00:00", "Editor": "gisproc_sys", "sf_detached": 0.0, "sf_attached": 0.0, "duplex_triplex": 0.0, "multifamily": 0.0, "condo": 44, "unknown": 0, "data_source": "DRHM" }, "geometry": { "type": "Point", "coordinates": [ -78.909131887397038, 35.993707186991777 ] } },
{ "type": "Feature", "properties": { "A_NUMBER": "D2200139", "A_TYPE": "PL_MINSP", "A_DATE": "2022-04-27T00:00:00", "A_STATUS": "UN_RE", "A_STATUS_D": "2022-04-28T00:00:00", "A_PROJECT_": "Carrington Woods", "A_DESCRIPT": "17 home Single family development with public associated stormwater and utilities encompassing 8.552 acres", "A_USER_ID": "TREYFI", "A_CASE_PLA": "TREYFI", "StatCode": "UN_RE", "AppStatus": "Under Review", "AppCode": "PL_MINSP", "AppType": "Level 4 - Administrative Site Plan", "CasePlanne": "Trey Figueroa", "EMAIL": "Trey.Figueroa@durhamnc.gov", "ORIG_FID": "7989", "CreationDa": "2025-09-20T00:00:00", "Creator": "gisproc_sys", "EditDate": "2025-09-20T00:00:00", "Editor": "gisproc_sys", "sf_detached": 17.0, "sf_attached": 0.0, "duplex_triplex": 0.0, "multifamily": 0.0, "condo": 0, "unknown": 0, "data_source": "DRHM" }, "geometry": { "type": "Point", "coordinates": [ -78.834287485152203, 36.00128260669711 ] } },
{ "type": "Feature", "properties": { "A_NUMBER": "D1800285", "A_TYPE": "PL_MINSP", "A_DATE": "2018-08-28T00:00:00", "A_STATUS": "APP", "A_STATUS_D": "2019-03-11T00:00:00", "A_PROJECT_": "Beth Page Village Mixed Use", "A_DESCRIPT": "Development of 230 apartments and 8908 SF of vertically integrated commercial space", "A_USER_ID": "KIMRO", "A_CASE_PLA": "COURTNEYMC", "StatCode": "APP", "AppStatus": "Approved", "AppCode": "PL_MINSP", "AppType": "Level 4 - Administrative Site Plan", "CasePlanne": "Courtney McQueen", "EMAIL": "Courtney.McQueen@durhamnc.gov", "ORIG_FID": "8075", "CreationDa": "2025-09-20T00:00:00", "Creator": "gisproc_sys", "EditDate": "2025-09-20T00:00:00", "Editor": "gisproc_sys", "sf_detached": 0.0, "sf_attached": 0.0, "duplex_triplex": 0.0, "multifamily": 230.0, "condo": 0, "unknown": 0, "data_source": "DRHM" }, "geometry": { "type": "Point", "coordinates": [ -78.824274339509159, 35.894056653521353 ] } },
{ "type": "Feature", "properties": { "A_NUMBER": "D2300003", "A_TYPE": "PL_MINSP", "A_DATE": "2023-01-06T00:00:00", "A_STATUS": "WITH", "A_STATUS_D": "2024-07-11T00:00:00", "A_PROJECT_": "106 Broadway", "A_DESCRIPT": "Proposed construction of a 4-story building with 33 residential units and utility services.", "A_USER_ID": "KEAGANSA", "A_CASE_PLA": "TREYFI", "StatCode": "WITH", "AppStatus": "Withdrawn/Cancelled", "AppCode": "PL_MINSP", "AppType": "Level 4 - Administrative Site Plan", "CasePlanne": "Trey Figueroa", "EMAIL": "Trey.Figueroa@durhamnc.gov", "ORIG_FID": "8116", "CreationDa": "2025-09-20T00:00:00", "Creator": "gisproc_sys", "EditDate": "2025-09-20T00:00:00", "Editor": "gisproc_sys", "sf_detached": 0.0, "sf_attached": 0.0, "duplex_triplex": 0.0, "multifamily": 0.0, "condo": 0, "unknown": 0, "data_source": null }, "geometry": { "type": "Point", "coordinates": [ -78.896489047040134, 36.000701880018198 ] } },
{ "type": "Feature", "properties": { "A_NUMBER": "D1800205", "A_TYPE": "PL_MINSP", "A_DATE": "2018-06-19T00:00:00", "A_STATUS": "APP", "A_STATUS_D": "2019-01-17T00:00:00", "A_PROJECT_": "3206 University Dr. & Lassiter St.", "A_DESCRIPT": "Mixed Use", "A_USER_ID": "AMANDAHO", "A_CASE_PLA": "TREYFI", "StatCode": "APP", "AppStatus": "Approved", "AppCode": "PL_MINSP", "AppType": "Level 4 - Administrative Site Plan", "CasePlanne": "Trey Figueroa", "EMAIL": "Trey.Figueroa@durhamnc.gov", "ORIG_FID": "8123", "CreationDa": "2025-09-20T00:00:00", "Creator": "gisproc_sys", "EditDate": "2025-09-20T00:00:00", "Editor": "gisproc_sys", "sf_detached": 0.0, "sf_attached": 0.0, "duplex_triplex": 0.0, "multifamily": 0.0, "condo": 0, "unknown": 0, "data_source": null }, "geometry": { "type": "Point", "coordinates": [ -78.941470874098172, 35.966875719291167 ] } },
{ "type": "Feature", "properties": { "A_NUMBER": "A1700012", "A_TYPE": "PL_CPAA", "A_DATE": "2017-08-17T00:00:00", "A_STATUS": "APP", "A_STATUS_D": "2018-04-17T00:00:00", "A_PROJECT_": "3404 Page Road", "A_DESCRIPT": "Zoning Map Change (Z1700031) from RR to PDR, Comp Plan Change (A1700012) from Industrial to Low Medium, and Annexation (BDG 1700010) to allow for 170 townhomes.", "A_USER_ID": "ADDMGR", "A_CASE_PLA": "JAMIESUN", "StatCode": "APP", "AppStatus": "Approved", "AppCode": "PL_CPAA", "AppType": "Comprehensive Plan Map or Plan Amendment", "CasePlanne": null, "EMAIL": null, "ORIG_FID": "8136", "CreationDa": "2025-09-20T00:00:00", "Creator": "gisproc_sys", "EditDate": "2025-09-20T00:00:00", "Editor": "gisproc_sys", "sf_detached": 0.0, "sf_attached": 10.0, "duplex_triplex": 0.0, "multifamily": 0.0, "condo": 0, "unknown": 0, "data_source": "DRHM" }, "geometry": { "type": "Point", "coordinates": [ -78.820890816588943, 35.902320901529954 ] } },
{ "type": "Feature", "properties": { "A_NUMBER": "D2200235", "A_TYPE": "PL_SSP_SM2", "A_DATE": "2022-07-05T00:00:00", "A_STATUS": "APP", "A_STATUS_D": "2022-09-29T00:00:00", "A_PROJECT_": "Phillips Creek Subdivision Amendment", "A_DESCRIPT": "Addition of cluster box units and parking ( 1 Standard and 1 HC Accessible)", "A_USER_ID": "JESSICADO", "A_CASE_PLA": "TREYFI", "StatCode": "APP", "AppStatus": "Approved", "AppCode": "PL_SSP_SM2", "AppType": "Level 2 - Administrative Site Plan", "CasePlanne": "Trey Figueroa", "EMAIL": "Trey.Figueroa@durhamnc.gov", "ORIG_FID": "8167", "CreationDa": "2025-09-20T00:00:00", "Creator": "gisproc_sys", "EditDate": "2025-09-20T00:00:00", "Editor": "gisproc_sys", "sf_detached": 0.0, "sf_attached": 308.0, "duplex_triplex": 0.0, "multifamily": 0.0, "condo": 0, "unknown": 0, "data_source": "COMP" }, "geometry": { "type": "Point", "coordinates": [ -78.799248238048108, 36.013919550672739 ] } },
{ "type": "Feature", "properties": { "A_NUMBER": "D2100053", "A_TYPE": "PL_MINSP", "A_DATE": "2021-02-18T00:00:00", "A_STATUS": "APP", "A_STATUS_D": "2021-12-14T00:00:00", "A_PROJECT_": "Holloway Studios", "A_DESCRIPT": "19 townhomes and 832 sf commercial space", "A_USER_ID": "KIMRO", "A_CASE_PLA": "COLERE", "StatCode": "APP", "AppStatus": "Approved", "AppCode": "PL_MINSP", "AppType": "Level 4 - Administrative Site Plan", "CasePlanne": "Cole Renigar", "EMAIL": "Cole.Renigar@durhamnc.gov", "ORIG_FID": "8295", "CreationDa": "2025-09-20T00:00:00", "Creator": "gisproc_sys", "EditDate": "2025-09-20T00:00:00", "Editor": "gisproc_sys", "sf_detached": 0.0, "sf_attached": 19.0, "duplex_triplex": 0.0, "multifamily": 0.0, "condo": 0, "unknown": 0, "data_source": "DRHM" }, "geometry": { "type": "Point", "coordinates": [ -78.893659650038941, 35.993693295182062 ] } },
{ "type": "Feature", "properties": { "A_NUMBER": "D2100266", "A_TYPE": "PL_MINSP", "A_DATE": "2021-08-19T00:00:00", "A_STATUS": "WITH", "A_STATUS_D": "2025-02-21T00:00:00", "A_PROJECT_": "Northgate Mall Redevelopment", "A_DESCRIPT": "Infrastructure required for redevelopment of existing Northgate Mall to include a Commercial Mixed-use Development - Site plan has passed 180-day expiration limit as of 10/5/2022", "A_USER_ID": "JESSICADO", "A_CASE_PLA": "ROBINSH", "StatCode": "WITH", "AppStatus": "Withdrawn/Cancelled", "AppCode": "PL_MINSP", "AppType": "Level 4 - Administrative Site Plan", "CasePlanne": "Robin Schultze", "EMAIL": "Robin.Schultze@durhamnc.gov", "ORIG_FID": "8334", "CreationDa": "2025-09-20T00:00:00", "Creator": "gisproc_sys", "EditDate": "2025-09-20T00:00:00", "Editor": "gisproc_sys", "sf_detached": 0.0, "sf_attached": 0.0, "duplex_triplex": 0.0, "multifamily": 0.0, "condo": 0, "unknown": 0, "data_source": null }, "geometry": { "type": "Point", "coordinates": [ -78.911945293832929, 36.01989631513883 ] } },
{ "type": "Feature", "properties": { "A_NUMBER": "D1500163", "A_TYPE": "PL_MINSP", "A_DATE": "2015-06-16T00:00:00", "A_STATUS": "APP", "A_STATUS_D": "2016-12-01T00:00:00", "A_PROJECT_": "Residences at Fendol Farms Amendment", "A_DESCRIPT": "Redesign of residences section (148 lots) to change two dry ponds into one wet pond and slightly modify lot layout due to that change. The plan also  incoporates impervious being provided by D1200218", "A_USER_ID": "GSMITH", "A_CASE_PLA": "DCULTRA", "StatCode": "APP", "AppStatus": "Approved", "AppCode": "PL_MINSP", "AppType": "Level 4 - Administrative Site Plan", "CasePlanne": "Danny Cultra", "EMAIL": "Danny.Cultra@durhamnc.gov", "ORIG_FID": "8351", "CreationDa": "2025-09-20T00:00:00", "Creator": "gisproc_sys", "EditDate": "2025-09-20T00:00:00", "Editor": "gisproc_sys", "sf_detached": 0.0, "sf_attached": 0.0, "duplex_triplex": 0.0, "multifamily": 0.0, "condo": 0, "unknown": 0, "data_source": null }, "geometry": { "type": "Point", "coordinates": [ -78.788535483462155, 35.940970509093354 ] } },
{ "type": "Feature", "properties": { "A_NUMBER": "D2100062", "A_TYPE": "PL_MINSP", "A_DATE": "2021-02-25T00:00:00", "A_STATUS": "APP", "A_STATUS_D": "2022-01-05T00:00:00", "A_PROJECT_": "Trails at Twin Lakes", "A_DESCRIPT": "168 Multi-family apartment units and associated amenity spaces", "A_USER_ID": "KIMRO", "A_CASE_PLA": "TREYFI", "StatCode": "APP", "AppStatus": "Approved", "AppCode": "PL_MINSP", "AppType": "Level 4 - Administrative Site Plan", "CasePlanne": "Trey Figueroa", "EMAIL": "Trey.Figueroa@durhamnc.gov", "ORIG_FID": "8358", "CreationDa": "2025-09-20T00:00:00", "Creator": "gisproc_sys", "EditDate": "2025-09-20T00:00:00", "Editor": "gisproc_sys", "sf_detached": 0.0, "sf_attached": 0.0, "duplex_triplex": 0.0, "multifamily": 168.0, "condo": 0, "unknown": 0, "data_source": "DRHM" }, "geometry": { "type": "Point", "coordinates": [ -78.845164217037023, 35.989514013702724 ] } },
{ "type": "Feature", "properties": { "A_NUMBER": "D1500178", "A_TYPE": "PL_MINSP", "A_DATE": "2015-06-30T00:00:00", "A_STATUS": "APP", "A_STATUS_D": "2016-05-17T00:00:00", "A_PROJECT_": "751 South - Phase 1", "A_DESCRIPT": "Residential portion (144 townhomes and 226 SF lots) in mized use development", "A_USER_ID": "ADDMGR", "A_CASE_PLA": "BDOBRZENSKI", "StatCode": "APP", "AppStatus": "Approved", "AppCode": "PL_MINSP", "AppType": "Level 4 - Administrative Site Plan", "CasePlanne": "Bo Dobrzenski", "EMAIL": "Bo.Dobrzenski@durhamnc.gov", "ORIG_FID": "8373", "CreationDa": "2025-09-20T00:00:00", "Creator": "gisproc_sys", "EditDate": "2025-09-20T00:00:00", "Editor": "gisproc_sys", "sf_detached": 0.0, "sf_attached": 144.0, "duplex_triplex": 0.0, "multifamily": 0.0, "condo": 0, "unknown": 0, "data_source": "DRHM" }, "geometry": { "type": "Point", "coordinates": [ -78.949610845514783, 35.871892921994338 ] } },
{ "type": "Feature", "properties": { "A_NUMBER": "D2200348", "A_TYPE": "PL_MINSP", "A_DATE": "2022-10-11T00:00:00", "A_STATUS": "APP", "A_STATUS_D": "2023-11-29T00:00:00", "A_PROJECT_": "Dearborn Multifamily", "A_DESCRIPT": "156 multifamily units and amenity space", "A_USER_ID": "ROBINSH", "A_CASE_PLA": "ROBINSH", "StatCode": "APP", "AppStatus": "Approved", "AppCode": "PL_MINSP", "AppType": "Level 4 - Administrative Site Plan", "CasePlanne": "Robin Schultze", "EMAIL": "Robin.Schultze@durhamnc.gov", "ORIG_FID": "8388", "CreationDa": "2025-09-20T00:00:00", "Creator": "gisproc_sys", "EditDate": "2025-09-20T00:00:00", "Editor": "gisproc_sys", "sf_detached": 0.0, "sf_attached": 0.0, "duplex_triplex": 0.0, "multifamily": 156.0, "condo": 0, "unknown": 0, "data_source": "DRHM" }, "geometry": { "type": "Point", "coordinates": [ -78.884338226183004, 36.037724238593071 ] } },
{ "type": "Feature", "properties": { "A_NUMBER": "D2300271", "A_TYPE": "PL_MINSP", "A_DATE": "2023-12-04T00:00:00", "A_STATUS": "WITH", "A_STATUS_D": "2025-05-27T00:00:00", "A_PROJECT_": "Aura Green Hill", "A_DESCRIPT": "Construction of 437 multi-family units with associated amenities and infrastructure.", "A_USER_ID": "TREYFI", "A_CASE_PLA": "TREYFI", "StatCode": "WITH", "AppStatus": "Withdrawn/Cancelled", "AppCode": "PL_MINSP", "AppType": "Level 4 - Administrative Site Plan", "CasePlanne": "Trey Figueroa", "EMAIL": "Trey.Figueroa@durhamnc.gov", "ORIG_FID": "8405", "CreationDa": "2025-09-20T00:00:00", "Creator": "gisproc_sys", "EditDate": "2025-09-20T00:00:00", "Editor": "gisproc_sys", "sf_detached": 0.0, "sf_attached": 0.0, "duplex_triplex": 0.0, "multifamily": 176.0, "condo": 0, "unknown": 0, "data_source": "COMP" }, "geometry": { "type": "Point", "coordinates": [ -78.947009268557167, 36.021562819454147 ] } },
{ "type": "Feature", "properties": { "A_NUMBER": "D2100395", "A_TYPE": "PL_MINSP", "A_DATE": "2021-11-03T00:00:00", "A_STATUS": "APP", "A_STATUS_D": "2022-07-11T00:00:00", "A_PROJECT_": "509 Sherron Road", "A_DESCRIPT": "37 townhouse lots + 2 open space lots", "A_USER_ID": "JUSTINH", "A_CASE_PLA": "COLERE", "StatCode": "APP", "AppStatus": "Approved", "AppCode": "PL_MINSP", "AppType": "Level 4 - Administrative Site Plan", "CasePlanne": "Cole Renigar", "EMAIL": "Cole.Renigar@durhamnc.gov", "ORIG_FID": "8448", "CreationDa": "2025-09-20T00:00:00", "Creator": "gisproc_sys", "EditDate": "2025-09-20T00:00:00", "Editor": "gisproc_sys", "sf_detached": 0.0, "sf_attached": 37.0, "duplex_triplex": 0.0, "multifamily": 0.0, "condo": 0, "unknown": 0, "data_source": "DRHM" }, "geometry": { "type": "Point", "coordinates": [ -78.80339497372529, 35.967557200317394 ] } },
{ "type": "Feature", "properties": { "A_NUMBER": "D1900367", "A_TYPE": "PL_SSP_SM2", "A_DATE": "2019-10-14T00:00:00", "A_STATUS": "WITH", "A_STATUS_D": "2020-05-14T00:00:00", "A_PROJECT_": "Sterling Phase 2 (Amendment)", "A_DESCRIPT": "Add mailbox kiosk and remove alley", "A_USER_ID": "KIMRO", "A_CASE_PLA": "TREYFI", "StatCode": "WITH", "AppStatus": "Withdrawn/Cancelled", "AppCode": "PL_SSP_SM2", "AppType": "Level 2 - Administrative Site Plan", "CasePlanne": "Trey Figueroa", "EMAIL": "Trey.Figueroa@durhamnc.gov", "ORIG_FID": "8470", "CreationDa": "2025-09-20T00:00:00", "Creator": "gisproc_sys", "EditDate": "2025-09-20T00:00:00", "Editor": "gisproc_sys", "sf_detached": 0.0, "sf_attached": 0.0, "duplex_triplex": 0.0, "multifamily": 0.0, "condo": 0, "unknown": 0, "data_source": null }, "geometry": { "type": "Point", "coordinates": [ -78.834173661626451, 35.893121427707193 ] } },
{ "type": "Feature", "properties": { "A_NUMBER": "D2200032", "A_TYPE": "PL_MINSP", "A_DATE": "2022-02-10T00:00:00", "A_STATUS": "APP", "A_STATUS_D": "2023-09-07T00:00:00", "A_PROJECT_": "Mineral Springs Residential North", "A_DESCRIPT": "Subdividing 11 single-family residential lots, including 2 flag lots, storm water control measures and open space", "A_USER_ID": "JESSICADO", "A_CASE_PLA": "ROBINSH", "StatCode": "APP", "AppStatus": "Approved", "AppCode": "PL_MINSP", "AppType": "Level 4 - Administrative Site Plan", "CasePlanne": "Robin Schultze", "EMAIL": "Robin.Schultze@durhamnc.gov", "ORIG_FID": "8564", "CreationDa": "2025-09-20T00:00:00", "Creator": "gisproc_sys", "EditDate": "2025-09-20T00:00:00", "Editor": "gisproc_sys", "sf_detached": 11.0, "sf_attached": 0.0, "duplex_triplex": 0.0, "multifamily": 0.0, "condo": 0, "unknown": 0, "data_source": "DRHM" }, "geometry": { "type": "Point", "coordinates": [ -78.832170388702636, 35.95858965001716 ] } },
{ "type": "Feature", "properties": { "A_NUMBER": "D1500188", "A_TYPE": "PL_MINSP", "A_DATE": "2015-07-07T00:00:00", "A_STATUS": "APP", "A_STATUS_D": "2016-04-14T00:00:00", "A_PROJECT_": "Croasdaile Village Campus Improvements", "A_DESCRIPT": "Site work and parking at existing assisted living facility, addition of 17 duplex cottages (34 units), 4 6-plex villas(24 units),  45 congregate living single units (47,549 sq. ft.), addition to existing commons building, and new maintenance building.", "A_USER_ID": "WGRIFFIN", "A_CASE_PLA": "NIARO", "StatCode": "APP", "AppStatus": "Approved", "AppCode": "PL_MINSP", "AppType": "Level 4 - Administrative Site Plan", "CasePlanne": "Nia Rodgers", "EMAIL": "nia.rodgers@durhamnc.gov", "ORIG_FID": "8589", "CreationDa": "2025-09-20T00:00:00", "Creator": "gisproc_sys", "EditDate": "2025-09-20T00:00:00", "Editor": "gisproc_sys", "sf_detached": 0.0, "sf_attached": 0.0, "duplex_triplex": 17.0, "multifamily": 0.0, "condo": 0, "unknown": 0, "data_source": "DRHM" }, "geometry": { "type": "Point", "coordinates": [ -78.939049070983828, 36.046641874203459 ] } },
{ "type": "Feature", "properties": { "A_NUMBER": "D2100088", "A_TYPE": "PL_MINSP", "A_DATE": "2021-03-18T00:00:00", "A_STATUS": "APP", "A_STATUS_D": "2022-02-03T00:00:00", "A_PROJECT_": "1101 Olive Branch Road (Solana)", "A_DESCRIPT": "167 Townhome and 249 Single Family residential development", "A_USER_ID": "JESSICADO", "A_CASE_PLA": "JOHNRA", "StatCode": "APP", "AppStatus": "Approved", "AppCode": "PL_MINSP", "AppType": "Level 4 - Administrative Site Plan", "CasePlanne": "John Rabon", "EMAIL": "John.Rabon@durhamnc.gov", "ORIG_FID": "8595", "CreationDa": "2025-09-20T00:00:00", "Creator": "gisproc_sys", "EditDate": "2025-09-20T00:00:00", "Editor": "gisproc_sys", "sf_detached": 249.0, "sf_attached": 167.0, "duplex_triplex": 0.0, "multifamily": 0.0, "condo": 0, "unknown": 0, "data_source": "DRHM" }, "geometry": { "type": "Point", "coordinates": [ -78.763088188385112, 35.956467140691679 ] } },
{ "type": "Feature", "properties": { "A_NUMBER": "D2200422", "A_TYPE": "PL_MINSP", "A_DATE": "2022-12-14T00:00:00", "A_STATUS": "WITH", "A_STATUS_D": "2024-09-11T00:00:00", "A_PROJECT_": "Brier Creek ACT", "A_DESCRIPT": "The project proposes 210 age-targeted (senior living) multifamily housing units consisting of apartments, cottages, and townhomes.", "A_USER_ID": "COLERE", "A_CASE_PLA": "COLERE", "StatCode": "WITH", "AppStatus": "Withdrawn/Cancelled", "AppCode": "PL_MINSP", "AppType": "Level 4 - Administrative Site Plan", "CasePlanne": "Cole Renigar", "EMAIL": "Cole.Renigar@durhamnc.gov", "ORIG_FID": "8694", "CreationDa": "2025-09-20T00:00:00", "Creator": "gisproc_sys", "EditDate": "2025-09-20T00:00:00", "Editor": "gisproc_sys", "sf_detached": 0.0, "sf_attached": 0.0, "duplex_triplex": 0.0, "multifamily": 33.0, "condo": 0, "unknown": 0, "data_source": "COMP" }, "geometry": { "type": "Point", "coordinates": [ -78.820406764605394, 35.896574386698511 ] } },
{ "type": "Feature", "properties": { "A_NUMBER": "D2300192", "A_TYPE": "PL_SSP_SM2", "A_DATE": "2023-08-09T00:00:00", "A_STATUS": "APP", "A_STATUS_D": "2024-06-28T00:00:00", "A_PROJECT_": "Harlowe Point Amendment 3", "A_DESCRIPT": "Addition of 8 lots near the western property frontage. Increase from 172 to 180 singl-family units", "A_USER_ID": "JESSICADO", "A_CASE_PLA": "JALISAHA", "StatCode": "APP", "AppStatus": "Approved", "AppCode": "PL_SSP_SM2", "AppType": "Level 2 - Administrative Site Plan", "CasePlanne": "JALISA HARRIS", "EMAIL": "Jalisa.Harris@durhamnc.gov", "ORIG_FID": "8749", "CreationDa": "2025-09-20T00:00:00", "Creator": "gisproc_sys", "EditDate": "2025-09-20T00:00:00", "Editor": "gisproc_sys", "sf_detached": 8.0, "sf_attached": null, "duplex_triplex": null, "multifamily": null, "condo": 0, "unknown": 0, "data_source": "ITRE" }, "geometry": { "type": "Point", "coordinates": [ -78.8333779023517, 35.967008566110607 ] } },
{ "type": "Feature", "properties": { "A_NUMBER": "A1800005", "A_TYPE": "PL_CPAA", "A_DATE": "2018-07-11T00:00:00", "A_STATUS": "APP", "A_STATUS_D": "2019-07-02T00:00:00", "A_PROJECT_": "Elevate at the Park", "A_DESCRIPT": "Plan Amendment from Office to Medium High Density Residential to support a zoning map change (Z1800013) to allow for up to 336 multi-family units.", "A_USER_ID": "KEAGANSA", "A_CASE_PLA": "EMILYST", "StatCode": "APP", "AppStatus": "Approved", "AppCode": "PL_CPAA", "AppType": "Comprehensive Plan Map or Plan Amendment", "CasePlanne": "Emily Struthers", "EMAIL": "Emily.Struthers@durhamnc.gov", "ORIG_FID": "8825", "CreationDa": "2025-09-20T00:00:00", "Creator": "gisproc_sys", "EditDate": "2025-09-20T00:00:00", "Editor": "gisproc_sys", "sf_detached": 0.0, "sf_attached": 0.0, "duplex_triplex": 0.0, "multifamily": 336.0, "condo": 0, "unknown": 0, "data_source": "DRHM" }, "geometry": { "type": "Point", "coordinates": [ -78.891855076346346, 35.923216649837265 ] } },
{ "type": "Feature", "properties": { "A_NUMBER": "D2400075", "A_TYPE": "PL_ASP", "A_DATE": "2024-04-05T00:00:00", "A_STATUS": "APP", "A_STATUS_D": "2025-02-24T00:00:00", "A_PROJECT_": "Olive Branch Reserve SP Amendment 3", "A_DESCRIPT": "Amendment for additional lot to accomodate the MDF/Technology building.", "A_USER_ID": "COLERE", "A_CASE_PLA": "COLERE", "StatCode": "APP", "AppStatus": "Approved", "AppCode": "PL_ASP", "AppType": "Level 1 - Administrative Site Plan", "CasePlanne": "Cole Renigar", "EMAIL": "Cole.Renigar@durhamnc.gov", "ORIG_FID": "8828", "CreationDa": "2025-09-20T00:00:00", "Creator": "gisproc_sys", "EditDate": "2025-09-20T00:00:00", "Editor": "gisproc_sys", "sf_detached": 0.0, "sf_attached": 0.0, "duplex_triplex": 0.0, "multifamily": 0.0, "condo": 0, "unknown": 0, "data_source": null }, "geometry": { "type": "Point", "coordinates": [ -78.762369324300295, 35.951826674292079 ] } },
{ "type": "Feature", "properties": { "A_NUMBER": "D2200108", "A_TYPE": "PL_MINSP", "A_DATE": "2022-03-31T00:00:00", "A_STATUS": "APP", "A_STATUS_D": "2024-09-23T00:00:00", "A_PROJECT_": "Davis Park Pod G", "A_DESCRIPT": "Multifamily 270 Apartments", "A_USER_ID": "COLERE", "A_CASE_PLA": "COLERE", "StatCode": "APP", "AppStatus": "Approved", "AppCode": "PL_MINSP", "AppType": "Level 4 - Administrative Site Plan", "CasePlanne": "Cole Renigar", "EMAIL": "Cole.Renigar@durhamnc.gov", "ORIG_FID": "8841", "CreationDa": "2025-09-20T00:00:00", "Creator": "gisproc_sys", "EditDate": "2025-09-20T00:00:00", "Editor": "gisproc_sys", "sf_detached": 0.0, "sf_attached": 0.0, "duplex_triplex": 0.0, "multifamily": 270.0, "condo": 0, "unknown": 0, "data_source": "DRHM" }, "geometry": { "type": "Point", "coordinates": [ -78.856913192333849, 35.880009977092534 ] } },
{ "type": "Feature", "properties": { "A_NUMBER": "D2000080", "A_TYPE": "PL_MINSP", "A_DATE": "2020-04-13T00:00:00", "A_STATUS": "APP", "A_STATUS_D": "2021-02-02T00:00:00", "A_PROJECT_": "300 East Main Street", "A_DESCRIPT": "105 Apartments,parking deck, retail and pre-school", "A_USER_ID": "KIMRO", "A_CASE_PLA": "COURTNEYMC", "StatCode": "APP", "AppStatus": "Approved", "AppCode": "PL_MINSP", "AppType": "Level 4 - Administrative Site Plan", "CasePlanne": "Courtney McQueen", "EMAIL": "Courtney.McQueen@durhamnc.gov", "ORIG_FID": "8860", "CreationDa": "2025-09-20T00:00:00", "Creator": "gisproc_sys", "EditDate": "2025-09-20T00:00:00", "Editor": "gisproc_sys", "sf_detached": 0.0, "sf_attached": 0.0, "duplex_triplex": 0.0, "multifamily": 105.0, "condo": 0, "unknown": 0, "data_source": "DRHM" }, "geometry": { "type": "Point", "coordinates": [ -78.896782491965354, 35.99361023416531 ] } },
{ "type": "Feature", "properties": { "A_NUMBER": "D2000221", "A_TYPE": "PL_MINSP", "A_DATE": "2020-09-16T00:00:00", "A_STATUS": "APP", "A_STATUS_D": "2025-02-19T00:00:00", "A_PROJECT_": "Fox Crossing", "A_DESCRIPT": "162 apartment units with associated parking and appurtenances", "A_USER_ID": "KIMRO", "A_CASE_PLA": "JOHNRA", "StatCode": "APP", "AppStatus": "Approved", "AppCode": "PL_MINSP", "AppType": "Level 4 - Administrative Site Plan", "CasePlanne": "John Rabon", "EMAIL": "John.Rabon@durhamnc.gov", "ORIG_FID": "8900", "CreationDa": "2025-09-20T00:00:00", "Creator": "gisproc_sys", "EditDate": "2025-09-20T00:00:00", "Editor": "gisproc_sys", "sf_detached": 0.0, "sf_attached": 0.0, "duplex_triplex": 0.0, "multifamily": 162.0, "condo": 0, "unknown": 0, "data_source": "DRHM" }, "geometry": { "type": "Point", "coordinates": [ -78.848942598835649, 35.966019230899619 ] } },
{ "type": "Feature", "properties": { "A_NUMBER": "D2200310", "A_TYPE": "PL_MINSP", "A_DATE": "2022-09-09T00:00:00", "A_STATUS": "APP", "A_STATUS_D": "2023-04-19T00:00:00", "A_PROJECT_": "Everton", "A_DESCRIPT": "308-unit multifamily townhome development, associated with rezoning case Z2100027.", "A_USER_ID": "KIMRO", "A_CASE_PLA": "ROBINSH", "StatCode": "APP", "AppStatus": "Approved", "AppCode": "PL_MINSP", "AppType": "Level 4 - Administrative Site Plan", "CasePlanne": "Robin Schultze", "EMAIL": "Robin.Schultze@durhamnc.gov", "ORIG_FID": "9010", "CreationDa": "2025-09-20T00:00:00", "Creator": "gisproc_sys", "EditDate": "2025-09-20T00:00:00", "Editor": "gisproc_sys", "sf_detached": 0.0, "sf_attached": 0.0, "duplex_triplex": 0.0, "multifamily": 308.0, "condo": 0, "unknown": 0, "data_source": "DRHM" }, "geometry": { "type": "Point", "coordinates": [ -78.783602733961857, 35.942794494868373 ] } },
{ "type": "Feature", "properties": { "A_NUMBER": "D1900379", "A_TYPE": "PL_MINSP", "A_DATE": "2019-10-25T00:00:00", "A_STATUS": "WITH", "A_STATUS_D": "2024-09-10T00:00:00", "A_PROJECT_": "1900 Hillandale", "A_DESCRIPT": "14 Townhomes with associated parking.", "A_USER_ID": "COLERE", "A_CASE_PLA": "COLERE", "StatCode": "WITH", "AppStatus": "Withdrawn/Cancelled", "AppCode": "PL_MINSP", "AppType": "Level 4 - Administrative Site Plan", "CasePlanne": "Cole Renigar", "EMAIL": "Cole.Renigar@durhamnc.gov", "ORIG_FID": "9051", "CreationDa": "2025-09-20T00:00:00", "Creator": "gisproc_sys", "EditDate": "2025-09-20T00:00:00", "Editor": "gisproc_sys", "sf_detached": 0.0, "sf_attached": 0.0, "duplex_triplex": 0.0, "multifamily": 0.0, "condo": 0, "unknown": 0, "data_source": null }, "geometry": { "type": "Point", "coordinates": [ -78.934960686480522, 36.033434594140559 ] } },
{ "type": "Feature", "properties": { "A_NUMBER": "D2000108", "A_TYPE": "PL_MINSP", "A_DATE": "2020-05-15T00:00:00", "A_STATUS": "APP", "A_STATUS_D": "2020-11-06T00:00:00", "A_PROJECT_": "Moriah Multi-family - Phase II", "A_DESCRIPT": "43 Market rate apartments and 8 Affordale units", "A_USER_ID": "TREYFI", "A_CASE_PLA": "TREYFI", "StatCode": "APP", "AppStatus": "Approved", "AppCode": "PL_MINSP", "AppType": "Level 4 - Administrative Site Plan", "CasePlanne": "Trey Figueroa", "EMAIL": "Trey.Figueroa@durhamnc.gov", "ORIG_FID": "9106", "CreationDa": "2025-09-20T00:00:00", "Creator": "gisproc_sys", "EditDate": "2025-09-20T00:00:00", "Editor": "gisproc_sys", "sf_detached": 0.0, "sf_attached": 0.0, "duplex_triplex": 0.0, "multifamily": 43.0, "condo": 0, "unknown": 0, "data_source": "DRHM" }, "geometry": { "type": "Point", "coordinates": [ -78.993384457943662, 35.946145985106114 ] } },
{ "type": "Feature", "properties": { "A_NUMBER": "D1800124", "A_TYPE": "PL_MINSP", "A_DATE": "2018-04-17T00:00:00", "A_STATUS": "APP", "A_STATUS_D": "2018-10-29T00:00:00", "A_PROJECT_": "Highland Park Subdivision", "A_DESCRIPT": "Multi-Family development", "A_USER_ID": "JESSICADO", "A_CASE_PLA": "JESSICADO", "StatCode": "APP", "AppStatus": "Approved", "AppCode": "PL_MINSP", "AppType": "Level 4 - Administrative Site Plan", "CasePlanne": "Jessica Dockery", "EMAIL": "Jessica.Dockery@durhamnc.gov", "ORIG_FID": "9165", "CreationDa": "2025-09-20T00:00:00", "Creator": "gisproc_sys", "EditDate": "2025-09-20T00:00:00", "Editor": "gisproc_sys", "sf_detached": 0.0, "sf_attached": 0.0, "duplex_triplex": 0.0, "multifamily": 0.0, "condo": 0, "unknown": 0, "data_source": null }, "geometry": { "type": "Point", "coordinates": [ -78.907921326732435, 35.944154659697169 ] } },
{ "type": "Feature", "properties": { "A_NUMBER": "D1600019", "A_TYPE": "PL_SSP_SM2", "A_DATE": "2016-01-26T00:00:00", "A_STATUS": "APP", "A_STATUS_D": "2016-06-13T00:00:00", "A_PROJECT_": "Ellis Road Phase 2 Amendment", "A_DESCRIPT": "Amend approved site plan for single-family subdivision to remove cul-de-sac, reconfigure lots, and add phase lines.", "A_USER_ID": "COLERE", "A_CASE_PLA": "NIARO", "StatCode": "APP", "AppStatus": "Approved", "AppCode": "PL_SSP_SM2", "AppType": "Level 2 - Administrative Site Plan", "CasePlanne": "Nia Rodgers", "EMAIL": "nia.rodgers@durhamnc.gov", "ORIG_FID": "9176", "CreationDa": "2025-09-20T00:00:00", "Creator": "gisproc_sys", "EditDate": "2025-09-20T00:00:00", "Editor": "gisproc_sys", "sf_detached": 0.0, "sf_attached": 0.0, "duplex_triplex": 0.0, "multifamily": 0.0, "condo": 0, "unknown": 0, "data_source": null }, "geometry": { "type": "Point", "coordinates": [ -78.862045601464544, 35.945854055785773 ] } },
{ "type": "Feature", "properties": { "A_NUMBER": "D1900257", "A_TYPE": "PL_ASP", "A_DATE": "2019-07-31T00:00:00", "A_STATUS": "APP", "A_STATUS_D": "2019-08-09T00:00:00", "A_PROJECT_": "Meadows North Amendment", "A_DESCRIPT": "Modification of Recreational Open Spaces area from active to passive use type/reduce size of activity area. Add mulch walking trail, benches,adjust grading contours", "A_USER_ID": "KYLETA", "A_CASE_PLA": "BDOBRZENSKI", "StatCode": "APP", "AppStatus": "Approved", "AppCode": "PL_ASP", "AppType": "Level 1 - Administrative Site Plan", "CasePlanne": "Bo Dobrzenski", "EMAIL": "Bo.Dobrzenski@durhamnc.gov", "ORIG_FID": "9219", "CreationDa": "2025-09-20T00:00:00", "Creator": "gisproc_sys", "EditDate": "2025-09-20T00:00:00", "Editor": "gisproc_sys", "sf_detached": 0.0, "sf_attached": 0.0, "duplex_triplex": 0.0, "multifamily": 0.0, "condo": 0, "unknown": 0, "data_source": null }, "geometry": { "type": "Point", "coordinates": [ -78.916265739817476, 35.905441392764487 ] } },
{ "type": "Feature", "properties": { "A_NUMBER": "D2200041", "A_TYPE": "PL_MINSP", "A_DATE": "2022-02-16T00:00:00", "A_STATUS": "APP", "A_STATUS_D": "2022-07-07T00:00:00", "A_PROJECT_": "LRRWPS Improvements (Amendment)", "A_DESCRIPT": "Extending a City Water sewer line onto the parcel , piping improvements , new electrical generator, duckbank improvements Amendment: PAC storage pad replacement", "A_USER_ID": "TREYFI", "A_CASE_PLA": "TREYFI", "StatCode": "APP", "AppStatus": "Approved", "AppCode": "PL_MINSP", "AppType": "Level 4 - Administrative Site Plan", "CasePlanne": "Trey Figueroa", "EMAIL": "Trey.Figueroa@durhamnc.gov", "ORIG_FID": "9308", "CreationDa": "2025-09-20T00:00:00", "Creator": "gisproc_sys", "EditDate": "2025-09-20T00:00:00", "Editor": "gisproc_sys", "sf_detached": 0.0, "sf_attached": 0.0, "duplex_triplex": 0.0, "multifamily": 0.0, "condo": 0, "unknown": 0, "data_source": null }, "geometry": { "type": "Point", "coordinates": [ -78.868671042928923, 36.110590261444777 ] } },
{ "type": "Feature", "properties": { "A_NUMBER": "D2300035", "A_TYPE": "PL_MINSP", "A_DATE": "2023-02-08T00:00:00", "A_STATUS": "APP", "A_STATUS_D": "2023-07-25T00:00:00", "A_PROJECT_": "715-719 Rigsbee", "A_DESCRIPT": "178 multi-family units with ground floor retail.", "A_USER_ID": "COLERE", "A_CASE_PLA": "COLERE", "StatCode": "APP", "AppStatus": "Approved", "AppCode": "PL_MINSP", "AppType": "Level 4 - Administrative Site Plan", "CasePlanne": "Cole Renigar", "EMAIL": "Cole.Renigar@durhamnc.gov", "ORIG_FID": "9310", "CreationDa": "2025-09-20T00:00:00", "Creator": "gisproc_sys", "EditDate": "2025-09-20T00:00:00", "Editor": "gisproc_sys", "sf_detached": 0.0, "sf_attached": 0.0, "duplex_triplex": 0.0, "multifamily": 178.0, "condo": 0, "unknown": 0, "data_source": "DRHM" }, "geometry": { "type": "Point", "coordinates": [ -78.90039407414821, 36.002743063935277 ] } },
{ "type": "Feature", "properties": { "A_NUMBER": "D2200044", "A_TYPE": "PL_MINSP", "A_DATE": "2022-02-16T00:00:00", "A_STATUS": "WITH", "A_STATUS_D": "2024-09-10T00:00:00", "A_PROJECT_": "Guess Road Residential", "A_DESCRIPT": "40 Single family lots + 4 open spaces lots", "A_USER_ID": "COLERE", "A_CASE_PLA": "COLERE", "StatCode": "WITH", "AppStatus": "Withdrawn/Cancelled", "AppCode": "PL_MINSP", "AppType": "Level 4 - Administrative Site Plan", "CasePlanne": "Cole Renigar", "EMAIL": "Cole.Renigar@durhamnc.gov", "ORIG_FID": "9313", "CreationDa": "2025-09-20T00:00:00", "Creator": "gisproc_sys", "EditDate": "2025-09-20T00:00:00", "Editor": "gisproc_sys", "sf_detached": 0.0, "sf_attached": 0.0, "duplex_triplex": 0.0, "multifamily": 0.0, "condo": 0, "unknown": 0, "data_source": null }, "geometry": { "type": "Point", "coordinates": [ -78.928883909366888, 36.099246105807588 ] } },
{ "type": "Feature", "properties": { "A_NUMBER": "D2000110", "A_TYPE": "PL_MINSP", "A_DATE": "2020-05-21T00:00:00", "A_STATUS": "WITH", "A_STATUS_D": "2021-01-07T00:00:00", "A_PROJECT_": "1001 Olive Branch Road - Phase 2", "A_DESCRIPT": "Level 4 Site Plan for 50 Single - Family & 49 Townhouse Lots, Part of Phase 1 of Development. Withdrawn per UDO Section 3.2.4", "A_USER_ID": "COURTNEYMC", "A_CASE_PLA": "COURTNEYMC", "StatCode": "WITH", "AppStatus": "Withdrawn/Cancelled", "AppCode": "PL_MINSP", "AppType": "Level 4 - Administrative Site Plan", "CasePlanne": "Courtney McQueen", "EMAIL": "Courtney.McQueen@durhamnc.gov", "ORIG_FID": "9324", "CreationDa": "2025-09-20T00:00:00", "Creator": "gisproc_sys", "EditDate": "2025-09-20T00:00:00", "Editor": "gisproc_sys", "sf_detached": 0.0, "sf_attached": 0.0, "duplex_triplex": 0.0, "multifamily": 0.0, "condo": 0, "unknown": 0, "data_source": null }, "geometry": { "type": "Point", "coordinates": [ -78.778358120734055, 35.952776344824478 ] } },
{ "type": "Feature", "properties": { "A_NUMBER": "D1800289", "A_TYPE": "PL_MINSP", "A_DATE": "2018-08-28T00:00:00", "A_STATUS": "APP", "A_STATUS_D": "2019-05-09T00:00:00", "A_PROJECT_": "Courtyards at Southpoint", "A_DESCRIPT": "Single Family lots plus amenity", "A_USER_ID": "JOHNRA", "A_CASE_PLA": "TREYFI", "StatCode": "APP", "AppStatus": "Approved", "AppCode": "PL_MINSP", "AppType": "Level 4 - Administrative Site Plan", "CasePlanne": "Trey Figueroa", "EMAIL": "Trey.Figueroa@durhamnc.gov", "ORIG_FID": "9360", "CreationDa": "2025-09-20T00:00:00", "Creator": "gisproc_sys", "EditDate": "2025-09-20T00:00:00", "Editor": "gisproc_sys", "sf_detached": 0.0, "sf_attached": 0.0, "duplex_triplex": 0.0, "multifamily": 0.0, "condo": 0, "unknown": 0, "data_source": null }, "geometry": { "type": "Point", "coordinates": [ -78.93833945131334, 35.888305476594084 ] } },
{ "type": "Feature", "properties": { "A_NUMBER": "D2200363", "A_TYPE": "PL_MINSP", "A_DATE": "2022-10-17T00:00:00", "A_STATUS": "APP", "A_STATUS_D": "2023-08-03T00:00:00", "A_PROJECT_": "1011 Andrews Road", "A_DESCRIPT": "Coliving in townhomes style apartments - 56 units (244 bedrooms)", "A_USER_ID": "JESSICADO", "A_CASE_PLA": "TREYFI", "StatCode": "APP", "AppStatus": "Approved", "AppCode": "PL_MINSP", "AppType": "Level 4 - Administrative Site Plan", "CasePlanne": "Trey Figueroa", "EMAIL": "Trey.Figueroa@durhamnc.gov", "ORIG_FID": "9406", "CreationDa": "2025-09-20T00:00:00", "Creator": "gisproc_sys", "EditDate": "2025-09-20T00:00:00", "Editor": "gisproc_sys", "sf_detached": 0.0, "sf_attached": 0.0, "duplex_triplex": 0.0, "multifamily": 56.0, "condo": 0, "unknown": 0, "data_source": "DRHM" }, "geometry": { "type": "Point", "coordinates": [ -78.953959487888895, 36.014651844688991 ] } },
{ "type": "Feature", "properties": { "A_NUMBER": "D2100448", "A_TYPE": "PL_MINSP", "A_DATE": "2021-12-16T00:00:00", "A_STATUS": "APP", "A_STATUS_D": "2023-09-08T00:00:00", "A_PROJECT_": "Falls Village North", "A_DESCRIPT": "Age Restricted 398 single family Residential community with amenities and Open Space", "A_USER_ID": "JESSICADO", "A_CASE_PLA": "ROBINSH", "StatCode": "APP", "AppStatus": "Approved", "AppCode": "PL_MINSP", "AppType": "Level 4 - Administrative Site Plan", "CasePlanne": "Robin Schultze", "EMAIL": "Robin.Schultze@durhamnc.gov", "ORIG_FID": "9415", "CreationDa": "2025-09-20T00:00:00", "Creator": "gisproc_sys", "EditDate": "2025-09-20T00:00:00", "Editor": "gisproc_sys", "sf_detached": 398.0, "sf_attached": 0.0, "duplex_triplex": 0.0, "multifamily": 0.0, "condo": 0, "unknown": 0, "data_source": "DRHM" }, "geometry": { "type": "Point", "coordinates": [ -78.777188455645131, 35.989444375705233 ] } },
{ "type": "Feature", "properties": { "A_NUMBER": "D2100319", "A_TYPE": "PL_MINSP", "A_DATE": "2021-09-20T00:00:00", "A_STATUS": "WITH", "A_STATUS_D": "2023-08-24T00:00:00", "A_PROJECT_": "RippleBrook Subdivision", "A_DESCRIPT": "15 Lot Single-Family Cluster Subdivision", "A_USER_ID": "TREYFI", "A_CASE_PLA": "ELIZAMO", "StatCode": "WITH", "AppStatus": "Withdrawn/Cancelled", "AppCode": "PL_MINSP", "AppType": "Level 4 - Administrative Site Plan", "CasePlanne": "Eliza Monroe", "EMAIL": "Eliza.Monroe@durhamnc.gov", "ORIG_FID": "9472", "CreationDa": "2025-09-20T00:00:00", "Creator": "gisproc_sys", "EditDate": "2025-09-20T00:00:00", "Editor": "gisproc_sys", "sf_detached": 15.0, "sf_attached": null, "duplex_triplex": null, "multifamily": null, "condo": 0, "unknown": 0, "data_source": "ITRE" }, "geometry": { "type": "Point", "coordinates": [ -78.924071379835951, 36.086604722389211 ] } },
{ "type": "Feature", "properties": { "A_NUMBER": "D2200014", "A_TYPE": "PL_MINSP", "A_DATE": "2022-01-20T00:00:00", "A_STATUS": "APP", "A_STATUS_D": "2022-12-20T00:00:00", "A_PROJECT_": "Green House Durham", "A_DESCRIPT": "Mixed use building with residential (265 apartments) and commerical including internal parking", "A_USER_ID": "JESSICADO", "A_CASE_PLA": "ROBINSH", "StatCode": "APP", "AppStatus": "Approved", "AppCode": "PL_MINSP", "AppType": "Level 4 - Administrative Site Plan", "CasePlanne": "Robin Schultze", "EMAIL": "Robin.Schultze@durhamnc.gov", "ORIG_FID": "9522", "CreationDa": "2025-09-20T00:00:00", "Creator": "gisproc_sys", "EditDate": "2025-09-20T00:00:00", "Editor": "gisproc_sys", "sf_detached": 0.0, "sf_attached": 0.0, "duplex_triplex": 0.0, "multifamily": 265.0, "condo": 0, "unknown": 0, "data_source": "DRHM" }, "geometry": { "type": "Point", "coordinates": [ -78.896932425607403, 36.000185503608215 ] } },
{ "type": "Feature", "properties": { "A_NUMBER": "D2200359", "A_TYPE": "PL_MINSP", "A_DATE": "2022-10-14T00:00:00", "A_STATUS": "APP", "A_STATUS_D": "2024-09-23T00:00:00", "A_PROJECT_": "Page Road Parcels", "A_DESCRIPT": "70 townhomes with associated streets, sidewalks, grading, water, sewer, stormwater management & landscaping,", "A_USER_ID": "ADDMGR", "A_CASE_PLA": "COLERE", "StatCode": "APP", "AppStatus": "Approved", "AppCode": "PL_MINSP", "AppType": "Level 4 - Administrative Site Plan", "CasePlanne": "Cole Renigar", "EMAIL": "Cole.Renigar@durhamnc.gov", "ORIG_FID": "9529", "CreationDa": "2025-09-20T00:00:00", "Creator": "gisproc_sys", "EditDate": "2025-09-20T00:00:00", "Editor": "gisproc_sys", "sf_detached": 0.0, "sf_attached": 70.0, "duplex_triplex": 0.0, "multifamily": 0.0, "condo": 0, "unknown": 0, "data_source": "DRHM" }, "geometry": { "type": "Point", "coordinates": [ -78.819688176572129, 35.909608458815541 ] } },
{ "type": "Feature", "properties": { "A_NUMBER": "D1800230", "A_TYPE": "PL_MINSP", "A_DATE": "2018-07-03T00:00:00", "A_STATUS": "APP", "A_STATUS_D": "2018-10-05T00:00:00", "A_PROJECT_": "Leyland Post Condominiums", "A_DESCRIPT": "Redevelopment of a vacant .246 acre site. 12 condos in new 5 story building", "A_USER_ID": "KRISTINEMU", "A_CASE_PLA": "COURTNEYMC", "StatCode": "APP", "AppStatus": "Approved", "AppCode": "PL_MINSP", "AppType": "Level 4 - Administrative Site Plan", "CasePlanne": "Courtney McQueen", "EMAIL": "Courtney.McQueen@durhamnc.gov", "ORIG_FID": "9546", "CreationDa": "2025-09-20T00:00:00", "Creator": "gisproc_sys", "EditDate": "2025-09-20T00:00:00", "Editor": "gisproc_sys", "sf_detached": 0.0, "sf_attached": 0.0, "duplex_triplex": 0.0, "multifamily": 0.0, "condo": 12, "unknown": 0, "data_source": "DRHM" }, "geometry": { "type": "Point", "coordinates": [ -78.896557750453454, 36.000731989032701 ] } },
{ "type": "Feature", "properties": { "A_NUMBER": "D2200158", "A_TYPE": "PL_MINSP", "A_DATE": "2022-05-12T00:00:00", "A_STATUS": "APP", "A_STATUS_D": "2024-06-27T00:00:00", "A_PROJECT_": "Omega Road Townhomes", "A_DESCRIPT": "12 residential townhomes on private drive.", "A_USER_ID": "JESSICADO", "A_CASE_PLA": "TREYFI", "StatCode": "APP", "AppStatus": "Approved", "AppCode": "PL_MINSP", "AppType": "Level 4 - Administrative Site Plan", "CasePlanne": "Trey Figueroa", "EMAIL": "Trey.Figueroa@durhamnc.gov", "ORIG_FID": "9580", "CreationDa": "2025-09-20T00:00:00", "Creator": "gisproc_sys", "EditDate": "2025-09-20T00:00:00", "Editor": "gisproc_sys", "sf_detached": 0.0, "sf_attached": 12.0, "duplex_triplex": 0.0, "multifamily": 0.0, "condo": 0, "unknown": 0, "data_source": "DRHM" }, "geometry": { "type": "Point", "coordinates": [ -78.908320206509813, 36.075463885589237 ] } },
{ "type": "Feature", "properties": { "A_NUMBER": "D2200167", "A_TYPE": "PL_MINSP", "A_DATE": "2022-05-24T00:00:00", "A_STATUS": "APP", "A_STATUS_D": "2022-06-15T00:00:00", "A_PROJECT_": "Holloway Studios Amendment", "A_DESCRIPT": "Site Plan Amendment - 19 town homes and 832 sf of commercial space. ", "A_USER_ID": "KIMRO", "A_CASE_PLA": "ROBINSH", "StatCode": "APP", "AppStatus": "Approved", "AppCode": "PL_MINSP", "AppType": "Level 4 - Administrative Site Plan", "CasePlanne": "Robin Schultze", "EMAIL": "Robin.Schultze@durhamnc.gov", "ORIG_FID": "9604", "CreationDa": "2025-09-20T00:00:00", "Creator": "gisproc_sys", "EditDate": "2025-09-20T00:00:00", "Editor": "gisproc_sys", "sf_detached": 0.0, "sf_attached": 19.0, "duplex_triplex": 0.0, "multifamily": 0.0, "condo": 0, "unknown": 0, "data_source": "DRHM" }, "geometry": { "type": "Point", "coordinates": [ -78.893659650037534, 35.993693296255152 ] } },
{ "type": "Feature", "properties": { "A_NUMBER": "D1800329", "A_TYPE": "PL_MINSP", "A_DATE": "2018-10-16T00:00:00", "A_STATUS": "APP", "A_STATUS_D": "2019-02-14T00:00:00", "A_PROJECT_": "NCCU P3 Student Housing - George St.", "A_DESCRIPT": "Site demolition of existing academic community services, Women's Center, George St. Apartments, and Baynes Residence Hall;  construction of George St. student housing on 48.51 acres, located in Third Fork Creek watershed, Cape Fear river basin, UC2 zonin", "A_USER_ID": "RACHELHA", "A_CASE_PLA": "TREYFI", "StatCode": "APP", "AppStatus": "Approved", "AppCode": "PL_MINSP", "AppType": "Level 4 - Administrative Site Plan", "CasePlanne": "Trey Figueroa", "EMAIL": "Trey.Figueroa@durhamnc.gov", "ORIG_FID": "9624", "CreationDa": "2025-09-20T00:00:00", "Creator": "gisproc_sys", "EditDate": "2025-09-20T00:00:00", "Editor": "gisproc_sys", "sf_detached": 0.0, "sf_attached": 0.0, "duplex_triplex": 0.0, "multifamily": 0.0, "condo": 0, "unknown": 0, "data_source": null }, "geometry": { "type": "Point", "coordinates": [ -78.899003065349476, 35.972672402264429 ] } },
{ "type": "Feature", "properties": { "A_NUMBER": "D2400003", "A_TYPE": "PL_MINSP", "A_DATE": "2024-01-08T00:00:00", "A_STATUS": "APP", "A_STATUS_D": "2024-08-15T00:00:00", "A_PROJECT_": "Preston Avenue Cluster Subdivision", "A_DESCRIPT": "20 Single family detached cluster subdivision with total 22 lots( including open space lots) being created.", "A_USER_ID": "JESSICADO", "A_CASE_PLA": "COLERE", "StatCode": "APP", "AppStatus": "Approved", "AppCode": "PL_MINSP", "AppType": "Level 4 - Administrative Site Plan", "CasePlanne": "Cole Renigar", "EMAIL": "Cole.Renigar@durhamnc.gov", "ORIG_FID": "9641", "CreationDa": "2025-09-20T00:00:00", "Creator": "gisproc_sys", "EditDate": "2025-09-20T00:00:00", "Editor": "gisproc_sys", "sf_detached": 20.0, "sf_attached": 0.0, "duplex_triplex": 0.0, "multifamily": 0.0, "condo": 0, "unknown": 0, "data_source": "DRHM" }, "geometry": { "type": "Point", "coordinates": [ -78.925470983179252, 36.04027472674904 ] } },
{ "type": "Feature", "properties": { "A_NUMBER": "D1500116", "A_TYPE": "PL_SSP_SM2", "A_DATE": "2015-05-12T00:00:00", "A_STATUS": "APP", "A_STATUS_D": "2015-07-09T00:00:00", "A_PROJECT_": "Whetstone Parking Deck Addition", "A_DESCRIPT": "Addition of one parking deck level to existing parking deck that serves the associated apartments.", "A_USER_ID": "LEEDA", "A_CASE_PLA": "NIARO", "StatCode": "APP", "AppStatus": "Approved", "AppCode": "PL_SSP_SM2", "AppType": "Level 2 - Administrative Site Plan", "CasePlanne": "Nia Rodgers", "EMAIL": "nia.rodgers@durhamnc.gov", "ORIG_FID": "9718", "CreationDa": "2025-09-20T00:00:00", "Creator": "gisproc_sys", "EditDate": "2025-09-20T00:00:00", "Editor": "gisproc_sys", "sf_detached": 0.0, "sf_attached": 0.0, "duplex_triplex": 0.0, "multifamily": 0.0, "condo": 0, "unknown": 0, "data_source": null }, "geometry": { "type": "Point", "coordinates": [ -78.906861172908137, 35.995045754552457 ] } },
{ "type": "Feature", "properties": { "A_NUMBER": "D2300156", "A_TYPE": "PL_MINSP", "A_DATE": "2023-06-13T00:00:00", "A_STATUS": "APP", "A_STATUS_D": "2024-06-26T00:00:00", "A_PROJECT_": "Parkwood Family Fare", "A_DESCRIPT": "Remove existing commercial use and rebuild a Family Fare gas and convenience store.", "A_USER_ID": "TREYFI", "A_CASE_PLA": "TREYFI", "StatCode": "APP", "AppStatus": "Approved", "AppCode": "PL_MINSP", "AppType": "Level 4 - Administrative Site Plan", "CasePlanne": "Trey Figueroa", "EMAIL": "Trey.Figueroa@durhamnc.gov", "ORIG_FID": "9787", "CreationDa": "2025-09-20T00:00:00", "Creator": "gisproc_sys", "EditDate": "2025-09-20T00:00:00", "Editor": "gisproc_sys", "sf_detached": 0.0, "sf_attached": 0.0, "duplex_triplex": 0.0, "multifamily": 0.0, "condo": 0, "unknown": 0, "data_source": null }, "geometry": { "type": "Point", "coordinates": [ -78.897129777456612, 35.889386247623278 ] } },
{ "type": "Feature", "properties": { "A_NUMBER": "D2300240", "A_TYPE": "PL_MINSP", "A_DATE": "2023-10-19T00:00:00", "A_STATUS": "APP", "A_STATUS_D": "2024-08-05T00:00:00", "A_PROJECT_": "206 N Dillard St", "A_DESCRIPT": "10 Townhomes + Existing office Building (3918 SF).", "A_USER_ID": "JONATHANBR", "A_CASE_PLA": "TREYFI", "StatCode": "APP", "AppStatus": "Approved", "AppCode": "PL_MINSP", "AppType": "Level 4 - Administrative Site Plan", "CasePlanne": "Trey Figueroa", "EMAIL": "Trey.Figueroa@durhamnc.gov", "ORIG_FID": "9919", "CreationDa": "2025-09-20T00:00:00", "Creator": "gisproc_sys", "EditDate": "2025-09-20T00:00:00", "Editor": "gisproc_sys", "sf_detached": 0.0, "sf_attached": 10.0, "duplex_triplex": 0.0, "multifamily": 0.0, "condo": 0, "unknown": 0, "data_source": "DRHM" }, "geometry": { "type": "Point", "coordinates": [ -78.894034039710704, 35.993450079704544 ] } },
{ "type": "Feature", "properties": { "A_NUMBER": "D2300198", "A_TYPE": "PL_MINSP", "A_DATE": "2023-08-17T00:00:00", "A_STATUS": "APP", "A_STATUS_D": "2025-02-07T00:00:00", "A_PROJECT_": "Woodlands Preserve Phase 2 Cluster Subdivision", "A_DESCRIPT": "Proposed 67 single-family lots and construction of associated public infrastructure in Woodlands Preserve Phase 2 development.", "A_USER_ID": "COLERE", "A_CASE_PLA": "COLERE", "StatCode": "APP", "AppStatus": "Approved", "AppCode": "PL_MINSP", "AppType": "Level 4 - Administrative Site Plan", "CasePlanne": "Cole Renigar", "EMAIL": "Cole.Renigar@durhamnc.gov", "ORIG_FID": "9948", "CreationDa": "2025-09-20T00:00:00", "Creator": "gisproc_sys", "EditDate": "2025-09-20T00:00:00", "Editor": "gisproc_sys", "sf_detached": 67.0, "sf_attached": 0.0, "duplex_triplex": 0.0, "multifamily": 0.0, "condo": 0, "unknown": 0, "data_source": "DRHM" }, "geometry": { "type": "Point", "coordinates": [ -78.871429223218414, 36.099468495541849 ] } },
{ "type": "Feature", "properties": { "A_NUMBER": "D2100210", "A_TYPE": "PL_ASP", "A_DATE": "2021-07-17T00:00:00", "A_STATUS": "APP", "A_STATUS_D": "2021-11-09T00:00:00", "A_PROJECT_": "Alexander Place (Townhomes) Amendment 3", "A_DESCRIPT": "Berm added to buffer and privacy fences added", "A_USER_ID": "JESSICADO", "A_CASE_PLA": "ELIZAMO", "StatCode": "APP", "AppStatus": "Approved", "AppCode": "PL_ASP", "AppType": "Level 1 - Administrative Site Plan", "CasePlanne": "Eliza Monroe", "EMAIL": "Eliza.Monroe@durhamnc.gov", "ORIG_FID": "10034", "CreationDa": "2025-09-20T00:00:00", "Creator": "gisproc_sys", "EditDate": "2025-09-20T00:00:00", "Editor": "gisproc_sys", "sf_detached": 0.0, "sf_attached": 0.0, "duplex_triplex": 0.0, "multifamily": 0.0, "condo": 0, "unknown": 0, "data_source": null }, "geometry": { "type": "Point", "coordinates": [ -78.892615911081066, 35.883034938174866 ] } },
{ "type": "Feature", "properties": { "A_NUMBER": "D2000089", "A_TYPE": "PL_SSP_SM2", "A_DATE": "2020-04-22T00:00:00", "A_STATUS": "APP", "A_STATUS_D": "2020-07-23T00:00:00", "A_PROJECT_": "The Pointe at Stratford Lakes - Site Plan Amendment", "A_DESCRIPT": "Project name change, minor adjustments to lot lines, Utility Services, Landscaping, and Grading", "A_USER_ID": "MICHAELKL", "A_CASE_PLA": "TREYFI", "StatCode": "APP", "AppStatus": "Approved", "AppCode": "PL_SSP_SM2", "AppType": "Level 2 - Administrative Site Plan", "CasePlanne": "Trey Figueroa", "EMAIL": "Trey.Figueroa@durhamnc.gov", "ORIG_FID": "10094", "CreationDa": "2025-09-20T00:00:00", "Creator": "gisproc_sys", "EditDate": "2025-09-20T00:00:00", "Editor": "gisproc_sys", "sf_detached": 0.0, "sf_attached": 0.0, "duplex_triplex": 0.0, "multifamily": 0.0, "condo": 0, "unknown": 0, "data_source": null }, "geometry": { "type": "Point", "coordinates": [ -78.914213573571999, 35.942917446040312 ] } },
{ "type": "Feature", "properties": { "A_NUMBER": "D1500244", "A_TYPE": "PL_MINSP", "A_DATE": "2015-09-01T00:00:00", "A_STATUS": "APP", "A_STATUS_D": "2016-05-24T00:00:00", "A_PROJECT_": "Trilogy at Brier Creek", "A_DESCRIPT": "190 townhouse lots and 900 sq. ft. clubhouse on 31 acres", "A_USER_ID": "TDANNER", "A_CASE_PLA": "NIARO", "StatCode": "APP", "AppStatus": "Approved", "AppCode": "PL_MINSP", "AppType": "Level 4 - Administrative Site Plan", "CasePlanne": "Nia Rodgers", "EMAIL": "nia.rodgers@durhamnc.gov", "ORIG_FID": "10150", "CreationDa": "2025-09-20T00:00:00", "Creator": "gisproc_sys", "EditDate": "2025-09-20T00:00:00", "Editor": "gisproc_sys", "sf_detached": 31.0, "sf_attached": 190.0, "duplex_triplex": 0.0, "multifamily": 0.0, "condo": 0, "unknown": 0, "data_source": "DRHM" }, "geometry": { "type": "Point", "coordinates": [ -78.812386549024808, 35.914195070962236 ] } },
{ "type": "Feature", "properties": { "A_NUMBER": "D1900267", "A_TYPE": "PL_MINSP", "A_DATE": "2019-08-05T00:00:00", "A_STATUS": "APP", "A_STATUS_D": "2020-10-05T00:00:00", "A_PROJECT_": "Meadows at Twin Lakes", "A_DESCRIPT": "88 Single Family Homes + 4 Open Spaces = total of 92", "A_USER_ID": "COLERE", "A_CASE_PLA": "COLERE", "StatCode": "APP", "AppStatus": "Approved", "AppCode": "PL_MINSP", "AppType": "Level 4 - Administrative Site Plan", "CasePlanne": "Cole Renigar", "EMAIL": "Cole.Renigar@durhamnc.gov", "ORIG_FID": "10270", "CreationDa": "2025-09-20T00:00:00", "Creator": "gisproc_sys", "EditDate": "2025-09-20T00:00:00", "Editor": "gisproc_sys", "sf_detached": 88.0, "sf_attached": 0.0, "duplex_triplex": 0.0, "multifamily": 0.0, "condo": 0, "unknown": 0, "data_source": "DRHM" }, "geometry": { "type": "Point", "coordinates": [ -78.838263556724328, 36.000922925488638 ] } },
{ "type": "Feature", "properties": { "A_NUMBER": "D2100236", "A_TYPE": "PL_ASP", "A_DATE": "2021-07-29T00:00:00", "A_STATUS": "APP", "A_STATUS_D": "2021-10-18T00:00:00", "A_PROJECT_": "Dish Site CLRDU00306", "A_DESCRIPT": "Collocate anteenas on exsiting cell tower; add platform with equiptment, add 200 mp.", "A_USER_ID": "JUSTINH", "A_CASE_PLA": "MICHAELKL", "StatCode": "APP", "AppStatus": "Approved", "AppCode": "PL_ASP", "AppType": "Level 1 - Administrative Site Plan", "CasePlanne": "Michael Klein", "EMAIL": "Michael.Klein@durhamnc.gov", "ORIG_FID": "10447", "CreationDa": "2025-09-20T00:00:00", "Creator": "gisproc_sys", "EditDate": "2025-09-20T00:00:00", "Editor": "gisproc_sys", "sf_detached": 0.0, "sf_attached": 0.0, "duplex_triplex": 0.0, "multifamily": 0.0, "condo": 0, "unknown": 0, "data_source": null }, "geometry": { "type": "Point", "coordinates": [ -78.968679872466737, 35.969522286583235 ] } },
{ "type": "Feature", "properties": { "A_NUMBER": "D2200349", "A_TYPE": "PL_MINSP", "A_DATE": "2022-10-11T00:00:00", "A_STATUS": "APP", "A_STATUS_D": "2024-03-26T00:00:00", "A_PROJECT_": "Commerce Street Apartments PH2 & PH 3", "A_DESCRIPT": "172 unit multifamily apartments", "A_USER_ID": "COLERE", "A_CASE_PLA": "TREYFI", "StatCode": "APP", "AppStatus": "Approved", "AppCode": "PL_MINSP", "AppType": "Level 4 - Administrative Site Plan", "CasePlanne": "Trey Figueroa", "EMAIL": "Trey.Figueroa@durhamnc.gov", "ORIG_FID": "10528", "CreationDa": "2025-09-20T00:00:00", "Creator": "gisproc_sys", "EditDate": "2025-09-20T00:00:00", "Editor": "gisproc_sys", "sf_detached": 0.0, "sf_attached": 0.0, "duplex_triplex": 0.0, "multifamily": 172.0, "condo": 0, "unknown": 0, "data_source": "DRHM" }, "geometry": { "type": "Point", "coordinates": [ -78.892627071611031, 35.992253498456854 ] } },
{ "type": "Feature", "properties": { "A_NUMBER": "D2200433", "A_TYPE": "PL_MINSP", "A_DATE": "2022-12-22T00:00:00", "A_STATUS": "WITH", "A_STATUS_D": "2024-05-29T00:00:00", "A_PROJECT_": "Broad Street Townes", "A_DESCRIPT": "Creating 11 new lots from 4 lots. Development of 9 townhomes. WITHDRAWN DUE TO INACTIVITY, RSS.", "A_USER_ID": "ROBINSH", "A_CASE_PLA": "ROBINSH", "StatCode": "WITH", "AppStatus": "Withdrawn/Cancelled", "AppCode": "PL_MINSP", "AppType": "Level 4 - Administrative Site Plan", "CasePlanne": "Robin Schultze", "EMAIL": "Robin.Schultze@durhamnc.gov", "ORIG_FID": "10533", "CreationDa": "2025-09-20T00:00:00", "Creator": "gisproc_sys", "EditDate": "2025-09-20T00:00:00", "Editor": "gisproc_sys", "sf_detached": 0.0, "sf_attached": 0.0, "duplex_triplex": 0.0, "multifamily": 2.0, "condo": 0, "unknown": 0, "data_source": "COMP" }, "geometry": { "type": "Point", "coordinates": [ -78.911612127231564, 36.029405276743816 ] } },
{ "type": "Feature", "properties": { "A_NUMBER": "D2200182", "A_TYPE": "PL_MINSP", "A_DATE": "2022-06-07T00:00:00", "A_STATUS": "APP", "A_STATUS_D": "2024-09-23T00:00:00", "A_PROJECT_": "Gordon Street Towns Amendment 5", "A_DESCRIPT": "Increase to 63 townhome (from 62) and 6 duplex units and make adjustments to the architectural design of the future phase.", "A_USER_ID": "JESSICADO", "A_CASE_PLA": "COLERE", "StatCode": "APP", "AppStatus": "Approved", "AppCode": "PL_MINSP", "AppType": "Level 4 - Administrative Site Plan", "CasePlanne": "Cole Renigar", "EMAIL": "Cole.Renigar@durhamnc.gov", "ORIG_FID": "10606", "CreationDa": "2025-09-20T00:00:00", "Creator": "gisproc_sys", "EditDate": "2025-09-20T00:00:00", "Editor": "gisproc_sys", "sf_detached": 0.0, "sf_attached": 63.0, "duplex_triplex": 62.0, "multifamily": 0.0, "condo": 0, "unknown": 0, "data_source": "DRHM" }, "geometry": { "type": "Point", "coordinates": [ -78.910609913124432, 35.994460742709933 ] } },
{ "type": "Feature", "properties": { "A_NUMBER": "D1500152", "A_TYPE": "PL_SSP_SM2", "A_DATE": "2015-06-09T00:00:00", "A_STATUS": "APP", "A_STATUS_D": "2015-08-18T00:00:00", "A_PROJECT_": "Fairway Townhomes at Croasdaile Amendment", "A_DESCRIPT": "Rotate Bldg 1, change lot lines and sewer easement, add phasing to 27 townhome project (D1400399)", "A_USER_ID": "TDANNER", "A_CASE_PLA": "JENNIFERL", "StatCode": "APP", "AppStatus": "Approved", "AppCode": "PL_SSP_SM2", "AppType": "Level 2 - Administrative Site Plan", "CasePlanne": "Jennifer Leaf", "EMAIL": "Jennifer.Leaf@durhamnc.gov", "ORIG_FID": "10700", "CreationDa": "2025-09-20T00:00:00", "Creator": "gisproc_sys", "EditDate": "2025-09-20T00:00:00", "Editor": "gisproc_sys", "sf_detached": 0.0, "sf_attached": 0.0, "duplex_triplex": 0.0, "multifamily": 0.0, "condo": 0, "unknown": 0, "data_source": null }, "geometry": { "type": "Point", "coordinates": [ -78.939080372824478, 36.035760373771254 ] } },
{ "type": "Feature", "properties": { "A_NUMBER": "D1600227", "A_TYPE": "PL_MINSP", "A_DATE": "2016-08-09T00:00:00", "A_STATUS": "APP", "A_STATUS_D": "2017-03-01T00:00:00", "A_PROJECT_": "Copley Farm Conservation Subdivision", "A_DESCRIPT": "143 single family units.", "A_USER_ID": "ELIZAMO", "A_CASE_PLA": "DCULTRA", "StatCode": "APP", "AppStatus": "Approved", "AppCode": "PL_MINSP", "AppType": "Level 4 - Administrative Site Plan", "CasePlanne": "Danny Cultra", "EMAIL": "Danny.Cultra@durhamnc.gov", "ORIG_FID": "10828", "CreationDa": "2025-09-20T00:00:00", "Creator": "gisproc_sys", "EditDate": "2025-09-20T00:00:00", "Editor": "gisproc_sys", "sf_detached": 143.0, "sf_attached": 0.0, "duplex_triplex": 0.0, "multifamily": 0.0, "condo": 0, "unknown": 0, "data_source": "DRHM" }, "geometry": { "type": "Point", "coordinates": [ -78.821975079788928, 35.997059333128746 ] } },
{ "type": "Feature", "properties": { "A_NUMBER": "D2100065", "A_TYPE": "PL_MINSP", "A_DATE": "2021-03-01T00:00:00", "A_STATUS": "APP", "A_STATUS_D": "2022-02-07T00:00:00", "A_PROJECT_": "Broadway Mews", "A_DESCRIPT": "10 Residential townhouse units", "A_USER_ID": "JESSICADO", "A_CASE_PLA": "COURTNEYMC", "StatCode": "APP", "AppStatus": "Approved", "AppCode": "PL_MINSP", "AppType": "Level 4 - Administrative Site Plan", "CasePlanne": "Courtney McQueen", "EMAIL": "Courtney.McQueen@durhamnc.gov", "ORIG_FID": "10926", "CreationDa": "2025-09-20T00:00:00", "Creator": "gisproc_sys", "EditDate": "2025-09-20T00:00:00", "Editor": "gisproc_sys", "sf_detached": 0.0, "sf_attached": 10.0, "duplex_triplex": 0.0, "multifamily": 0.0, "condo": 0, "unknown": 0, "data_source": "DRHM" }, "geometry": { "type": "Point", "coordinates": [ -78.896557750453454, 36.000731989032701 ] } },
{ "type": "Feature", "properties": { "A_NUMBER": "D1600234", "A_TYPE": "PL_ASP", "A_DATE": "2016-08-17T00:00:00", "A_STATUS": "APP", "A_STATUS_D": "2016-10-20T00:00:00", "A_PROJECT_": "Reserve at Park Place Parking Amendment", "A_DESCRIPT": "Restripe to include compact spaces in order to expand pool.", "A_USER_ID": "MARIAHER", "A_CASE_PLA": "WGRIFFIN", "StatCode": "APP", "AppStatus": "Approved", "AppCode": "PL_ASP", "AppType": "Level 1 - Administrative Site Plan", "CasePlanne": "Wade Griffin", "EMAIL": "Wade.Griffin@durhamnc.gov", "ORIG_FID": "10937", "CreationDa": "2025-09-20T00:00:00", "Creator": "gisproc_sys", "EditDate": "2025-09-20T00:00:00", "Editor": "gisproc_sys", "sf_detached": 0.0, "sf_attached": 0.0, "duplex_triplex": 0.0, "multifamily": 0.0, "condo": 0, "unknown": 0, "data_source": null }, "geometry": { "type": "Point", "coordinates": [ -78.825373755891292, 35.882788006389859 ] } },
{ "type": "Feature", "properties": { "A_NUMBER": "D2000116", "A_TYPE": "PL_MINSP", "A_DATE": "2020-05-26T00:00:00", "A_STATUS": "APP", "A_STATUS_D": "2021-08-16T00:00:00", "A_PROJECT_": "Sherron Road Townhomes", "A_DESCRIPT": "55 Townhome Units + 2 Open Space Lots", "A_USER_ID": "KIMRO", "A_CASE_PLA": "TREYFI", "StatCode": "APP", "AppStatus": "Approved", "AppCode": "PL_MINSP", "AppType": "Level 4 - Administrative Site Plan", "CasePlanne": "Trey Figueroa", "EMAIL": "Trey.Figueroa@durhamnc.gov", "ORIG_FID": "10970", "CreationDa": "2025-09-20T00:00:00", "Creator": "gisproc_sys", "EditDate": "2025-09-20T00:00:00", "Editor": "gisproc_sys", "sf_detached": 0.0, "sf_attached": 55.0, "duplex_triplex": 0.0, "multifamily": 0.0, "condo": 0, "unknown": 0, "data_source": "DRHM" }, "geometry": { "type": "Point", "coordinates": [ -78.810668513863362, 35.962453819527319 ] } },
{ "type": "Feature", "properties": { "A_NUMBER": "D1800064", "A_TYPE": "PL_MINSP", "A_DATE": "2018-03-06T00:00:00", "A_STATUS": "APP", "A_STATUS_D": "2018-09-20T00:00:00", "A_PROJECT_": "Geer Street Townhomes", "A_DESCRIPT": "3 New Town Homes", "A_USER_ID": "JESSICADO", "A_CASE_PLA": "JESSICADO", "StatCode": "APP", "AppStatus": "Approved", "AppCode": "PL_MINSP", "AppType": "Level 4 - Administrative Site Plan", "CasePlanne": "Jessica Dockery", "EMAIL": "Jessica.Dockery@durhamnc.gov", "ORIG_FID": "11004", "CreationDa": "2025-09-20T00:00:00", "Creator": "gisproc_sys", "EditDate": "2025-09-20T00:00:00", "Editor": "gisproc_sys", "sf_detached": 0.0, "sf_attached": 3.0, "duplex_triplex": 0.0, "multifamily": 0.0, "condo": 0, "unknown": 0, "data_source": "DRHM" }, "geometry": { "type": "Point", "coordinates": [ -78.897198069095921, 36.003993360844078 ] } },
{ "type": "Feature", "properties": { "A_NUMBER": "D1600346", "A_TYPE": "PL_MINSP", "A_DATE": "2016-12-08T00:00:00", "A_STATUS": "APP", "A_STATUS_D": "2017-02-10T00:00:00", "A_PROJECT_": "Van Alen Residential Amendment", "A_DESCRIPT": "10 additional residential units, driveway, streetscape and demolition.", "A_USER_ID": "KIMRO", "A_CASE_PLA": "EMILYST", "StatCode": "APP", "AppStatus": "Approved", "AppCode": "PL_MINSP", "AppType": "Level 4 - Administrative Site Plan", "CasePlanne": "Emily Struthers", "EMAIL": "Emily.Struthers@durhamnc.gov", "ORIG_FID": "11090", "CreationDa": "2025-09-20T00:00:00", "Creator": "gisproc_sys", "EditDate": "2025-09-20T00:00:00", "Editor": "gisproc_sys", "sf_detached": 0.0, "sf_attached": 0.0, "duplex_triplex": 0.0, "multifamily": 0.0, "condo": 0, "unknown": 0, "data_source": null }, "geometry": { "type": "Point", "coordinates": [ -78.901440110499536, 35.991135371931676 ] } },
{ "type": "Feature", "properties": { "A_NUMBER": "D2000099", "A_TYPE": "PL_MINSP", "A_DATE": "2020-04-29T00:00:00", "A_STATUS": "APP", "A_STATUS_D": "2020-07-23T00:00:00", "A_PROJECT_": "South Square Apartments Amendment", "A_DESCRIPT": "Addition of Gables to denoted buildings.", "A_USER_ID": "JESSICADO", "A_CASE_PLA": "DCULTRA", "StatCode": "APP", "AppStatus": "Approved", "AppCode": "PL_MINSP", "AppType": "Level 4 - Administrative Site Plan", "CasePlanne": "Danny Cultra", "EMAIL": "Danny.Cultra@durhamnc.gov", "ORIG_FID": "11153", "CreationDa": "2025-09-20T00:00:00", "Creator": "gisproc_sys", "EditDate": "2025-09-20T00:00:00", "Editor": "gisproc_sys", "sf_detached": 0.0, "sf_attached": 0.0, "duplex_triplex": 0.0, "multifamily": 0.0, "condo": 0, "unknown": 0, "data_source": null }, "geometry": { "type": "Point", "coordinates": [ -78.954997877159727, 35.962795288275395 ] } },
{ "type": "Feature", "properties": { "A_NUMBER": "D2000183", "A_TYPE": "PL_MINSP", "A_DATE": "2020-08-03T00:00:00", "A_STATUS": "APP", "A_STATUS_D": "2021-10-21T00:00:00", "A_PROJECT_": "Triple Crown Conservation Subdivision", "A_DESCRIPT": "Proposed residential subdivision that will include 254 single - family lots and 105 townhomes as well as the associated public streets and utilities", "A_USER_ID": "JESSICADO", "A_CASE_PLA": "ELIZAMO", "StatCode": "APP", "AppStatus": "Approved", "AppCode": "PL_MINSP", "AppType": "Level 4 - Administrative Site Plan", "CasePlanne": "Eliza Monroe", "EMAIL": "Eliza.Monroe@durhamnc.gov", "ORIG_FID": "11224", "CreationDa": "2025-09-20T00:00:00", "Creator": "gisproc_sys", "EditDate": "2025-09-20T00:00:00", "Editor": "gisproc_sys", "sf_detached": 254.0, "sf_attached": 105.0, "duplex_triplex": 0.0, "multifamily": 0.0, "condo": 0, "unknown": 0, "data_source": "DRHM" }, "geometry": { "type": "Point", "coordinates": [ -78.777423814555249, 35.971776286295409 ] } },
{ "type": "Feature", "properties": { "A_NUMBER": "D2400012", "A_TYPE": "PL_SSP_SM2", "A_DATE": "2024-01-23T00:00:00", "A_STATUS": "APP", "A_STATUS_D": "2025-05-13T00:00:00", "A_PROJECT_": "Ovation at Sweetbrier - Phase 1", "A_DESCRIPT": "Changes to sub-phasing, lot depths and street l, main amenities site, impervious area, open space dedication, and updated donor area to Sweetbrier Phase 3 (D2200390).\r\n", "A_USER_ID": "PEYTONBL", "A_CASE_PLA": "PEYTONBL", "StatCode": "APP", "AppStatus": "Approved", "AppCode": "PL_SSP_SM2", "AppType": "Level 2 - Administrative Site Plan", "CasePlanne": "PEYTON BLANCHARD", "EMAIL": "PEYTON.BLANCHARD@DURHAMNC.GOV", "ORIG_FID": "11323", "CreationDa": "2025-09-20T00:00:00", "Creator": "gisproc_sys", "EditDate": "2025-09-20T00:00:00", "Editor": "gisproc_sys", "sf_detached": 0.0, "sf_attached": 0.0, "duplex_triplex": 0.0, "multifamily": 0.0, "condo": 0, "unknown": 0, "data_source": null }, "geometry": { "type": "Point", "coordinates": [ -78.787245153387801, 35.95466412617715 ] } },
{ "type": "Feature", "properties": { "A_NUMBER": "D2400112", "A_TYPE": "PL_MINSP", "A_DATE": "2024-05-13T00:00:00", "A_STATUS": "UN_RE", "A_STATUS_D": "2024-11-05T00:00:00", "A_PROJECT_": "Wildlife Trail Conservation Subdivision", "A_DESCRIPT": "Subdividing property for 19 single family lots that will be septic and well lots. Construction of main access drive.", "A_USER_ID": "MICHAELMA", "A_CASE_PLA": "TREYFI", "StatCode": "UN_RE", "AppStatus": "Under Review", "AppCode": "PL_MINSP", "AppType": "Level 4 - Administrative Site Plan", "CasePlanne": "Trey Figueroa", "EMAIL": "Trey.Figueroa@durhamnc.gov", "ORIG_FID": "11368", "CreationDa": "2025-09-20T00:00:00", "Creator": "gisproc_sys", "EditDate": "2025-09-20T00:00:00", "Editor": "gisproc_sys", "sf_detached": 19.0, "sf_attached": 0.0, "duplex_triplex": 0.0, "multifamily": 0.0, "condo": 0, "unknown": 0, "data_source": "DRHM" }, "geometry": { "type": "Point", "coordinates": [ -78.734886821836255, 35.962352526056854 ] } },
{ "type": "Feature", "properties": { "A_NUMBER": "D1900055", "A_TYPE": "PL_MINSP", "A_DATE": "2019-02-27T00:00:00", "A_STATUS": "APP", "A_STATUS_D": "2019-05-21T00:00:00", "A_PROJECT_": "Southgate Courtyard Site Improvements - Duke University", "A_DESCRIPT": "Demolition and reconstruction of an exsisting courtyard for the Southgate Residence Hall - Duke University East Campus", "A_USER_ID": "WILLIAMLI", "A_CASE_PLA": "TREYFI", "StatCode": "APP", "AppStatus": "Approved", "AppCode": "PL_MINSP", "AppType": "Level 4 - Administrative Site Plan", "CasePlanne": "Trey Figueroa", "EMAIL": "Trey.Figueroa@durhamnc.gov", "ORIG_FID": "11378", "CreationDa": "2025-09-20T00:00:00", "Creator": "gisproc_sys", "EditDate": "2025-09-20T00:00:00", "Editor": "gisproc_sys", "sf_detached": 0.0, "sf_attached": 0.0, "duplex_triplex": 0.0, "multifamily": 0.0, "condo": 0, "unknown": 0, "data_source": null }, "geometry": { "type": "Point", "coordinates": [ -78.915649926102759, 36.006850537058646 ] } },
{ "type": "Feature", "properties": { "A_NUMBER": "D2100098", "A_TYPE": "PL_MINSP", "A_DATE": "2021-03-31T00:00:00", "A_STATUS": "APP", "A_STATUS_D": "2022-04-11T00:00:00", "A_PROJECT_": "Hardee Street Apartments", "A_DESCRIPT": "132 Apartments", "A_USER_ID": "KIMRO", "A_CASE_PLA": "TREYFI", "StatCode": "APP", "AppStatus": "Approved", "AppCode": "PL_MINSP", "AppType": "Level 4 - Administrative Site Plan", "CasePlanne": "Trey Figueroa", "EMAIL": "Trey.Figueroa@durhamnc.gov", "ORIG_FID": "11395", "CreationDa": "2025-09-20T00:00:00", "Creator": "gisproc_sys", "EditDate": "2025-09-20T00:00:00", "Editor": "gisproc_sys", "sf_detached": 0.0, "sf_attached": 0.0, "duplex_triplex": 0.0, "multifamily": 132.0, "condo": 0, "unknown": 0, "data_source": "DRHM" }, "geometry": { "type": "Point", "coordinates": [ -78.868295969151063, 36.003976393975663 ] } },
{ "type": "Feature", "properties": { "A_NUMBER": "D2200379", "A_TYPE": "PL_MINSP", "A_DATE": "2022-11-02T00:00:00", "A_STATUS": "APP", "A_STATUS_D": "2023-08-14T00:00:00", "A_PROJECT_": "Chapel Hill Tire", "A_DESCRIPT": "Chapel Hill Tire & associated infrastructure on existing lot within existing Homestead Market development.", "A_USER_ID": "TREYFI", "A_CASE_PLA": "TREYFI", "StatCode": "APP", "AppStatus": "Approved", "AppCode": "PL_MINSP", "AppType": "Level 4 - Administrative Site Plan", "CasePlanne": "Trey Figueroa", "EMAIL": "Trey.Figueroa@durhamnc.gov", "ORIG_FID": "11470", "CreationDa": "2025-09-20T00:00:00", "Creator": "gisproc_sys", "EditDate": "2025-09-20T00:00:00", "Editor": "gisproc_sys", "sf_detached": 0.0, "sf_attached": 0.0, "duplex_triplex": 0.0, "multifamily": 0.0, "condo": 0, "unknown": 0, "data_source": null }, "geometry": { "type": "Point", "coordinates": [ -78.940251793350242, 35.910734168328368 ] } },
{ "type": "Feature", "properties": { "A_NUMBER": "D2200276", "A_TYPE": "PL_MINSP", "A_DATE": "2022-08-16T00:00:00", "A_STATUS": "APP", "A_STATUS_D": "2023-03-15T00:00:00", "A_PROJECT_": "Hunt Street Condominiums", "A_DESCRIPT": "29 apartment condos over a parking garage", "A_USER_ID": "JESSICADO", "A_CASE_PLA": "TREYFI", "StatCode": "APP", "AppStatus": "Approved", "AppCode": "PL_MINSP", "AppType": "Level 4 - Administrative Site Plan", "CasePlanne": "Trey Figueroa", "EMAIL": "Trey.Figueroa@durhamnc.gov", "ORIG_FID": "11481", "CreationDa": "2025-09-20T00:00:00", "Creator": "gisproc_sys", "EditDate": "2025-09-20T00:00:00", "Editor": "gisproc_sys", "sf_detached": 0.0, "sf_attached": 0.0, "duplex_triplex": 0.0, "multifamily": 29.0, "condo": 0, "unknown": 0, "data_source": "DRHM" }, "geometry": { "type": "Point", "coordinates": [ -78.897786176056727, 35.999809463876772 ] } },
{ "type": "Feature", "properties": { "A_NUMBER": "D1800265", "A_TYPE": "PL_MINSP", "A_DATE": "2018-08-07T00:00:00", "A_STATUS": "APP", "A_STATUS_D": "2019-02-14T00:00:00", "A_PROJECT_": "836 Mangum", "A_DESCRIPT": "6 residential townhomes", "A_USER_ID": "AMANDAHO", "A_CASE_PLA": "COURTNEYMC", "StatCode": "APP", "AppStatus": "Approved", "AppCode": "PL_MINSP", "AppType": "Level 4 - Administrative Site Plan", "CasePlanne": "Courtney McQueen", "EMAIL": "Courtney.McQueen@durhamnc.gov", "ORIG_FID": "11593", "CreationDa": "2025-09-20T00:00:00", "Creator": "gisproc_sys", "EditDate": "2025-09-20T00:00:00", "Editor": "gisproc_sys", "sf_detached": 0.0, "sf_attached": 6.0, "duplex_triplex": 0.0, "multifamily": 0.0, "condo": 0, "unknown": 0, "data_source": "DRHM" }, "geometry": { "type": "Point", "coordinates": [ -78.894451523196366, 36.003255394718238 ] } },
{ "type": "Feature", "properties": { "A_NUMBER": "D1700236", "A_TYPE": "PL_MINSP", "A_DATE": "2017-07-18T00:00:00", "A_STATUS": "APP", "A_STATUS_D": "2018-02-26T00:00:00", "A_PROJECT_": "Fletchers Mill", "A_DESCRIPT": "68 single family lots, lift station, recreational open space and tree coverage.", "A_USER_ID": "ADDMGR", "A_CASE_PLA": "DCULTRA", "StatCode": "APP", "AppStatus": "Approved", "AppCode": "PL_MINSP", "AppType": "Level 4 - Administrative Site Plan", "CasePlanne": "Danny Cultra", "EMAIL": "Danny.Cultra@durhamnc.gov", "ORIG_FID": "11619", "CreationDa": "2025-09-20T00:00:00", "Creator": "gisproc_sys", "EditDate": "2025-09-20T00:00:00", "Editor": "gisproc_sys", "sf_detached": 68.0, "sf_attached": 0.0, "duplex_triplex": 0.0, "multifamily": 0.0, "condo": 0, "unknown": 0, "data_source": "DRHM" }, "geometry": { "type": "Point", "coordinates": [ -78.797829911405472, 36.015825837048574 ] } },
{ "type": "Feature", "properties": { "A_NUMBER": "D2000010", "A_TYPE": "PL_MINSP", "A_DATE": "2020-01-14T00:00:00", "A_STATUS": "APP", "A_STATUS_D": "2020-08-17T00:00:00", "A_PROJECT_": "Sykes Properties", "A_DESCRIPT": "80 Single Family Homes", "A_USER_ID": "RACHELHA", "A_CASE_PLA": "TREYFI", "StatCode": "APP", "AppStatus": "Approved", "AppCode": "PL_MINSP", "AppType": "Level 4 - Administrative Site Plan", "CasePlanne": "Trey Figueroa", "EMAIL": "Trey.Figueroa@durhamnc.gov", "ORIG_FID": "11627", "CreationDa": "2025-09-20T00:00:00", "Creator": "gisproc_sys", "EditDate": "2025-09-20T00:00:00", "Editor": "gisproc_sys", "sf_detached": 80.0, "sf_attached": 0.0, "duplex_triplex": 0.0, "multifamily": 0.0, "condo": 0, "unknown": 0, "data_source": "DRHM" }, "geometry": { "type": "Point", "coordinates": [ -78.770140980300937, 35.927192234880096 ] } },
{ "type": "Feature", "properties": { "A_NUMBER": "D2200429", "A_TYPE": "PL_SSP_SM2", "A_DATE": "2022-12-20T00:00:00", "A_STATUS": "APP", "A_STATUS_D": "2023-10-04T00:00:00", "A_PROJECT_": "Sweetbrier (1001 Olive Branch Road) - Phase 1 Amendment", "A_DESCRIPT": "Street revisions", "A_USER_ID": "COLERE", "A_CASE_PLA": "COLERE", "StatCode": "APP", "AppStatus": "Approved", "AppCode": "PL_SSP_SM2", "AppType": "Level 2 - Administrative Site Plan", "CasePlanne": "Cole Renigar", "EMAIL": "Cole.Renigar@durhamnc.gov", "ORIG_FID": "11658", "CreationDa": "2025-09-20T00:00:00", "Creator": "gisproc_sys", "EditDate": "2025-09-20T00:00:00", "Editor": "gisproc_sys", "sf_detached": 99.0, "sf_attached": null, "duplex_triplex": null, "multifamily": null, "condo": 0, "unknown": 0, "data_source": "ITRE" }, "geometry": { "type": "Point", "coordinates": [ -78.778358165533476, 35.952776371733563 ] } },
{ "type": "Feature", "properties": { "A_NUMBER": "D1600328", "A_TYPE": "PL_MINSP", "A_DATE": "2016-11-15T00:00:00", "A_STATUS": "APP", "A_STATUS_D": "2018-04-13T00:00:00", "A_PROJECT_": "1001 Ellis Road", "A_DESCRIPT": "Change of use of site and existing building from residential to currently zoned IL.", "A_USER_ID": "COLERE", "A_CASE_PLA": "TREYFI", "StatCode": "APP", "AppStatus": "Approved", "AppCode": "PL_MINSP", "AppType": "Level 4 - Administrative Site Plan", "CasePlanne": "Trey Figueroa", "EMAIL": "Trey.Figueroa@durhamnc.gov", "ORIG_FID": "11671", "CreationDa": "2025-09-20T00:00:00", "Creator": "gisproc_sys", "EditDate": "2025-09-20T00:00:00", "Editor": "gisproc_sys", "sf_detached": 0.0, "sf_attached": 0.0, "duplex_triplex": 0.0, "multifamily": 0.0, "condo": 0, "unknown": 0, "data_source": null }, "geometry": { "type": "Point", "coordinates": [ -78.870673033104524, 35.960626542923379 ] } },
{ "type": "Feature", "properties": { "A_NUMBER": "D2100276", "A_TYPE": "PL_MINSP", "A_DATE": "2021-08-26T00:00:00", "A_STATUS": "WITH", "A_STATUS_D": "2021-09-21T00:00:00", "A_PROJECT_": "TROSA Main Campus Expansion", "A_DESCRIPT": "New dormitory and associated infrastructure improvements", "A_USER_ID": "ROBINSH", "A_CASE_PLA": "ROBINSH", "StatCode": "WITH", "AppStatus": "Withdrawn/Cancelled", "AppCode": "PL_MINSP", "AppType": "Level 4 - Administrative Site Plan", "CasePlanne": "Robin Schultze", "EMAIL": "Robin.Schultze@durhamnc.gov", "ORIG_FID": "11843", "CreationDa": "2025-09-20T00:00:00", "Creator": "gisproc_sys", "EditDate": "2025-09-20T00:00:00", "Editor": "gisproc_sys", "sf_detached": 0.0, "sf_attached": 0.0, "duplex_triplex": 0.0, "multifamily": 0.0, "condo": 0, "unknown": 0, "data_source": null }, "geometry": { "type": "Point", "coordinates": [ -78.927364928170917, 35.979186871959897 ] } },
{ "type": "Feature", "properties": { "A_NUMBER": "A1900017", "A_TYPE": "PL_CPAA", "A_DATE": "2019-10-21T00:00:00", "A_STATUS": "APP", "A_STATUS_D": "2020-12-22T00:00:00", "A_PROJECT_": "551 Olive Branch Road", "A_DESCRIPT": "Low Density Residential to Low-Medium Density Residential. Associated with Z1900044.", "A_USER_ID": "KEAGANSA", "A_CASE_PLA": "EMILYST", "StatCode": "APP", "AppStatus": "Approved", "AppCode": "PL_CPAA", "AppType": "Comprehensive Plan Map or Plan Amendment", "CasePlanne": "Emily Struthers", "EMAIL": "Emily.Struthers@durhamnc.gov", "ORIG_FID": "11895", "CreationDa": "2025-09-20T00:00:00", "Creator": "gisproc_sys", "EditDate": "2025-09-20T00:00:00", "Editor": "gisproc_sys", "sf_detached": 0.0, "sf_attached": 0.0, "duplex_triplex": 0.0, "multifamily": 0.0, "condo": 0, "unknown": 0, "data_source": null }, "geometry": { "type": "Point", "coordinates": [ -78.78049673024509, 35.963750738542544 ] } },
{ "type": "Feature", "properties": { "A_NUMBER": "D1700102", "A_TYPE": "PL_MINSP", "A_DATE": "2017-04-04T00:00:00", "A_STATUS": "APP", "A_STATUS_D": "2018-04-03T00:00:00", "A_PROJECT_": "Ellis Road Townhomes Phase 1 Grading Plan", "A_DESCRIPT": "Residential grading plan situated on approximately 25.6 acres.", "A_USER_ID": "EARLENETHO", "A_CASE_PLA": "DCULTRA", "StatCode": "APP", "AppStatus": "Approved", "AppCode": "PL_MINSP", "AppType": "Level 4 - Administrative Site Plan", "CasePlanne": "Danny Cultra", "EMAIL": "Danny.Cultra@durhamnc.gov", "ORIG_FID": "11920", "CreationDa": "2025-09-20T00:00:00", "Creator": "gisproc_sys", "EditDate": "2025-09-20T00:00:00", "Editor": "gisproc_sys", "sf_detached": 0.0, "sf_attached": 0.0, "duplex_triplex": 0.0, "multifamily": 0.0, "condo": 0, "unknown": 0, "data_source": null }, "geometry": { "type": "Point", "coordinates": [ -78.848348394254046, 35.938938392866582 ] } },
{ "type": "Feature", "properties": { "A_NUMBER": "D2100206", "A_TYPE": "PL_MINSP", "A_DATE": "2021-07-16T00:00:00", "A_STATUS": "APP", "A_STATUS_D": "2022-02-08T00:00:00", "A_PROJECT_": "Blocks B & C at the Hub RTP", "A_DESCRIPT": "375 Units of Apartments in two Multi-Family buildings containing  321,846 total SF", "A_USER_ID": "TREYFI", "A_CASE_PLA": "TREYFI", "StatCode": "APP", "AppStatus": "Approved", "AppCode": "PL_MINSP", "AppType": "Level 4 - Administrative Site Plan", "CasePlanne": "Trey Figueroa", "EMAIL": "Trey.Figueroa@durhamnc.gov", "ORIG_FID": "11989", "CreationDa": "2025-09-20T00:00:00", "Creator": "gisproc_sys", "EditDate": "2025-09-20T00:00:00", "Editor": "gisproc_sys", "sf_detached": 0.0, "sf_attached": 0.0, "duplex_triplex": 0.0, "multifamily": 375.0, "condo": 0, "unknown": 0, "data_source": "DRHM" }, "geometry": { "type": "Point", "coordinates": [ -78.863083997021221, 35.892970652029369 ] } },
{ "type": "Feature", "properties": { "A_NUMBER": "D1500174", "A_TYPE": "PL_MINSP", "A_DATE": "2015-06-23T00:00:00", "A_STATUS": "APP", "A_STATUS_D": "2015-12-11T00:00:00", "A_PROJECT_": "Courtyards at Andrews Chapel", "A_DESCRIPT": "117 SF lots, 7 Open Space lots, 3678 sf clubhouse on 44.9 acres (Rezoning Z1500001 and Annexation BDG1500002 submitted)", "A_USER_ID": "KIMRO", "A_CASE_PLA": "EMILYST", "StatCode": "APP", "AppStatus": "Approved", "AppCode": "PL_MINSP", "AppType": "Level 4 - Administrative Site Plan", "CasePlanne": "Emily Struthers", "EMAIL": "Emily.Struthers@durhamnc.gov", "ORIG_FID": "12035", "CreationDa": "2025-09-20T00:00:00", "Creator": "gisproc_sys", "EditDate": "2025-09-20T00:00:00", "Editor": "gisproc_sys", "sf_detached": 0.0, "sf_attached": 0.0, "duplex_triplex": 0.0, "multifamily": 0.0, "condo": 0, "unknown": 0, "data_source": null }, "geometry": { "type": "Point", "coordinates": [ -78.779922486517606, 35.936007001166985 ] } },
{ "type": "Feature", "properties": { "A_NUMBER": "D2400116", "A_TYPE": "PL_MINSP", "A_DATE": "2024-05-16T00:00:00", "A_STATUS": "UN_RE", "A_STATUS_D": "2024-05-16T00:00:00", "A_PROJECT_": "East Geer St Apartments", "A_DESCRIPT": "66 apartment units with clubhouse.", "A_USER_ID": "TREYFI", "A_CASE_PLA": "TREYFI", "StatCode": "UN_RE", "AppStatus": "Under Review", "AppCode": "PL_MINSP", "AppType": "Level 4 - Administrative Site Plan", "CasePlanne": "Trey Figueroa", "EMAIL": "Trey.Figueroa@durhamnc.gov", "ORIG_FID": "12054", "CreationDa": "2025-09-20T00:00:00", "Creator": "gisproc_sys", "EditDate": "2025-09-20T00:00:00", "Editor": "gisproc_sys", "sf_detached": 0.0, "sf_attached": 0.0, "duplex_triplex": 0.0, "multifamily": 66.0, "condo": 0, "unknown": 0, "data_source": "DRHM" }, "geometry": { "type": "Point", "coordinates": [ -78.845730138129269, 36.022757373041813 ] } },
{ "type": "Feature", "properties": { "A_NUMBER": "D2200125", "A_TYPE": "PL_SSP_SM", "A_DATE": "2022-04-13T00:00:00", "A_STATUS": "APP", "A_STATUS_D": "2022-08-24T00:00:00", "A_PROJECT_": "The Village at Ellis Crossing Amendment", "A_DESCRIPT": "Increase in apartment units from 264 to 428, changed parking, bike parking, car wash and trash compactor moved, utilities and drainage changed. New zoning Z2000008", "A_USER_ID": "JESSICADO", "A_CASE_PLA": "TREYFI", "StatCode": "APP", "AppStatus": "Approved", "AppCode": "PL_SSP_SM", "AppType": "Level 3 - Administrative Site Plan", "CasePlanne": "Trey Figueroa", "EMAIL": "Trey.Figueroa@durhamnc.gov", "ORIG_FID": "12069", "CreationDa": "2025-09-20T00:00:00", "Creator": "gisproc_sys", "EditDate": "2025-09-20T00:00:00", "Editor": "gisproc_sys", "sf_detached": 0.0, "sf_attached": 0.0, "duplex_triplex": 0.0, "multifamily": 264.0, "condo": 0, "unknown": 0, "data_source": "DRHM" }, "geometry": { "type": "Point", "coordinates": [ -78.858187571591273, 35.942028854308276 ] } },
{ "type": "Feature", "properties": { "A_NUMBER": "D1500047", "A_TYPE": "PL_MINPP", "A_DATE": "2015-03-03T00:00:00", "A_STATUS": "APP", "A_STATUS_D": "2016-03-31T00:00:00", "A_PROJECT_": "Croasdaile Farm North Subdivision", "A_DESCRIPT": "104 Single family and 32 townhome development", "A_USER_ID": "DOUGWE", "A_CASE_PLA": "NIARO", "StatCode": "APP", "AppStatus": "Approved", "AppCode": "PL_MINPP", "AppType": "Minor Preliminary Plat", "CasePlanne": "Nia Rodgers", "EMAIL": "nia.rodgers@durhamnc.gov", "ORIG_FID": "12092", "CreationDa": "2025-09-20T00:00:00", "Creator": "gisproc_sys", "EditDate": "2025-09-20T00:00:00", "Editor": "gisproc_sys", "sf_detached": 104.0, "sf_attached": 32.0, "duplex_triplex": 0.0, "multifamily": 0.0, "condo": 0, "unknown": 0, "data_source": "DRHM" }, "geometry": { "type": "Point", "coordinates": [ -78.948640175405387, 36.047239947134443 ] } },
{ "type": "Feature", "properties": { "A_NUMBER": "A1800006", "A_TYPE": "PL_CPAA", "A_DATE": "2018-08-15T00:00:00", "A_STATUS": "APP", "A_STATUS_D": "2019-04-16T00:00:00", "A_PROJECT_": "1309 Junction Road", "A_DESCRIPT": "FLUM amendment from Industrial to Low Density Residential.  Associated zoning case (Z1800017) and annexation.", "A_USER_ID": "AMANDAHO", "A_CASE_PLA": "JAMIESUN", "StatCode": "APP", "AppStatus": "Approved", "AppCode": "PL_CPAA", "AppType": "Comprehensive Plan Map or Plan Amendment", "CasePlanne": null, "EMAIL": null, "ORIG_FID": "12110", "CreationDa": "2025-09-20T00:00:00", "Creator": "gisproc_sys", "EditDate": "2025-09-20T00:00:00", "Editor": "gisproc_sys", "sf_detached": 0.0, "sf_attached": 0.0, "duplex_triplex": 0.0, "multifamily": 0.0, "condo": 0, "unknown": 0, "data_source": null }, "geometry": { "type": "Point", "coordinates": [ -78.843484288173642, 36.021491414020439 ] } },
{ "type": "Feature", "properties": { "A_NUMBER": "D1700344", "A_TYPE": "PL_MINSP", "A_DATE": "2017-11-07T00:00:00", "A_STATUS": "APP", "A_STATUS_D": "2018-05-29T00:00:00", "A_PROJECT_": "1105 W. Main Street Mixed Use", "A_DESCRIPT": "Mixed use building  - 6000 SF retail and 35 dwelling units.", "A_USER_ID": "AMANDAHO", "A_CASE_PLA": "EMILYST", "StatCode": "APP", "AppStatus": "Approved", "AppCode": "PL_MINSP", "AppType": "Level 4 - Administrative Site Plan", "CasePlanne": "Emily Struthers", "EMAIL": "Emily.Struthers@durhamnc.gov", "ORIG_FID": "12148", "CreationDa": "2025-09-20T00:00:00", "Creator": "gisproc_sys", "EditDate": "2025-09-20T00:00:00", "Editor": "gisproc_sys", "sf_detached": 0.0, "sf_attached": 0.0, "duplex_triplex": 0.0, "multifamily": 0.0, "condo": 0, "unknown": 0, "data_source": null }, "geometry": { "type": "Point", "coordinates": [ -78.911878520812664, 36.001161658820799 ] } },
{ "type": "Feature", "properties": { "A_NUMBER": "D2400022", "A_TYPE": "PL_MINSP", "A_DATE": "2024-02-01T00:00:00", "A_STATUS": "APP", "A_STATUS_D": "2024-06-13T00:00:00", "A_PROJECT_": "Calyx Durham RTP", "A_DESCRIPT": "61 room congregate care facility totaling in 46,976 sq ft.", "A_USER_ID": "COLERE", "A_CASE_PLA": "COLERE", "StatCode": "APP", "AppStatus": "Approved", "AppCode": "PL_MINSP", "AppType": "Level 4 - Administrative Site Plan", "CasePlanne": "Cole Renigar", "EMAIL": "Cole.Renigar@durhamnc.gov", "ORIG_FID": "12156", "CreationDa": "2025-09-20T00:00:00", "Creator": "gisproc_sys", "EditDate": "2025-09-20T00:00:00", "Editor": "gisproc_sys", "sf_detached": null, "sf_attached": null, "duplex_triplex": null, "multifamily": 61.0, "condo": 0, "unknown": 0, "data_source": "ITRE" }, "geometry": { "type": "Point", "coordinates": [ -78.893467933107431, 35.912992423128316 ] } },
{ "type": "Feature", "properties": { "A_NUMBER": "D2000282", "A_TYPE": "PL_MINSP", "A_DATE": "2020-11-17T00:00:00", "A_STATUS": "APP", "A_STATUS_D": "2022-07-11T00:00:00", "A_PROJECT_": "Elizabeth Street Apartments", "A_DESCRIPT": "Demolition and reconstruction of 72 multi - family residential units and associated surface parking AH", "A_USER_ID": "KYLETA", "A_CASE_PLA": "TREYFI", "StatCode": "APP", "AppStatus": "Approved", "AppCode": "PL_MINSP", "AppType": "Level 4 - Administrative Site Plan", "CasePlanne": "Trey Figueroa", "EMAIL": "Trey.Figueroa@durhamnc.gov", "ORIG_FID": "12170", "CreationDa": "2025-09-20T00:00:00", "Creator": "gisproc_sys", "EditDate": "2025-09-20T00:00:00", "Editor": "gisproc_sys", "sf_detached": 0.0, "sf_attached": 0.0, "duplex_triplex": 0.0, "multifamily": 72.0, "condo": 0, "unknown": 0, "data_source": "DRHM" }, "geometry": { "type": "Point", "coordinates": [ -78.892627072931461, 35.99225349845802 ] } },
{ "type": "Feature", "properties": { "A_NUMBER": "D1600022", "A_TYPE": "PL_MINPP", "A_DATE": "2016-01-26T00:00:00", "A_STATUS": "APP", "A_STATUS_D": "2021-06-15T00:00:00", "A_PROJECT_": "Ravenstone/Conover Road Lots", "A_DESCRIPT": "To make 3 existing lots legal developed single family lots; 1 off-site lot to be used for impervious surface transfer", "A_USER_ID": "TREYFI", "A_CASE_PLA": "TREYFI", "StatCode": "APP", "AppStatus": "Approved", "AppCode": "PL_MINPP", "AppType": "Minor Preliminary Plat", "CasePlanne": "Trey Figueroa", "EMAIL": "Trey.Figueroa@durhamnc.gov", "ORIG_FID": "12221", "CreationDa": "2025-09-20T00:00:00", "Creator": "gisproc_sys", "EditDate": "2025-09-20T00:00:00", "Editor": "gisproc_sys", "sf_detached": 3.0, "sf_attached": 0.0, "duplex_triplex": 0.0, "multifamily": 0.0, "condo": 0, "unknown": 0, "data_source": "DRHM" }, "geometry": { "type": "Point", "coordinates": [ -78.787419284903166, 35.968976984133263 ] } },
{ "type": "Feature", "properties": { "A_NUMBER": "D2000168", "A_TYPE": "PL_MINSP", "A_DATE": "2020-07-17T00:00:00", "A_STATUS": "APP", "A_STATUS_D": "2021-02-23T00:00:00", "A_PROJECT_": "608 N Mangum", "A_DESCRIPT": "Proposed townhome (6 total ) project", "A_USER_ID": "KIMRO", "A_CASE_PLA": "TREYFI", "StatCode": "APP", "AppStatus": "Approved", "AppCode": "PL_MINSP", "AppType": "Level 4 - Administrative Site Plan", "CasePlanne": "Trey Figueroa", "EMAIL": "Trey.Figueroa@durhamnc.gov", "ORIG_FID": "12304", "CreationDa": "2025-09-20T00:00:00", "Creator": "gisproc_sys", "EditDate": "2025-09-20T00:00:00", "Editor": "gisproc_sys", "sf_detached": 0.0, "sf_attached": 6.0, "duplex_triplex": 0.0, "multifamily": 0.0, "condo": 0, "unknown": 0, "data_source": "DRHM" }, "geometry": { "type": "Point", "coordinates": [ -78.89607318111068, 35.999961228632948 ] } },
{ "type": "Feature", "properties": { "A_NUMBER": "D2100123", "A_TYPE": "PL_MINSP", "A_DATE": "2021-04-21T00:00:00", "A_STATUS": "APP", "A_STATUS_D": "2022-02-17T00:00:00", "A_PROJECT_": "New Durham County Youth Home", "A_DESCRIPT": "Demolition of existing youth home for the development of a new county youth home", "A_USER_ID": "KIMRO", "A_CASE_PLA": "COLERE", "StatCode": "APP", "AppStatus": "Approved", "AppCode": "PL_MINSP", "AppType": "Level 4 - Administrative Site Plan", "CasePlanne": "Cole Renigar", "EMAIL": "Cole.Renigar@durhamnc.gov", "ORIG_FID": "12335", "CreationDa": "2025-09-20T00:00:00", "Creator": "gisproc_sys", "EditDate": "2025-09-20T00:00:00", "Editor": "gisproc_sys", "sf_detached": 0.0, "sf_attached": 0.0, "duplex_triplex": 0.0, "multifamily": 0.0, "condo": 0, "unknown": 0, "data_source": null }, "geometry": { "type": "Point", "coordinates": [ -78.909805644124717, 36.032881229547854 ] } },
{ "type": "Feature", "properties": { "A_NUMBER": "D2100186", "A_TYPE": "PL_MINSP", "A_DATE": "2021-07-01T00:00:00", "A_STATUS": "APP", "A_STATUS_D": "2022-04-19T00:00:00", "A_PROJECT_": "500 East Main Street", "A_DESCRIPT": "745,475 SF Multi-Family Housing (246 apartment units), Retail, Structured Parking", "A_USER_ID": "JESSICADO", "A_CASE_PLA": "ROBINSH", "StatCode": "APP", "AppStatus": "Approved", "AppCode": "PL_MINSP", "AppType": "Level 4 - Administrative Site Plan", "CasePlanne": "Robin Schultze", "EMAIL": "Robin.Schultze@durhamnc.gov", "ORIG_FID": "12478", "CreationDa": "2025-09-20T00:00:00", "Creator": "gisproc_sys", "EditDate": "2025-09-20T00:00:00", "Editor": "gisproc_sys", "sf_detached": 0.0, "sf_attached": 0.0, "duplex_triplex": 0.0, "multifamily": 246.0, "condo": 0, "unknown": 0, "data_source": "DRHM" }, "geometry": { "type": "Point", "coordinates": [ -78.895458431178199, 35.991264182487463 ] } },
{ "type": "Feature", "properties": { "A_NUMBER": "D2200205", "A_TYPE": "PL_MINSP", "A_DATE": "2022-06-15T00:00:00", "A_STATUS": "APP", "A_STATUS_D": "2023-12-18T00:00:00", "A_PROJECT_": "Pinecrest", "A_DESCRIPT": "46 SFD townhomes with Cobb House (historic) preservation and reuse.", "A_USER_ID": "TREYFI", "A_CASE_PLA": "TREYFI", "StatCode": "APP", "AppStatus": "Approved", "AppCode": "PL_MINSP", "AppType": "Level 4 - Administrative Site Plan", "CasePlanne": "Trey Figueroa", "EMAIL": "Trey.Figueroa@durhamnc.gov", "ORIG_FID": "12493", "CreationDa": "2025-09-20T00:00:00", "Creator": "gisproc_sys", "EditDate": "2025-09-20T00:00:00", "Editor": "gisproc_sys", "sf_detached": 0.0, "sf_attached": 0.0, "duplex_triplex": 0.0, "multifamily": 0.0, "condo": 0, "unknown": 0, "data_source": null }, "geometry": { "type": "Point", "coordinates": [ -78.919222051097833, 35.983120643443712 ] } },
{ "type": "Feature", "properties": { "A_NUMBER": "D1700349", "A_TYPE": "PL_MINSP", "A_DATE": "2017-11-07T00:00:00", "A_STATUS": "APP", "A_STATUS_D": "2018-09-25T00:00:00", "A_PROJECT_": "3718 N Roxboro Street Retail Building", "A_DESCRIPT": "5880 SF multi-tenant retail building.", "A_USER_ID": "TERRIEL", "A_CASE_PLA": "DCULTRA", "StatCode": "APP", "AppStatus": "Approved", "AppCode": "PL_MINSP", "AppType": "Level 4 - Administrative Site Plan", "CasePlanne": "Danny Cultra", "EMAIL": "Danny.Cultra@durhamnc.gov", "ORIG_FID": "12547", "CreationDa": "2025-09-20T00:00:00", "Creator": "gisproc_sys", "EditDate": "2025-09-20T00:00:00", "Editor": "gisproc_sys", "sf_detached": 0.0, "sf_attached": 0.0, "duplex_triplex": 0.0, "multifamily": 0.0, "condo": 0, "unknown": 0, "data_source": null }, "geometry": { "type": "Point", "coordinates": [ -78.898498955913141, 36.039420739571469 ] } },
{ "type": "Feature", "properties": { "A_NUMBER": "D2100308", "A_TYPE": "PL_MINSP", "A_DATE": "2021-09-13T00:00:00", "A_STATUS": "APP", "A_STATUS_D": "2022-05-03T00:00:00", "A_PROJECT_": "Solana II", "A_DESCRIPT": "206 Townhome and 41 Single Family residential development", "A_USER_ID": "JESSICADO", "A_CASE_PLA": "COLERE", "StatCode": "APP", "AppStatus": "Approved", "AppCode": "PL_MINSP", "AppType": "Level 4 - Administrative Site Plan", "CasePlanne": "Cole Renigar", "EMAIL": "Cole.Renigar@durhamnc.gov", "ORIG_FID": "12580", "CreationDa": "2025-09-20T00:00:00", "Creator": "gisproc_sys", "EditDate": "2025-09-20T00:00:00", "Editor": "gisproc_sys", "sf_detached": 41.0, "sf_attached": 206.0, "duplex_triplex": 0.0, "multifamily": 0.0, "condo": 0, "unknown": 0, "data_source": "DRHM" }, "geometry": { "type": "Point", "coordinates": [ -78.775732342729327, 35.961587849125863 ] } },
{ "type": "Feature", "properties": { "A_NUMBER": "D1800271", "A_TYPE": "PL_MINSP", "A_DATE": "2018-08-14T00:00:00", "A_STATUS": "APP", "A_STATUS_D": "2018-12-13T00:00:00", "A_PROJECT_": "The Overlook at Stratford Lakes", "A_DESCRIPT": "84 townhome units + 4 open space lots", "A_USER_ID": "JESSICADO", "A_CASE_PLA": "JESSICADO", "StatCode": "APP", "AppStatus": "Approved", "AppCode": "PL_MINSP", "AppType": "Level 4 - Administrative Site Plan", "CasePlanne": "Jessica Dockery", "EMAIL": "Jessica.Dockery@durhamnc.gov", "ORIG_FID": "12585", "CreationDa": "2025-09-20T00:00:00", "Creator": "gisproc_sys", "EditDate": "2025-09-20T00:00:00", "Editor": "gisproc_sys", "sf_detached": 0.0, "sf_attached": 84.0, "duplex_triplex": 0.0, "multifamily": 0.0, "condo": 0, "unknown": 0, "data_source": "DRHM" }, "geometry": { "type": "Point", "coordinates": [ -78.914213573571999, 35.942917446040312 ] } },
{ "type": "Feature", "properties": { "A_NUMBER": "D2200291", "A_TYPE": "PL_MINSP", "A_DATE": "2022-08-31T00:00:00", "A_STATUS": "APP", "A_STATUS_D": "2023-03-16T00:00:00", "A_PROJECT_": "Glenn Crossing Amendment 2", "A_DESCRIPT": "Additional design and amenity open spaces, loss of 1 lot/unit for a new total of 278 townhouses", "A_USER_ID": "JESSICADO", "A_CASE_PLA": "KEAGANSA", "StatCode": "APP", "AppStatus": "Approved", "AppCode": "PL_MINSP", "AppType": "Level 4 - Administrative Site Plan", "CasePlanne": "Keagan Sacripanti", "EMAIL": "Keagan.Sacripanti@durhamnc.gov", "ORIG_FID": "12610", "CreationDa": "2025-09-20T00:00:00", "Creator": "gisproc_sys", "EditDate": "2025-09-20T00:00:00", "Editor": "gisproc_sys", "sf_detached": 0.0, "sf_attached": 278.0, "duplex_triplex": 0.0, "multifamily": 0.0, "condo": 0, "unknown": 0, "data_source": "DRHM" }, "geometry": { "type": "Point", "coordinates": [ -78.842988272510112, 36.038120568981412 ] } },
{ "type": "Feature", "properties": { "A_NUMBER": "D1500176", "A_TYPE": "PL_MINSP", "A_DATE": "2015-06-23T00:00:00", "A_STATUS": "APP", "A_STATUS_D": "2015-12-14T00:00:00", "A_PROJECT_": "FedEx Distribution Warehouse Facility", "A_DESCRIPT": "Construct 234,510 sq. ft. warehouse building on 44 acres (demolition of existing Sumitomo site)", "A_USER_ID": "EMILYST", "A_CASE_PLA": "EMILYST", "StatCode": "APP", "AppStatus": "Approved", "AppCode": "PL_MINSP", "AppType": "Level 4 - Administrative Site Plan", "CasePlanne": "Emily Struthers", "EMAIL": "Emily.Struthers@durhamnc.gov", "ORIG_FID": "12616", "CreationDa": "2025-09-20T00:00:00", "Creator": "gisproc_sys", "EditDate": "2025-09-20T00:00:00", "Editor": "gisproc_sys", "sf_detached": 0.0, "sf_attached": 0.0, "duplex_triplex": 0.0, "multifamily": 0.0, "condo": 0, "unknown": 0, "data_source": null }, "geometry": { "type": "Point", "coordinates": [ -78.883841853152958, 35.908612588442587 ] } },
{ "type": "Feature", "properties": { "A_NUMBER": "D2200330", "A_TYPE": "PL_MINSP", "A_DATE": "2022-09-26T00:00:00", "A_STATUS": "APP", "A_STATUS_D": "2023-04-09T00:00:00", "A_PROJECT_": "1109 W Chapel Hill Street", "A_DESCRIPT": "Propose 12 multifamily apartments with 399 square feet of commercial space. \r\n", "A_USER_ID": "TREYFI", "A_CASE_PLA": "TREYFI", "StatCode": "APP", "AppStatus": "Approved", "AppCode": "PL_MINSP", "AppType": "Level 4 - Administrative Site Plan", "CasePlanne": "Trey Figueroa", "EMAIL": "Trey.Figueroa@durhamnc.gov", "ORIG_FID": "12629", "CreationDa": "2025-09-20T00:00:00", "Creator": "gisproc_sys", "EditDate": "2025-09-20T00:00:00", "Editor": "gisproc_sys", "sf_detached": 0.0, "sf_attached": 0.0, "duplex_triplex": 0.0, "multifamily": 12.0, "condo": 0, "unknown": 0, "data_source": "DRHM" }, "geometry": { "type": "Point", "coordinates": [ -78.916424163955355, 35.996439762824977 ] } },
{ "type": "Feature", "properties": { "A_NUMBER": "D2100355", "A_TYPE": "PL_MINSP", "A_DATE": "2021-10-13T00:00:00", "A_STATUS": "APP", "A_STATUS_D": "2022-07-21T00:00:00", "A_PROJECT_": "98 Chandler Subdivision", "A_DESCRIPT": "48 Single Family lot subdivision", "A_USER_ID": "JESSICADO", "A_CASE_PLA": "COLERE", "StatCode": "APP", "AppStatus": "Approved", "AppCode": "PL_MINSP", "AppType": "Level 4 - Administrative Site Plan", "CasePlanne": "Cole Renigar", "EMAIL": "Cole.Renigar@durhamnc.gov", "ORIG_FID": "12642", "CreationDa": "2025-09-20T00:00:00", "Creator": "gisproc_sys", "EditDate": "2025-09-20T00:00:00", "Editor": "gisproc_sys", "sf_detached": 48.0, "sf_attached": 0.0, "duplex_triplex": 0.0, "multifamily": 0.0, "condo": 0, "unknown": 0, "data_source": "DRHM" }, "geometry": { "type": "Point", "coordinates": [ -78.83482552085367, 35.987901685045081 ] } },
{ "type": "Feature", "properties": { "A_NUMBER": "D1500026", "A_TYPE": "PL_MINSP", "A_DATE": "2015-02-03T00:00:00", "A_STATUS": "APP", "A_STATUS_D": "2015-12-15T00:00:00", "A_PROJECT_": "Grandin Trace", "A_DESCRIPT": "52 lot residential neigborhood", "A_USER_ID": "EDWINCA", "A_CASE_PLA": "BDOBRZENSKI", "StatCode": "APP", "AppStatus": "Approved", "AppCode": "PL_MINSP", "AppType": "Level 4 - Administrative Site Plan", "CasePlanne": "Bo Dobrzenski", "EMAIL": "Bo.Dobrzenski@durhamnc.gov", "ORIG_FID": "12662", "CreationDa": "2025-09-20T00:00:00", "Creator": "gisproc_sys", "EditDate": "2025-09-20T00:00:00", "Editor": "gisproc_sys", "sf_detached": 0.0, "sf_attached": 0.0, "duplex_triplex": 0.0, "multifamily": 0.0, "condo": 0, "unknown": 0, "data_source": null }, "geometry": { "type": "Point", "coordinates": [ -78.926400003377879, 35.901498362882897 ] } },
{ "type": "Feature", "properties": { "A_NUMBER": "D2100400", "A_TYPE": "PL_MINSP", "A_DATE": "2021-11-05T00:00:00", "A_STATUS": "APP", "A_STATUS_D": "2023-04-03T00:00:00", "A_PROJECT_": "Durham Center II", "A_DESCRIPT": "Redevelopment - Proposed Multi-use Tower - 312 apartments, retail, and parking garage", "A_USER_ID": "JESSICADO", "A_CASE_PLA": "TREYFI", "StatCode": "APP", "AppStatus": "Approved", "AppCode": "PL_MINSP", "AppType": "Level 4 - Administrative Site Plan", "CasePlanne": "Trey Figueroa", "EMAIL": "Trey.Figueroa@durhamnc.gov", "ORIG_FID": "12721", "CreationDa": "2025-09-20T00:00:00", "Creator": "gisproc_sys", "EditDate": "2025-09-20T00:00:00", "Editor": "gisproc_sys", "sf_detached": 0.0, "sf_attached": 0.0, "duplex_triplex": 0.0, "multifamily": 312.0, "condo": 0, "unknown": 0, "data_source": "DRHM" }, "geometry": { "type": "Point", "coordinates": [ -78.90319237427012, 35.998508260331931 ] } },
{ "type": "Feature", "properties": { "A_NUMBER": "D1500048", "A_TYPE": "PL_MINSP", "A_DATE": "2015-03-03T00:00:00", "A_STATUS": "APP", "A_STATUS_D": "2016-04-04T00:00:00", "A_PROJECT_": "The Lodge at Croasdaile Farm", "A_DESCRIPT": "288 Apartments and 32 multiplex units", "A_USER_ID": "DOUGWE", "A_CASE_PLA": "NIARO", "StatCode": "APP", "AppStatus": "Approved", "AppCode": "PL_MINSP", "AppType": "Level 4 - Administrative Site Plan", "CasePlanne": "Nia Rodgers", "EMAIL": "nia.rodgers@durhamnc.gov", "ORIG_FID": "12854", "CreationDa": "2025-09-20T00:00:00", "Creator": "gisproc_sys", "EditDate": "2025-09-20T00:00:00", "Editor": "gisproc_sys", "sf_detached": 0.0, "sf_attached": 0.0, "duplex_triplex": 0.0, "multifamily": 288.0, "condo": 0, "unknown": 0, "data_source": "DRHM" }, "geometry": { "type": "Point", "coordinates": [ -78.932749143739926, 36.061770743260944 ] } },
{ "type": "Feature", "properties": { "A_NUMBER": "D1900397", "A_TYPE": "PL_MINSP", "A_DATE": "2019-11-13T00:00:00", "A_STATUS": "APP", "A_STATUS_D": "2025-01-27T00:00:00", "A_PROJECT_": "518 Morehead", "A_DESCRIPT": "Residential multi-family project; 130 dwelling units proposed", "A_USER_ID": "JESSICADO", "A_CASE_PLA": "TREYFI", "StatCode": "APP", "AppStatus": "Approved", "AppCode": "PL_MINSP", "AppType": "Level 4 - Administrative Site Plan", "CasePlanne": "Trey Figueroa", "EMAIL": "Trey.Figueroa@durhamnc.gov", "ORIG_FID": "12934", "CreationDa": "2025-09-20T00:00:00", "Creator": "gisproc_sys", "EditDate": "2025-09-20T00:00:00", "Editor": "gisproc_sys", "sf_detached": 0.0, "sf_attached": 0.0, "duplex_triplex": 0.0, "multifamily": 0.0, "condo": 0, "unknown": 0, "data_source": null }, "geometry": { "type": "Point", "coordinates": [ -78.909996012174361, 35.992158134161727 ] } },
{ "type": "Feature", "properties": { "A_NUMBER": "D2400010", "A_TYPE": "PL_MINSP", "A_DATE": "2024-01-22T00:00:00", "A_STATUS": "UN_RE", "A_STATUS_D": "2024-01-22T00:00:00", "A_PROJECT_": "1414 Carpenter Fletcher Rd", "A_DESCRIPT": "Three-story building with 314 apartments wrapped around a parking structure totaling in 205,459 square feet.", "A_USER_ID": "TREYFI", "A_CASE_PLA": "TREYFI", "StatCode": "UN_RE", "AppStatus": "Under Review", "AppCode": "PL_MINSP", "AppType": "Level 4 - Administrative Site Plan", "CasePlanne": "Trey Figueroa", "EMAIL": "Trey.Figueroa@durhamnc.gov", "ORIG_FID": "12942", "CreationDa": "2025-09-20T00:00:00", "Creator": "gisproc_sys", "EditDate": "2025-09-20T00:00:00", "Editor": "gisproc_sys", "sf_detached": 0.0, "sf_attached": 0.0, "duplex_triplex": 0.0, "multifamily": 314.0, "condo": 0, "unknown": 0, "data_source": "DRHM" }, "geometry": { "type": "Point", "coordinates": [ -78.894994364689865, 35.913848682111094 ] } },
{ "type": "Feature", "properties": { "A_NUMBER": "D1700002", "A_TYPE": "PL_MINSP", "A_DATE": "2017-01-03T00:00:00", "A_STATUS": "APP", "A_STATUS_D": "2017-07-06T00:00:00", "A_PROJECT_": "Sherron Road Tract Phases 8 and 9", "A_DESCRIPT": "96 single family lots.", "A_USER_ID": "LEEDA", "A_CASE_PLA": "DCULTRA", "StatCode": "APP", "AppStatus": "Approved", "AppCode": "PL_MINSP", "AppType": "Level 4 - Administrative Site Plan", "CasePlanne": "Danny Cultra", "EMAIL": "Danny.Cultra@durhamnc.gov", "ORIG_FID": "12967", "CreationDa": "2025-09-20T00:00:00", "Creator": "gisproc_sys", "EditDate": "2025-09-20T00:00:00", "Editor": "gisproc_sys", "sf_detached": 96.0, "sf_attached": 0.0, "duplex_triplex": 0.0, "multifamily": 0.0, "condo": 0, "unknown": 0, "data_source": "DRHM" }, "geometry": { "type": "Point", "coordinates": [ -78.798218857071021, 35.965317392632407 ] } },
{ "type": "Feature", "properties": { "A_NUMBER": "D1500034", "A_TYPE": "PL_MINSP", "A_DATE": "2015-02-10T00:00:00", "A_STATUS": "APP", "A_STATUS_D": "2016-03-11T00:00:00", "A_PROJECT_": "Rosedaile Subdivision", "A_DESCRIPT": "15 lot subdivision, 12 homesites (+/- 0.5 AC) on two existing parcels totalling 9.90 acres  (12 homesite lots plus 3 open space lots)", "A_USER_ID": "DACIARE", "A_CASE_PLA": "NIARO", "StatCode": "APP", "AppStatus": "Approved", "AppCode": "PL_MINSP", "AppType": "Level 4 - Administrative Site Plan", "CasePlanne": "Nia Rodgers", "EMAIL": "nia.rodgers@durhamnc.gov", "ORIG_FID": "13028", "CreationDa": "2025-09-20T00:00:00", "Creator": "gisproc_sys", "EditDate": "2025-09-20T00:00:00", "Editor": "gisproc_sys", "sf_detached": 24.0, "sf_attached": 0.0, "duplex_triplex": 0.0, "multifamily": 0.0, "condo": 0, "unknown": 0, "data_source": "DRHM" }, "geometry": { "type": "Point", "coordinates": [ -78.952371764750495, 36.05541846081239 ] } },
{ "type": "Feature", "properties": { "A_NUMBER": "D2000296", "A_TYPE": "PL_MINSP", "A_DATE": "2020-12-03T00:00:00", "A_STATUS": "APP", "A_STATUS_D": "2021-08-12T00:00:00", "A_PROJECT_": "Highland  View Subdivision ( formally Highland Park )", "A_DESCRIPT": "80 lot subdivison (Conservation Subdivison) plus one open space lot", "A_USER_ID": "EESBRI", "A_CASE_PLA": "COURTNEYMC", "StatCode": "APP", "AppStatus": "Approved", "AppCode": "PL_MINSP", "AppType": "Level 4 - Administrative Site Plan", "CasePlanne": "Courtney McQueen", "EMAIL": "Courtney.McQueen@durhamnc.gov", "ORIG_FID": "13096", "CreationDa": "2025-09-20T00:00:00", "Creator": "gisproc_sys", "EditDate": "2025-09-20T00:00:00", "Editor": "gisproc_sys", "sf_detached": 0.0, "sf_attached": 0.0, "duplex_triplex": 0.0, "multifamily": 0.0, "condo": 0, "unknown": 0, "data_source": null }, "geometry": { "type": "Point", "coordinates": [ -78.939657798707486, 36.10183649413635 ] } },
{ "type": "Feature", "properties": { "A_NUMBER": "D1700277", "A_TYPE": "PL_MINSP", "A_DATE": "2017-08-22T00:00:00", "A_STATUS": "APP", "A_STATUS_D": "2019-05-28T00:00:00", "A_PROJECT_": "Washington Street Condominiums", "A_DESCRIPT": "6 story, 4 unit residential building with supporting infrastructure.", "A_USER_ID": "AMANDAHO", "A_CASE_PLA": "TREYFI", "StatCode": "APP", "AppStatus": "Approved", "AppCode": "PL_MINSP", "AppType": "Level 4 - Administrative Site Plan", "CasePlanne": "Trey Figueroa", "EMAIL": "Trey.Figueroa@durhamnc.gov", "ORIG_FID": "13100", "CreationDa": "2025-09-20T00:00:00", "Creator": "gisproc_sys", "EditDate": "2025-09-20T00:00:00", "Editor": "gisproc_sys", "sf_detached": 0.0, "sf_attached": 0.0, "duplex_triplex": 0.0, "multifamily": 0.0, "condo": 0, "unknown": 0, "data_source": null }, "geometry": { "type": "Point", "coordinates": [ -78.902429447646171, 36.004275667677568 ] } },
{ "type": "Feature", "properties": { "A_NUMBER": "M1900001", "A_TYPE": "PL_MAJSUP", "A_DATE": "2019-01-14T00:00:00", "A_STATUS": "APP", "A_STATUS_D": "2019-08-21T00:00:00", "A_PROJECT_": "NCCU Student Center MSUP", "A_DESCRIPT": "Major special use permit (MSUP) to allow a college/university student center within a residential (RU-5(2)) zoning district.", "A_USER_ID": "ELIZAMO", "A_CASE_PLA": "ELIZAMO", "StatCode": "APP", "AppStatus": "Approved", "AppCode": "PL_MAJSUP", "AppType": "Major Special Use Permit", "CasePlanne": "Eliza Monroe", "EMAIL": "Eliza.Monroe@durhamnc.gov", "ORIG_FID": "13107", "CreationDa": "2025-09-20T00:00:00", "Creator": "gisproc_sys", "EditDate": "2025-09-20T00:00:00", "Editor": "gisproc_sys", "sf_detached": 0.0, "sf_attached": 0.0, "duplex_triplex": 0.0, "multifamily": 0.0, "condo": 0, "unknown": 0, "data_source": null }, "geometry": { "type": "Point", "coordinates": [ -78.899770932752403, 35.971469065488854 ] } },
{ "type": "Feature", "properties": { "A_NUMBER": "D2300222", "A_TYPE": "PL_MINSP", "A_DATE": "2023-09-29T00:00:00", "A_STATUS": "UN_RE", "A_STATUS_D": "2025-09-04T00:00:00", "A_PROJECT_": "Bourdon Highlands", "A_DESCRIPT": "Construction of 75 single-family and 305 townhome lots and associated infrastructure. 389 lots being created.", "A_USER_ID": "STEVENPA", "A_CASE_PLA": "COLERE", "StatCode": "UN_RE", "AppStatus": "Under Review", "AppCode": "PL_MINSP", "AppType": "Level 4 - Administrative Site Plan", "CasePlanne": "Cole Renigar", "EMAIL": "Cole.Renigar@durhamnc.gov", "ORIG_FID": "13114", "CreationDa": "2025-09-20T00:00:00", "Creator": "gisproc_sys", "EditDate": "2025-09-20T00:00:00", "Editor": "gisproc_sys", "sf_detached": 75.0, "sf_attached": 305.0, "duplex_triplex": 0.0, "multifamily": 0.0, "condo": 0, "unknown": 0, "data_source": "DRHM" }, "geometry": { "type": "Point", "coordinates": [ -78.80778608285209, 35.945452262299568 ] } },
{ "type": "Feature", "properties": { "A_NUMBER": "D1700314", "A_TYPE": "PL_MINSP", "A_DATE": "2017-09-26T00:00:00", "A_STATUS": "APP", "A_STATUS_D": "2018-07-05T00:00:00", "A_PROJECT_": "Yancey Parcel", "A_DESCRIPT": "149 single-family lots with clubhouse and pool amenity.", "A_USER_ID": "KIMRO", "A_CASE_PLA": "TREYFI", "StatCode": "APP", "AppStatus": "Approved", "AppCode": "PL_MINSP", "AppType": "Level 4 - Administrative Site Plan", "CasePlanne": "Trey Figueroa", "EMAIL": "Trey.Figueroa@durhamnc.gov", "ORIG_FID": "13130", "CreationDa": "2025-09-20T00:00:00", "Creator": "gisproc_sys", "EditDate": "2025-09-20T00:00:00", "Editor": "gisproc_sys", "sf_detached": 149.0, "sf_attached": 0.0, "duplex_triplex": 0.0, "multifamily": 0.0, "condo": 0, "unknown": 0, "data_source": "DRHM" }, "geometry": { "type": "Point", "coordinates": [ -78.769794067335297, 35.925038335371561 ] } },
{ "type": "Feature", "properties": { "A_NUMBER": "D2000112", "A_TYPE": "PL_MINSP", "A_DATE": "2020-05-21T00:00:00", "A_STATUS": "APP", "A_STATUS_D": "2022-12-22T00:00:00", "A_PROJECT_": "Vintage University Tower Apartments", "A_DESCRIPT": "Construct four apartment buildings (208 Units), associated parking, and utilities", "A_USER_ID": "KIMRO", "A_CASE_PLA": "TREYFI", "StatCode": "APP", "AppStatus": "Approved", "AppCode": "PL_MINSP", "AppType": "Level 4 - Administrative Site Plan", "CasePlanne": "Trey Figueroa", "EMAIL": "Trey.Figueroa@durhamnc.gov", "ORIG_FID": "13197", "CreationDa": "2025-09-20T00:00:00", "Creator": "gisproc_sys", "EditDate": "2025-09-20T00:00:00", "Editor": "gisproc_sys", "sf_detached": 0.0, "sf_attached": 0.0, "duplex_triplex": 0.0, "multifamily": 208.0, "condo": 0, "unknown": 0, "data_source": "DRHM" }, "geometry": { "type": "Point", "coordinates": [ -78.960370061941745, 35.971888169528029 ] } },
{ "type": "Feature", "properties": { "A_NUMBER": "D2000135", "A_TYPE": "PL_MINSP", "A_DATE": "2020-06-16T00:00:00", "A_STATUS": "WITH", "A_STATUS_D": "2022-06-15T00:00:00", "A_PROJECT_": "Creekside Apartments", "A_DESCRIPT": "Two apartment building with 46 DU", "A_USER_ID": "COLERE", "A_CASE_PLA": "COLERE", "StatCode": "WITH", "AppStatus": "Withdrawn/Cancelled", "AppCode": "PL_MINSP", "AppType": "Level 4 - Administrative Site Plan", "CasePlanne": "Cole Renigar", "EMAIL": "Cole.Renigar@durhamnc.gov", "ORIG_FID": "13231", "CreationDa": "2025-09-20T00:00:00", "Creator": "gisproc_sys", "EditDate": "2025-09-20T00:00:00", "Editor": "gisproc_sys", "sf_detached": 0.0, "sf_attached": 0.0, "duplex_triplex": 0.0, "multifamily": 0.0, "condo": 0, "unknown": 0, "data_source": null }, "geometry": { "type": "Point", "coordinates": [ -78.849973666058531, 35.976745955300558 ] } },
{ "type": "Feature", "properties": { "A_NUMBER": "D2100232", "A_TYPE": "PL_ASP", "A_DATE": "2021-07-28T00:00:00", "A_STATUS": "APP", "A_STATUS_D": "2021-08-02T00:00:00", "A_PROJECT_": "Trailwood Subdivsion - Croasdaile Farm Amendment", "A_DESCRIPT": "Revised open space to match final plat", "A_USER_ID": "JESSICADO", "A_CASE_PLA": "KYLETA", "StatCode": "APP", "AppStatus": "Approved", "AppCode": "PL_ASP", "AppType": "Level 1 - Administrative Site Plan", "CasePlanne": "Kyle Taylor", "EMAIL": "Kyle.Taylor@durhamnc.gov", "ORIG_FID": "13316", "CreationDa": "2025-09-20T00:00:00", "Creator": "gisproc_sys", "EditDate": "2025-09-20T00:00:00", "Editor": "gisproc_sys", "sf_detached": 0.0, "sf_attached": 0.0, "duplex_triplex": 0.0, "multifamily": 0.0, "condo": 0, "unknown": 0, "data_source": null }, "geometry": { "type": "Point", "coordinates": [ -78.941024998127659, 36.050751386631106 ] } },
{ "type": "Feature", "properties": { "A_NUMBER": "D2000173", "A_TYPE": "PL_MINSP", "A_DATE": "2020-07-21T00:00:00", "A_STATUS": "APP", "A_STATUS_D": "2021-07-08T00:00:00", "A_PROJECT_": "Phillips Creek Residential ( Previously Phillips Valley)", "A_DESCRIPT": "33 Single Family lots with 3 open spaces and  associated site improvements.\r\n", "A_USER_ID": "TREYFI", "A_CASE_PLA": "TREYFI", "StatCode": "APP", "AppStatus": "Approved", "AppCode": "PL_MINSP", "AppType": "Level 4 - Administrative Site Plan", "CasePlanne": "Trey Figueroa", "EMAIL": "Trey.Figueroa@durhamnc.gov", "ORIG_FID": "13399", "CreationDa": "2025-09-20T00:00:00", "Creator": "gisproc_sys", "EditDate": "2025-09-20T00:00:00", "Editor": "gisproc_sys", "sf_detached": 33.0, "sf_attached": 0.0, "duplex_triplex": 0.0, "multifamily": 0.0, "condo": 0, "unknown": 0, "data_source": "DRHM" }, "geometry": { "type": "Point", "coordinates": [ -78.79927297733289, 36.013933138996379 ] } },
{ "type": "Feature", "properties": { "A_NUMBER": "D1900191", "A_TYPE": "PL_MINSP", "A_DATE": "2019-06-14T00:00:00", "A_STATUS": "APP", "A_STATUS_D": "2020-01-15T00:00:00", "A_PROJECT_": "Davis Park East - Pod B", "A_DESCRIPT": "Clearing, grading, construction of 383 apartment units, amenity, and associated road/utility infrastructure", "A_USER_ID": "JOHNRA", "A_CASE_PLA": "DCULTRA", "StatCode": "APP", "AppStatus": "Approved", "AppCode": "PL_MINSP", "AppType": "Level 4 - Administrative Site Plan", "CasePlanne": "Danny Cultra", "EMAIL": "Danny.Cultra@durhamnc.gov", "ORIG_FID": "13466", "CreationDa": "2025-09-20T00:00:00", "Creator": "gisproc_sys", "EditDate": "2025-09-20T00:00:00", "Editor": "gisproc_sys", "sf_detached": 0.0, "sf_attached": 0.0, "duplex_triplex": 0.0, "multifamily": 383.0, "condo": 0, "unknown": 0, "data_source": "DRHM" }, "geometry": { "type": "Point", "coordinates": [ -78.860584287939645, 35.882208496334897 ] } },
{ "type": "Feature", "properties": { "A_NUMBER": "D2400138", "A_TYPE": "PL_ASP", "A_DATE": "2024-06-11T00:00:00", "A_STATUS": "APPR_REC", "A_STATUS_D": "2024-08-09T00:00:00", "A_PROJECT_": "The Village at Ellis Crossing Amendment 3", "A_DESCRIPT": "Changing layout of amenities, re-routing sidewalk to make ADA route feasible. Decrease in impervious surface by 508 sq. ft.", "A_USER_ID": "JESSICADO", "A_CASE_PLA": "JALISAHA", "StatCode": "APPR_REC", "AppStatus": "Approvals Received", "AppCode": "PL_ASP", "AppType": "Level 1 - Administrative Site Plan", "CasePlanne": "JALISA HARRIS", "EMAIL": "Jalisa.Harris@durhamnc.gov", "ORIG_FID": "13474", "CreationDa": "2025-09-20T00:00:00", "Creator": "gisproc_sys", "EditDate": "2025-09-20T00:00:00", "Editor": "gisproc_sys", "sf_detached": 0.0, "sf_attached": 0.0, "duplex_triplex": 0.0, "multifamily": 384.0, "condo": 0, "unknown": 0, "data_source": "COMP" }, "geometry": { "type": "Point", "coordinates": [ -78.858187571591273, 35.942028854308276 ] } },
{ "type": "Feature", "properties": { "A_NUMBER": "D2400141", "A_TYPE": "PL_MINSP", "A_DATE": "2024-06-12T00:00:00", "A_STATUS": "CORR", "A_STATUS_D": "2025-06-24T00:00:00", "A_PROJECT_": "1028 Lynn Road Townhouses", "A_DESCRIPT": "36 proposed townhomes.", "A_USER_ID": "KAMILAHALC", "A_CASE_PLA": "COLERE", "StatCode": "CORR", "AppStatus": "Corrections Required", "AppCode": "PL_MINSP", "AppType": "Level 4 - Administrative Site Plan", "CasePlanne": "Cole Renigar", "EMAIL": "Cole.Renigar@durhamnc.gov", "ORIG_FID": "13479", "CreationDa": "2025-09-20T00:00:00", "Creator": "gisproc_sys", "EditDate": "2025-09-20T00:00:00", "Editor": "gisproc_sys", "sf_detached": 0.0, "sf_attached": 36.0, "duplex_triplex": 0.0, "multifamily": 0.0, "condo": 0, "unknown": 0, "data_source": "DRHM" }, "geometry": { "type": "Point", "coordinates": [ -78.849638695608931, 35.973205216544137 ] } },
{ "type": "Feature", "properties": { "A_NUMBER": "D2400144", "A_TYPE": "PL_SSP_SM2", "A_DATE": "2024-06-20T00:00:00", "A_STATUS": "APP", "A_STATUS_D": "2025-02-07T00:00:00", "A_PROJECT_": "Trellis Amendment", "A_DESCRIPT": "Water line extension only to allow increase in units from 90 to up to 122 apartments.", "A_USER_ID": "COLERE", "A_CASE_PLA": "COLERE", "StatCode": "APP", "AppStatus": "Approved", "AppCode": "PL_SSP_SM2", "AppType": "Level 2 - Administrative Site Plan", "CasePlanne": "Cole Renigar", "EMAIL": "Cole.Renigar@durhamnc.gov", "ORIG_FID": "13488", "CreationDa": "2025-09-20T00:00:00", "Creator": "gisproc_sys", "EditDate": "2025-09-20T00:00:00", "Editor": "gisproc_sys", "sf_detached": 0.0, "sf_attached": 0.0, "duplex_triplex": 0.0, "multifamily": 0.0, "condo": 0, "unknown": 0, "data_source": null }, "geometry": { "type": "Point", "coordinates": [ -78.898519403986185, 35.904406046631955 ] } },
{ "type": "Feature", "properties": { "A_NUMBER": "D2400148", "A_TYPE": "PL_MINSP", "A_DATE": "2024-06-28T00:00:00", "A_STATUS": "APP", "A_STATUS_D": "2025-05-22T00:00:00", "A_PROJECT_": "Harris Farm", "A_DESCRIPT": "New development of multi-family apartments to include a total of 385 residential units on two lots.", "A_USER_ID": "PEYTONBL", "A_CASE_PLA": "TREYFI", "StatCode": "APP", "AppStatus": "Approved", "AppCode": "PL_MINSP", "AppType": "Level 4 - Administrative Site Plan", "CasePlanne": "Trey Figueroa", "EMAIL": "Trey.Figueroa@durhamnc.gov", "ORIG_FID": "13499", "CreationDa": "2025-09-20T00:00:00", "Creator": "gisproc_sys", "EditDate": "2025-09-20T00:00:00", "Editor": "gisproc_sys", "sf_detached": 0.0, "sf_attached": 0.0, "duplex_triplex": 0.0, "multifamily": 385.0, "condo": 0, "unknown": 0, "data_source": "ITRE" }, "geometry": { "type": "Point", "coordinates": [ -78.94937464477151, 35.883045897736906 ] } },
{ "type": "Feature", "properties": { "A_NUMBER": "D2400150", "A_TYPE": "PL_MINSP", "A_DATE": "2024-07-02T00:00:00", "A_STATUS": "APP", "A_STATUS_D": "2025-02-17T00:00:00", "A_PROJECT_": "RTP Block H1", "A_DESCRIPT": "Development of multi-story apartment building (226 units), wrapped around a parking deck for the building and related infrastructure.\r\n", "A_USER_ID": "COLERE", "A_CASE_PLA": "COLERE", "StatCode": "APP", "AppStatus": "Approved", "AppCode": "PL_MINSP", "AppType": "Level 4 - Administrative Site Plan", "CasePlanne": "Cole Renigar", "EMAIL": "Cole.Renigar@durhamnc.gov", "ORIG_FID": "13506", "CreationDa": "2025-09-20T00:00:00", "Creator": "gisproc_sys", "EditDate": "2025-09-20T00:00:00", "Editor": "gisproc_sys", "sf_detached": 0.0, "sf_attached": 0.0, "duplex_triplex": 0.0, "multifamily": 226.0, "condo": 0, "unknown": 0, "data_source": "DRHM" }, "geometry": { "type": "Point", "coordinates": [ -78.865764143037538, 35.893348040111398 ] } },
{ "type": "Feature", "properties": { "A_NUMBER": "D2400151", "A_TYPE": "PL_MINSP", "A_DATE": "2024-07-02T00:00:00", "A_STATUS": "UN_RE", "A_STATUS_D": "2024-07-02T00:00:00", "A_PROJECT_": "Russell Road Subdivision", "A_DESCRIPT": "Subdividing property for 9 single-family lots that will be served by septic and well. Construction of main access drive. \r\n", "A_USER_ID": "TREYFI", "A_CASE_PLA": "TREYFI", "StatCode": "UN_RE", "AppStatus": "Under Review", "AppCode": "PL_MINSP", "AppType": "Level 4 - Administrative Site Plan", "CasePlanne": "Trey Figueroa", "EMAIL": "Trey.Figueroa@durhamnc.gov", "ORIG_FID": "13507", "CreationDa": "2025-09-20T00:00:00", "Creator": "gisproc_sys", "EditDate": "2025-09-20T00:00:00", "Editor": "gisproc_sys", "sf_detached": 9.0, "sf_attached": 0.0, "duplex_triplex": 0.0, "multifamily": 0.0, "condo": 0, "unknown": 0, "data_source": "DRHM" }, "geometry": { "type": "Point", "coordinates": [ -78.943314827659563, 36.118436199844773 ] } },
{ "type": "Feature", "properties": { "A_NUMBER": "D2400161", "A_TYPE": "PL_SSP_SM2", "A_DATE": "2024-07-16T00:00:00", "A_STATUS": "APP", "A_STATUS_D": "2025-01-03T00:00:00", "A_PROJECT_": "The Novus Amendment 2", "A_DESCRIPT": "Streetscape revisions, utility/storm adjustments.", "A_USER_ID": "JESSICADO", "A_CASE_PLA": "PEYTONBL", "StatCode": "APP", "AppStatus": "Approved", "AppCode": "PL_SSP_SM2", "AppType": "Level 2 - Administrative Site Plan", "CasePlanne": "PEYTON BLANCHARD", "EMAIL": "PEYTON.BLANCHARD@DURHAMNC.GOV", "ORIG_FID": "13525", "CreationDa": "2025-09-20T00:00:00", "Creator": "gisproc_sys", "EditDate": "2025-09-20T00:00:00", "Editor": "gisproc_sys", "sf_detached": 0.0, "sf_attached": 0.0, "duplex_triplex": 0.0, "multifamily": 0.0, "condo": 0, "unknown": 0, "data_source": null }, "geometry": { "type": "Point", "coordinates": [ -78.904389614668347, 35.997619254561044 ] } },
{ "type": "Feature", "properties": { "A_NUMBER": "D2000054", "A_TYPE": "PL_MINSP", "A_DATE": "2020-02-28T00:00:00", "A_STATUS": "APP", "A_STATUS_D": "2021-01-28T00:00:00", "A_PROJECT_": "Glenn Road Residential", "A_DESCRIPT": "279 Townhouses, 10 O.S. lots , 3 Alley Parcels", "A_USER_ID": "JESSICADO", "A_CASE_PLA": "TREYFI", "StatCode": "APP", "AppStatus": "Approved", "AppCode": "PL_MINSP", "AppType": "Level 4 - Administrative Site Plan", "CasePlanne": "Trey Figueroa", "EMAIL": "Trey.Figueroa@durhamnc.gov", "ORIG_FID": "13577", "CreationDa": "2025-09-20T00:00:00", "Creator": "gisproc_sys", "EditDate": "2025-09-20T00:00:00", "Editor": "gisproc_sys", "sf_detached": 0.0, "sf_attached": 279.0, "duplex_triplex": 0.0, "multifamily": 0.0, "condo": 0, "unknown": 0, "data_source": "DRHM" }, "geometry": { "type": "Point", "coordinates": [ -78.842988272510112, 36.038120568981412 ] } },
{ "type": "Feature", "properties": { "A_NUMBER": "D2100306", "A_TYPE": "PL_MAJSP", "A_DATE": "2021-09-10T00:00:00", "A_STATUS": "APP", "A_STATUS_D": "2022-05-05T00:00:00", "A_PROJECT_": "TROSA Main Campus Expansion", "A_DESCRIPT": "New dormitory and associated infrastructure improvements - 17,480 SF of new dorm, max. number of on-site residents 275", "A_USER_ID": "JESSICADO", "A_CASE_PLA": "ROBINSH", "StatCode": "APP", "AppStatus": "Approved", "AppCode": "PL_MAJSP", "AppType": "Major Site Plan", "CasePlanne": "Robin Schultze", "EMAIL": "Robin.Schultze@durhamnc.gov", "ORIG_FID": "13626", "CreationDa": "2025-09-20T00:00:00", "Creator": "gisproc_sys", "EditDate": "2025-09-20T00:00:00", "Editor": "gisproc_sys", "sf_detached": 0.0, "sf_attached": 0.0, "duplex_triplex": 0.0, "multifamily": 0.0, "condo": 0, "unknown": 0, "data_source": null }, "geometry": { "type": "Point", "coordinates": [ -78.927364928170917, 35.979186871959897 ] } },
{ "type": "Feature", "properties": { "A_NUMBER": "D1800374", "A_TYPE": "PL_MINSP", "A_DATE": "2018-11-27T00:00:00", "A_STATUS": "APP", "A_STATUS_D": "2019-09-05T00:00:00", "A_PROJECT_": "Ashton Crossing", "A_DESCRIPT": "Residential Subdivision. 23 total lots. Zoned PDR-4.18", "A_USER_ID": "KEAGANSA", "A_CASE_PLA": "TREYFI", "StatCode": "APP", "AppStatus": "Approved", "AppCode": "PL_MINSP", "AppType": "Level 4 - Administrative Site Plan", "CasePlanne": "Trey Figueroa", "EMAIL": "Trey.Figueroa@durhamnc.gov", "ORIG_FID": "13663", "CreationDa": "2025-09-20T00:00:00", "Creator": "gisproc_sys", "EditDate": "2025-09-20T00:00:00", "Editor": "gisproc_sys", "sf_detached": 0.0, "sf_attached": 0.0, "duplex_triplex": 0.0, "multifamily": 0.0, "condo": 0, "unknown": 0, "data_source": null }, "geometry": { "type": "Point", "coordinates": [ -78.832482881907211, 35.957888890154059 ] } },
{ "type": "Feature", "properties": { "A_NUMBER": "D1900086", "A_TYPE": "PL_MINSP", "A_DATE": "2019-04-02T00:00:00", "A_STATUS": "APP", "A_STATUS_D": "2020-04-03T00:00:00", "A_PROJECT_": "Nova RTP", "A_DESCRIPT": "Residential and Office - 46 Townhome units, 37 apartment units, 20,000 sq. ft. of additional building floor area", "A_USER_ID": "KIMRO", "A_CASE_PLA": "COLERE", "StatCode": "APP", "AppStatus": "Approved", "AppCode": "PL_MINSP", "AppType": "Level 4 - Administrative Site Plan", "CasePlanne": "Cole Renigar", "EMAIL": "Cole.Renigar@durhamnc.gov", "ORIG_FID": "13676", "CreationDa": "2025-09-20T00:00:00", "Creator": "gisproc_sys", "EditDate": "2025-09-20T00:00:00", "Editor": "gisproc_sys", "sf_detached": 0.0, "sf_attached": 46.0, "duplex_triplex": 0.0, "multifamily": 37.0, "condo": 0, "unknown": 0, "data_source": "DRHM" }, "geometry": { "type": "Point", "coordinates": [ -78.888640183798643, 35.937710134256541 ] } },
{ "type": "Feature", "properties": { "A_NUMBER": "D1600203", "A_TYPE": "PL_MINSP", "A_DATE": "2016-07-26T00:00:00", "A_STATUS": "APP", "A_STATUS_D": "2018-01-24T00:00:00", "A_PROJECT_": "Garrett and Pickett Residential", "A_DESCRIPT": "99 single family 3 open space lots.", "A_USER_ID": "AMANDAHO", "A_CASE_PLA": "TREYFI", "StatCode": "APP", "AppStatus": "Approved", "AppCode": "PL_MINSP", "AppType": "Level 4 - Administrative Site Plan", "CasePlanne": "Trey Figueroa", "EMAIL": "Trey.Figueroa@durhamnc.gov", "ORIG_FID": "13705", "CreationDa": "2025-09-20T00:00:00", "Creator": "gisproc_sys", "EditDate": "2025-09-20T00:00:00", "Editor": "gisproc_sys", "sf_detached": 99.0, "sf_attached": 0.0, "duplex_triplex": 0.0, "multifamily": 0.0, "condo": 0, "unknown": 0, "data_source": "DRHM" }, "geometry": { "type": "Point", "coordinates": [ -78.980403231125678, 35.973047354664949 ] } },
{ "type": "Feature", "properties": { "A_NUMBER": "D2400058", "A_TYPE": "PL_SSP_SM2", "A_DATE": "2024-03-11T00:00:00", "A_STATUS": "APP", "A_STATUS_D": "2024-11-18T00:00:00", "A_PROJECT_": "1307 W Knox St", "A_DESCRIPT": "New 2nd floor residential addition on an existing commercial 1 story building. The roof will be used as a rooftop deck with a kitchenette.", "A_USER_ID": "AWHALEN", "A_CASE_PLA": "JALISAHA", "StatCode": "APP", "AppStatus": "Approved", "AppCode": "PL_SSP_SM2", "AppType": "Level 2 - Administrative Site Plan", "CasePlanne": "JALISA HARRIS", "EMAIL": "Jalisa.Harris@durhamnc.gov", "ORIG_FID": "13727", "CreationDa": "2025-09-20T00:00:00", "Creator": "gisproc_sys", "EditDate": "2025-09-20T00:00:00", "Editor": "gisproc_sys", "sf_detached": 0.0, "sf_attached": 0.0, "duplex_triplex": 0.0, "multifamily": 0.0, "condo": 0, "unknown": 0, "data_source": null }, "geometry": { "type": "Point", "coordinates": [ -78.914002013380312, 36.01318265652602 ] } },
{ "type": "Feature", "properties": { "A_NUMBER": "D1700288", "A_TYPE": "PL_MINSP", "A_DATE": "2017-08-29T00:00:00", "A_STATUS": "APP", "A_STATUS_D": "2018-08-31T00:00:00", "A_PROJECT_": "703 West Trinity Pullman Building", "A_DESCRIPT": "New condo with associated site work.", "A_USER_ID": "KRISTINEMU", "A_CASE_PLA": "EMILYST", "StatCode": "APP", "AppStatus": "Approved", "AppCode": "PL_MINSP", "AppType": "Level 4 - Administrative Site Plan", "CasePlanne": "Emily Struthers", "EMAIL": "Emily.Struthers@durhamnc.gov", "ORIG_FID": "13823", "CreationDa": "2025-09-20T00:00:00", "Creator": "gisproc_sys", "EditDate": "2025-09-20T00:00:00", "Editor": "gisproc_sys", "sf_detached": 0.0, "sf_attached": 0.0, "duplex_triplex": 0.0, "multifamily": 0.0, "condo": 0, "unknown": 0, "data_source": null }, "geometry": { "type": "Point", "coordinates": [ -78.902961935478999, 36.00525750301334 ] } },
{ "type": "Feature", "properties": { "A_NUMBER": "D2300059", "A_TYPE": "PL_MINSP", "A_DATE": "2023-02-27T00:00:00", "A_STATUS": "WITH", "A_STATUS_D": "2025-02-11T00:00:00", "A_PROJECT_": "Garcia Avenue Subdivision", "A_DESCRIPT": "Subdivide current lot into 13 lots, 12 of which are residential lots, with supporting infrastructure. \r\n\r\n", "A_USER_ID": "TREYFI", "A_CASE_PLA": "TREYFI", "StatCode": "WITH", "AppStatus": "Withdrawn/Cancelled", "AppCode": "PL_MINSP", "AppType": "Level 4 - Administrative Site Plan", "CasePlanne": "Trey Figueroa", "EMAIL": "Trey.Figueroa@durhamnc.gov", "ORIG_FID": "13837", "CreationDa": "2025-09-20T00:00:00", "Creator": "gisproc_sys", "EditDate": "2025-09-20T00:00:00", "Editor": "gisproc_sys", "sf_detached": 0.0, "sf_attached": 0.0, "duplex_triplex": 0.0, "multifamily": 456.0, "condo": 0, "unknown": 0, "data_source": "COMP" }, "geometry": { "type": "Point", "coordinates": [ -78.917490937034358, 36.056747479857712 ] } },
{ "type": "Feature", "properties": { "A_NUMBER": "D2100070", "A_TYPE": "PL_SSP_SM2", "A_DATE": "2021-03-04T00:00:00", "A_STATUS": "APP", "A_STATUS_D": "2021-06-28T00:00:00", "A_PROJECT_": "Ellis Road Phase 3 Amendment", "A_DESCRIPT": "Moving Phase Lines", "A_USER_ID": "JOHNRA", "A_CASE_PLA": "COURTNEYMC", "StatCode": "APP", "AppStatus": "Approved", "AppCode": "PL_SSP_SM2", "AppType": "Level 2 - Administrative Site Plan", "CasePlanne": "Courtney McQueen", "EMAIL": "Courtney.McQueen@durhamnc.gov", "ORIG_FID": "13899", "CreationDa": "2025-09-20T00:00:00", "Creator": "gisproc_sys", "EditDate": "2025-09-20T00:00:00", "Editor": "gisproc_sys", "sf_detached": 0.0, "sf_attached": 0.0, "duplex_triplex": 0.0, "multifamily": 0.0, "condo": 0, "unknown": 0, "data_source": null }, "geometry": { "type": "Point", "coordinates": [ -78.861667460322494, 35.951902999977534 ] } },
{ "type": "Feature", "properties": { "A_NUMBER": "D2400081", "A_TYPE": "PL_SSP_SM2", "A_DATE": "2024-04-09T00:00:00", "A_STATUS": "APP", "A_STATUS_D": "2024-08-21T00:00:00", "A_PROJECT_": "Blocks B & C at Hub RTP Amendment", "A_DESCRIPT": "Update to parking summary, final pool footprint, bike room, and added phasing.", "A_USER_ID": "KIMRO", "A_CASE_PLA": "PEYTONBL", "StatCode": "APP", "AppStatus": "Approved", "AppCode": "PL_SSP_SM2", "AppType": "Level 2 - Administrative Site Plan", "CasePlanne": "PEYTON BLANCHARD", "EMAIL": "PEYTON.BLANCHARD@DURHAMNC.GOV", "ORIG_FID": "13903", "CreationDa": "2025-09-20T00:00:00", "Creator": "gisproc_sys", "EditDate": "2025-09-20T00:00:00", "Editor": "gisproc_sys", "sf_detached": 0.0, "sf_attached": 8.0, "duplex_triplex": 0.0, "multifamily": 0.0, "condo": 0, "unknown": 0, "data_source": "COMP" }, "geometry": { "type": "Point", "coordinates": [ -78.862622011888178, 35.891856216644399 ] } },
{ "type": "Feature", "properties": { "A_NUMBER": "D2100231", "A_TYPE": "PL_ASP", "A_DATE": "2021-07-28T00:00:00", "A_STATUS": "APP", "A_STATUS_D": "2021-07-30T00:00:00", "A_PROJECT_": "Fendol Farms Amendment", "A_DESCRIPT": "Amendment to change the timing and CO Condition for HWY 70/Leesville Road NCDOT improvements", "A_USER_ID": "JESSICADO", "A_CASE_PLA": "KYLETA", "StatCode": "APP", "AppStatus": "Approved", "AppCode": "PL_ASP", "AppType": "Level 1 - Administrative Site Plan", "CasePlanne": "Kyle Taylor", "EMAIL": "Kyle.Taylor@durhamnc.gov", "ORIG_FID": "13914", "CreationDa": "2025-09-20T00:00:00", "Creator": "gisproc_sys", "EditDate": "2025-09-20T00:00:00", "Editor": "gisproc_sys", "sf_detached": 0.0, "sf_attached": 0.0, "duplex_triplex": 0.0, "multifamily": 0.0, "condo": 0, "unknown": 0, "data_source": null }, "geometry": { "type": "Point", "coordinates": [ -78.79139679028161, 35.951049633803436 ] } },
{ "type": "Feature", "properties": { "A_NUMBER": "D1900079", "A_TYPE": "PL_MINSP", "A_DATE": "2019-03-27T00:00:00", "A_STATUS": "APP", "A_STATUS_D": "2019-10-01T00:00:00", "A_PROJECT_": "510 E Pettigrew Apartments", "A_DESCRIPT": "240 Unit apartment building over a 114,404 sf parking garage.", "A_USER_ID": "KIMRO", "A_CASE_PLA": "TREYFI", "StatCode": "APP", "AppStatus": "Approved", "AppCode": "PL_MINSP", "AppType": "Level 4 - Administrative Site Plan", "CasePlanne": "Trey Figueroa", "EMAIL": "Trey.Figueroa@durhamnc.gov", "ORIG_FID": "13945", "CreationDa": "2025-09-20T00:00:00", "Creator": "gisproc_sys", "EditDate": "2025-09-20T00:00:00", "Editor": "gisproc_sys", "sf_detached": 0.0, "sf_attached": 0.0, "duplex_triplex": 0.0, "multifamily": 240.0, "condo": 0, "unknown": 0, "data_source": "DRHM" }, "geometry": { "type": "Point", "coordinates": [ -78.897687978650055, 35.989208327660464 ] } },
{ "type": "Feature", "properties": { "A_NUMBER": "D1700345", "A_TYPE": "PL_MINSP", "A_DATE": "2017-11-07T00:00:00", "A_STATUS": "APP", "A_STATUS_D": "2018-06-11T00:00:00", "A_PROJECT_": "Carpenter Fletcher Subdivision", "A_DESCRIPT": "11 lots single-family subdivision preliminary plat", "A_USER_ID": "KARENPA", "A_CASE_PLA": "DCULTRA", "StatCode": "APP", "AppStatus": "Approved", "AppCode": "PL_MINSP", "AppType": "Level 4 - Administrative Site Plan", "CasePlanne": "Danny Cultra", "EMAIL": "Danny.Cultra@durhamnc.gov", "ORIG_FID": "13965", "CreationDa": "2025-09-20T00:00:00", "Creator": "gisproc_sys", "EditDate": "2025-09-20T00:00:00", "Editor": "gisproc_sys", "sf_detached": 11.0, "sf_attached": 0.0, "duplex_triplex": 0.0, "multifamily": 0.0, "condo": 0, "unknown": 0, "data_source": "DRHM" }, "geometry": { "type": "Point", "coordinates": [ -78.901989279827234, 35.916776564081665 ] } },
{ "type": "Feature", "properties": { "A_NUMBER": "D2200148", "A_TYPE": "PL_MINSP", "A_DATE": "2022-05-09T00:00:00", "A_STATUS": "APP", "A_STATUS_D": "2022-10-17T00:00:00", "A_PROJECT_": "210 Pacific Avenue Towns", "A_DESCRIPT": "10 townhome units", "A_USER_ID": "ADDMGR", "A_CASE_PLA": "ROBINSH", "StatCode": "APP", "AppStatus": "Approved", "AppCode": "PL_MINSP", "AppType": "Level 4 - Administrative Site Plan", "CasePlanne": "Robin Schultze", "EMAIL": "Robin.Schultze@durhamnc.gov", "ORIG_FID": "13984", "CreationDa": "2025-09-20T00:00:00", "Creator": "gisproc_sys", "EditDate": "2025-09-20T00:00:00", "Editor": "gisproc_sys", "sf_detached": 0.0, "sf_attached": 10.0, "duplex_triplex": 0.0, "multifamily": 0.0, "condo": 0, "unknown": 0, "data_source": "DRHM" }, "geometry": { "type": "Point", "coordinates": [ -78.899755606913985, 36.046057320162959 ] } },
{ "type": "Feature", "properties": { "A_NUMBER": "D2400100", "A_TYPE": "PL_SSP_SM2", "A_DATE": "2024-04-25T00:00:00", "A_STATUS": "APP", "A_STATUS_D": "2024-09-23T00:00:00", "A_PROJECT_": "Everton Site Plan Amendment", "A_DESCRIPT": "Calculation changes based on field change, revisions of entry monument and clubhouse driveway, and unit count revision.", "A_USER_ID": "COLERE", "A_CASE_PLA": "COLERE", "StatCode": "APP", "AppStatus": "Approved", "AppCode": "PL_SSP_SM2", "AppType": "Level 2 - Administrative Site Plan", "CasePlanne": "Cole Renigar", "EMAIL": "Cole.Renigar@durhamnc.gov", "ORIG_FID": "13988", "CreationDa": "2025-09-20T00:00:00", "Creator": "gisproc_sys", "EditDate": "2025-09-20T00:00:00", "Editor": "gisproc_sys", "sf_detached": 0.0, "sf_attached": 0.0, "duplex_triplex": 0.0, "multifamily": 0.0, "condo": 0, "unknown": 0, "data_source": null }, "geometry": { "type": "Point", "coordinates": [ -78.783617775924924, 35.942784909796174 ] } },
{ "type": "Feature", "properties": { "A_NUMBER": "D2300211", "A_TYPE": "PL_MINSP", "A_DATE": "2023-09-06T00:00:00", "A_STATUS": "APP", "A_STATUS_D": "2025-04-10T00:00:00", "A_PROJECT_": "1402 Holloway TPW Apartments", "A_DESCRIPT": "10,809 sq. ft. multifamily apartment facility with 28 units.", "A_USER_ID": "COLERE", "A_CASE_PLA": "COLERE", "StatCode": "APP", "AppStatus": "Approved", "AppCode": "PL_MINSP", "AppType": "Level 4 - Administrative Site Plan", "CasePlanne": "Cole Renigar", "EMAIL": "Cole.Renigar@durhamnc.gov", "ORIG_FID": "14175", "CreationDa": "2025-09-20T00:00:00", "Creator": "gisproc_sys", "EditDate": "2025-09-20T00:00:00", "Editor": "gisproc_sys", "sf_detached": 0.0, "sf_attached": 0.0, "duplex_triplex": 0.0, "multifamily": 28.0, "condo": 0, "unknown": 0, "data_source": "DRHM" }, "geometry": { "type": "Point", "coordinates": [ -78.876548318822628, 35.994031789581094 ] } },
{ "type": "Feature", "properties": { "A_NUMBER": "D2400143", "A_TYPE": "PL_SSP_SM2", "A_DATE": "2024-06-18T00:00:00", "A_STATUS": "APP", "A_STATUS_D": "2025-05-21T00:00:00", "A_PROJECT_": "Latta Park Residential Amendment", "A_DESCRIPT": "Revisions such as driveway aprons, curb transitions, and sidewalk access, Bioretention area #2, and #3, retaining wall, open space, tree save envelop, units 63-66, phase lines and pertaining unit counts. \r\n", "A_USER_ID": "ADDMGR", "A_CASE_PLA": "PEYTONBL", "StatCode": "APP", "AppStatus": "Approved", "AppCode": "PL_SSP_SM2", "AppType": "Level 2 - Administrative Site Plan", "CasePlanne": "PEYTON BLANCHARD", "EMAIL": "PEYTON.BLANCHARD@DURHAMNC.GOV", "ORIG_FID": "14185", "CreationDa": "2025-09-20T00:00:00", "Creator": "gisproc_sys", "EditDate": "2025-09-20T00:00:00", "Editor": "gisproc_sys", "sf_detached": 0.0, "sf_attached": 0.0, "duplex_triplex": 0.0, "multifamily": 0.0, "condo": 0, "unknown": 0, "data_source": null }, "geometry": { "type": "Point", "coordinates": [ -78.927752518394357, 36.078359663993751 ] } },
{ "type": "Feature", "properties": { "A_NUMBER": "D1800022", "A_TYPE": "PL_MINSP", "A_DATE": "2018-01-30T00:00:00", "A_STATUS": "APP", "A_STATUS_D": "2018-08-13T00:00:00", "A_PROJECT_": "Davis Park East", "A_DESCRIPT": "402 apartments and 25,000 square feet of retail along with associated infrastructure and amenities", "A_USER_ID": "JESSICADO", "A_CASE_PLA": "JESSICADO", "StatCode": "APP", "AppStatus": "Approved", "AppCode": "PL_MINSP", "AppType": "Level 4 - Administrative Site Plan", "CasePlanne": "Jessica Dockery", "EMAIL": "Jessica.Dockery@durhamnc.gov", "ORIG_FID": "14321", "CreationDa": "2025-09-20T00:00:00", "Creator": "gisproc_sys", "EditDate": "2025-09-20T00:00:00", "Editor": "gisproc_sys", "sf_detached": 0.0, "sf_attached": 0.0, "duplex_triplex": 0.0, "multifamily": 402.0, "condo": 0, "unknown": 0, "data_source": "DRHM" }, "geometry": { "type": "Point", "coordinates": [ -78.857342040170934, 35.878492191580214 ] } },
{ "type": "Feature", "properties": { "A_NUMBER": "D2100416", "A_TYPE": "PL_MINSP", "A_DATE": "2021-11-22T00:00:00", "A_STATUS": "APP", "A_STATUS_D": "2022-08-16T00:00:00", "A_PROJECT_": "Nova NC55", "A_DESCRIPT": "83 multi-family units with 153 surface parking spaces", "A_USER_ID": "AMANDAHO", "A_CASE_PLA": "ROBINSH", "StatCode": "APP", "AppStatus": "Approved", "AppCode": "PL_MINSP", "AppType": "Level 4 - Administrative Site Plan", "CasePlanne": "Robin Schultze", "EMAIL": "Robin.Schultze@durhamnc.gov", "ORIG_FID": "14347", "CreationDa": "2025-09-20T00:00:00", "Creator": "gisproc_sys", "EditDate": "2025-09-20T00:00:00", "Editor": "gisproc_sys", "sf_detached": 0.0, "sf_attached": 0.0, "duplex_triplex": 0.0, "multifamily": 83.0, "condo": 0, "unknown": 0, "data_source": "DRHM" }, "geometry": { "type": "Point", "coordinates": [ -78.889302799062378, 35.946455297560654 ] } },
{ "type": "Feature", "properties": { "A_NUMBER": "D2300224", "A_TYPE": "PL_MINSP", "A_DATE": "2023-09-29T00:00:00", "A_STATUS": "APP", "A_STATUS_D": "2024-10-31T00:00:00", "A_PROJECT_": "Shady Grove Assemblage", "A_DESCRIPT": "120 Single-family, 300 Townhouse Residential, and a Public Park.", "A_USER_ID": "TREYFI", "A_CASE_PLA": "TREYFI", "StatCode": "APP", "AppStatus": "Approved", "AppCode": "PL_MINSP", "AppType": "Level 4 - Administrative Site Plan", "CasePlanne": "Trey Figueroa", "EMAIL": "Trey.Figueroa@durhamnc.gov", "ORIG_FID": "14355", "CreationDa": "2025-09-20T00:00:00", "Creator": "gisproc_sys", "EditDate": "2025-09-20T00:00:00", "Editor": "gisproc_sys", "sf_detached": 120.0, "sf_attached": 300.0, "duplex_triplex": 0.0, "multifamily": 0.0, "condo": 0, "unknown": 0, "data_source": "DRHM" }, "geometry": { "type": "Point", "coordinates": [ -78.760809649265624, 35.930824786243377 ] } },
{ "type": "Feature", "properties": { "A_NUMBER": "D2100132", "A_TYPE": "PL_MINSP", "A_DATE": "2021-05-12T00:00:00", "A_STATUS": "APP", "A_STATUS_D": "2021-12-28T00:00:00", "A_PROJECT_": "Olive Branch Reserve", "A_DESCRIPT": "350 Single Family and Townhome Units", "A_USER_ID": "KIMRO", "A_CASE_PLA": "TREYFI", "StatCode": "APP", "AppStatus": "Approved", "AppCode": "PL_MINSP", "AppType": "Level 4 - Administrative Site Plan", "CasePlanne": "Trey Figueroa", "EMAIL": "Trey.Figueroa@durhamnc.gov", "ORIG_FID": "14483", "CreationDa": "2025-09-20T00:00:00", "Creator": "gisproc_sys", "EditDate": "2025-09-20T00:00:00", "Editor": "gisproc_sys", "sf_detached": 350.0, "sf_attached": 0.0, "duplex_triplex": 0.0, "multifamily": 0.0, "condo": 0, "unknown": 0, "data_source": "DRHM" }, "geometry": { "type": "Point", "coordinates": [ -78.770202243037104, 35.949130984405386 ] } },
{ "type": "Feature", "properties": { "A_NUMBER": "D2300187", "A_TYPE": "PL_MINSP", "A_DATE": "2023-07-26T00:00:00", "A_STATUS": "APP", "A_STATUS_D": "2024-02-08T00:00:00", "A_PROJECT_": "751 Watercolors Townhomes", "A_DESCRIPT": "50 townhouses on 3.75-acre parcel.", "A_USER_ID": "ADDMGR", "A_CASE_PLA": "TREYFI", "StatCode": "APP", "AppStatus": "Approved", "AppCode": "PL_MINSP", "AppType": "Level 4 - Administrative Site Plan", "CasePlanne": "Trey Figueroa", "EMAIL": "Trey.Figueroa@durhamnc.gov", "ORIG_FID": "14514", "CreationDa": "2025-09-20T00:00:00", "Creator": "gisproc_sys", "EditDate": "2025-09-20T00:00:00", "Editor": "gisproc_sys", "sf_detached": 0.0, "sf_attached": 50.0, "duplex_triplex": 0.0, "multifamily": 0.0, "condo": 0, "unknown": 0, "data_source": "DRHM" }, "geometry": { "type": "Point", "coordinates": [ -78.957581936748056, 35.87939054072708 ] } },
{ "type": "Feature", "properties": { "A_NUMBER": "D2000169", "A_TYPE": "PL_MINSP", "A_DATE": "2020-07-17T00:00:00", "A_STATUS": "APP", "A_STATUS_D": "2021-03-09T00:00:00", "A_PROJECT_": "Morningside", "A_DESCRIPT": "7 lot subdivision with cul-de-sac and gravel utility access road,associated grading and utlilities.", "A_USER_ID": "AMANDAHO", "A_CASE_PLA": "COURTNEYMC", "StatCode": "APP", "AppStatus": "Approved", "AppCode": "PL_MINSP", "AppType": "Level 4 - Administrative Site Plan", "CasePlanne": "Courtney McQueen", "EMAIL": "Courtney.McQueen@durhamnc.gov", "ORIG_FID": "14517", "CreationDa": "2025-09-20T00:00:00", "Creator": "gisproc_sys", "EditDate": "2025-09-20T00:00:00", "Editor": "gisproc_sys", "sf_detached": 0.0, "sf_attached": 0.0, "duplex_triplex": 0.0, "multifamily": 0.0, "condo": 0, "unknown": 0, "data_source": null }, "geometry": { "type": "Point", "coordinates": [ -78.976457401080523, 35.925537772505237 ] } },
{ "type": "Feature", "properties": { "A_NUMBER": "D2000198", "A_TYPE": "PL_MINSP", "A_DATE": "2020-08-18T00:00:00", "A_STATUS": "APP", "A_STATUS_D": "2021-06-21T00:00:00", "A_PROJECT_": "Arringdon Lot 3 Preliminary Plat Amendment", "A_DESCRIPT": "Proposed increase from 59 to 65 townhomes, new elevations, roads changed to driveways, utility easement changes, landscape changes, parking and open space changes, storm layout changes", "A_USER_ID": "JESSICADO", "A_CASE_PLA": "COURTNEYMC", "StatCode": "APP", "AppStatus": "Approved", "AppCode": "PL_MINSP", "AppType": "Level 4 - Administrative Site Plan", "CasePlanne": "Courtney McQueen", "EMAIL": "Courtney.McQueen@durhamnc.gov", "ORIG_FID": "14570", "CreationDa": "2025-09-20T00:00:00", "Creator": "gisproc_sys", "EditDate": "2025-09-20T00:00:00", "Editor": "gisproc_sys", "sf_detached": 0.0, "sf_attached": 59.0, "duplex_triplex": 0.0, "multifamily": 0.0, "condo": 0, "unknown": 0, "data_source": "DRHM" }, "geometry": { "type": "Point", "coordinates": [ -78.827889213149135, 35.88345418359642 ] } },
{ "type": "Feature", "properties": { "A_NUMBER": "D2100014", "A_TYPE": "PL_MINSP", "A_DATE": "2021-01-21T00:00:00", "A_STATUS": "APP", "A_STATUS_D": "2021-07-01T00:00:00", "A_PROJECT_": "318 W Corporation", "A_DESCRIPT": "High density residential (82 apartments) with retail space", "A_USER_ID": "JESSICADO", "A_CASE_PLA": "COURTNEYMC", "StatCode": "APP", "AppStatus": "Approved", "AppCode": "PL_MINSP", "AppType": "Level 4 - Administrative Site Plan", "CasePlanne": "Courtney McQueen", "EMAIL": "Courtney.McQueen@durhamnc.gov", "ORIG_FID": "14575", "CreationDa": "2025-09-20T00:00:00", "Creator": "gisproc_sys", "EditDate": "2025-09-20T00:00:00", "Editor": "gisproc_sys", "sf_detached": 0.0, "sf_attached": 0.0, "duplex_triplex": 0.0, "multifamily": 82.0, "condo": 0, "unknown": 0, "data_source": "DRHM" }, "geometry": { "type": "Point", "coordinates": [ -78.899494988663079, 36.002199696913223 ] } },
{ "type": "Feature", "properties": { "A_NUMBER": "D1600169", "A_TYPE": "PL_MINPP", "A_DATE": "2016-06-14T00:00:00", "A_STATUS": "WITH", "A_STATUS_D": "2017-12-07T00:00:00", "A_PROJECT_": "Stoneybrook Subdivision Croasdaile Farm", "A_DESCRIPT": "3 lot subdivision.", "A_USER_ID": "BDOBRZENSKI", "A_CASE_PLA": "DANIELHE", "StatCode": "WITH", "AppStatus": "Withdrawn/Cancelled", "AppCode": "PL_MINPP", "AppType": "Minor Preliminary Plat", "CasePlanne": "Daniel Hedglin", "EMAIL": "Daniel.Hedglin@durhamnc.gov", "ORIG_FID": "14606", "CreationDa": "2025-09-20T00:00:00", "Creator": "gisproc_sys", "EditDate": "2025-09-20T00:00:00", "Editor": "gisproc_sys", "sf_detached": 0.0, "sf_attached": 0.0, "duplex_triplex": 0.0, "multifamily": 0.0, "condo": 0, "unknown": 0, "data_source": null }, "geometry": { "type": "Point", "coordinates": [ -78.942641634966904, 36.039738684377106 ] } },
{ "type": "Feature", "properties": { "A_NUMBER": "D2200233", "A_TYPE": "PL_MINSP", "A_DATE": "2022-07-01T00:00:00", "A_STATUS": "APP", "A_STATUS_D": "2023-04-14T00:00:00", "A_PROJECT_": "Courtyards at Farrington", "A_DESCRIPT": "Proposed 64 single family homes and amenity.", "A_USER_ID": "COLERE", "A_CASE_PLA": "COLERE", "StatCode": "APP", "AppStatus": "Approved", "AppCode": "PL_MINSP", "AppType": "Level 4 - Administrative Site Plan", "CasePlanne": "Cole Renigar", "EMAIL": "Cole.Renigar@durhamnc.gov", "ORIG_FID": "14666", "CreationDa": "2025-09-20T00:00:00", "Creator": "gisproc_sys", "EditDate": "2025-09-20T00:00:00", "Editor": "gisproc_sys", "sf_detached": 64.0, "sf_attached": 0.0, "duplex_triplex": 0.0, "multifamily": 0.0, "condo": 0, "unknown": 0, "data_source": "DRHM" }, "geometry": { "type": "Point", "coordinates": [ -78.9878752772225, 35.924205852442206 ] } },
{ "type": "Feature", "properties": { "A_NUMBER": "D2000156", "A_TYPE": "PL_MINSP", "A_DATE": "2020-07-07T00:00:00", "A_STATUS": "WITH", "A_STATUS_D": "2022-01-20T00:00:00", "A_PROJECT_": "Hunt Street Residential", "A_DESCRIPT": "Construction of 5 Single family Dwelling Units with the associated water, sewer & Stormwater Needs", "A_USER_ID": "TREYFI", "A_CASE_PLA": "TREYFI", "StatCode": "WITH", "AppStatus": "Withdrawn/Cancelled", "AppCode": "PL_MINSP", "AppType": "Level 4 - Administrative Site Plan", "CasePlanne": "Trey Figueroa", "EMAIL": "Trey.Figueroa@durhamnc.gov", "ORIG_FID": "14667", "CreationDa": "2025-09-20T00:00:00", "Creator": "gisproc_sys", "EditDate": "2025-09-20T00:00:00", "Editor": "gisproc_sys", "sf_detached": 0.0, "sf_attached": 0.0, "duplex_triplex": 0.0, "multifamily": 0.0, "condo": 0, "unknown": 0, "data_source": null }, "geometry": { "type": "Point", "coordinates": [ -78.897877182922571, 35.999787013267643 ] } },
{ "type": "Feature", "properties": { "A_NUMBER": "D2000287", "A_TYPE": "PL_MINSP", "A_DATE": "2020-11-24T00:00:00", "A_STATUS": "APP", "A_STATUS_D": "2021-07-12T00:00:00", "A_PROJECT_": "Farrington Multi- Family", "A_DESCRIPT": "250 unit Apartment complex", "A_USER_ID": "KIMRO", "A_CASE_PLA": "TREYFI", "StatCode": "APP", "AppStatus": "Approved", "AppCode": "PL_MINSP", "AppType": "Level 4 - Administrative Site Plan", "CasePlanne": "Trey Figueroa", "EMAIL": "Trey.Figueroa@durhamnc.gov", "ORIG_FID": "14755", "CreationDa": "2025-09-20T00:00:00", "Creator": "gisproc_sys", "EditDate": "2025-09-20T00:00:00", "Editor": "gisproc_sys", "sf_detached": 0.0, "sf_attached": 0.0, "duplex_triplex": 0.0, "multifamily": 250.0, "condo": 0, "unknown": 0, "data_source": "DRHM" }, "geometry": { "type": "Point", "coordinates": [ -78.986342768936197, 35.918128055448491 ] } },
{ "type": "Feature", "properties": { "A_NUMBER": "D2200131", "A_TYPE": "PL_MINSP", "A_DATE": "2022-04-19T00:00:00", "A_STATUS": "APP", "A_STATUS_D": "2023-05-11T00:00:00", "A_PROJECT_": "Bethpage Apartments Phase 2", "A_DESCRIPT": "343 mutifamily units, 9 buildings", "A_USER_ID": "ROBINSH", "A_CASE_PLA": "ROBINSH", "StatCode": "APP", "AppStatus": "Approved", "AppCode": "PL_MINSP", "AppType": "Level 4 - Administrative Site Plan", "CasePlanne": "Robin Schultze", "EMAIL": "Robin.Schultze@durhamnc.gov", "ORIG_FID": "14786", "CreationDa": "2025-09-20T00:00:00", "Creator": "gisproc_sys", "EditDate": "2025-09-20T00:00:00", "Editor": "gisproc_sys", "sf_detached": 0.0, "sf_attached": 0.0, "duplex_triplex": 0.0, "multifamily": 343.0, "condo": 0, "unknown": 0, "data_source": "DRHM" }, "geometry": { "type": "Point", "coordinates": [ -78.830766813919126, 35.89717187839674 ] } },
{ "type": "Feature", "properties": { "A_NUMBER": "D1600333", "A_TYPE": "PL_MINSP", "A_DATE": "2016-11-22T00:00:00", "A_STATUS": "APP", "A_STATUS_D": "2017-07-12T00:00:00", "A_PROJECT_": "The Meadows at Colony Park (RE-DESIGNED)", "A_DESCRIPT": "60 lot Residential Subdivision", "A_USER_ID": "LEEDA", "A_CASE_PLA": "TREYFI", "StatCode": "APP", "AppStatus": "Approved", "AppCode": "PL_MINSP", "AppType": "Level 4 - Administrative Site Plan", "CasePlanne": "Trey Figueroa", "EMAIL": "Trey.Figueroa@durhamnc.gov", "ORIG_FID": "14796", "CreationDa": "2025-09-20T00:00:00", "Creator": "gisproc_sys", "EditDate": "2025-09-20T00:00:00", "Editor": "gisproc_sys", "sf_detached": 0.0, "sf_attached": 0.0, "duplex_triplex": 0.0, "multifamily": 0.0, "condo": 0, "unknown": 0, "data_source": null }, "geometry": { "type": "Point", "coordinates": [ -78.959277924648617, 35.982647689167749 ] } },
{ "type": "Feature", "properties": { "A_NUMBER": "D1700376", "A_TYPE": "PL_MINSP", "A_DATE": "2017-12-05T00:00:00", "A_STATUS": "APP", "A_STATUS_D": "2018-06-08T00:00:00", "A_PROJECT_": "Solis Patterson Place Apartments", "A_DESCRIPT": "347 unit apartment project (16 buildings and 3 garages).", "A_USER_ID": "JESSICADO", "A_CASE_PLA": "JESSICADO", "StatCode": "APP", "AppStatus": "Approved", "AppCode": "PL_MINSP", "AppType": "Level 4 - Administrative Site Plan", "CasePlanne": "Jessica Dockery", "EMAIL": "Jessica.Dockery@durhamnc.gov", "ORIG_FID": "14834", "CreationDa": "2025-09-20T00:00:00", "Creator": "gisproc_sys", "EditDate": "2025-09-20T00:00:00", "Editor": "gisproc_sys", "sf_detached": 0.0, "sf_attached": 0.0, "duplex_triplex": 0.0, "multifamily": 347.0, "condo": 0, "unknown": 0, "data_source": "DRHM" }, "geometry": { "type": "Point", "coordinates": [ -78.982581176123858, 35.949631980233249 ] } },
{ "type": "Feature", "properties": { "A_NUMBER": "D2000145", "A_TYPE": "PL_MINSP", "A_DATE": "2020-06-22T00:00:00", "A_STATUS": "APP", "A_STATUS_D": "2021-01-27T00:00:00", "A_PROJECT_": "521 Mangum", "A_DESCRIPT": "Proposed 18 apartment unit condo project", "A_USER_ID": "JESSICADO", "A_CASE_PLA": "COURTNEYMC", "StatCode": "APP", "AppStatus": "Approved", "AppCode": "PL_MINSP", "AppType": "Level 4 - Administrative Site Plan", "CasePlanne": "Courtney McQueen", "EMAIL": "Courtney.McQueen@durhamnc.gov", "ORIG_FID": "14895", "CreationDa": "2025-09-20T00:00:00", "Creator": "gisproc_sys", "EditDate": "2025-09-20T00:00:00", "Editor": "gisproc_sys", "sf_detached": 0.0, "sf_attached": 0.0, "duplex_triplex": 0.0, "multifamily": 18.0, "condo": 0, "unknown": 0, "data_source": "DRHM" }, "geometry": { "type": "Point", "coordinates": [ -78.897233206846636, 35.999605462681629 ] } },
{ "type": "Feature", "properties": { "A_NUMBER": "A1700007", "A_TYPE": "PL_CPAA", "A_DATE": "2017-04-11T00:00:00", "A_STATUS": "APP", "A_STATUS_D": "2018-03-20T00:00:00", "A_PROJECT_": "Page Park II", "A_DESCRIPT": "Plan Amendment associated with Z1700013. Request Commercial to Low-Medium Density Residential.", "A_USER_ID": "DACIARE", "A_CASE_PLA": "JAMIESUN", "StatCode": "APP", "AppStatus": "Approved", "AppCode": "PL_CPAA", "AppType": "Comprehensive Plan Map or Plan Amendment", "CasePlanne": null, "EMAIL": null, "ORIG_FID": "14909", "CreationDa": "2025-09-20T00:00:00", "Creator": "gisproc_sys", "EditDate": "2025-09-20T00:00:00", "Editor": "gisproc_sys", "sf_detached": 0.0, "sf_attached": 0.0, "duplex_triplex": 0.0, "multifamily": 0.0, "condo": 0, "unknown": 0, "data_source": null }, "geometry": { "type": "Point", "coordinates": [ -78.830471382890181, 35.889231918503782 ] } },
{ "type": "Feature", "properties": { "A_NUMBER": "D2000294", "A_TYPE": "PL_MINSP", "A_DATE": "2020-12-03T00:00:00", "A_STATUS": "APP", "A_STATUS_D": "2022-04-20T00:00:00", "A_PROJECT_": "Arlene Pointe", "A_DESCRIPT": "This project includes 24 single family lots with associated streets,sidewalks,utilities,grading,stormwater and landscaping", "A_USER_ID": "TREYFI", "A_CASE_PLA": "TREYFI", "StatCode": "APP", "AppStatus": "Approved", "AppCode": "PL_MINSP", "AppType": "Level 4 - Administrative Site Plan", "CasePlanne": "Trey Figueroa", "EMAIL": "Trey.Figueroa@durhamnc.gov", "ORIG_FID": "15011", "CreationDa": "2025-09-20T00:00:00", "Creator": "gisproc_sys", "EditDate": "2025-09-20T00:00:00", "Editor": "gisproc_sys", "sf_detached": 24.0, "sf_attached": 0.0, "duplex_triplex": 0.0, "multifamily": 0.0, "condo": 0, "unknown": 0, "data_source": "DRHM" }, "geometry": { "type": "Point", "coordinates": [ -78.878253909276054, 36.042337257880519 ] } },
{ "type": "Feature", "properties": { "A_NUMBER": "D2300082", "A_TYPE": "PL_MINSP", "A_DATE": "2023-03-17T00:00:00", "A_STATUS": "APP", "A_STATUS_D": "2023-07-25T00:00:00", "A_PROJECT_": "Blocks B & C at Hub RTP", "A_DESCRIPT": "Addition of new building on block A2-3 and associated infrastructure. Increasing overall units from 366 to 406.", "A_USER_ID": "TREYFI", "A_CASE_PLA": "TREYFI", "StatCode": "APP", "AppStatus": "Approved", "AppCode": "PL_MINSP", "AppType": "Level 4 - Administrative Site Plan", "CasePlanne": "Trey Figueroa", "EMAIL": "Trey.Figueroa@durhamnc.gov", "ORIG_FID": "15025", "CreationDa": "2025-09-20T00:00:00", "Creator": "gisproc_sys", "EditDate": "2025-09-20T00:00:00", "Editor": "gisproc_sys", "sf_detached": 366.0, "sf_attached": 0.0, "duplex_triplex": 0.0, "multifamily": 0.0, "condo": 0, "unknown": 0, "data_source": "DRHM" }, "geometry": { "type": "Point", "coordinates": [ -78.862622011888178, 35.891856216644399 ] } },
{ "type": "Feature", "properties": { "A_NUMBER": "D1900157", "A_TYPE": "PL_ASP", "A_DATE": "2019-05-21T00:00:00", "A_STATUS": "APP", "A_STATUS_D": "2019-06-20T00:00:00", "A_PROJECT_": "Lakeshore Site Plan Amendment #2", "A_DESCRIPT": "Revisions to amenity area/clubhouse", "A_USER_ID": "COLERE", "A_CASE_PLA": "COLERE", "StatCode": "APP", "AppStatus": "Approved", "AppCode": "PL_ASP", "AppType": "Level 1 - Administrative Site Plan", "CasePlanne": "Cole Renigar", "EMAIL": "Cole.Renigar@durhamnc.gov", "ORIG_FID": "15029", "CreationDa": "2025-09-20T00:00:00", "Creator": "gisproc_sys", "EditDate": "2025-09-20T00:00:00", "Editor": "gisproc_sys", "sf_detached": 0.0, "sf_attached": 0.0, "duplex_triplex": 0.0, "multifamily": 0.0, "condo": 0, "unknown": 0, "data_source": null }, "geometry": { "type": "Point", "coordinates": [ -78.834619391806029, 35.933019493961972 ] } },
{ "type": "Feature", "properties": { "A_NUMBER": "D2200293", "A_TYPE": "PL_MINSP", "A_DATE": "2022-08-31T00:00:00", "A_STATUS": "APP", "A_STATUS_D": "2023-08-24T00:00:00", "A_PROJECT_": "Summer Meadow Phase 4A & 4B", "A_DESCRIPT": "Proposed 23 single-family lots in phases 4A and 4B.", "A_USER_ID": "KEAGANSA", "A_CASE_PLA": "KEAGANSA", "StatCode": "APP", "AppStatus": "Approved", "AppCode": "PL_MINSP", "AppType": "Level 4 - Administrative Site Plan", "CasePlanne": "Keagan Sacripanti", "EMAIL": "Keagan.Sacripanti@durhamnc.gov", "ORIG_FID": "15100", "CreationDa": "2025-09-20T00:00:00", "Creator": "gisproc_sys", "EditDate": "2025-09-20T00:00:00", "Editor": "gisproc_sys", "sf_detached": 23.0, "sf_attached": 0.0, "duplex_triplex": 0.0, "multifamily": 0.0, "condo": 0, "unknown": 0, "data_source": "DRHM" }, "geometry": { "type": "Point", "coordinates": [ -78.886158801161571, 36.065608179035038 ] } },
{ "type": "Feature", "properties": { "A_NUMBER": "D1600354", "A_TYPE": "PL_MINSP", "A_DATE": "2016-12-20T00:00:00", "A_STATUS": "APP", "A_STATUS_D": "2018-03-29T00:00:00", "A_PROJECT_": "TW Alexander Townhomes", "A_DESCRIPT": "154 Townhome Lots", "A_USER_ID": "COLERE", "A_CASE_PLA": "TREYFI", "StatCode": "APP", "AppStatus": "Approved", "AppCode": "PL_MINSP", "AppType": "Level 4 - Administrative Site Plan", "CasePlanne": "Trey Figueroa", "EMAIL": "Trey.Figueroa@durhamnc.gov", "ORIG_FID": "15151", "CreationDa": "2025-09-20T00:00:00", "Creator": "gisproc_sys", "EditDate": "2025-09-20T00:00:00", "Editor": "gisproc_sys", "sf_detached": 0.0, "sf_attached": 154.0, "duplex_triplex": 0.0, "multifamily": 0.0, "condo": 0, "unknown": 0, "data_source": "DRHM" }, "geometry": { "type": "Point", "coordinates": [ -78.89122792189967, 35.882834187580841 ] } },
{ "type": "Feature", "properties": { "A_NUMBER": "D2100030", "A_TYPE": "PL_MINSP", "A_DATE": "2021-02-02T00:00:00", "A_STATUS": "APP", "A_STATUS_D": "2021-07-26T00:00:00", "A_PROJECT_": "120 Broadway Street", "A_DESCRIPT": "24 townhomes + 1 HOA lot  with bio-retention area.", "A_USER_ID": "KIMRO", "A_CASE_PLA": "COURTNEYMC", "StatCode": "APP", "AppStatus": "Approved", "AppCode": "PL_MINSP", "AppType": "Level 4 - Administrative Site Plan", "CasePlanne": "Courtney McQueen", "EMAIL": "Courtney.McQueen@durhamnc.gov", "ORIG_FID": "15184", "CreationDa": "2025-09-20T00:00:00", "Creator": "gisproc_sys", "EditDate": "2025-09-20T00:00:00", "Editor": "gisproc_sys", "sf_detached": 0.0, "sf_attached": 24.0, "duplex_triplex": 0.0, "multifamily": 0.0, "condo": 0, "unknown": 0, "data_source": "DRHM" }, "geometry": { "type": "Point", "coordinates": [ -78.897414396191621, 36.001364166153984 ] } },
{ "type": "Feature", "properties": { "A_NUMBER": "D1900031", "A_TYPE": "PL_MINSP", "A_DATE": "2019-02-11T00:00:00", "A_STATUS": "APP", "A_STATUS_D": "2020-08-03T00:00:00", "A_PROJECT_": "The Corners at Brier Creek", "A_DESCRIPT": "Project will be the development of an Apartment complex with a stand alone amenity center and parking garages with necessary utility infrastructure", "A_USER_ID": "JOHNRA", "A_CASE_PLA": "DCULTRA", "StatCode": "APP", "AppStatus": "Approved", "AppCode": "PL_MINSP", "AppType": "Level 4 - Administrative Site Plan", "CasePlanne": "Danny Cultra", "EMAIL": "Danny.Cultra@durhamnc.gov", "ORIG_FID": "15195", "CreationDa": "2025-09-20T00:00:00", "Creator": "gisproc_sys", "EditDate": "2025-09-20T00:00:00", "Editor": "gisproc_sys", "sf_detached": 0.0, "sf_attached": 0.0, "duplex_triplex": 0.0, "multifamily": 0.0, "condo": 0, "unknown": 298, "data_source": "COMP" }, "geometry": { "type": "Point", "coordinates": [ -78.787686211790984, 35.923384674417285 ] } },
{ "type": "Feature", "properties": { "A_NUMBER": "D1800248", "A_TYPE": "PL_MINSP", "A_DATE": "2018-07-17T00:00:00", "A_STATUS": "APP", "A_STATUS_D": "2019-07-23T00:00:00", "A_PROJECT_": "Atwater ( formally named Ellis Road)", "A_DESCRIPT": "85 Townhouse lots", "A_USER_ID": "KIMRO", "A_CASE_PLA": "COURTNEYMC", "StatCode": "APP", "AppStatus": "Approved", "AppCode": "PL_MINSP", "AppType": "Level 4 - Administrative Site Plan", "CasePlanne": "Courtney McQueen", "EMAIL": "Courtney.McQueen@durhamnc.gov", "ORIG_FID": "15231", "CreationDa": "2025-09-20T00:00:00", "Creator": "gisproc_sys", "EditDate": "2025-09-20T00:00:00", "Editor": "gisproc_sys", "sf_detached": 0.0, "sf_attached": 85.0, "duplex_triplex": 0.0, "multifamily": 0.0, "condo": 0, "unknown": 0, "data_source": "DRHM" }, "geometry": { "type": "Point", "coordinates": [ -78.86684756040853, 35.948312860316804 ] } },
{ "type": "Feature", "properties": { "A_NUMBER": "D2100175", "A_TYPE": "PL_MINSP", "A_DATE": "2021-06-24T00:00:00", "A_STATUS": "APP", "A_STATUS_D": "2022-06-10T00:00:00", "A_PROJECT_": "1001 Olive Branch Subdivision - Sweetbrier - Phase 2", "A_DESCRIPT": "124 Single-Family Detached and 207 Townhouse lots plus 10 Open Space lots", "A_USER_ID": "JESSICADO", "A_CASE_PLA": "COLERE", "StatCode": "APP", "AppStatus": "Approved", "AppCode": "PL_MINSP", "AppType": "Level 4 - Administrative Site Plan", "CasePlanne": "Cole Renigar", "EMAIL": "Cole.Renigar@durhamnc.gov", "ORIG_FID": "15262", "CreationDa": "2025-09-20T00:00:00", "Creator": "gisproc_sys", "EditDate": "2025-09-20T00:00:00", "Editor": "gisproc_sys", "sf_detached": 124.0, "sf_attached": 207.0, "duplex_triplex": 0.0, "multifamily": 0.0, "condo": 0, "unknown": 0, "data_source": "DRHM" }, "geometry": { "type": "Point", "coordinates": [ -78.778358120734055, 35.952776344824478 ] } },
{ "type": "Feature", "properties": { "A_NUMBER": "D2300118", "A_TYPE": "PL_MINSP", "A_DATE": "2023-05-01T00:00:00", "A_STATUS": "WITH", "A_STATUS_D": "2024-05-06T00:00:00", "A_PROJECT_": "1900 Hillandale", "A_DESCRIPT": "14 Townhome Community.", "A_USER_ID": "TREYFI", "A_CASE_PLA": "TREYFI", "StatCode": "WITH", "AppStatus": "Withdrawn/Cancelled", "AppCode": "PL_MINSP", "AppType": "Level 4 - Administrative Site Plan", "CasePlanne": "Trey Figueroa", "EMAIL": "Trey.Figueroa@durhamnc.gov", "ORIG_FID": "15290", "CreationDa": "2025-09-20T00:00:00", "Creator": "gisproc_sys", "EditDate": "2025-09-20T00:00:00", "Editor": "gisproc_sys", "sf_detached": 0.0, "sf_attached": 0.0, "duplex_triplex": 0.0, "multifamily": 930.0, "condo": 0, "unknown": 0, "data_source": "COMP" }, "geometry": { "type": "Point", "coordinates": [ -78.935184586637931, 36.033660406324344 ] } },
{ "type": "Feature", "properties": { "A_NUMBER": "D1900301", "A_TYPE": "PL_MINSP", "A_DATE": "2019-08-26T00:00:00", "A_STATUS": "APP", "A_STATUS_D": "2020-02-03T00:00:00", "A_PROJECT_": "Magnolia - Phase IV", "A_DESCRIPT": "53 Townhome Units + 2 open spaces = 55 lots", "A_USER_ID": "GSMITH", "A_CASE_PLA": "DCULTRA", "StatCode": "APP", "AppStatus": "Approved", "AppCode": "PL_MINSP", "AppType": "Level 4 - Administrative Site Plan", "CasePlanne": "Danny Cultra", "EMAIL": "Danny.Cultra@durhamnc.gov", "ORIG_FID": "15343", "CreationDa": "2025-09-20T00:00:00", "Creator": "gisproc_sys", "EditDate": "2025-09-20T00:00:00", "Editor": "gisproc_sys", "sf_detached": 0.0, "sf_attached": 53.0, "duplex_triplex": 0.0, "multifamily": 0.0, "condo": 0, "unknown": 0, "data_source": "DRHM" }, "geometry": { "type": "Point", "coordinates": [ -78.887955049818174, 36.054494896039309 ] } },
{ "type": "Feature", "properties": { "A_NUMBER": "D1600013", "A_TYPE": "PL_ASP", "A_DATE": "2016-01-20T00:00:00", "A_STATUS": "APP", "A_STATUS_D": "2016-02-23T00:00:00", "A_PROJECT_": "Del Webb Carolina Arbors 3-6 Amendment", "A_DESCRIPT": "Modify tree replacement areas", "A_USER_ID": "DCULTRA", "A_CASE_PLA": "DCULTRA", "StatCode": "APP", "AppStatus": "Approved", "AppCode": "PL_ASP", "AppType": "Level 1 - Administrative Site Plan", "CasePlanne": "Danny Cultra", "EMAIL": "Danny.Cultra@durhamnc.gov", "ORIG_FID": "15466", "CreationDa": "2025-09-20T00:00:00", "Creator": "gisproc_sys", "EditDate": "2025-09-20T00:00:00", "Editor": "gisproc_sys", "sf_detached": 0.0, "sf_attached": 0.0, "duplex_triplex": 0.0, "multifamily": 0.0, "condo": 0, "unknown": 0, "data_source": null }, "geometry": { "type": "Point", "coordinates": [ -78.78866272479236, 35.926465622028644 ] } },
{ "type": "Feature", "properties": { "A_NUMBER": "D2400166", "A_TYPE": "PL_MINSP", "A_DATE": "2024-07-24T00:00:00", "A_STATUS": "UN_RE", "A_STATUS_D": "2025-07-02T00:00:00", "A_PROJECT_": "Bourdon Woods", "A_DESCRIPT": "Relocations of buildings to match CD.", "A_USER_ID": "KATIESU", "A_CASE_PLA": "COLERE", "StatCode": "UN_RE", "AppStatus": "Under Review", "AppCode": "PL_MINSP", "AppType": "Level 4 - Administrative Site Plan", "CasePlanne": "Cole Renigar", "EMAIL": "Cole.Renigar@durhamnc.gov", "ORIG_FID": "15503", "CreationDa": "2025-09-20T00:00:00", "Creator": "gisproc_sys", "EditDate": "2025-09-20T00:00:00", "Editor": "gisproc_sys", "sf_detached": 0.0, "sf_attached": 0.0, "duplex_triplex": 0.0, "multifamily": 0.0, "condo": 0, "unknown": 0, "data_source": null }, "geometry": { "type": "Point", "coordinates": [ -78.813364440113773, 35.944259069616933 ] } },
{ "type": "Feature", "properties": { "A_NUMBER": "D2300216", "A_TYPE": "PL_MINSP", "A_DATE": "2023-09-25T00:00:00", "A_STATUS": "APP", "A_STATUS_D": "2024-08-15T00:00:00", "A_PROJECT_": "Aura 501", "A_DESCRIPT": "Construction of 220 multi-family units with associated amenities and infrastructure totaling in 354,955 sq. ft.", "A_USER_ID": "TREYFI", "A_CASE_PLA": "TREYFI", "StatCode": "APP", "AppStatus": "Approved", "AppCode": "PL_MINSP", "AppType": "Level 4 - Administrative Site Plan", "CasePlanne": "Trey Figueroa", "EMAIL": "Trey.Figueroa@durhamnc.gov", "ORIG_FID": "15537", "CreationDa": "2025-09-20T00:00:00", "Creator": "gisproc_sys", "EditDate": "2025-09-20T00:00:00", "Editor": "gisproc_sys", "sf_detached": 0.0, "sf_attached": 0.0, "duplex_triplex": 0.0, "multifamily": 220.0, "condo": 0, "unknown": 0, "data_source": "DRHM" }, "geometry": { "type": "Point", "coordinates": [ -78.898080496814444, 35.998611471461899 ] } },
{ "type": "Feature", "properties": { "A_NUMBER": "D2300084", "A_TYPE": "PL_MINSP", "A_DATE": "2023-03-21T00:00:00", "A_STATUS": "APP", "A_STATUS_D": "2024-01-17T00:00:00", "A_PROJECT_": "New Hope Commons Multifamily", "A_DESCRIPT": "Demolish one of the existing buildings and a parking area onsite to facilitate two multifamily buildings (460 units across two phases) with integrated structured parking.", "A_USER_ID": "JESSICADO", "A_CASE_PLA": "ROBINSH", "StatCode": "APP", "AppStatus": "Approved", "AppCode": "PL_MINSP", "AppType": "Level 4 - Administrative Site Plan", "CasePlanne": "Robin Schultze", "EMAIL": "Robin.Schultze@durhamnc.gov", "ORIG_FID": "15569", "CreationDa": "2025-09-20T00:00:00", "Creator": "gisproc_sys", "EditDate": "2025-09-20T00:00:00", "Editor": "gisproc_sys", "sf_detached": 0.0, "sf_attached": 0.0, "duplex_triplex": 0.0, "multifamily": 460.0, "condo": 0, "unknown": 0, "data_source": "DRHM" }, "geometry": { "type": "Point", "coordinates": [ -78.997636564457935, 35.954830127913816 ] } },
{ "type": "Feature", "properties": { "A_NUMBER": "D2400119", "A_TYPE": "PL_MINSP", "A_DATE": "2024-05-20T00:00:00", "A_STATUS": "APP", "A_STATUS_D": "2024-10-17T00:00:00", "A_PROJECT_": "500 E. Main St", "A_DESCRIPT": "Amendment to change SCM location, minor utility adjustments, remove plaza fountain, phased linear park construction to adjacent project SPA D2300159.", "A_USER_ID": "COLERE", "A_CASE_PLA": "COLERE", "StatCode": "APP", "AppStatus": "Approved", "AppCode": "PL_MINSP", "AppType": "Level 4 - Administrative Site Plan", "CasePlanne": "Cole Renigar", "EMAIL": "Cole.Renigar@durhamnc.gov", "ORIG_FID": "15580", "CreationDa": "2025-09-20T00:00:00", "Creator": "gisproc_sys", "EditDate": "2025-09-20T00:00:00", "Editor": "gisproc_sys", "sf_detached": 0.0, "sf_attached": 0.0, "duplex_triplex": 0.0, "multifamily": 0.0, "condo": 0, "unknown": 0, "data_source": null }, "geometry": { "type": "Point", "coordinates": [ -78.895183939013208, 35.991385931956827 ] } },
{ "type": "Feature", "properties": { "A_NUMBER": "D1800232", "A_TYPE": "PL_MINSP", "A_DATE": "2018-07-03T00:00:00", "A_STATUS": "APP", "A_STATUS_D": "2019-01-24T00:00:00", "A_PROJECT_": "Broadmont Lakewood", "A_DESCRIPT": "4 Multifamily buildings with assoc. parking and utilities", "A_USER_ID": "AMANDAHO", "A_CASE_PLA": "TREYFI", "StatCode": "APP", "AppStatus": "Approved", "AppCode": "PL_MINSP", "AppType": "Level 4 - Administrative Site Plan", "CasePlanne": "Trey Figueroa", "EMAIL": "Trey.Figueroa@durhamnc.gov", "ORIG_FID": "15624", "CreationDa": "2025-09-20T00:00:00", "Creator": "gisproc_sys", "EditDate": "2025-09-20T00:00:00", "Editor": "gisproc_sys", "sf_detached": 0.0, "sf_attached": 0.0, "duplex_triplex": 0.0, "multifamily": 4.0, "condo": 0, "unknown": 0, "data_source": "DRHM" }, "geometry": { "type": "Point", "coordinates": [ -78.928911731126888, 35.990753541407308 ] } },
{ "type": "Feature", "properties": { "A_NUMBER": "D2000124", "A_TYPE": "PL_MINSP", "A_DATE": "2020-06-02T00:00:00", "A_STATUS": "APP", "A_STATUS_D": "2021-03-30T00:00:00", "A_PROJECT_": "The Forest at Duke Expansion", "A_DESCRIPT": "Replacement of existing western building wing with new parking garage and residential towers. Demo and new building will create a net loss of 2 assisted living beds and the net addtion of 68 independent living units for a total of 300 units.\r\n\r\n", "A_USER_ID": "KIMRO", "A_CASE_PLA": "TREYFI", "StatCode": "APP", "AppStatus": "Approved", "AppCode": "PL_MINSP", "AppType": "Level 4 - Administrative Site Plan", "CasePlanne": "Trey Figueroa", "EMAIL": "Trey.Figueroa@durhamnc.gov", "ORIG_FID": "15782", "CreationDa": "2025-09-20T00:00:00", "Creator": "gisproc_sys", "EditDate": "2025-09-20T00:00:00", "Editor": "gisproc_sys", "sf_detached": 68.0, "sf_attached": 0.0, "duplex_triplex": 0.0, "multifamily": 0.0, "condo": 0, "unknown": 0, "data_source": "DRHM" }, "geometry": { "type": "Point", "coordinates": [ -78.951311174038437, 35.97345995108487 ] } },
{ "type": "Feature", "properties": { "A_NUMBER": "D2200011", "A_TYPE": "PL_MINSP", "A_DATE": "2022-01-19T00:00:00", "A_STATUS": "APP", "A_STATUS_D": "2022-09-13T00:00:00", "A_PROJECT_": "Casa North Duke ", "A_DESCRIPT": "16 affordable unit apartment building with associated site work", "A_USER_ID": "KIMRO", "A_CASE_PLA": "ROBINSH", "StatCode": "APP", "AppStatus": "Approved", "AppCode": "PL_MINSP", "AppType": "Level 4 - Administrative Site Plan", "CasePlanne": "Robin Schultze", "EMAIL": "Robin.Schultze@durhamnc.gov", "ORIG_FID": "15785", "CreationDa": "2025-09-20T00:00:00", "Creator": "gisproc_sys", "EditDate": "2025-09-20T00:00:00", "Editor": "gisproc_sys", "sf_detached": 0.0, "sf_attached": 0.0, "duplex_triplex": 0.0, "multifamily": 16.0, "condo": 0, "unknown": 0, "data_source": "DRHM" }, "geometry": { "type": "Point", "coordinates": [ -78.90640615353486, 36.037260344190607 ] } },
{ "type": "Feature", "properties": { "A_NUMBER": "D2100139", "A_TYPE": "PL_MINSP", "A_DATE": "2021-05-13T00:00:00", "A_STATUS": "APP", "A_STATUS_D": "2021-11-08T00:00:00", "A_PROJECT_": "512 W Geer St", "A_DESCRIPT": "Residential building with 40 dwelling units and commercial space (3,451 SF)", "A_USER_ID": "TREYFI", "A_CASE_PLA": "TREYFI", "StatCode": "APP", "AppStatus": "Approved", "AppCode": "PL_MINSP", "AppType": "Level 4 - Administrative Site Plan", "CasePlanne": "Trey Figueroa", "EMAIL": "Trey.Figueroa@durhamnc.gov", "ORIG_FID": "15834", "CreationDa": "2025-09-20T00:00:00", "Creator": "gisproc_sys", "EditDate": "2025-09-20T00:00:00", "Editor": "gisproc_sys", "sf_detached": 0.0, "sf_attached": 0.0, "duplex_triplex": 0.0, "multifamily": 0.0, "condo": 0, "unknown": 0, "data_source": null }, "geometry": { "type": "Point", "coordinates": [ -78.902456769574982, 36.003966938755006 ] } },
{ "type": "Feature", "properties": { "A_NUMBER": "D2200149", "A_TYPE": "PL_MINSP", "A_DATE": "2022-05-10T00:00:00", "A_STATUS": "APP", "A_STATUS_D": "2022-11-02T00:00:00", "A_PROJECT_": "Cub Creek Station and Sandy Ridge", "A_DESCRIPT": "80 single family, 159 townhomes, 384 market rate apartments & 198 affordable apartments.", "A_USER_ID": "JESSICADO", "A_CASE_PLA": "TREYFI", "StatCode": "APP", "AppStatus": "Approved", "AppCode": "PL_MINSP", "AppType": "Level 4 - Administrative Site Plan", "CasePlanne": "Trey Figueroa", "EMAIL": "Trey.Figueroa@durhamnc.gov", "ORIG_FID": "15864", "CreationDa": "2025-09-20T00:00:00", "Creator": "gisproc_sys", "EditDate": "2025-09-20T00:00:00", "Editor": "gisproc_sys", "sf_detached": 80.0, "sf_attached": 159.0, "duplex_triplex": 0.0, "multifamily": 582.0, "condo": 0, "unknown": 0, "data_source": "DRHM" }, "geometry": { "type": "Point", "coordinates": [ -78.879714014757411, 36.049764406002083 ] } },
{ "type": "Feature", "properties": { "A_NUMBER": "D1700237", "A_TYPE": "PL_MINSP", "A_DATE": "2017-07-18T00:00:00", "A_STATUS": "APP", "A_STATUS_D": "2018-02-08T00:00:00", "A_PROJECT_": "Creekside Commons", "A_DESCRIPT": "132 townhomes.", "A_USER_ID": "DCULTRA", "A_CASE_PLA": "TREYFI", "StatCode": "APP", "AppStatus": "Approved", "AppCode": "PL_MINSP", "AppType": "Level 4 - Administrative Site Plan", "CasePlanne": "Trey Figueroa", "EMAIL": "Trey.Figueroa@durhamnc.gov", "ORIG_FID": "15891", "CreationDa": "2025-09-20T00:00:00", "Creator": "gisproc_sys", "EditDate": "2025-09-20T00:00:00", "Editor": "gisproc_sys", "sf_detached": 0.0, "sf_attached": 132.0, "duplex_triplex": 0.0, "multifamily": 0.0, "condo": 0, "unknown": 0, "data_source": "DRHM" }, "geometry": { "type": "Point", "coordinates": [ -78.993281524273627, 35.929787202078273 ] } },
{ "type": "Feature", "properties": { "A_NUMBER": "D1900189", "A_TYPE": "PL_SSP_SM2", "A_DATE": "2019-06-13T00:00:00", "A_STATUS": "APP", "A_STATUS_D": "2019-08-27T00:00:00", "A_PROJECT_": "Highland Park Subdivision", "A_DESCRIPT": "Multifamily development. Water nutrient purchase change.", "A_USER_ID": "KIMRO", "A_CASE_PLA": "TREYFI", "StatCode": "APP", "AppStatus": "Approved", "AppCode": "PL_SSP_SM2", "AppType": "Level 2 - Administrative Site Plan", "CasePlanne": "Trey Figueroa", "EMAIL": "Trey.Figueroa@durhamnc.gov", "ORIG_FID": "15974", "CreationDa": "2025-09-20T00:00:00", "Creator": "gisproc_sys", "EditDate": "2025-09-20T00:00:00", "Editor": "gisproc_sys", "sf_detached": 0.0, "sf_attached": 0.0, "duplex_triplex": 0.0, "multifamily": 0.0, "condo": 0, "unknown": 0, "data_source": null }, "geometry": { "type": "Point", "coordinates": [ -78.907921326732435, 35.944154659697169 ] } },
{ "type": "Feature", "properties": { "A_NUMBER": "D2100340", "A_TYPE": "PL_MINSP", "A_DATE": "2021-10-04T00:00:00", "A_STATUS": "APP", "A_STATUS_D": "2023-10-31T00:00:00", "A_PROJECT_": "Angier Avenue Apartments", "A_DESCRIPT": "The construction of 8 multifamily buildings with 608 units on 2 parcels to be recombined.", "A_USER_ID": "COLERE", "A_CASE_PLA": "COLERE", "StatCode": "APP", "AppStatus": "Approved", "AppCode": "PL_MINSP", "AppType": "Level 4 - Administrative Site Plan", "CasePlanne": "Cole Renigar", "EMAIL": "Cole.Renigar@durhamnc.gov", "ORIG_FID": "16059", "CreationDa": "2025-09-20T00:00:00", "Creator": "gisproc_sys", "EditDate": "2025-09-20T00:00:00", "Editor": "gisproc_sys", "sf_detached": 0.0, "sf_attached": 0.0, "duplex_triplex": 0.0, "multifamily": 8.0, "condo": 0, "unknown": 0, "data_source": "DRHM" }, "geometry": { "type": "Point", "coordinates": [ -78.848999551518645, 35.954926822875841 ] } },
{ "type": "Feature", "properties": { "A_NUMBER": "A1700017", "A_TYPE": "PL_CPAA", "A_DATE": "2017-12-18T00:00:00", "A_STATUS": "APP", "A_STATUS_D": "2018-02-27T00:00:00", "A_PROJECT_": "Lumley Road Industrial", "A_DESCRIPT": "A request to change the FLUM designation of 134 acres from Industrial to Low Desnsity Residential", "A_USER_ID": "DOUGWE", "A_CASE_PLA": "JWIGGINS", "StatCode": "APP", "AppStatus": "Approved", "AppCode": "PL_CPAA", "AppType": "Comprehensive Plan Map or Plan Amendment", "CasePlanne": "Jacob Wiggins", "EMAIL": "jacob.wiggins@durhamnc.gov", "ORIG_FID": "16072", "CreationDa": "2025-09-20T00:00:00", "Creator": "gisproc_sys", "EditDate": "2025-09-20T00:00:00", "Editor": "gisproc_sys", "sf_detached": 134.0, "sf_attached": 0.0, "duplex_triplex": 0.0, "multifamily": 0.0, "condo": 0, "unknown": 0, "data_source": "DRHM" }, "geometry": { "type": "Point", "coordinates": [ -78.811017124696448, 35.926582655913343 ] } },
{ "type": "Feature", "properties": { "A_NUMBER": "D2100187", "A_TYPE": "PL_MINSP", "A_DATE": "2021-07-01T00:00:00", "A_STATUS": "APP", "A_STATUS_D": "2021-10-28T00:00:00", "A_PROJECT_": "Gateway Center Building 2 (Amendment)", "A_DESCRIPT": "Amendment to D1900025, reducing the number of Multifamily Units from 112 to 66.", "A_USER_ID": "TREYFI", "A_CASE_PLA": "TREYFI", "StatCode": "APP", "AppStatus": "Approved", "AppCode": "PL_MINSP", "AppType": "Level 4 - Administrative Site Plan", "CasePlanne": "Trey Figueroa", "EMAIL": "Trey.Figueroa@durhamnc.gov", "ORIG_FID": "16135", "CreationDa": "2025-09-20T00:00:00", "Creator": "gisproc_sys", "EditDate": "2025-09-20T00:00:00", "Editor": "gisproc_sys", "sf_detached": 0.0, "sf_attached": 0.0, "duplex_triplex": 0.0, "multifamily": 112.0, "condo": 0, "unknown": 0, "data_source": "DRHM" }, "geometry": { "type": "Point", "coordinates": [ -78.900428027732573, 35.990001209800788 ] } },
{ "type": "Feature", "properties": { "A_NUMBER": "D2100466", "A_TYPE": "PL_SSP_SM", "A_DATE": "2021-12-23T00:00:00", "A_STATUS": "WITH", "A_STATUS_D": "2021-12-29T00:00:00", "A_PROJECT_": "116 Newell Street", "A_DESCRIPT": "Duplex with accessory dwelling and all associated parking etc.", "A_USER_ID": "JESSICADO", "A_CASE_PLA": null, "StatCode": "WITH", "AppStatus": "Withdrawn/Cancelled", "AppCode": "PL_SSP_SM", "AppType": "Level 3 - Administrative Site Plan", "CasePlanne": null, "EMAIL": null, "ORIG_FID": "16181", "CreationDa": "2025-09-20T00:00:00", "Creator": "gisproc_sys", "EditDate": "2025-09-20T00:00:00", "Editor": "gisproc_sys", "sf_detached": 0.0, "sf_attached": 0.0, "duplex_triplex": 0.0, "multifamily": 0.0, "condo": 0, "unknown": 0, "data_source": null }, "geometry": { "type": "Point", "coordinates": [ -78.952500373351583, 36.00765786298382 ] } },
{ "type": "Feature", "properties": { "A_NUMBER": "D1700293", "A_TYPE": "PL_MINSP", "A_DATE": "2017-08-29T00:00:00", "A_STATUS": "APP", "A_STATUS_D": "2018-07-12T00:00:00", "A_PROJECT_": "Page Park II", "A_DESCRIPT": "46 townhomes.", "A_USER_ID": "COLERE", "A_CASE_PLA": "TREYFI", "StatCode": "APP", "AppStatus": "Approved", "AppCode": "PL_MINSP", "AppType": "Level 4 - Administrative Site Plan", "CasePlanne": "Trey Figueroa", "EMAIL": "Trey.Figueroa@durhamnc.gov", "ORIG_FID": "16227", "CreationDa": "2025-09-20T00:00:00", "Creator": "gisproc_sys", "EditDate": "2025-09-20T00:00:00", "Editor": "gisproc_sys", "sf_detached": 0.0, "sf_attached": 46.0, "duplex_triplex": 0.0, "multifamily": 0.0, "condo": 0, "unknown": 0, "data_source": "DRHM" }, "geometry": { "type": "Point", "coordinates": [ -78.830471382890181, 35.889231918503782 ] } },
{ "type": "Feature", "properties": { "A_NUMBER": "D2000115", "A_TYPE": "PL_MINSP", "A_DATE": "2020-05-26T00:00:00", "A_STATUS": "APP", "A_STATUS_D": "2021-01-22T00:00:00", "A_PROJECT_": "Duke St. Seniors Housing", "A_DESCRIPT": "80 units Multifamily Development with associated surface parking", "A_USER_ID": "JESSICADO", "A_CASE_PLA": "COURTNEYMC", "StatCode": "APP", "AppStatus": "Approved", "AppCode": "PL_MINSP", "AppType": "Level 4 - Administrative Site Plan", "CasePlanne": "Courtney McQueen", "EMAIL": "Courtney.McQueen@durhamnc.gov", "ORIG_FID": "16240", "CreationDa": "2025-09-20T00:00:00", "Creator": "gisproc_sys", "EditDate": "2025-09-20T00:00:00", "Editor": "gisproc_sys", "sf_detached": 0.0, "sf_attached": 0.0, "duplex_triplex": 0.0, "multifamily": 80.0, "condo": 0, "unknown": 0, "data_source": "DRHM" }, "geometry": { "type": "Point", "coordinates": [ -78.907013730727897, 35.99043206330655 ] } },
{ "type": "Feature", "properties": { "A_NUMBER": "D1700107", "A_TYPE": "PL_ASP", "A_DATE": "2017-04-04T00:00:00", "A_STATUS": "APP", "A_STATUS_D": "2017-05-03T00:00:00", "A_PROJECT_": "Del Webb Carolina Arbors Phases 3 - 6 Open Space Amendment", "A_DESCRIPT": "Amend open space areas in phase 4 for approved single-family subdivision.", "A_USER_ID": "DACIARE", "A_CASE_PLA": "DCULTRA", "StatCode": "APP", "AppStatus": "Approved", "AppCode": "PL_ASP", "AppType": "Level 1 - Administrative Site Plan", "CasePlanne": "Danny Cultra", "EMAIL": "Danny.Cultra@durhamnc.gov", "ORIG_FID": "16344", "CreationDa": "2025-09-20T00:00:00", "Creator": "gisproc_sys", "EditDate": "2025-09-20T00:00:00", "Editor": "gisproc_sys", "sf_detached": 0.0, "sf_attached": 0.0, "duplex_triplex": 0.0, "multifamily": 0.0, "condo": 0, "unknown": 0, "data_source": null }, "geometry": { "type": "Point", "coordinates": [ -78.79327932763853, 35.939934104768859 ] } },
{ "type": "Feature", "properties": { "A_NUMBER": "D2200350", "A_TYPE": "PL_MINSP", "A_DATE": "2022-10-11T00:00:00", "A_STATUS": "WITH", "A_STATUS_D": "2024-02-29T00:00:00", "A_PROJECT_": "Cresent Drive Assemblage", "A_DESCRIPT": "Multifamily consisting of 15 townhomes, 92 apartments, and amenity center.", "A_USER_ID": "KEAGANSA", "A_CASE_PLA": "KEAGANSA", "StatCode": "WITH", "AppStatus": "Withdrawn/Cancelled", "AppCode": "PL_MINSP", "AppType": "Level 4 - Administrative Site Plan", "CasePlanne": "Keagan Sacripanti", "EMAIL": "Keagan.Sacripanti@durhamnc.gov", "ORIG_FID": "16348", "CreationDa": "2025-09-20T00:00:00", "Creator": "gisproc_sys", "EditDate": "2025-09-20T00:00:00", "Editor": "gisproc_sys", "sf_detached": null, "sf_attached": 15.0, "duplex_triplex": null, "multifamily": 92.0, "condo": 0, "unknown": 0, "data_source": "ITRE" }, "geometry": { "type": "Point", "coordinates": [ -78.987513579069542, 35.91661851764546 ] } },
{ "type": "Feature", "properties": { "A_NUMBER": "D1900352", "A_TYPE": "PL_PPA", "A_DATE": "2019-09-27T00:00:00", "A_STATUS": "WITH", "A_STATUS_D": "2025-01-27T00:00:00", "A_PROJECT_": "707 Morehead Ave", "A_DESCRIPT": "construct 17 TH Structures, Convert main house into 2 Townhomes and relocate one SF house", "A_USER_ID": "TREYFI", "A_CASE_PLA": "TREYFI", "StatCode": "WITH", "AppStatus": "Withdrawn/Cancelled", "AppCode": "PL_PPA", "AppType": "Preliminary Plat Amendment", "CasePlanne": "Trey Figueroa", "EMAIL": "Trey.Figueroa@durhamnc.gov", "ORIG_FID": "16360", "CreationDa": "2025-09-20T00:00:00", "Creator": "gisproc_sys", "EditDate": "2025-09-20T00:00:00", "Editor": "gisproc_sys", "sf_detached": 0.0, "sf_attached": 0.0, "duplex_triplex": 0.0, "multifamily": 0.0, "condo": 0, "unknown": 0, "data_source": null }, "geometry": { "type": "Point", "coordinates": [ -78.912514352585205, 35.990750711028809 ] } },
{ "type": "Feature", "properties": { "A_NUMBER": "D1500150", "A_TYPE": "PL_MINPP", "A_DATE": "2015-06-09T00:00:00", "A_STATUS": "WITH", "A_STATUS_D": "2016-01-21T00:00:00", "A_PROJECT_": "Pelican Property Conservation Subdivision", "A_DESCRIPT": "Conservation subdivision (204 SF lots and 10 Open Space lots) on 116 acres (Annexation pending - waiver submitted)", "A_USER_ID": "DACIARE", "A_CASE_PLA": "DCULTRA", "StatCode": "WITH", "AppStatus": "Withdrawn/Cancelled", "AppCode": "PL_MINPP", "AppType": "Minor Preliminary Plat", "CasePlanne": "Danny Cultra", "EMAIL": "Danny.Cultra@durhamnc.gov", "ORIG_FID": "16389", "CreationDa": "2025-09-20T00:00:00", "Creator": "gisproc_sys", "EditDate": "2025-09-20T00:00:00", "Editor": "gisproc_sys", "sf_detached": 0.0, "sf_attached": 0.0, "duplex_triplex": 0.0, "multifamily": 0.0, "condo": 0, "unknown": 0, "data_source": null }, "geometry": { "type": "Point", "coordinates": [ -78.799610349842695, 35.95583505731598 ] } },
{ "type": "Feature", "properties": { "A_NUMBER": "D2200264", "A_TYPE": "PL_MINSP", "A_DATE": "2022-08-01T00:00:00", "A_STATUS": "APP", "A_STATUS_D": "2023-02-28T00:00:00", "A_PROJECT_": "Nichols Village", "A_DESCRIPT": "54 townhomes units", "A_USER_ID": "TREYFI", "A_CASE_PLA": "TREYFI", "StatCode": "APP", "AppStatus": "Approved", "AppCode": "PL_MINSP", "AppType": "Level 4 - Administrative Site Plan", "CasePlanne": "Trey Figueroa", "EMAIL": "Trey.Figueroa@durhamnc.gov", "ORIG_FID": "16417", "CreationDa": "2025-09-20T00:00:00", "Creator": "gisproc_sys", "EditDate": "2025-09-20T00:00:00", "Editor": "gisproc_sys", "sf_detached": 0.0, "sf_attached": 54.0, "duplex_triplex": 0.0, "multifamily": 0.0, "condo": 0, "unknown": 0, "data_source": "DRHM" }, "geometry": { "type": "Point", "coordinates": [ -78.791433015458281, 35.952736075141296 ] } },
{ "type": "Feature", "properties": { "A_NUMBER": "A1700010", "A_TYPE": "PL_CPAA", "A_DATE": "2017-06-14T00:00:00", "A_STATUS": "APP", "A_STATUS_D": "2018-03-21T00:00:00", "A_PROJECT_": "5220 Wake Forest Highway", "A_DESCRIPT": "Multi-family development with 80 units and proposed connections to Hwy 98 and Oakchest Court.  Rezoning from RR to PDR 5.362 (case Z1700022).  Plan Amendment from LDR to LMDR, Annexation", "A_USER_ID": "DACIARE", "A_CASE_PLA": "JAMIESUN", "StatCode": "APP", "AppStatus": "Approved", "AppCode": "PL_CPAA", "AppType": "Comprehensive Plan Map or Plan Amendment", "CasePlanne": null, "EMAIL": null, "ORIG_FID": "16468", "CreationDa": "2025-09-20T00:00:00", "Creator": "gisproc_sys", "EditDate": "2025-09-20T00:00:00", "Editor": "gisproc_sys", "sf_detached": 0.0, "sf_attached": 0.0, "duplex_triplex": 0.0, "multifamily": 80.0, "condo": 0, "unknown": 0, "data_source": "DRHM" }, "geometry": { "type": "Point", "coordinates": [ -78.790312727500094, 35.973298627887495 ] } },
{ "type": "Feature", "properties": { "A_NUMBER": "D1900429", "A_TYPE": "PL_ASP", "A_DATE": "2019-12-16T00:00:00", "A_STATUS": "APP", "A_STATUS_D": "2019-12-16T00:00:00", "A_PROJECT_": "Fendol Farms", "A_DESCRIPT": "Revise condition on coversheet for off-site improvements for leesville to 60th CO.", "A_USER_ID": "JUSTINH", "A_CASE_PLA": "KYLETA", "StatCode": "APP", "AppStatus": "Approved", "AppCode": "PL_ASP", "AppType": "Level 1 - Administrative Site Plan", "CasePlanne": "Kyle Taylor", "EMAIL": "Kyle.Taylor@durhamnc.gov", "ORIG_FID": "16484", "CreationDa": "2025-09-20T00:00:00", "Creator": "gisproc_sys", "EditDate": "2025-09-20T00:00:00", "Editor": "gisproc_sys", "sf_detached": 0.0, "sf_attached": 0.0, "duplex_triplex": 0.0, "multifamily": 0.0, "condo": 0, "unknown": 0, "data_source": null }, "geometry": { "type": "Point", "coordinates": [ -78.790095501023345, 35.940984654558619 ] } },
{ "type": "Feature", "properties": { "A_NUMBER": "D1800043", "A_TYPE": "PL_MINSP", "A_DATE": "2018-02-13T00:00:00", "A_STATUS": "APP", "A_STATUS_D": "2018-08-29T00:00:00", "A_PROJECT_": "Page Square Townhomes", "A_DESCRIPT": "130 townhomes on 24.38 acres zoned PDR 6.458 and located at 208 Smallwood Drive", "A_USER_ID": "JESSICADO", "A_CASE_PLA": "DCULTRA", "StatCode": "APP", "AppStatus": "Approved", "AppCode": "PL_MINSP", "AppType": "Level 4 - Administrative Site Plan", "CasePlanne": "Danny Cultra", "EMAIL": "Danny.Cultra@durhamnc.gov", "ORIG_FID": "16493", "CreationDa": "2025-09-20T00:00:00", "Creator": "gisproc_sys", "EditDate": "2025-09-20T00:00:00", "Editor": "gisproc_sys", "sf_detached": 0.0, "sf_attached": 130.0, "duplex_triplex": 0.0, "multifamily": 0.0, "condo": 0, "unknown": 0, "data_source": "DRHM" }, "geometry": { "type": "Point", "coordinates": [ -78.818646096437391, 35.915645300996118 ] } },
{ "type": "Feature", "properties": { "A_NUMBER": "D1900105", "A_TYPE": "PL_ASP", "A_DATE": "2019-04-15T00:00:00", "A_STATUS": "APP", "A_STATUS_D": "2019-05-17T00:00:00", "A_PROJECT_": "Sherron Road Tract", "A_DESCRIPT": "Change Phasing timing, adjust Byram Ave Alignment to match CDs", "A_USER_ID": "AMANDAHO", "A_CASE_PLA": "COLERE", "StatCode": "APP", "AppStatus": "Approved", "AppCode": "PL_ASP", "AppType": "Level 1 - Administrative Site Plan", "CasePlanne": "Cole Renigar", "EMAIL": "Cole.Renigar@durhamnc.gov", "ORIG_FID": "16528", "CreationDa": "2025-09-20T00:00:00", "Creator": "gisproc_sys", "EditDate": "2025-09-20T00:00:00", "Editor": "gisproc_sys", "sf_detached": 0.0, "sf_attached": 0.0, "duplex_triplex": 0.0, "multifamily": 0.0, "condo": 0, "unknown": 0, "data_source": null }, "geometry": { "type": "Point", "coordinates": [ -78.800439533327022, 35.96996834314006 ] } },
{ "type": "Feature", "properties": { "A_NUMBER": "D2200430", "A_TYPE": "PL_MINSP", "A_DATE": "2022-12-20T00:00:00", "A_STATUS": "APP", "A_STATUS_D": "2023-08-17T00:00:00", "A_PROJECT_": "Southside East Phases 3 & 4", "A_DESCRIPT": "Construction of 100 residential apartment units in 12 buildings.", "A_USER_ID": "ROBINSH", "A_CASE_PLA": "ROBINSH", "StatCode": "APP", "AppStatus": "Approved", "AppCode": "PL_MINSP", "AppType": "Level 4 - Administrative Site Plan", "CasePlanne": "Robin Schultze", "EMAIL": "Robin.Schultze@durhamnc.gov", "ORIG_FID": "16684", "CreationDa": "2025-09-20T00:00:00", "Creator": "gisproc_sys", "EditDate": "2025-09-20T00:00:00", "Editor": "gisproc_sys", "sf_detached": 0.0, "sf_attached": 0.0, "duplex_triplex": 0.0, "multifamily": 100.0, "condo": 0, "unknown": 0, "data_source": "DRHM" }, "geometry": { "type": "Point", "coordinates": [ -78.901788982109835, 35.984662158522923 ] } },
{ "type": "Feature", "properties": { "A_NUMBER": "D1800074", "A_TYPE": "PL_MINSP", "A_DATE": "2018-03-13T00:00:00", "A_STATUS": "APP", "A_STATUS_D": "2018-07-19T00:00:00", "A_PROJECT_": "Ellis Road - Phase 4", "A_DESCRIPT": "254 Townhomes with amenities and offiste improvements", "A_USER_ID": "JESSICADO", "A_CASE_PLA": "JESSICADO", "StatCode": "APP", "AppStatus": "Approved", "AppCode": "PL_MINSP", "AppType": "Level 4 - Administrative Site Plan", "CasePlanne": "Jessica Dockery", "EMAIL": "Jessica.Dockery@durhamnc.gov", "ORIG_FID": "16764", "CreationDa": "2025-09-20T00:00:00", "Creator": "gisproc_sys", "EditDate": "2025-09-20T00:00:00", "Editor": "gisproc_sys", "sf_detached": 0.0, "sf_attached": 254.0, "duplex_triplex": 0.0, "multifamily": 0.0, "condo": 0, "unknown": 0, "data_source": "DRHM" }, "geometry": { "type": "Point", "coordinates": [ -78.848348394254046, 35.938938392866582 ] } },
{ "type": "Feature", "properties": { "A_NUMBER": "D2100461", "A_TYPE": "PL_MINSP", "A_DATE": "2021-12-20T00:00:00", "A_STATUS": "WITH", "A_STATUS_D": "2024-01-26T00:00:00", "A_PROJECT_": "Woodspring Suites - Lot 10 at Ellis Crossing", "A_DESCRIPT": "Develop of 122 room hotel on a previously graded site.", "A_USER_ID": "JESSICADO", "A_CASE_PLA": "TREYFI", "StatCode": "WITH", "AppStatus": "Withdrawn/Cancelled", "AppCode": "PL_MINSP", "AppType": "Level 4 - Administrative Site Plan", "CasePlanne": "Trey Figueroa", "EMAIL": "Trey.Figueroa@durhamnc.gov", "ORIG_FID": "16788", "CreationDa": "2025-09-20T00:00:00", "Creator": "gisproc_sys", "EditDate": "2025-09-20T00:00:00", "Editor": "gisproc_sys", "sf_detached": 0.0, "sf_attached": 0.0, "duplex_triplex": 0.0, "multifamily": 0.0, "condo": 0, "unknown": 0, "data_source": null }, "geometry": { "type": "Point", "coordinates": [ -78.855892483681785, 35.942108318076642 ] } },
{ "type": "Feature", "properties": { "A_NUMBER": "D2100122", "A_TYPE": "PL_MINSP", "A_DATE": "2021-04-21T00:00:00", "A_STATUS": "APP", "A_STATUS_D": "2021-09-01T00:00:00", "A_PROJECT_": "Casa 606/608 (Apartments) Amendment 1", "A_DESCRIPT": "Revision of building approved with D1900139, Addition of 2nd building and accoutrements. 14 apartments", "A_USER_ID": "JESSICADO", "A_CASE_PLA": "JOHNRA", "StatCode": "APP", "AppStatus": "Approved", "AppCode": "PL_MINSP", "AppType": "Level 4 - Administrative Site Plan", "CasePlanne": "John Rabon", "EMAIL": "John.Rabon@durhamnc.gov", "ORIG_FID": "16819", "CreationDa": "2025-09-20T00:00:00", "Creator": "gisproc_sys", "EditDate": "2025-09-20T00:00:00", "Editor": "gisproc_sys", "sf_detached": 0.0, "sf_attached": 0.0, "duplex_triplex": 0.0, "multifamily": 14.0, "condo": 0, "unknown": 0, "data_source": "DRHM" }, "geometry": { "type": "Point", "coordinates": [ -78.894430419530707, 35.998130579697282 ] } },
{ "type": "Feature", "properties": { "A_NUMBER": "D1800087", "A_TYPE": "PL_MINSP", "A_DATE": "2018-03-20T00:00:00", "A_STATUS": "APP", "A_STATUS_D": "2019-02-04T00:00:00", "A_PROJECT_": "Durham Gateway", "A_DESCRIPT": "Mixed Use Multi-Family and Retail Development", "A_USER_ID": "AMANDAHO", "A_CASE_PLA": "EMILYST", "StatCode": "APP", "AppStatus": "Approved", "AppCode": "PL_MINSP", "AppType": "Level 4 - Administrative Site Plan", "CasePlanne": "Emily Struthers", "EMAIL": "Emily.Struthers@durhamnc.gov", "ORIG_FID": "16860", "CreationDa": "2025-09-20T00:00:00", "Creator": "gisproc_sys", "EditDate": "2025-09-20T00:00:00", "Editor": "gisproc_sys", "sf_detached": 0.0, "sf_attached": 0.0, "duplex_triplex": 0.0, "multifamily": 0.0, "condo": 0, "unknown": 361, "data_source": "COMP" }, "geometry": { "type": "Point", "coordinates": [ -78.899785074863857, 35.99022139606781 ] } },
{ "type": "Feature", "properties": { "A_NUMBER": "D2100326", "A_TYPE": "PL_MINSP", "A_DATE": "2021-09-24T00:00:00", "A_STATUS": "WITH", "A_STATUS_D": "2022-11-30T00:00:00", "A_PROJECT_": "Goodwin Crossing", "A_DESCRIPT": "149 Single Family lots + 10 open spaces", "A_USER_ID": "COLERE", "A_CASE_PLA": "COLERE", "StatCode": "WITH", "AppStatus": "Withdrawn/Cancelled", "AppCode": "PL_MINSP", "AppType": "Level 4 - Administrative Site Plan", "CasePlanne": "Cole Renigar", "EMAIL": "Cole.Renigar@durhamnc.gov", "ORIG_FID": "16946", "CreationDa": "2025-09-20T00:00:00", "Creator": "gisproc_sys", "EditDate": "2025-09-20T00:00:00", "Editor": "gisproc_sys", "sf_detached": 0.0, "sf_attached": 0.0, "duplex_triplex": 0.0, "multifamily": 0.0, "condo": 0, "unknown": 0, "data_source": null }, "geometry": { "type": "Point", "coordinates": [ -78.881752708704823, 36.090889063489058 ] } },
{ "type": "Feature", "properties": { "A_NUMBER": "D2300195", "A_TYPE": "PL_MINSP", "A_DATE": "2023-08-14T00:00:00", "A_STATUS": "APP", "A_STATUS_D": "2024-04-30T00:00:00", "A_PROJECT_": "Heritage Square - Phase One", "A_DESCRIPT": "Phase one of a Mixed-Use Project consisting of multifamily residential (323 units), commercial retail, office, and structured parking.", "A_USER_ID": "JESSICADO", "A_CASE_PLA": "TREYFI", "StatCode": "APP", "AppStatus": "Approved", "AppCode": "PL_MINSP", "AppType": "Level 4 - Administrative Site Plan", "CasePlanne": "Trey Figueroa", "EMAIL": "Trey.Figueroa@durhamnc.gov", "ORIG_FID": "16959", "CreationDa": "2025-09-20T00:00:00", "Creator": "gisproc_sys", "EditDate": "2025-09-20T00:00:00", "Editor": "gisproc_sys", "sf_detached": 0.0, "sf_attached": 0.0, "duplex_triplex": 0.0, "multifamily": 323.0, "condo": 0, "unknown": 0, "data_source": "DRHM" }, "geometry": { "type": "Point", "coordinates": [ -78.899538214419337, 35.987549265280919 ] } },
{ "type": "Feature", "properties": { "A_NUMBER": "D2000141", "A_TYPE": "PL_ASP", "A_DATE": "2020-06-19T00:00:00", "A_STATUS": "WITH", "A_STATUS_D": "2025-02-14T00:00:00", "A_PROJECT_": "Brightleaf at the Park Tract 12", "A_DESCRIPT": "Revise recreational active Open space types", "A_USER_ID": "JESSICADO", "A_CASE_PLA": "WGRIFFIN", "StatCode": "WITH", "AppStatus": "Withdrawn/Cancelled", "AppCode": "PL_ASP", "AppType": "Level 1 - Administrative Site Plan", "CasePlanne": "Wade Griffin", "EMAIL": "Wade.Griffin@durhamnc.gov", "ORIG_FID": "16961", "CreationDa": "2025-09-20T00:00:00", "Creator": "gisproc_sys", "EditDate": "2025-09-20T00:00:00", "Editor": "gisproc_sys", "sf_detached": 0.0, "sf_attached": 0.0, "duplex_triplex": 0.0, "multifamily": 0.0, "condo": 0, "unknown": 0, "data_source": null }, "geometry": { "type": "Point", "coordinates": [ -78.810802984282049, 35.951315151027856 ] } },
{ "type": "Feature", "properties": { "A_NUMBER": "D2400111", "A_TYPE": "PL_ASP", "A_DATE": "2024-05-13T00:00:00", "A_STATUS": "WITH", "A_STATUS_D": "2025-01-10T00:00:00", "A_PROJECT_": "Massey Chapel Townhouses Amendment", "A_DESCRIPT": "Amendment to remove unnecessary sanitary sewer main.", "A_USER_ID": "JESSICADO", "A_CASE_PLA": "SHAWNEESM", "StatCode": "WITH", "AppStatus": "Withdrawn/Cancelled", "AppCode": "PL_ASP", "AppType": "Level 1 - Administrative Site Plan", "CasePlanne": "Shawnee Smith", "EMAIL": "Shawnee.Smith@durhamnc.gov", "ORIG_FID": "16969", "CreationDa": "2025-09-20T00:00:00", "Creator": "gisproc_sys", "EditDate": "2025-09-20T00:00:00", "Editor": "gisproc_sys", "sf_detached": 0.0, "sf_attached": 0.0, "duplex_triplex": 0.0, "multifamily": 0.0, "condo": 0, "unknown": 0, "data_source": null }, "geometry": { "type": "Point", "coordinates": [ -78.946573673693678, 35.896522233528458 ] } },
{ "type": "Feature", "properties": { "A_NUMBER": "D2100049", "A_TYPE": "PL_MINSP", "A_DATE": "2021-02-17T00:00:00", "A_STATUS": "APP", "A_STATUS_D": "2021-07-09T00:00:00", "A_PROJECT_": "Harriet's Place", "A_DESCRIPT": "This project converts and restores the abandoned Y.W.C.A. building for 17 affordable housing multifamily units with parking.", "A_USER_ID": "JESSICADO", "A_CASE_PLA": "ELIZAMO", "StatCode": "APP", "AppStatus": "Approved", "AppCode": "PL_MINSP", "AppType": "Level 4 - Administrative Site Plan", "CasePlanne": "Eliza Monroe", "EMAIL": "Eliza.Monroe@durhamnc.gov", "ORIG_FID": "17009", "CreationDa": "2025-09-20T00:00:00", "Creator": "gisproc_sys", "EditDate": "2025-09-20T00:00:00", "Editor": "gisproc_sys", "sf_detached": 0.0, "sf_attached": 0.0, "duplex_triplex": 0.0, "multifamily": 17.0, "condo": 0, "unknown": 0, "data_source": "DRHM" }, "geometry": { "type": "Point", "coordinates": [ -78.900480694030122, 35.982441647386231 ] } },
{ "type": "Feature", "properties": { "A_NUMBER": "D2300094", "A_TYPE": "PL_MINSP", "A_DATE": "2023-04-05T00:00:00", "A_STATUS": "APP", "A_STATUS_D": "2024-02-12T00:00:00", "A_PROJECT_": "The Advantage", "A_DESCRIPT": "183 Townhomes, 188 proposed lots.", "A_USER_ID": "COLERE", "A_CASE_PLA": "COLERE", "StatCode": "APP", "AppStatus": "Approved", "AppCode": "PL_MINSP", "AppType": "Level 4 - Administrative Site Plan", "CasePlanne": "Cole Renigar", "EMAIL": "Cole.Renigar@durhamnc.gov", "ORIG_FID": "17044", "CreationDa": "2025-09-20T00:00:00", "Creator": "gisproc_sys", "EditDate": "2025-09-20T00:00:00", "Editor": "gisproc_sys", "sf_detached": 0.0, "sf_attached": 183.0, "duplex_triplex": 0.0, "multifamily": 0.0, "condo": 0, "unknown": 0, "data_source": "DRHM" }, "geometry": { "type": "Point", "coordinates": [ -78.775698802724776, 35.947256335104001 ] } },
{ "type": "Feature", "properties": { "A_NUMBER": "D2400093", "A_TYPE": "PL_MINSP", "A_DATE": "2024-04-17T00:00:00", "A_STATUS": "APP", "A_STATUS_D": "2024-09-12T00:00:00", "A_PROJECT_": "Dillard St Apartments (Phase 4A)", "A_DESCRIPT": "Four 3-story residential buildings, 1 club building, 1picnic shelter/bike storage and surface parking.", "A_USER_ID": "JONATHANBR", "A_CASE_PLA": "COLERE", "StatCode": "APP", "AppStatus": "Approved", "AppCode": "PL_MINSP", "AppType": "Level 4 - Administrative Site Plan", "CasePlanne": "Cole Renigar", "EMAIL": "Cole.Renigar@durhamnc.gov", "ORIG_FID": "17068", "CreationDa": "2025-09-20T00:00:00", "Creator": "gisproc_sys", "EditDate": "2025-09-20T00:00:00", "Editor": "gisproc_sys", "sf_detached": 0.0, "sf_attached": 0.0, "duplex_triplex": 0.0, "multifamily": 0.0, "condo": 0, "unknown": 0, "data_source": null }, "geometry": { "type": "Point", "coordinates": [ -78.893369192616603, 35.992260717408087 ] } },
{ "type": "Feature", "properties": { "A_NUMBER": "D2000244", "A_TYPE": "PL_MINSP", "A_DATE": "2020-10-06T00:00:00", "A_STATUS": "APP", "A_STATUS_D": "2021-08-19T00:00:00", "A_PROJECT_": "Shoccoree Residential", "A_DESCRIPT": "63 Single - Family residential lots + 5 open space lots", "A_USER_ID": "KIMRO", "A_CASE_PLA": "TREYFI", "StatCode": "APP", "AppStatus": "Approved", "AppCode": "PL_MINSP", "AppType": "Level 4 - Administrative Site Plan", "CasePlanne": "Trey Figueroa", "EMAIL": "Trey.Figueroa@durhamnc.gov", "ORIG_FID": "17069", "CreationDa": "2025-09-20T00:00:00", "Creator": "gisproc_sys", "EditDate": "2025-09-20T00:00:00", "Editor": "gisproc_sys", "sf_detached": 63.0, "sf_attached": 0.0, "duplex_triplex": 0.0, "multifamily": 0.0, "condo": 0, "unknown": 0, "data_source": "DRHM" }, "geometry": { "type": "Point", "coordinates": [ -78.957744149107171, 36.033634704917837 ] } },
{ "type": "Feature", "properties": { "A_NUMBER": "D2200045", "A_TYPE": "PL_MINSP", "A_DATE": "2022-02-17T00:00:00", "A_STATUS": "APP", "A_STATUS_D": "2022-08-11T00:00:00", "A_PROJECT_": "NC 55 and Hopson Building 3", "A_DESCRIPT": "The project proposes one 360,000 SF building with associated utilities and parking", "A_USER_ID": "COLERE", "A_CASE_PLA": "COLERE", "StatCode": "APP", "AppStatus": "Approved", "AppCode": "PL_MINSP", "AppType": "Level 4 - Administrative Site Plan", "CasePlanne": "Cole Renigar", "EMAIL": "Cole.Renigar@durhamnc.gov", "ORIG_FID": "17071", "CreationDa": "2025-09-20T00:00:00", "Creator": "gisproc_sys", "EditDate": "2025-09-20T00:00:00", "Editor": "gisproc_sys", "sf_detached": 0.0, "sf_attached": 0.0, "duplex_triplex": 0.0, "multifamily": 0.0, "condo": 0, "unknown": 0, "data_source": null }, "geometry": { "type": "Point", "coordinates": [ -78.896346819816628, 35.870880750003863 ] } },
{ "type": "Feature", "properties": { "A_NUMBER": "D1900040", "A_TYPE": "PL_SSP_SM2", "A_DATE": "2019-02-19T00:00:00", "A_STATUS": "APP", "A_STATUS_D": "2019-06-14T00:00:00", "A_PROJECT_": "751 South - Phase 1 Amendment #3", "A_DESCRIPT": "This submittal is for revisions to the mixed use building and the amenity center and pool area. There is increase in building or pool area and a slight decrease in impervous surface", "A_USER_ID": "ADDMGR", "A_CASE_PLA": "DCULTRA", "StatCode": "APP", "AppStatus": "Approved", "AppCode": "PL_SSP_SM2", "AppType": "Level 2 - Administrative Site Plan", "CasePlanne": "Danny Cultra", "EMAIL": "Danny.Cultra@durhamnc.gov", "ORIG_FID": "17088", "CreationDa": "2025-09-20T00:00:00", "Creator": "gisproc_sys", "EditDate": "2025-09-20T00:00:00", "Editor": "gisproc_sys", "sf_detached": 0.0, "sf_attached": 0.0, "duplex_triplex": 0.0, "multifamily": 0.0, "condo": 0, "unknown": 0, "data_source": null }, "geometry": { "type": "Point", "coordinates": [ -78.950911259427059, 35.875272969191485 ] } },
{ "type": "Feature", "properties": { "A_NUMBER": "D1500071", "A_TYPE": "PL_MINPP", "A_DATE": "2015-03-31T00:00:00", "A_STATUS": "APP", "A_STATUS_D": "2015-09-10T00:00:00", "A_PROJECT_": "Beamon Place", "A_DESCRIPT": "Residential Subdivision, addition of 6 new lots", "A_USER_ID": "DACIARE", "A_CASE_PLA": "BDOBRZENSKI", "StatCode": "APP", "AppStatus": "Approved", "AppCode": "PL_MINPP", "AppType": "Minor Preliminary Plat", "CasePlanne": "Bo Dobrzenski", "EMAIL": "Bo.Dobrzenski@durhamnc.gov", "ORIG_FID": "17090", "CreationDa": "2025-09-20T00:00:00", "Creator": "gisproc_sys", "EditDate": "2025-09-20T00:00:00", "Editor": "gisproc_sys", "sf_detached": 0.0, "sf_attached": 0.0, "duplex_triplex": 0.0, "multifamily": 0.0, "condo": 0, "unknown": 0, "data_source": null }, "geometry": { "type": "Point", "coordinates": [ -78.903954360588756, 35.985035769605453 ] } },
{ "type": "Feature", "properties": { "A_NUMBER": "D2000288", "A_TYPE": "PL_MINSP", "A_DATE": "2020-11-30T00:00:00", "A_STATUS": "APP", "A_STATUS_D": "2021-07-01T00:00:00", "A_PROJECT_": "Leesville Road Assemblage", "A_DESCRIPT": "344 townhome units and 10 open spaces lots.\r\n", "A_USER_ID": "KIMRO", "A_CASE_PLA": "COURTNEYMC", "StatCode": "APP", "AppStatus": "Approved", "AppCode": "PL_MINSP", "AppType": "Level 4 - Administrative Site Plan", "CasePlanne": "Courtney McQueen", "EMAIL": "Courtney.McQueen@durhamnc.gov", "ORIG_FID": "17100", "CreationDa": "2025-09-20T00:00:00", "Creator": "gisproc_sys", "EditDate": "2025-09-20T00:00:00", "Editor": "gisproc_sys", "sf_detached": 0.0, "sf_attached": 344.0, "duplex_triplex": 0.0, "multifamily": 0.0, "condo": 0, "unknown": 0, "data_source": "DRHM" }, "geometry": { "type": "Point", "coordinates": [ -78.77713816196443, 35.939100630523633 ] } },
{ "type": "Feature", "properties": { "A_NUMBER": "D1700072", "A_TYPE": "PL_MINSP", "A_DATE": "2017-03-14T00:00:00", "A_STATUS": "APP", "A_STATUS_D": "2017-08-02T00:00:00", "A_PROJECT_": "Fendol Farms Temporary Sales Center", "A_DESCRIPT": "Residential house utilized as temporary sales center.", "A_USER_ID": "GSMITH", "A_CASE_PLA": "AWOLFF", "StatCode": "APP", "AppStatus": "Approved", "AppCode": "PL_MINSP", "AppType": "Level 4 - Administrative Site Plan", "CasePlanne": "Amy Wolff", "EMAIL": "Amy.Wolff@durhamnc.gov", "ORIG_FID": "17177", "CreationDa": "2025-09-20T00:00:00", "Creator": "gisproc_sys", "EditDate": "2025-09-20T00:00:00", "Editor": "gisproc_sys", "sf_detached": 0.0, "sf_attached": 0.0, "duplex_triplex": 0.0, "multifamily": 0.0, "condo": 0, "unknown": 0, "data_source": null }, "geometry": { "type": "Point", "coordinates": [ -78.788258213418871, 35.94111190146036 ] } },
{ "type": "Feature", "properties": { "A_NUMBER": "D1900138", "A_TYPE": "PL_MINSP", "A_DATE": "2019-05-09T00:00:00", "A_STATUS": "APP", "A_STATUS_D": "2019-10-09T00:00:00", "A_PROJECT_": "NCCU Lawson Student Housing", "A_DESCRIPT": "120-unit Student Housing at Lawson, Lincoln, and Dupree Streets", "A_USER_ID": "AMANDAHO", "A_CASE_PLA": "TREYFI", "StatCode": "APP", "AppStatus": "Approved", "AppCode": "PL_MINSP", "AppType": "Level 4 - Administrative Site Plan", "CasePlanne": "Trey Figueroa", "EMAIL": "Trey.Figueroa@durhamnc.gov", "ORIG_FID": "17268", "CreationDa": "2025-09-20T00:00:00", "Creator": "gisproc_sys", "EditDate": "2025-09-20T00:00:00", "Editor": "gisproc_sys", "sf_detached": 0.0, "sf_attached": 0.0, "duplex_triplex": 0.0, "multifamily": 0.0, "condo": 0, "unknown": 0, "data_source": null }, "geometry": { "type": "Point", "coordinates": [ -78.897614331277893, 35.976793464496474 ] } },
{ "type": "Feature", "properties": { "A_NUMBER": "D2100041", "A_TYPE": "PL_MINSP", "A_DATE": "2021-02-11T00:00:00", "A_STATUS": "APP", "A_STATUS_D": "2021-12-10T00:00:00", "A_PROJECT_": "Lochwood (formerly Olive Branch East)", "A_DESCRIPT": "108 Townhomes, 1 Stormwater control measure and associated infrastructure", "A_USER_ID": "JESSICADO", "A_CASE_PLA": "ROBINSH", "StatCode": "APP", "AppStatus": "Approved", "AppCode": "PL_MINSP", "AppType": "Level 4 - Administrative Site Plan", "CasePlanne": "Robin Schultze", "EMAIL": "Robin.Schultze@durhamnc.gov", "ORIG_FID": "17303", "CreationDa": "2025-09-20T00:00:00", "Creator": "gisproc_sys", "EditDate": "2025-09-20T00:00:00", "Editor": "gisproc_sys", "sf_detached": 0.0, "sf_attached": 108.0, "duplex_triplex": 0.0, "multifamily": 0.0, "condo": 0, "unknown": 0, "data_source": "DRHM" }, "geometry": { "type": "Point", "coordinates": [ -78.78049673024509, 35.963750738542544 ] } },
{ "type": "Feature", "properties": { "A_NUMBER": "D2000286", "A_TYPE": "PL_MINSP", "A_DATE": "2020-11-20T00:00:00", "A_STATUS": "APP", "A_STATUS_D": "2021-06-22T00:00:00", "A_PROJECT_": "Hebron Village", "A_DESCRIPT": "144 Townhome Units, 16 Single-Family Units, and 4 open space lots", "A_USER_ID": "GSMITH", "A_CASE_PLA": "COLERE", "StatCode": "APP", "AppStatus": "Approved", "AppCode": "PL_MINSP", "AppType": "Level 4 - Administrative Site Plan", "CasePlanne": "Cole Renigar", "EMAIL": "Cole.Renigar@durhamnc.gov", "ORIG_FID": "17336", "CreationDa": "2025-09-20T00:00:00", "Creator": "gisproc_sys", "EditDate": "2025-09-20T00:00:00", "Editor": "gisproc_sys", "sf_detached": 16.0, "sf_attached": 144.0, "duplex_triplex": 0.0, "multifamily": 0.0, "condo": 0, "unknown": 0, "data_source": "DRHM" }, "geometry": { "type": "Point", "coordinates": [ -78.893073339813057, 36.060928142296163 ] } },
{ "type": "Feature", "properties": { "A_NUMBER": "D2400160", "A_TYPE": "PL_MINSP", "A_DATE": "2024-07-15T00:00:00", "A_STATUS": "UN_RE", "A_STATUS_D": "2025-02-21T00:00:00", "A_PROJECT_": "Doc Nichols Towns", "A_DESCRIPT": "21 Townhome community.", "A_USER_ID": "COLERE", "A_CASE_PLA": "COLERE", "StatCode": "UN_RE", "AppStatus": "Under Review", "AppCode": "PL_MINSP", "AppType": "Level 4 - Administrative Site Plan", "CasePlanne": "Cole Renigar", "EMAIL": "Cole.Renigar@durhamnc.gov", "ORIG_FID": "17354", "CreationDa": "2025-09-20T00:00:00", "Creator": "gisproc_sys", "EditDate": "2025-09-20T00:00:00", "Editor": "gisproc_sys", "sf_detached": 0.0, "sf_attached": 21.0, "duplex_triplex": 0.0, "multifamily": 0.0, "condo": 0, "unknown": 0, "data_source": "DRHM" }, "geometry": { "type": "Point", "coordinates": [ -78.791909189321601, 35.954678990118097 ] } },
{ "type": "Feature", "properties": { "A_NUMBER": "D2100055", "A_TYPE": "PL_MINSP", "A_DATE": "2021-02-18T00:00:00", "A_STATUS": "APP", "A_STATUS_D": "2021-10-18T00:00:00", "A_PROJECT_": "Tanglewood", "A_DESCRIPT": "181 proposed townhomes + 8 open spaces", "A_USER_ID": "JESSICADO", "A_CASE_PLA": "COLERE", "StatCode": "APP", "AppStatus": "Approved", "AppCode": "PL_MINSP", "AppType": "Level 4 - Administrative Site Plan", "CasePlanne": "Cole Renigar", "EMAIL": "Cole.Renigar@durhamnc.gov", "ORIG_FID": "17408", "CreationDa": "2025-09-20T00:00:00", "Creator": "gisproc_sys", "EditDate": "2025-09-20T00:00:00", "Editor": "gisproc_sys", "sf_detached": 0.0, "sf_attached": 181.0, "duplex_triplex": 0.0, "multifamily": 0.0, "condo": 0, "unknown": 0, "data_source": "DRHM" }, "geometry": { "type": "Point", "coordinates": [ -78.820252079117793, 35.90818608165123 ] } },
{ "type": "Feature", "properties": { "A_NUMBER": "D2200286", "A_TYPE": "PL_MINSP", "A_DATE": "2022-08-23T00:00:00", "A_STATUS": "APP", "A_STATUS_D": "2023-06-28T00:00:00", "A_PROJECT_": "Crescent Townes", "A_DESCRIPT": "103 unit townhome subdivision -- associated with rezoning case (Z2200007), and associated annexation (BDG2200005)", "A_USER_ID": "KIMRO", "A_CASE_PLA": "ROBINSH", "StatCode": "APP", "AppStatus": "Approved", "AppCode": "PL_MINSP", "AppType": "Level 4 - Administrative Site Plan", "CasePlanne": "Robin Schultze", "EMAIL": "Robin.Schultze@durhamnc.gov", "ORIG_FID": "17500", "CreationDa": "2025-09-20T00:00:00", "Creator": "gisproc_sys", "EditDate": "2025-09-20T00:00:00", "Editor": "gisproc_sys", "sf_detached": 0.0, "sf_attached": 103.0, "duplex_triplex": 0.0, "multifamily": 0.0, "condo": 0, "unknown": 0, "data_source": "DRHM" }, "geometry": { "type": "Point", "coordinates": [ -78.987765645180474, 35.91377635907093 ] } },
{ "type": "Feature", "properties": { "A_NUMBER": "D1900124", "A_TYPE": "PL_SSP_SM2", "A_DATE": "2019-04-29T00:00:00", "A_STATUS": "APP", "A_STATUS_D": "2019-09-25T00:00:00", "A_PROJECT_": "Lumley Road - Townhomes Amendment 1", "A_DESCRIPT": "Amendment to add a dog wash area", "A_USER_ID": "AMANDAHO", "A_CASE_PLA": "DCULTRA", "StatCode": "APP", "AppStatus": "Approved", "AppCode": "PL_SSP_SM2", "AppType": "Level 2 - Administrative Site Plan", "CasePlanne": "Danny Cultra", "EMAIL": "Danny.Cultra@durhamnc.gov", "ORIG_FID": "17525", "CreationDa": "2025-09-20T00:00:00", "Creator": "gisproc_sys", "EditDate": "2025-09-20T00:00:00", "Editor": "gisproc_sys", "sf_detached": 0.0, "sf_attached": 0.0, "duplex_triplex": 0.0, "multifamily": 0.0, "condo": 0, "unknown": 0, "data_source": null }, "geometry": { "type": "Point", "coordinates": [ -78.808309349032442, 35.924103175991505 ] } },
{ "type": "Feature", "properties": { "A_NUMBER": "D2000036", "A_TYPE": "PL_MINSP", "A_DATE": "2020-02-06T00:00:00", "A_STATUS": "APP", "A_STATUS_D": "2021-07-12T00:00:00", "A_PROJECT_": "Weaving Water", "A_DESCRIPT": "24 duplex units and 10 rooming house units", "A_USER_ID": "JESSICADO", "A_CASE_PLA": "COURTNEYMC", "StatCode": "APP", "AppStatus": "Approved", "AppCode": "PL_MINSP", "AppType": "Level 4 - Administrative Site Plan", "CasePlanne": "Courtney McQueen", "EMAIL": "Courtney.McQueen@durhamnc.gov", "ORIG_FID": "17602", "CreationDa": "2025-09-20T00:00:00", "Creator": "gisproc_sys", "EditDate": "2025-09-20T00:00:00", "Editor": "gisproc_sys", "sf_detached": 10.0, "sf_attached": 0.0, "duplex_triplex": 24.0, "multifamily": 0.0, "condo": 0, "unknown": 0, "data_source": "DRHM" }, "geometry": { "type": "Point", "coordinates": [ -78.967978473598833, 36.056981871399685 ] } },
{ "type": "Feature", "properties": { "A_NUMBER": "D1900149", "A_TYPE": "PL_SSP_SM2", "A_DATE": "2019-05-15T00:00:00", "A_STATUS": "APP", "A_STATUS_D": "2019-09-27T00:00:00", "A_PROJECT_": "Foster on the Park", "A_DESCRIPT": "Per negotiations with Durham Central Park and City of Durham, addition of small paved areas, resurfacing of old Roney St and seats steps and DCP property", "A_USER_ID": "MICHAELIR", "A_CASE_PLA": "TREYFI", "StatCode": "APP", "AppStatus": "Approved", "AppCode": "PL_SSP_SM2", "AppType": "Level 2 - Administrative Site Plan", "CasePlanne": "Trey Figueroa", "EMAIL": "Trey.Figueroa@durhamnc.gov", "ORIG_FID": "17654", "CreationDa": "2025-09-20T00:00:00", "Creator": "gisproc_sys", "EditDate": "2025-09-20T00:00:00", "Editor": "gisproc_sys", "sf_detached": 0.0, "sf_attached": 0.0, "duplex_triplex": 0.0, "multifamily": 0.0, "condo": 0, "unknown": 0, "data_source": null }, "geometry": { "type": "Point", "coordinates": [ -78.901841398148136, 36.001569911155336 ] } },
{ "type": "Feature", "properties": { "A_NUMBER": "A1600009", "A_TYPE": "PL_CPAA", "A_DATE": "2016-06-13T00:00:00", "A_STATUS": "APP", "A_STATUS_D": "2017-08-09T00:00:00", "A_PROJECT_": "Brightleaf Tract 12", "A_DESCRIPT": "Applicant request a change for 35.05 acres east of the intersection of Flat River Drive and the Northern Durham Parkway from Low-Medium Density Residential to Low-Density Residential. The site is in the Suburban Tier and within F/J-B. The associated zoni", "A_USER_ID": "JAMIESUN", "A_CASE_PLA": "JAMIESUN", "StatCode": "APP", "AppStatus": "Approved", "AppCode": "PL_CPAA", "AppType": "Comprehensive Plan Map or Plan Amendment", "CasePlanne": null, "EMAIL": null, "ORIG_FID": "17720", "CreationDa": "2025-09-20T00:00:00", "Creator": "gisproc_sys", "EditDate": "2025-09-20T00:00:00", "Editor": "gisproc_sys", "sf_detached": 0.0, "sf_attached": 0.0, "duplex_triplex": 0.0, "multifamily": 0.0, "condo": 0, "unknown": 0, "data_source": null }, "geometry": { "type": "Point", "coordinates": [ -78.809276523787588, 35.948631282699658 ] } },
{ "type": "Feature", "properties": { "A_NUMBER": "D1600016", "A_TYPE": "PL_SSP_SM", "A_DATE": "2016-01-26T00:00:00", "A_STATUS": "APP", "A_STATUS_D": "2016-05-09T00:00:00", "A_PROJECT_": "Brightleaf at the Park Tract 8 Phase 4 Amendment", "A_DESCRIPT": "Amendment to existing townhome development site plan to add two phases for phase 4 and modify lot dimensions.", "A_USER_ID": "DACIARE", "A_CASE_PLA": "DCULTRA", "StatCode": "APP", "AppStatus": "Approved", "AppCode": "PL_SSP_SM", "AppType": "Level 3 - Administrative Site Plan", "CasePlanne": "Danny Cultra", "EMAIL": "Danny.Cultra@durhamnc.gov", "ORIG_FID": "17770", "CreationDa": "2025-09-20T00:00:00", "Creator": "gisproc_sys", "EditDate": "2025-09-20T00:00:00", "Editor": "gisproc_sys", "sf_detached": 4.0, "sf_attached": 0.0, "duplex_triplex": 0.0, "multifamily": 0.0, "condo": 0, "unknown": 0, "data_source": "DRHM" }, "geometry": { "type": "Point", "coordinates": [ -78.809276523787588, 35.948631282699658 ] } },
{ "type": "Feature", "properties": { "A_NUMBER": "D1900366", "A_TYPE": "PL_SSP_SM2", "A_DATE": "2019-10-14T00:00:00", "A_STATUS": "APP", "A_STATUS_D": "2020-02-17T00:00:00", "A_PROJECT_": "Eliis Crossing Phase 2 Amendment", "A_DESCRIPT": "Add retaining wall behind 209 and 210", "A_USER_ID": "AMANDAHO", "A_CASE_PLA": "COLERE", "StatCode": "APP", "AppStatus": "Approved", "AppCode": "PL_SSP_SM2", "AppType": "Level 2 - Administrative Site Plan", "CasePlanne": "Cole Renigar", "EMAIL": "Cole.Renigar@durhamnc.gov", "ORIG_FID": "17788", "CreationDa": "2025-09-20T00:00:00", "Creator": "gisproc_sys", "EditDate": "2025-09-20T00:00:00", "Editor": "gisproc_sys", "sf_detached": 0.0, "sf_attached": 0.0, "duplex_triplex": 0.0, "multifamily": 0.0, "condo": 0, "unknown": 0, "data_source": null }, "geometry": { "type": "Point", "coordinates": [ -78.860153732170687, 35.9476461440035 ] } },
{ "type": "Feature", "properties": { "A_NUMBER": "D1500183", "A_TYPE": "PL_SSP_SM", "A_DATE": "2015-07-01T00:00:00", "A_STATUS": "APP", "A_STATUS_D": "2016-02-19T00:00:00", "A_PROJECT_": "Teach House", "A_DESCRIPT": "Change of use from SF dwelling to rooming house for teachers", "A_USER_ID": "TDANNER", "A_CASE_PLA": "EMILYST", "StatCode": "APP", "AppStatus": "Approved", "AppCode": "PL_SSP_SM", "AppType": "Level 3 - Administrative Site Plan", "CasePlanne": "Emily Struthers", "EMAIL": "Emily.Struthers@durhamnc.gov", "ORIG_FID": "17865", "CreationDa": "2025-09-20T00:00:00", "Creator": "gisproc_sys", "EditDate": "2025-09-20T00:00:00", "Editor": "gisproc_sys", "sf_detached": 0.0, "sf_attached": 0.0, "duplex_triplex": 0.0, "multifamily": 0.0, "condo": 0, "unknown": 0, "data_source": null }, "geometry": { "type": "Point", "coordinates": [ -78.892527129700511, 35.994183136241418 ] } },
{ "type": "Feature", "properties": { "A_NUMBER": "D1700204", "A_TYPE": "PL_MINSP", "A_DATE": "2017-06-13T00:00:00", "A_STATUS": "APP", "A_STATUS_D": "2018-03-22T00:00:00", "A_PROJECT_": "524 North Mangum", "A_DESCRIPT": "11 three-story townhomes on two vacant lots, compromising 0.517 acres.", "A_USER_ID": "KRYSTALRA", "A_CASE_PLA": "TREYFI", "StatCode": "APP", "AppStatus": "Approved", "AppCode": "PL_MINSP", "AppType": "Level 4 - Administrative Site Plan", "CasePlanne": "Trey Figueroa", "EMAIL": "Trey.Figueroa@durhamnc.gov", "ORIG_FID": "17877", "CreationDa": "2025-09-20T00:00:00", "Creator": "gisproc_sys", "EditDate": "2025-09-20T00:00:00", "Editor": "gisproc_sys", "sf_detached": 0.0, "sf_attached": 0.0, "duplex_triplex": 0.0, "multifamily": 0.0, "condo": 0, "unknown": 0, "data_source": null }, "geometry": { "type": "Point", "coordinates": [ -78.896498754282732, 35.999129774146937 ] } },
{ "type": "Feature", "properties": { "A_NUMBER": "D2400073", "A_TYPE": "PL_MINSP", "A_DATE": "2024-04-04T00:00:00", "A_STATUS": "APP", "A_STATUS_D": "2025-03-31T00:00:00", "A_PROJECT_": "Rhododendron Subdivision Sewer & Lots", "A_DESCRIPT": "Project is to divide the 9.77 acres into 3 lots; site plan required because there is a public sewer extension to serve the lots.", "A_USER_ID": "COLERE", "A_CASE_PLA": "COLERE", "StatCode": "APP", "AppStatus": "Approved", "AppCode": "PL_MINSP", "AppType": "Level 4 - Administrative Site Plan", "CasePlanne": "Cole Renigar", "EMAIL": "Cole.Renigar@durhamnc.gov", "ORIG_FID": "17929", "CreationDa": "2025-09-20T00:00:00", "Creator": "gisproc_sys", "EditDate": "2025-09-20T00:00:00", "Editor": "gisproc_sys", "sf_detached": 0.0, "sf_attached": 0.0, "duplex_triplex": 0.0, "multifamily": 0.0, "condo": 0, "unknown": 0, "data_source": null }, "geometry": { "type": "Point", "coordinates": [ -78.855998090370335, 36.125046189307703 ] } },
{ "type": "Feature", "properties": { "A_NUMBER": "D1500105", "A_TYPE": "PL_SSP_SM", "A_DATE": "2015-05-05T00:00:00", "A_STATUS": "APP", "A_STATUS_D": "2015-07-07T00:00:00", "A_PROJECT_": "Creekside at Bethpage Amendment III", "A_DESCRIPT": "Shifting phase lines, utilities and open space lots; chainging lot sizes; revising stormwater ponds to match CDs; relocation of trails; slight increase in impervious", "A_USER_ID": "TDANNER", "A_CASE_PLA": "DCULTRA", "StatCode": "APP", "AppStatus": "Approved", "AppCode": "PL_SSP_SM", "AppType": "Level 3 - Administrative Site Plan", "CasePlanne": "Danny Cultra", "EMAIL": "Danny.Cultra@durhamnc.gov", "ORIG_FID": "17954", "CreationDa": "2025-09-20T00:00:00", "Creator": "gisproc_sys", "EditDate": "2025-09-20T00:00:00", "Editor": "gisproc_sys", "sf_detached": 0.0, "sf_attached": 0.0, "duplex_triplex": 0.0, "multifamily": 0.0, "condo": 0, "unknown": 0, "data_source": null }, "geometry": { "type": "Point", "coordinates": [ -78.83164254076236, 35.902107703785823 ] } },
{ "type": "Feature", "properties": { "A_NUMBER": "D1900075", "A_TYPE": "PL_MINSP", "A_DATE": "2019-03-22T00:00:00", "A_STATUS": "APP", "A_STATUS_D": "2019-09-09T00:00:00", "A_PROJECT_": "614 Rigsbee", "A_DESCRIPT": "614 Rigsbee - 171 Unit Condominium / 6,655 sf Retail Mixed Use project with 53,200 sf Structured Parking", "A_USER_ID": "KRYSTALRA", "A_CASE_PLA": "COLERE", "StatCode": "APP", "AppStatus": "Approved", "AppCode": "PL_MINSP", "AppType": "Level 4 - Administrative Site Plan", "CasePlanne": "Cole Renigar", "EMAIL": "Cole.Renigar@durhamnc.gov", "ORIG_FID": "18015", "CreationDa": "2025-09-20T00:00:00", "Creator": "gisproc_sys", "EditDate": "2025-09-20T00:00:00", "Editor": "gisproc_sys", "sf_detached": 0.0, "sf_attached": 0.0, "duplex_triplex": 0.0, "multifamily": 0.0, "condo": 171, "unknown": 0, "data_source": "DRHM" }, "geometry": { "type": "Point", "coordinates": [ -78.899480465334719, 36.001681153572576 ] } },
{ "type": "Feature", "properties": { "A_NUMBER": "D2400082", "A_TYPE": "PL_SSP_SM2", "A_DATE": "2024-04-09T00:00:00", "A_STATUS": "APP", "A_STATUS_D": "2024-08-06T00:00:00", "A_PROJECT_": "The Forest at Duke Expansion Amendment 2", "A_DESCRIPT": "Change SCM from bioretention to sand filter\r\n", "A_USER_ID": "JESSICADO", "A_CASE_PLA": "JALISAHA", "StatCode": "APP", "AppStatus": "Approved", "AppCode": "PL_SSP_SM2", "AppType": "Level 2 - Administrative Site Plan", "CasePlanne": "JALISA HARRIS", "EMAIL": "Jalisa.Harris@durhamnc.gov", "ORIG_FID": "18020", "CreationDa": "2025-09-20T00:00:00", "Creator": "gisproc_sys", "EditDate": "2025-09-20T00:00:00", "Editor": "gisproc_sys", "sf_detached": 0.0, "sf_attached": 0.0, "duplex_triplex": 0.0, "multifamily": 48.0, "condo": 0, "unknown": 0, "data_source": "COMP" }, "geometry": { "type": "Point", "coordinates": [ -78.949295371801924, 35.97370166748685 ] } },
{ "type": "Feature", "properties": { "A_NUMBER": "D1900311", "A_TYPE": "PL_MINSP", "A_DATE": "2019-08-28T00:00:00", "A_STATUS": "APP", "A_STATUS_D": "2022-09-02T00:00:00", "A_PROJECT_": "Carolyn Drive", "A_DESCRIPT": "21 Single Family lots + 3 open spaces", "A_USER_ID": "AMANDAHO", "A_CASE_PLA": "ROBINSH", "StatCode": "APP", "AppStatus": "Approved", "AppCode": "PL_MINSP", "AppType": "Level 4 - Administrative Site Plan", "CasePlanne": "Robin Schultze", "EMAIL": "Robin.Schultze@durhamnc.gov", "ORIG_FID": "18026", "CreationDa": "2025-09-20T00:00:00", "Creator": "gisproc_sys", "EditDate": "2025-09-20T00:00:00", "Editor": "gisproc_sys", "sf_detached": 21.0, "sf_attached": 0.0, "duplex_triplex": 0.0, "multifamily": 0.0, "condo": 0, "unknown": 0, "data_source": "DRHM" }, "geometry": { "type": "Point", "coordinates": [ -78.852024423477943, 35.977749607209567 ] } },
{ "type": "Feature", "properties": { "A_NUMBER": "D2000092", "A_TYPE": "PL_MINSP", "A_DATE": "2020-04-24T00:00:00", "A_STATUS": "APP", "A_STATUS_D": "2020-12-17T00:00:00", "A_PROJECT_": "Laurel Meadows", "A_DESCRIPT": "Proposed townhouse subdivision with 98 lots and associated site work and infrastructure", "A_USER_ID": "KIMRO", "A_CASE_PLA": "COURTNEYMC", "StatCode": "APP", "AppStatus": "Approved", "AppCode": "PL_MINSP", "AppType": "Level 4 - Administrative Site Plan", "CasePlanne": "Courtney McQueen", "EMAIL": "Courtney.McQueen@durhamnc.gov", "ORIG_FID": "18069", "CreationDa": "2025-09-20T00:00:00", "Creator": "gisproc_sys", "EditDate": "2025-09-20T00:00:00", "Editor": "gisproc_sys", "sf_detached": 0.0, "sf_attached": 98.0, "duplex_triplex": 0.0, "multifamily": 0.0, "condo": 0, "unknown": 0, "data_source": "DRHM" }, "geometry": { "type": "Point", "coordinates": [ -78.916112073658908, 36.04954833022385 ] } },
{ "type": "Feature", "properties": { "A_NUMBER": "D2100109", "A_TYPE": "PL_MINSP", "A_DATE": "2021-04-09T00:00:00", "A_STATUS": "APP", "A_STATUS_D": "2022-05-23T00:00:00", "A_PROJECT_": "1700 Hillandale Road", "A_DESCRIPT": "80 unit townhouse development with associated site work", "A_USER_ID": "ROBINSH", "A_CASE_PLA": "ROBINSH", "StatCode": "APP", "AppStatus": "Approved", "AppCode": "PL_MINSP", "AppType": "Level 4 - Administrative Site Plan", "CasePlanne": "Robin Schultze", "EMAIL": "Robin.Schultze@durhamnc.gov", "ORIG_FID": "18211", "CreationDa": "2025-09-20T00:00:00", "Creator": "gisproc_sys", "EditDate": "2025-09-20T00:00:00", "Editor": "gisproc_sys", "sf_detached": 0.0, "sf_attached": 80.0, "duplex_triplex": 0.0, "multifamily": 0.0, "condo": 0, "unknown": 0, "data_source": "DRHM" }, "geometry": { "type": "Point", "coordinates": [ -78.935090178353605, 36.026671773586756 ] } },
{ "type": "Feature", "properties": { "A_NUMBER": "D1500297", "A_TYPE": "PL_MINSP", "A_DATE": "2015-10-13T00:00:00", "A_STATUS": "APP", "A_STATUS_D": "2016-07-07T00:00:00", "A_PROJECT_": "Lakeview Villas", "A_DESCRIPT": "Construction of (2) 4/5-story multifamily buildings with a total of 126 residential units.", "A_USER_ID": "LROBERTSON", "A_CASE_PLA": "EMILYST", "StatCode": "APP", "AppStatus": "Approved", "AppCode": "PL_MINSP", "AppType": "Level 4 - Administrative Site Plan", "CasePlanne": "Emily Struthers", "EMAIL": "Emily.Struthers@durhamnc.gov", "ORIG_FID": "18227", "CreationDa": "2025-09-20T00:00:00", "Creator": "gisproc_sys", "EditDate": "2025-09-20T00:00:00", "Editor": "gisproc_sys", "sf_detached": 0.0, "sf_attached": 0.0, "duplex_triplex": 0.0, "multifamily": 5.0, "condo": 0, "unknown": 0, "data_source": "DRHM" }, "geometry": { "type": "Point", "coordinates": [ -78.944480562742243, 36.011374955953144 ] } },
{ "type": "Feature", "properties": { "A_NUMBER": "D2100081", "A_TYPE": "PL_MINSP", "A_DATE": "2021-03-12T00:00:00", "A_STATUS": "APP", "A_STATUS_D": "2022-04-01T00:00:00", "A_PROJECT_": "Bronze Leaf Subdivision", "A_DESCRIPT": "29 Single Family DU's and 25 Townhomes.", "A_USER_ID": "ROBINSH", "A_CASE_PLA": "ROBINSH", "StatCode": "APP", "AppStatus": "Approved", "AppCode": "PL_MINSP", "AppType": "Level 4 - Administrative Site Plan", "CasePlanne": "Robin Schultze", "EMAIL": "Robin.Schultze@durhamnc.gov", "ORIG_FID": "18264", "CreationDa": "2025-09-20T00:00:00", "Creator": "gisproc_sys", "EditDate": "2025-09-20T00:00:00", "Editor": "gisproc_sys", "sf_detached": 29.0, "sf_attached": 25.0, "duplex_triplex": 0.0, "multifamily": 0.0, "condo": 0, "unknown": 0, "data_source": "DRHM" }, "geometry": { "type": "Point", "coordinates": [ -78.946545580375656, 36.046097074047545 ] } },
{ "type": "Feature", "properties": { "A_NUMBER": "A1700005", "A_TYPE": "PL_CPAA", "A_DATE": "2017-03-17T00:00:00", "A_STATUS": "APP", "A_STATUS_D": "2018-03-07T00:00:00", "A_PROJECT_": "2101 House Avenue", "A_DESCRIPT": "Rezoning Request and Comprehensive Plan Amendment at 2101 House Avenue to allow for 78 residential units.  Change from RS-20, RU-M, CN(D) and CC to RU-M(D); and from MDR/Commercial to MHD Residential.  Zoning Case Z1700012.", "A_USER_ID": "DACIARE", "A_CASE_PLA": "JAMIESUN", "StatCode": "APP", "AppStatus": "Approved", "AppCode": "PL_CPAA", "AppType": "Comprehensive Plan Map or Plan Amendment", "CasePlanne": null, "EMAIL": null, "ORIG_FID": "18265", "CreationDa": "2025-09-20T00:00:00", "Creator": "gisproc_sys", "EditDate": "2025-09-20T00:00:00", "Editor": "gisproc_sys", "sf_detached": 2101.0, "sf_attached": 0.0, "duplex_triplex": 0.0, "multifamily": 0.0, "condo": 0, "unknown": 0, "data_source": "DRHM" }, "geometry": { "type": "Point", "coordinates": [ -78.928911731126888, 35.990753541407308 ] } },
{ "type": "Feature", "properties": { "A_NUMBER": "D2300122", "A_TYPE": "PL_MINSP", "A_DATE": "2023-05-03T00:00:00", "A_STATUS": "APP", "A_STATUS_D": "2023-11-29T00:00:00", "A_PROJECT_": "East Geer Street Apartments", "A_DESCRIPT": "208 apartments totaling 60,576 square feet.", "A_USER_ID": "COLERE", "A_CASE_PLA": "COLERE", "StatCode": "APP", "AppStatus": "Approved", "AppCode": "PL_MINSP", "AppType": "Level 4 - Administrative Site Plan", "CasePlanne": "Cole Renigar", "EMAIL": "Cole.Renigar@durhamnc.gov", "ORIG_FID": "18290", "CreationDa": "2025-09-20T00:00:00", "Creator": "gisproc_sys", "EditDate": "2025-09-20T00:00:00", "Editor": "gisproc_sys", "sf_detached": 0.0, "sf_attached": 0.0, "duplex_triplex": 0.0, "multifamily": 208.0, "condo": 0, "unknown": 0, "data_source": "DRHM" }, "geometry": { "type": "Point", "coordinates": [ -78.842474546172681, 36.025919367056247 ] } },
{ "type": "Feature", "properties": { "A_NUMBER": "D2400123", "A_TYPE": "PL_MINSP", "A_DATE": "2024-05-24T00:00:00", "A_STATUS": "APP", "A_STATUS_D": "2024-12-19T00:00:00", "A_PROJECT_": "Cresta Cottages", "A_DESCRIPT": "22 small lot single family residential development.", "A_USER_ID": "COLERE", "A_CASE_PLA": "COLERE", "StatCode": "APP", "AppStatus": "Approved", "AppCode": "PL_MINSP", "AppType": "Level 4 - Administrative Site Plan", "CasePlanne": "Cole Renigar", "EMAIL": "Cole.Renigar@durhamnc.gov", "ORIG_FID": "18300", "CreationDa": "2025-09-20T00:00:00", "Creator": "gisproc_sys", "EditDate": "2025-09-20T00:00:00", "Editor": "gisproc_sys", "sf_detached": 22.0, "sf_attached": 0.0, "duplex_triplex": 0.0, "multifamily": 0.0, "condo": 0, "unknown": 0, "data_source": "DRHM" }, "geometry": { "type": "Point", "coordinates": [ -78.92380589087773, 35.961940488606984 ] } },
{ "type": "Feature", "properties": { "A_NUMBER": "D1800279", "A_TYPE": "PL_MINSP", "A_DATE": "2018-08-21T00:00:00", "A_STATUS": "APP", "A_STATUS_D": "2019-05-29T00:00:00", "A_PROJECT_": "Selby Avenue Homes", "A_DESCRIPT": "10 single-family homes", "A_USER_ID": "KEAGANSA", "A_CASE_PLA": "TREYFI", "StatCode": "APP", "AppStatus": "Approved", "AppCode": "PL_MINSP", "AppType": "Level 4 - Administrative Site Plan", "CasePlanne": "Trey Figueroa", "EMAIL": "Trey.Figueroa@durhamnc.gov", "ORIG_FID": "18307", "CreationDa": "2025-09-20T00:00:00", "Creator": "gisproc_sys", "EditDate": "2025-09-20T00:00:00", "Editor": "gisproc_sys", "sf_detached": 10.0, "sf_attached": 0.0, "duplex_triplex": 0.0, "multifamily": 0.0, "condo": 0, "unknown": 0, "data_source": "DRHM" }, "geometry": { "type": "Point", "coordinates": [ -78.89536108020404, 35.953188027551477 ] } },
{ "type": "Feature", "properties": { "A_NUMBER": "D2400032", "A_TYPE": "PL_ASP", "A_DATE": "2024-02-12T00:00:00", "A_STATUS": "APP", "A_STATUS_D": "2024-04-02T00:00:00", "A_PROJECT_": "Olive Branch Reserve SP Amendment #2", "A_DESCRIPT": "Amendment for addition of overhead electric easement, open space changes, revision of clubhouse footprint, and fence revision. No change in proposed impervious.", "A_USER_ID": "JUSTINH", "A_CASE_PLA": "JOHNRA", "StatCode": "APP", "AppStatus": "Approved", "AppCode": "PL_ASP", "AppType": "Level 1 - Administrative Site Plan", "CasePlanne": "John Rabon", "EMAIL": "John.Rabon@durhamnc.gov", "ORIG_FID": "18377", "CreationDa": "2025-09-20T00:00:00", "Creator": "gisproc_sys", "EditDate": "2025-09-20T00:00:00", "Editor": "gisproc_sys", "sf_detached": 0.0, "sf_attached": 0.0, "duplex_triplex": 0.0, "multifamily": 0.0, "condo": 0, "unknown": 0, "data_source": null }, "geometry": { "type": "Point", "coordinates": [ -78.762369324300295, 35.951826674292079 ] } },
{ "type": "Feature", "properties": { "A_NUMBER": "D2300256", "A_TYPE": "PL_MINSP", "A_DATE": "2023-11-13T00:00:00", "A_STATUS": "APP", "A_STATUS_D": "2025-04-21T00:00:00", "A_PROJECT_": "Fletcher Crossing Townhomes", "A_DESCRIPT": "Site plan and related infrastructure for 80 residential townhomes, including roadway, utility, grading, and stormwater.", "A_USER_ID": "PEYTONBL", "A_CASE_PLA": "PEYTONBL", "StatCode": "APP", "AppStatus": "Approved", "AppCode": "PL_MINSP", "AppType": "Level 4 - Administrative Site Plan", "CasePlanne": "PEYTON BLANCHARD", "EMAIL": "PEYTON.BLANCHARD@DURHAMNC.GOV", "ORIG_FID": "18426", "CreationDa": "2025-09-20T00:00:00", "Creator": "gisproc_sys", "EditDate": "2025-09-20T00:00:00", "Editor": "gisproc_sys", "sf_detached": 0.0, "sf_attached": 80.0, "duplex_triplex": 0.0, "multifamily": 0.0, "condo": 0, "unknown": 0, "data_source": "DRHM" }, "geometry": { "type": "Point", "coordinates": [ -78.82818757320031, 35.971587283413683 ] } },
{ "type": "Feature", "properties": { "A_NUMBER": "A1900014", "A_TYPE": "PL_CPAA", "A_DATE": "2019-08-08T00:00:00", "A_STATUS": "APP", "A_STATUS_D": "2020-07-13T00:00:00", "A_PROJECT_": "NCCU Student Center", "A_DESCRIPT": "Plan Amendment from Low Medium Density Residential to Institutional", "A_USER_ID": "GSMITH", "A_CASE_PLA": "JAMIESUN", "StatCode": "APP", "AppStatus": "Approved", "AppCode": "PL_CPAA", "AppType": "Comprehensive Plan Map or Plan Amendment", "CasePlanne": null, "EMAIL": null, "ORIG_FID": "18447", "CreationDa": "2025-09-20T00:00:00", "Creator": "gisproc_sys", "EditDate": "2025-09-20T00:00:00", "Editor": "gisproc_sys", "sf_detached": 0.0, "sf_attached": 0.0, "duplex_triplex": 0.0, "multifamily": 0.0, "condo": 0, "unknown": 0, "data_source": null }, "geometry": { "type": "Point", "coordinates": [ -78.900193956847886, 35.971476630571345 ] } },
{ "type": "Feature", "properties": { "A_NUMBER": "D2200351", "A_TYPE": "PL_MINSP", "A_DATE": "2022-10-12T00:00:00", "A_STATUS": "APP", "A_STATUS_D": "2024-01-12T00:00:00", "A_PROJECT_": "Courtyards at Doc Nichols", "A_DESCRIPT": "102 Single family detached lots with 64 townhome lots with supporting open space.", "A_USER_ID": "COLERE", "A_CASE_PLA": "KEAGANSA", "StatCode": "APP", "AppStatus": "Approved", "AppCode": "PL_MINSP", "AppType": "Level 4 - Administrative Site Plan", "CasePlanne": "Keagan Sacripanti", "EMAIL": "Keagan.Sacripanti@durhamnc.gov", "ORIG_FID": "18481", "CreationDa": "2025-09-20T00:00:00", "Creator": "gisproc_sys", "EditDate": "2025-09-20T00:00:00", "Editor": "gisproc_sys", "sf_detached": 102.0, "sf_attached": 64.0, "duplex_triplex": 0.0, "multifamily": 0.0, "condo": 0, "unknown": 0, "data_source": "DRHM" }, "geometry": { "type": "Point", "coordinates": [ -78.795195965564844, 35.945873008342375 ] } },
{ "type": "Feature", "properties": { "A_NUMBER": "D2200251", "A_TYPE": "PL_MINSP", "A_DATE": "2022-07-19T00:00:00", "A_STATUS": "APP", "A_STATUS_D": "2022-09-29T00:00:00", "A_PROJECT_": "Hope Crossing II - Belmont Lots Grading Plans", "A_DESCRIPT": "Mass grading of existing single family lots.", "A_USER_ID": "JESSICADO", "A_CASE_PLA": "TREYFI", "StatCode": "APP", "AppStatus": "Approved", "AppCode": "PL_MINSP", "AppType": "Level 4 - Administrative Site Plan", "CasePlanne": "Trey Figueroa", "EMAIL": "Trey.Figueroa@durhamnc.gov", "ORIG_FID": "18551", "CreationDa": "2025-09-20T00:00:00", "Creator": "gisproc_sys", "EditDate": "2025-09-20T00:00:00", "Editor": "gisproc_sys", "sf_detached": 0.0, "sf_attached": 0.0, "duplex_triplex": 0.0, "multifamily": 0.0, "condo": 0, "unknown": 0, "data_source": null }, "geometry": { "type": "Point", "coordinates": [ -78.847024515253139, 35.999574753433755 ] } },
{ "type": "Feature", "properties": { "A_NUMBER": "D1700146", "A_TYPE": "PL_MINSP", "A_DATE": "2017-05-09T00:00:00", "A_STATUS": "APP", "A_STATUS_D": "2018-01-16T00:00:00", "A_PROJECT_": "Nichols Farm", "A_DESCRIPT": "80 single-family detached lots within conservation subdivision.", "A_USER_ID": "BRYANTGR", "A_CASE_PLA": "DCULTRA", "StatCode": "APP", "AppStatus": "Approved", "AppCode": "PL_MINSP", "AppType": "Level 4 - Administrative Site Plan", "CasePlanne": "Danny Cultra", "EMAIL": "Danny.Cultra@durhamnc.gov", "ORIG_FID": "18567", "CreationDa": "2025-09-20T00:00:00", "Creator": "gisproc_sys", "EditDate": "2025-09-20T00:00:00", "Editor": "gisproc_sys", "sf_detached": 80.0, "sf_attached": 0.0, "duplex_triplex": 0.0, "multifamily": 0.0, "condo": 0, "unknown": 0, "data_source": "DRHM" }, "geometry": { "type": "Point", "coordinates": [ -78.795171245350446, 35.956790021339216 ] } },
{ "type": "Feature", "properties": { "A_NUMBER": "D1500191", "A_TYPE": "PL_MINPP", "A_DATE": "2015-07-14T00:00:00", "A_STATUS": "APP", "A_STATUS_D": "2016-03-07T00:00:00", "A_PROJECT_": "Valley Springs Subdivision", "A_DESCRIPT": "54 single family lots on 9.09 acres", "A_USER_ID": "DACIARE", "A_CASE_PLA": "NIARO", "StatCode": "APP", "AppStatus": "Approved", "AppCode": "PL_MINPP", "AppType": "Minor Preliminary Plat", "CasePlanne": "Nia Rodgers", "EMAIL": "nia.rodgers@durhamnc.gov", "ORIG_FID": "18714", "CreationDa": "2025-09-20T00:00:00", "Creator": "gisproc_sys", "EditDate": "2025-09-20T00:00:00", "Editor": "gisproc_sys", "sf_detached": 54.0, "sf_attached": 0.0, "duplex_triplex": 0.0, "multifamily": 0.0, "condo": 0, "unknown": 0, "data_source": "DRHM" }, "geometry": { "type": "Point", "coordinates": [ -78.956833498524048, 36.053612079180468 ] } },
{ "type": "Feature", "properties": { "A_NUMBER": "D1500302", "A_TYPE": "PL_MINSP", "A_DATE": "2015-10-13T00:00:00", "A_STATUS": "APP", "A_STATUS_D": "2016-06-01T00:00:00", "A_PROJECT_": "TROSA Clinic Building", "A_DESCRIPT": "Addition of 2 story 10,170 SF medical clinic for residents, associated parking and pedestrian access", "A_USER_ID": "LEEDA", "A_CASE_PLA": "NIARO", "StatCode": "APP", "AppStatus": "Approved", "AppCode": "PL_MINSP", "AppType": "Level 4 - Administrative Site Plan", "CasePlanne": "Nia Rodgers", "EMAIL": "nia.rodgers@durhamnc.gov", "ORIG_FID": "18736", "CreationDa": "2025-09-20T00:00:00", "Creator": "gisproc_sys", "EditDate": "2025-09-20T00:00:00", "Editor": "gisproc_sys", "sf_detached": 0.0, "sf_attached": 0.0, "duplex_triplex": 0.0, "multifamily": 0.0, "condo": 0, "unknown": 0, "data_source": null }, "geometry": { "type": "Point", "coordinates": [ -78.927393622205273, 35.979144462428764 ] } },
{ "type": "Feature", "properties": { "A_NUMBER": "D1600230", "A_TYPE": "PL_SSP_SM2", "A_DATE": "2016-08-16T00:00:00", "A_STATUS": "APP", "A_STATUS_D": "2016-10-20T00:00:00", "A_PROJECT_": "Grandin Trace Phase Line", "A_DESCRIPT": "Move a phase line.", "A_USER_ID": "EDWINCA", "A_CASE_PLA": "DCULTRA", "StatCode": "APP", "AppStatus": "Approved", "AppCode": "PL_SSP_SM2", "AppType": "Level 2 - Administrative Site Plan", "CasePlanne": "Danny Cultra", "EMAIL": "Danny.Cultra@durhamnc.gov", "ORIG_FID": "18744", "CreationDa": "2025-09-20T00:00:00", "Creator": "gisproc_sys", "EditDate": "2025-09-20T00:00:00", "Editor": "gisproc_sys", "sf_detached": 0.0, "sf_attached": 0.0, "duplex_triplex": 0.0, "multifamily": 0.0, "condo": 0, "unknown": 0, "data_source": null }, "geometry": { "type": "Point", "coordinates": [ -78.926390324859611, 35.898277624530465 ] } },
{ "type": "Feature", "properties": { "A_NUMBER": "D2100309", "A_TYPE": "PL_MINSP", "A_DATE": "2021-09-13T00:00:00", "A_STATUS": "APP", "A_STATUS_D": "2024-01-29T00:00:00", "A_PROJECT_": "Arvin Subdivision", "A_DESCRIPT": "Single Family subdivision with 390 single-family lots, 191 townhouse lots and rec site.", "A_USER_ID": "TDANNER", "A_CASE_PLA": "KEAGANSA", "StatCode": "APP", "AppStatus": "Approved", "AppCode": "PL_MINSP", "AppType": "Level 4 - Administrative Site Plan", "CasePlanne": "Keagan Sacripanti", "EMAIL": "Keagan.Sacripanti@durhamnc.gov", "ORIG_FID": "18812", "CreationDa": "2025-09-20T00:00:00", "Creator": "gisproc_sys", "EditDate": "2025-09-20T00:00:00", "Editor": "gisproc_sys", "sf_detached": 390.0, "sf_attached": 191.0, "duplex_triplex": 0.0, "multifamily": 0.0, "condo": 0, "unknown": 0, "data_source": "DRHM" }, "geometry": { "type": "Point", "coordinates": [ -78.825608197912814, 36.004878353829561 ] } },
{ "type": "Feature", "properties": { "A_NUMBER": "D1800353", "A_TYPE": "PL_MAJPP", "A_DATE": "2018-11-13T00:00:00", "A_STATUS": "APP", "A_STATUS_D": "2019-11-18T00:00:00", "A_PROJECT_": "Arringdon Lot 3", "A_DESCRIPT": "59 Unit Townhome Subdivision zoned MU(D)", "A_USER_ID": "KIMRO", "A_CASE_PLA": "ELIZAMO", "StatCode": "APP", "AppStatus": "Approved", "AppCode": "PL_MAJPP", "AppType": "Major Preliminary Plat", "CasePlanne": "Eliza Monroe", "EMAIL": "Eliza.Monroe@durhamnc.gov", "ORIG_FID": "18833", "CreationDa": "2025-09-20T00:00:00", "Creator": "gisproc_sys", "EditDate": "2025-09-20T00:00:00", "Editor": "gisproc_sys", "sf_detached": 0.0, "sf_attached": 59.0, "duplex_triplex": 0.0, "multifamily": 0.0, "condo": 0, "unknown": 0, "data_source": "DRHM" }, "geometry": { "type": "Point", "coordinates": [ -78.827889213149135, 35.88345418359642 ] } },
{ "type": "Feature", "properties": { "A_NUMBER": "D1500298", "A_TYPE": "PL_SSP_SM", "A_DATE": "2015-10-13T00:00:00", "A_STATUS": "APP", "A_STATUS_D": "2016-02-04T00:00:00", "A_PROJECT_": "Page Park Townhomes Amendment 3", "A_DESCRIPT": "Revise amenity center and tree replacement tree size.", "A_USER_ID": "DACIARE", "A_CASE_PLA": "DCULTRA", "StatCode": "APP", "AppStatus": "Approved", "AppCode": "PL_SSP_SM", "AppType": "Level 3 - Administrative Site Plan", "CasePlanne": "Danny Cultra", "EMAIL": "Danny.Cultra@durhamnc.gov", "ORIG_FID": "18862", "CreationDa": "2025-09-20T00:00:00", "Creator": "gisproc_sys", "EditDate": "2025-09-20T00:00:00", "Editor": "gisproc_sys", "sf_detached": 0.0, "sf_attached": 0.0, "duplex_triplex": 0.0, "multifamily": 0.0, "condo": 0, "unknown": 0, "data_source": null }, "geometry": { "type": "Point", "coordinates": [ -78.834116211183712, 35.889139881666303 ] } },
{ "type": "Feature", "properties": { "A_NUMBER": "D2300223", "A_TYPE": "PL_MINSP", "A_DATE": "2023-09-29T00:00:00", "A_STATUS": "APP", "A_STATUS_D": "2025-05-22T00:00:00", "A_PROJECT_": "Sherron Creek", "A_DESCRIPT": "New 108-unit townhome development including amenities and associated infrastructure. 114 new lots.", "A_USER_ID": "COLERE", "A_CASE_PLA": "COLERE", "StatCode": "APP", "AppStatus": "Approved", "AppCode": "PL_MINSP", "AppType": "Level 4 - Administrative Site Plan", "CasePlanne": "Cole Renigar", "EMAIL": "Cole.Renigar@durhamnc.gov", "ORIG_FID": "18885", "CreationDa": "2025-09-20T00:00:00", "Creator": "gisproc_sys", "EditDate": "2025-09-20T00:00:00", "Editor": "gisproc_sys", "sf_detached": 0.0, "sf_attached": 108.0, "duplex_triplex": 0.0, "multifamily": 0.0, "condo": 0, "unknown": 0, "data_source": "DRHM" }, "geometry": { "type": "Point", "coordinates": [ -78.823390773360813, 35.960733025843282 ] } },
{ "type": "Feature", "properties": { "A_NUMBER": "D2200019", "A_TYPE": "PL_SSP_SM2", "A_DATE": "2022-01-21T00:00:00", "A_STATUS": "APP", "A_STATUS_D": "2024-08-09T00:00:00", "A_PROJECT_": "Umstead Grove Conservation Subdivision Amendment", "A_DESCRIPT": "Driveway relocation, retaining wall added, sidewalk removed.", "A_USER_ID": "COLERE", "A_CASE_PLA": "COLERE", "StatCode": "APP", "AppStatus": "Approved", "AppCode": "PL_SSP_SM2", "AppType": "Level 2 - Administrative Site Plan", "CasePlanne": "Cole Renigar", "EMAIL": "Cole.Renigar@durhamnc.gov", "ORIG_FID": "18914", "CreationDa": "2025-09-20T00:00:00", "Creator": "gisproc_sys", "EditDate": "2025-09-20T00:00:00", "Editor": "gisproc_sys", "sf_detached": 0.0, "sf_attached": 0.0, "duplex_triplex": 0.0, "multifamily": 0.0, "condo": 0, "unknown": 0, "data_source": null }, "geometry": { "type": "Point", "coordinates": [ -78.945609141523917, 36.07501469116346 ] } },
{ "type": "Feature", "properties": { "A_NUMBER": "D2200298", "A_TYPE": "PL_MINSP", "A_DATE": "2022-09-06T00:00:00", "A_STATUS": "WITH", "A_STATUS_D": "2024-09-11T00:00:00", "A_PROJECT_": "2410 E Geer Street Subdivision", "A_DESCRIPT": "5 lots for residential subdivision", "A_USER_ID": "JESSICADO", "A_CASE_PLA": "COLERE", "StatCode": "WITH", "AppStatus": "Withdrawn/Cancelled", "AppCode": "PL_MINSP", "AppType": "Level 4 - Administrative Site Plan", "CasePlanne": "Cole Renigar", "EMAIL": "Cole.Renigar@durhamnc.gov", "ORIG_FID": "18929", "CreationDa": "2025-09-20T00:00:00", "Creator": "gisproc_sys", "EditDate": "2025-09-20T00:00:00", "Editor": "gisproc_sys", "sf_detached": 0.0, "sf_attached": 0.0, "duplex_triplex": 0.0, "multifamily": 156.0, "condo": 0, "unknown": 0, "data_source": "COMP" }, "geometry": { "type": "Point", "coordinates": [ -78.835846976681509, 36.027214787126987 ] } },
{ "type": "Feature", "properties": { "A_NUMBER": "D2200332", "A_TYPE": "PL_MINSP", "A_DATE": "2022-09-29T00:00:00", "A_STATUS": "UN_RE", "A_STATUS_D": "2025-03-04T00:00:00", "A_PROJECT_": "Glennstone Annex", "A_DESCRIPT": "17 Single family lots extending from ex. Chimney Stone Road.", "A_USER_ID": "AKINROTIMIA", "A_CASE_PLA": "TREYFI", "StatCode": "UN_RE", "AppStatus": "Under Review", "AppCode": "PL_MINSP", "AppType": "Level 4 - Administrative Site Plan", "CasePlanne": "Trey Figueroa", "EMAIL": "Trey.Figueroa@durhamnc.gov", "ORIG_FID": "18982", "CreationDa": "2025-09-20T00:00:00", "Creator": "gisproc_sys", "EditDate": "2025-09-20T00:00:00", "Editor": "gisproc_sys", "sf_detached": 17.0, "sf_attached": 0.0, "duplex_triplex": 0.0, "multifamily": 0.0, "condo": 0, "unknown": 0, "data_source": "DRHM" }, "geometry": { "type": "Point", "coordinates": [ -78.835282919947815, 36.054363095631452 ] } },
{ "type": "Feature", "properties": { "A_NUMBER": "D1800369", "A_TYPE": "PL_MINSP", "A_DATE": "2018-11-20T00:00:00", "A_STATUS": "APP", "A_STATUS_D": "2019-05-02T00:00:00", "A_PROJECT_": "Providence at Southpoint Townhomes", "A_DESCRIPT": "110 townhome lots", "A_USER_ID": "BRYANTGR", "A_CASE_PLA": "ELIZAMO", "StatCode": "APP", "AppStatus": "Approved", "AppCode": "PL_MINSP", "AppType": "Level 4 - Administrative Site Plan", "CasePlanne": "Eliza Monroe", "EMAIL": "Eliza.Monroe@durhamnc.gov", "ORIG_FID": "19176", "CreationDa": "2025-09-20T00:00:00", "Creator": "gisproc_sys", "EditDate": "2025-09-20T00:00:00", "Editor": "gisproc_sys", "sf_detached": 0.0, "sf_attached": 110.0, "duplex_triplex": 0.0, "multifamily": 0.0, "condo": 0, "unknown": 0, "data_source": "DRHM" }, "geometry": { "type": "Point", "coordinates": [ -78.852514691339621, 35.963635650792419 ] } },
{ "type": "Feature", "properties": { "A_NUMBER": "D1900164", "A_TYPE": "PL_MINSP", "A_DATE": "2019-05-24T00:00:00", "A_STATUS": "APP", "A_STATUS_D": "2020-08-28T00:00:00", "A_PROJECT_": "The Vega 214 Hunt", "A_DESCRIPT": "59 condominiums, 6030 sf commercial space and two levels of structured parking 39079 SF", "A_USER_ID": "PEYTONBL", "A_CASE_PLA": "ELIZAMO", "StatCode": "APP", "AppStatus": "Approved", "AppCode": "PL_MINSP", "AppType": "Level 4 - Administrative Site Plan", "CasePlanne": "Eliza Monroe", "EMAIL": "Eliza.Monroe@durhamnc.gov", "ORIG_FID": "19192", "CreationDa": "2025-09-20T00:00:00", "Creator": "gisproc_sys", "EditDate": "2025-09-20T00:00:00", "Editor": "gisproc_sys", "sf_detached": 0.0, "sf_attached": 0.0, "duplex_triplex": 0.0, "multifamily": 0.0, "condo": 59, "unknown": 0, "data_source": "DRHM" }, "geometry": { "type": "Point", "coordinates": [ -78.900439561147849, 36.000215754915672 ] } },
{ "type": "Feature", "properties": { "A_NUMBER": "D2100142", "A_TYPE": "PL_MINSP", "A_DATE": "2021-05-24T00:00:00", "A_STATUS": "APP", "A_STATUS_D": "2021-07-12T00:00:00", "A_PROJECT_": "Parmer RTP Campus Improvements - Phase II", "A_DESCRIPT": "Retro-fit campus from a single tenant facility to a multi - tenant facility.", "A_USER_ID": "TREYFI", "A_CASE_PLA": "TREYFI", "StatCode": "APP", "AppStatus": "Approved", "AppCode": "PL_MINSP", "AppType": "Level 4 - Administrative Site Plan", "CasePlanne": "Trey Figueroa", "EMAIL": "Trey.Figueroa@durhamnc.gov", "ORIG_FID": "19193", "CreationDa": "2025-09-20T00:00:00", "Creator": "gisproc_sys", "EditDate": "2025-09-20T00:00:00", "Editor": "gisproc_sys", "sf_detached": 0.0, "sf_attached": 0.0, "duplex_triplex": 0.0, "multifamily": 0.0, "condo": 0, "unknown": 0, "data_source": null }, "geometry": { "type": "Point", "coordinates": [ -78.862273465400875, 35.9344526599902 ] } },
{ "type": "Feature", "properties": { "A_NUMBER": "D2000123", "A_TYPE": "PL_MINSP", "A_DATE": "2020-06-01T00:00:00", "A_STATUS": "APP", "A_STATUS_D": "2020-11-24T00:00:00", "A_PROJECT_": "GeerHouse", "A_DESCRIPT": "Two new multistory buildings, with 312 apartment units, associated infrastructure and site improvements.", "A_USER_ID": "JESSICADO", "A_CASE_PLA": "COURTNEYMC", "StatCode": "APP", "AppStatus": "Approved", "AppCode": "PL_MINSP", "AppType": "Level 4 - Administrative Site Plan", "CasePlanne": "Courtney McQueen", "EMAIL": "Courtney.McQueen@durhamnc.gov", "ORIG_FID": "19230", "CreationDa": "2025-09-20T00:00:00", "Creator": "gisproc_sys", "EditDate": "2025-09-20T00:00:00", "Editor": "gisproc_sys", "sf_detached": 0.0, "sf_attached": 0.0, "duplex_triplex": 0.0, "multifamily": 312.0, "condo": 0, "unknown": 0, "data_source": "DRHM" }, "geometry": { "type": "Point", "coordinates": [ -78.901006692435715, 36.003104242224346 ] } },
{ "type": "Feature", "properties": { "A_NUMBER": "D2200371", "A_TYPE": "PL_MINSP", "A_DATE": "2022-10-24T00:00:00", "A_STATUS": "APP", "A_STATUS_D": "2023-04-20T00:00:00", "A_PROJECT_": "311 W Corporation", "A_DESCRIPT": "45 units multifamily residential apartments", "A_USER_ID": "HERALDGO", "A_CASE_PLA": "ROBINSH", "StatCode": "APP", "AppStatus": "Approved", "AppCode": "PL_MINSP", "AppType": "Level 4 - Administrative Site Plan", "CasePlanne": "Robin Schultze", "EMAIL": "Robin.Schultze@durhamnc.gov", "ORIG_FID": "19267", "CreationDa": "2025-09-20T00:00:00", "Creator": "gisproc_sys", "EditDate": "2025-09-20T00:00:00", "Editor": "gisproc_sys", "sf_detached": 0.0, "sf_attached": 0.0, "duplex_triplex": 0.0, "multifamily": 45.0, "condo": 0, "unknown": 0, "data_source": "DRHM" }, "geometry": { "type": "Point", "coordinates": [ -78.898906603353623, 36.001690204971091 ] } },
{ "type": "Feature", "properties": { "A_NUMBER": "D2100038", "A_TYPE": "PL_MINSP", "A_DATE": "2021-02-10T00:00:00", "A_STATUS": "APP", "A_STATUS_D": "2021-07-15T00:00:00", "A_PROJECT_": "Erwin Terrace Residential Wrapper & Pad 5", "A_DESCRIPT": "245 Multi - family residential units, 11,189 sf commercial and 326 space structured parking", "A_USER_ID": "JOHNRA", "A_CASE_PLA": "JOHNRA", "StatCode": "APP", "AppStatus": "Approved", "AppCode": "PL_MINSP", "AppType": "Level 4 - Administrative Site Plan", "CasePlanne": "John Rabon", "EMAIL": "John.Rabon@durhamnc.gov", "ORIG_FID": "19284", "CreationDa": "2025-09-20T00:00:00", "Creator": "gisproc_sys", "EditDate": "2025-09-20T00:00:00", "Editor": "gisproc_sys", "sf_detached": 0.0, "sf_attached": 0.0, "duplex_triplex": 0.0, "multifamily": 245.0, "condo": 0, "unknown": 0, "data_source": "DRHM" }, "geometry": { "type": "Point", "coordinates": [ -78.94787292114863, 36.007323886373399 ] } },
{ "type": "Feature", "properties": { "A_NUMBER": "D1900294", "A_TYPE": "PL_MINSP", "A_DATE": "2019-08-20T00:00:00", "A_STATUS": "APP", "A_STATUS_D": "2020-05-29T00:00:00", "A_PROJECT_": "Kendrick Estates", "A_DESCRIPT": "38 Single - family lot cluster development, 2 stormwater ponds, and associated infrastructure", "A_USER_ID": "ROBINSH", "A_CASE_PLA": "DCULTRA", "StatCode": "APP", "AppStatus": "Approved", "AppCode": "PL_MINSP", "AppType": "Level 4 - Administrative Site Plan", "CasePlanne": "Danny Cultra", "EMAIL": "Danny.Cultra@durhamnc.gov", "ORIG_FID": "19286", "CreationDa": "2025-09-20T00:00:00", "Creator": "gisproc_sys", "EditDate": "2025-09-20T00:00:00", "Editor": "gisproc_sys", "sf_detached": 38.0, "sf_attached": 0.0, "duplex_triplex": 0.0, "multifamily": 0.0, "condo": 0, "unknown": 0, "data_source": "DRHM" }, "geometry": { "type": "Point", "coordinates": [ -78.991453930445772, 35.980401427382958 ] } },
{ "type": "Feature", "properties": { "A_NUMBER": "D2000009", "A_TYPE": "PL_SSP_SM2", "A_DATE": "2020-01-14T00:00:00", "A_STATUS": "APP", "A_STATUS_D": "2020-07-21T00:00:00", "A_PROJECT_": "Fendol Farms Amendment", "A_DESCRIPT": "SP Amendment to modify per lot impervious (no net increase) + modify subphasing", "A_USER_ID": "JESSICADO", "A_CASE_PLA": "JOHNRA", "StatCode": "APP", "AppStatus": "Approved", "AppCode": "PL_SSP_SM2", "AppType": "Level 2 - Administrative Site Plan", "CasePlanne": "John Rabon", "EMAIL": "John.Rabon@durhamnc.gov", "ORIG_FID": "19295", "CreationDa": "2025-09-20T00:00:00", "Creator": "gisproc_sys", "EditDate": "2025-09-20T00:00:00", "Editor": "gisproc_sys", "sf_detached": 0.0, "sf_attached": 0.0, "duplex_triplex": 0.0, "multifamily": 0.0, "condo": 0, "unknown": 0, "data_source": null }, "geometry": { "type": "Point", "coordinates": [ -78.79139679028161, 35.951049633803436 ] } },
{ "type": "Feature", "properties": { "A_NUMBER": "D1500241", "A_TYPE": "PL_MINPP", "A_DATE": "2015-09-01T00:00:00", "A_STATUS": "APP", "A_STATUS_D": "2017-05-02T00:00:00", "A_PROJECT_": "Lakewood Phase II", "A_DESCRIPT": "14 lot single family subdivisions. 5.93 acres.", "A_USER_ID": "MARIAHER", "A_CASE_PLA": "DCULTRA", "StatCode": "APP", "AppStatus": "Approved", "AppCode": "PL_MINPP", "AppType": "Minor Preliminary Plat", "CasePlanne": "Danny Cultra", "EMAIL": "Danny.Cultra@durhamnc.gov", "ORIG_FID": "19370", "CreationDa": "2025-09-20T00:00:00", "Creator": "gisproc_sys", "EditDate": "2025-09-20T00:00:00", "Editor": "gisproc_sys", "sf_detached": 14.0, "sf_attached": 0.0, "duplex_triplex": 0.0, "multifamily": 0.0, "condo": 0, "unknown": 0, "data_source": "DRHM" }, "geometry": { "type": "Point", "coordinates": [ -78.929990775837354, 35.979777193517698 ] } },
{ "type": "Feature", "properties": { "A_NUMBER": "D1800321", "A_TYPE": "PL_MINSP", "A_DATE": "2018-10-09T00:00:00", "A_STATUS": "APP", "A_STATUS_D": "2019-04-02T00:00:00", "A_PROJECT_": "Willard Street Apartments", "A_DESCRIPT": "Multi-family residential apartment complex with 82 units (39 one-bedroom, and 43 two-bedroom), and 7139 square feet of retail with associated infrastructure. DD-C zoning and Cape Fear river basin.", "A_USER_ID": "JESSICADO", "A_CASE_PLA": "TREYFI", "StatCode": "APP", "AppStatus": "Approved", "AppCode": "PL_MINSP", "AppType": "Level 4 - Administrative Site Plan", "CasePlanne": "Trey Figueroa", "EMAIL": "Trey.Figueroa@durhamnc.gov", "ORIG_FID": "19393", "CreationDa": "2025-09-20T00:00:00", "Creator": "gisproc_sys", "EditDate": "2025-09-20T00:00:00", "Editor": "gisproc_sys", "sf_detached": 0.0, "sf_attached": 0.0, "duplex_triplex": 0.0, "multifamily": 82.0, "condo": 0, "unknown": 0, "data_source": "DRHM" }, "geometry": { "type": "Point", "coordinates": [ -78.906218140018922, 35.996129604914032 ] } },
{ "type": "Feature", "properties": { "A_NUMBER": "D2100250", "A_TYPE": "PL_MINSP", "A_DATE": "2021-08-06T00:00:00", "A_STATUS": "APP", "A_STATUS_D": "2022-01-11T00:00:00", "A_PROJECT_": "Shoccoree Residential Phase II", "A_DESCRIPT": "100 Single - family lots + 5 open space lots", "A_USER_ID": "JESSICADO", "A_CASE_PLA": "COLERE", "StatCode": "APP", "AppStatus": "Approved", "AppCode": "PL_MINSP", "AppType": "Level 4 - Administrative Site Plan", "CasePlanne": "Cole Renigar", "EMAIL": "Cole.Renigar@durhamnc.gov", "ORIG_FID": "19420", "CreationDa": "2025-09-20T00:00:00", "Creator": "gisproc_sys", "EditDate": "2025-09-20T00:00:00", "Editor": "gisproc_sys", "sf_detached": 100.0, "sf_attached": 0.0, "duplex_triplex": 0.0, "multifamily": 0.0, "condo": 0, "unknown": 0, "data_source": "DRHM" }, "geometry": { "type": "Point", "coordinates": [ -78.962129846440121, 36.034501517879626 ] } },
{ "type": "Feature", "properties": { "A_NUMBER": "D2200301", "A_TYPE": "PL_MINSP", "A_DATE": "2022-09-06T00:00:00", "A_STATUS": "APP", "A_STATUS_D": "2023-05-04T00:00:00", "A_PROJECT_": "102 W Morgan Street", "A_DESCRIPT": "Construction of 228 multifamily units with associated amenities and infrastructure.", "A_USER_ID": "TREYFI", "A_CASE_PLA": "TREYFI", "StatCode": "APP", "AppStatus": "Approved", "AppCode": "PL_MINSP", "AppType": "Level 4 - Administrative Site Plan", "CasePlanne": "Trey Figueroa", "EMAIL": "Trey.Figueroa@durhamnc.gov", "ORIG_FID": "19429", "CreationDa": "2025-09-20T00:00:00", "Creator": "gisproc_sys", "EditDate": "2025-09-20T00:00:00", "Editor": "gisproc_sys", "sf_detached": 0.0, "sf_attached": 0.0, "duplex_triplex": 0.0, "multifamily": 228.0, "condo": 0, "unknown": 0, "data_source": "DRHM" }, "geometry": { "type": "Point", "coordinates": [ -78.899505420676775, 35.998520714397756 ] } },
{ "type": "Feature", "properties": { "A_NUMBER": "D2400137", "A_TYPE": "PL_ASP", "A_DATE": "2024-06-10T00:00:00", "A_STATUS": "APP", "A_STATUS_D": "2024-08-26T00:00:00", "A_PROJECT_": "Crescent Townes Amendment", "A_DESCRIPT": "Cover page updated (55,014sf) to what was proposed and shows on the Open Space calc table on C3.00 (59,502sf). \r\n", "A_USER_ID": "JESSICADO", "A_CASE_PLA": "PEYTONBL", "StatCode": "APP", "AppStatus": "Approved", "AppCode": "PL_ASP", "AppType": "Level 1 - Administrative Site Plan", "CasePlanne": "PEYTON BLANCHARD", "EMAIL": "PEYTON.BLANCHARD@DURHAMNC.GOV", "ORIG_FID": "19481", "CreationDa": "2025-09-20T00:00:00", "Creator": "gisproc_sys", "EditDate": "2025-09-20T00:00:00", "Editor": "gisproc_sys", "sf_detached": 0.0, "sf_attached": 0.0, "duplex_triplex": 0.0, "multifamily": 0.0, "condo": 0, "unknown": 0, "data_source": null }, "geometry": { "type": "Point", "coordinates": [ -78.987702371867613, 35.914386145239618 ] } },
{ "type": "Feature", "properties": { "A_NUMBER": "D1800247", "A_TYPE": "PL_MINSP", "A_DATE": "2018-07-17T00:00:00", "A_STATUS": "APP", "A_STATUS_D": "2018-11-26T00:00:00", "A_PROJECT_": "Overture Farrington Road", "A_DESCRIPT": "184 Units for senior living with parking and pool amenity", "A_USER_ID": "KRYSTALRA", "A_CASE_PLA": "DCULTRA", "StatCode": "APP", "AppStatus": "Approved", "AppCode": "PL_MINSP", "AppType": "Level 4 - Administrative Site Plan", "CasePlanne": "Danny Cultra", "EMAIL": "Danny.Cultra@durhamnc.gov", "ORIG_FID": "19688", "CreationDa": "2025-09-20T00:00:00", "Creator": "gisproc_sys", "EditDate": "2025-09-20T00:00:00", "Editor": "gisproc_sys", "sf_detached": 184.0, "sf_attached": 0.0, "duplex_triplex": 0.0, "multifamily": 0.0, "condo": 0, "unknown": 0, "data_source": "DRHM" }, "geometry": { "type": "Point", "coordinates": [ -78.985930061566165, 35.913428146766407 ] } },
{ "type": "Feature", "properties": { "A_NUMBER": "D2000157", "A_TYPE": "PL_ASP", "A_DATE": "2020-07-08T00:00:00", "A_STATUS": "APP", "A_STATUS_D": "2020-08-25T00:00:00", "A_PROJECT_": "Gordon St Townes Amendment 3", "A_DESCRIPT": "Unit B facade changes Ph. 2-4. Penthouses added.", "A_USER_ID": "JESSICADO", "A_CASE_PLA": "WGRIFFIN", "StatCode": "APP", "AppStatus": "Approved", "AppCode": "PL_ASP", "AppType": "Level 1 - Administrative Site Plan", "CasePlanne": "Wade Griffin", "EMAIL": "Wade.Griffin@durhamnc.gov", "ORIG_FID": "19728", "CreationDa": "2025-09-20T00:00:00", "Creator": "gisproc_sys", "EditDate": "2025-09-20T00:00:00", "Editor": "gisproc_sys", "sf_detached": 0.0, "sf_attached": 0.0, "duplex_triplex": 0.0, "multifamily": 0.0, "condo": 0, "unknown": 0, "data_source": null }, "geometry": { "type": "Point", "coordinates": [ -78.910268467477422, 35.994218686402178 ] } },
{ "type": "Feature", "properties": { "A_NUMBER": "D2200428", "A_TYPE": "PL_MINSP", "A_DATE": "2022-12-20T00:00:00", "A_STATUS": "APP", "A_STATUS_D": "2024-10-03T00:00:00", "A_PROJECT_": "Alpaca Chicken", "A_DESCRIPT": "The proposed development combines two existing lots. A multi-tenant commercial building including a restaurant and retail is proposed.", "A_USER_ID": "KEAGANSA", "A_CASE_PLA": "KEAGANSA", "StatCode": "APP", "AppStatus": "Approved", "AppCode": "PL_MINSP", "AppType": "Level 4 - Administrative Site Plan", "CasePlanne": "Keagan Sacripanti", "EMAIL": "Keagan.Sacripanti@durhamnc.gov", "ORIG_FID": "19760", "CreationDa": "2025-09-20T00:00:00", "Creator": "gisproc_sys", "EditDate": "2025-09-20T00:00:00", "Editor": "gisproc_sys", "sf_detached": 0.0, "sf_attached": 0.0, "duplex_triplex": 0.0, "multifamily": 0.0, "condo": 0, "unknown": 0, "data_source": null }, "geometry": { "type": "Point", "coordinates": [ -78.84018035544257, 35.940887671216551 ] } },
{ "type": "Feature", "properties": { "A_NUMBER": "D2200169", "A_TYPE": "PL_MINSP", "A_DATE": "2022-05-24T00:00:00", "A_STATUS": "APP", "A_STATUS_D": "2023-01-17T00:00:00", "A_PROJECT_": "Massey Chapel Townhouses", "A_DESCRIPT": "24 townhome lots.", "A_USER_ID": "JESSICADO", "A_CASE_PLA": "ROBINSH", "StatCode": "APP", "AppStatus": "Approved", "AppCode": "PL_MINSP", "AppType": "Level 4 - Administrative Site Plan", "CasePlanne": "Robin Schultze", "EMAIL": "Robin.Schultze@durhamnc.gov", "ORIG_FID": "19777", "CreationDa": "2025-09-20T00:00:00", "Creator": "gisproc_sys", "EditDate": "2025-09-20T00:00:00", "Editor": "gisproc_sys", "sf_detached": 0.0, "sf_attached": 24.0, "duplex_triplex": 0.0, "multifamily": 0.0, "condo": 0, "unknown": 0, "data_source": "DRHM" }, "geometry": { "type": "Point", "coordinates": [ -78.946575708272519, 35.896516970761226 ] } },
{ "type": "Feature", "properties": { "A_NUMBER": "D2200242", "A_TYPE": "PL_MINSP", "A_DATE": "2022-07-12T00:00:00", "A_STATUS": "APP", "A_STATUS_D": "2023-09-06T00:00:00", "A_PROJECT_": "Shoccoree II (SCM Change)", "A_DESCRIPT": "100 sf lots and associated infrastructure ", "A_USER_ID": "JESSICADO", "A_CASE_PLA": "TREYFI", "StatCode": "APP", "AppStatus": "Approved", "AppCode": "PL_MINSP", "AppType": "Level 4 - Administrative Site Plan", "CasePlanne": "Trey Figueroa", "EMAIL": "Trey.Figueroa@durhamnc.gov", "ORIG_FID": "19790", "CreationDa": "2025-09-20T00:00:00", "Creator": "gisproc_sys", "EditDate": "2025-09-20T00:00:00", "Editor": "gisproc_sys", "sf_detached": 100.0, "sf_attached": null, "duplex_triplex": null, "multifamily": null, "condo": 0, "unknown": 0, "data_source": "ITRE" }, "geometry": { "type": "Point", "coordinates": [ -78.962129846440121, 36.034501517879626 ] } },
{ "type": "Feature", "properties": { "A_NUMBER": "D1900326", "A_TYPE": "PL_MINSP", "A_DATE": "2019-09-12T00:00:00", "A_STATUS": "APP", "A_STATUS_D": "2020-10-21T00:00:00", "A_PROJECT_": "Moriah Multi- Family", "A_DESCRIPT": "264 Unit apartment complex, with 7,150 Sf  clubhouse and associated site work.", "A_USER_ID": "KIMRO", "A_CASE_PLA": "DCULTRA", "StatCode": "APP", "AppStatus": "Approved", "AppCode": "PL_MINSP", "AppType": "Level 4 - Administrative Site Plan", "CasePlanne": "Danny Cultra", "EMAIL": "Danny.Cultra@durhamnc.gov", "ORIG_FID": "19828", "CreationDa": "2025-09-20T00:00:00", "Creator": "gisproc_sys", "EditDate": "2025-09-20T00:00:00", "Editor": "gisproc_sys", "sf_detached": 0.0, "sf_attached": 0.0, "duplex_triplex": 0.0, "multifamily": 264.0, "condo": 0, "unknown": 0, "data_source": "DRHM" }, "geometry": { "type": "Point", "coordinates": [ -78.993764726745979, 35.947024684068914 ] } },
{ "type": "Feature", "properties": { "A_NUMBER": "D1900351", "A_TYPE": "PL_ASP", "A_DATE": "2019-09-27T00:00:00", "A_STATUS": "APP", "A_STATUS_D": "2019-11-18T00:00:00", "A_PROJECT_": "West Brier townes at Alexander Park", "A_DESCRIPT": "Eliminate retaining wall from approved plans", "A_USER_ID": "ADDMGR", "A_CASE_PLA": "KYLETA", "StatCode": "APP", "AppStatus": "Approved", "AppCode": "PL_ASP", "AppType": "Level 1 - Administrative Site Plan", "CasePlanne": "Kyle Taylor", "EMAIL": "Kyle.Taylor@durhamnc.gov", "ORIG_FID": "19835", "CreationDa": "2025-09-20T00:00:00", "Creator": "gisproc_sys", "EditDate": "2025-09-20T00:00:00", "Editor": "gisproc_sys", "sf_detached": 0.0, "sf_attached": 0.0, "duplex_triplex": 0.0, "multifamily": 0.0, "condo": 0, "unknown": 0, "data_source": null }, "geometry": { "type": "Point", "coordinates": [ -78.821748722751664, 35.914911918405664 ] } },
{ "type": "Feature", "properties": { "A_NUMBER": "D2200386", "A_TYPE": "PL_MINSP", "A_DATE": "2022-11-03T00:00:00", "A_STATUS": "APP", "A_STATUS_D": "2024-02-28T00:00:00", "A_PROJECT_": "3851 Hope Valley Road", "A_DESCRIPT": "Duplexes and single family subdivision. 40 total units, 3 open space lots.", "A_USER_ID": "JESSICADO", "A_CASE_PLA": "ROBINSH", "StatCode": "APP", "AppStatus": "Approved", "AppCode": "PL_MINSP", "AppType": "Level 4 - Administrative Site Plan", "CasePlanne": "Robin Schultze", "EMAIL": "Robin.Schultze@durhamnc.gov", "ORIG_FID": "19888", "CreationDa": "2025-09-20T00:00:00", "Creator": "gisproc_sys", "EditDate": "2025-09-20T00:00:00", "Editor": "gisproc_sys", "sf_detached": 0.0, "sf_attached": 0.0, "duplex_triplex": 0.0, "multifamily": 0.0, "condo": 0, "unknown": 0, "data_source": null }, "geometry": { "type": "Point", "coordinates": [ -78.941755320358425, 35.94067663199769 ] } },
{ "type": "Feature", "properties": { "A_NUMBER": "D1900365", "A_TYPE": "PL_SSP_SM2", "A_DATE": "2019-10-10T00:00:00", "A_STATUS": "APP", "A_STATUS_D": "2025-03-28T00:00:00", "A_PROJECT_": "Gordon St Townes", "A_DESCRIPT": "SP Amendment - Shift phasing line, add stairs and sidewalk, cbu cluster, and updating solid waste info, removing 2 proposed street lights", "A_USER_ID": "JESSICADO", "A_CASE_PLA": "JOHNRA", "StatCode": "APP", "AppStatus": "Approved", "AppCode": "PL_SSP_SM2", "AppType": "Level 2 - Administrative Site Plan", "CasePlanne": "John Rabon", "EMAIL": "John.Rabon@durhamnc.gov", "ORIG_FID": "19894", "CreationDa": "2025-09-20T00:00:00", "Creator": "gisproc_sys", "EditDate": "2025-09-20T00:00:00", "Editor": "gisproc_sys", "sf_detached": 0.0, "sf_attached": 0.0, "duplex_triplex": 0.0, "multifamily": 0.0, "condo": 0, "unknown": 0, "data_source": null }, "geometry": { "type": "Point", "coordinates": [ -78.910268467477422, 35.994218686402178 ] } },
{ "type": "Feature", "properties": { "A_NUMBER": "D2000133", "A_TYPE": "PL_SSP_SM2", "A_DATE": "2020-06-15T00:00:00", "A_STATUS": "APP", "A_STATUS_D": "2020-11-05T00:00:00", "A_PROJECT_": "Durham Gateway  Amendment", "A_DESCRIPT": "Roadway improvement, open space, and pedestrian mall changes", "A_USER_ID": "JESSICADO", "A_CASE_PLA": "COURTNEYMC", "StatCode": "APP", "AppStatus": "Approved", "AppCode": "PL_SSP_SM2", "AppType": "Level 2 - Administrative Site Plan", "CasePlanne": "Courtney McQueen", "EMAIL": "Courtney.McQueen@durhamnc.gov", "ORIG_FID": "19942", "CreationDa": "2025-09-20T00:00:00", "Creator": "gisproc_sys", "EditDate": "2025-09-20T00:00:00", "Editor": "gisproc_sys", "sf_detached": 0.0, "sf_attached": 0.0, "duplex_triplex": 0.0, "multifamily": 0.0, "condo": 0, "unknown": 0, "data_source": null }, "geometry": { "type": "Point", "coordinates": [ -78.814758489957896, 35.947530425191552 ] } },
{ "type": "Feature", "properties": { "A_NUMBER": "D1600026", "A_TYPE": "PL_MINSP", "A_DATE": "2016-01-26T00:00:00", "A_STATUS": "APP", "A_STATUS_D": "2016-09-16T00:00:00", "A_PROJECT_": "Ellis Road Ph 2 Parking Change", "A_DESCRIPT": "215 single family, 125 townhouses, clubhouse; Change townhome parking from campus parking to driveways/garages (new site plan, not an amendment)", "A_USER_ID": "KIMRO", "A_CASE_PLA": "NIARO", "StatCode": "APP", "AppStatus": "Approved", "AppCode": "PL_MINSP", "AppType": "Level 4 - Administrative Site Plan", "CasePlanne": "Nia Rodgers", "EMAIL": "nia.rodgers@durhamnc.gov", "ORIG_FID": "20021", "CreationDa": "2025-09-20T00:00:00", "Creator": "gisproc_sys", "EditDate": "2025-09-20T00:00:00", "Editor": "gisproc_sys", "sf_detached": 215.0, "sf_attached": 125.0, "duplex_triplex": 0.0, "multifamily": 0.0, "condo": 0, "unknown": 0, "data_source": "DRHM" }, "geometry": { "type": "Point", "coordinates": [ -78.862045601464544, 35.945854055785773 ] } },
{ "type": "Feature", "properties": { "A_NUMBER": "D1700256", "A_TYPE": "PL_MINSP", "A_DATE": "2017-08-08T00:00:00", "A_STATUS": "APP", "A_STATUS_D": "2018-08-10T00:00:00", "A_PROJECT_": "Creekside at Bethpage Amendment", "A_DESCRIPT": "Convert a group of single-family lots in phase 5 to townhomes.", "A_USER_ID": "JOHNRA", "A_CASE_PLA": "DCULTRA", "StatCode": "APP", "AppStatus": "Approved", "AppCode": "PL_MINSP", "AppType": "Level 4 - Administrative Site Plan", "CasePlanne": "Danny Cultra", "EMAIL": "Danny.Cultra@durhamnc.gov", "ORIG_FID": "20023", "CreationDa": "2025-09-20T00:00:00", "Creator": "gisproc_sys", "EditDate": "2025-09-20T00:00:00", "Editor": "gisproc_sys", "sf_detached": 5.0, "sf_attached": 0.0, "duplex_triplex": 0.0, "multifamily": 0.0, "condo": 0, "unknown": 0, "data_source": "DRHM" }, "geometry": { "type": "Point", "coordinates": [ -78.83164254076236, 35.902107703785823 ] } },
{ "type": "Feature", "properties": { "A_NUMBER": "D2200177", "A_TYPE": "PL_SSP_SM2", "A_DATE": "2022-06-03T00:00:00", "A_STATUS": "APP", "A_STATUS_D": "2022-08-24T00:00:00", "A_PROJECT_": "The Pauli Murray Center for History and Social Justice", "A_DESCRIPT": "Restoration of existing house, addition of ADA parking and rear buffer.", "A_USER_ID": "AMANDAHO", "A_CASE_PLA": "ROBINSH", "StatCode": "APP", "AppStatus": "Approved", "AppCode": "PL_SSP_SM2", "AppType": "Level 2 - Administrative Site Plan", "CasePlanne": "Robin Schultze", "EMAIL": "Robin.Schultze@durhamnc.gov", "ORIG_FID": "20040", "CreationDa": "2025-09-20T00:00:00", "Creator": "gisproc_sys", "EditDate": "2025-09-20T00:00:00", "Editor": "gisproc_sys", "sf_detached": 0.0, "sf_attached": 0.0, "duplex_triplex": 0.0, "multifamily": 0.0, "condo": 0, "unknown": 0, "data_source": null }, "geometry": { "type": "Point", "coordinates": [ -78.916239094532926, 35.992769115298465 ] } },
{ "type": "Feature", "properties": { "A_NUMBER": "D1500300", "A_TYPE": "PL_MINSP", "A_DATE": "2015-10-13T00:00:00", "A_STATUS": "APP", "A_STATUS_D": "2016-08-25T00:00:00", "A_PROJECT_": "Van Alen", "A_DESCRIPT": "408 residential apartment units in 2 buildings", "A_USER_ID": "LEEDA", "A_CASE_PLA": "NIARO", "StatCode": "APP", "AppStatus": "Approved", "AppCode": "PL_MINSP", "AppType": "Level 4 - Administrative Site Plan", "CasePlanne": "Nia Rodgers", "EMAIL": "nia.rodgers@durhamnc.gov", "ORIG_FID": "20055", "CreationDa": "2025-09-20T00:00:00", "Creator": "gisproc_sys", "EditDate": "2025-09-20T00:00:00", "Editor": "gisproc_sys", "sf_detached": 0.0, "sf_attached": 0.0, "duplex_triplex": 0.0, "multifamily": 408.0, "condo": 0, "unknown": 0, "data_source": "DRHM" }, "geometry": { "type": "Point", "coordinates": [ -78.901821203985904, 35.990539617703149 ] } },
{ "type": "Feature", "properties": { "A_NUMBER": "D1800210", "A_TYPE": "PL_MINSP", "A_DATE": "2018-06-19T00:00:00", "A_STATUS": "APP", "A_STATUS_D": "2018-10-29T00:00:00", "A_PROJECT_": "1605 Erwin Road Multifamily", "A_DESCRIPT": "Multifamily apartments", "A_USER_ID": "COURTNEYMC", "A_CASE_PLA": "COURTNEYMC", "StatCode": "APP", "AppStatus": "Approved", "AppCode": "PL_MINSP", "AppType": "Level 4 - Administrative Site Plan", "CasePlanne": "Courtney McQueen", "EMAIL": "Courtney.McQueen@durhamnc.gov", "ORIG_FID": "20078", "CreationDa": "2025-09-20T00:00:00", "Creator": "gisproc_sys", "EditDate": "2025-09-20T00:00:00", "Editor": "gisproc_sys", "sf_detached": 0.0, "sf_attached": 0.0, "duplex_triplex": 0.0, "multifamily": 0.0, "condo": 0, "unknown": 0, "data_source": null }, "geometry": { "type": "Point", "coordinates": [ -78.922014206055806, 36.005822135692576 ] } },
{ "type": "Feature", "properties": { "A_NUMBER": "D1600250", "A_TYPE": "PL_MINSP", "A_DATE": "2016-09-06T00:00:00", "A_STATUS": "APP", "A_STATUS_D": "2018-08-01T00:00:00", "A_PROJECT_": "Mi Jardin Spanish Immersion Preschool", "A_DESCRIPT": "Parking, landscaping and fencing.for change of use from dwelling to daycare facility (28 children - mSUP required from BOA)", "A_USER_ID": "COLERE", "A_CASE_PLA": "EMILYST", "StatCode": "APP", "AppStatus": "Approved", "AppCode": "PL_MINSP", "AppType": "Level 4 - Administrative Site Plan", "CasePlanne": "Emily Struthers", "EMAIL": "Emily.Struthers@durhamnc.gov", "ORIG_FID": "20107", "CreationDa": "2025-09-20T00:00:00", "Creator": "gisproc_sys", "EditDate": "2025-09-20T00:00:00", "Editor": "gisproc_sys", "sf_detached": 0.0, "sf_attached": 0.0, "duplex_triplex": 0.0, "multifamily": 0.0, "condo": 0, "unknown": 0, "data_source": null }, "geometry": { "type": "Point", "coordinates": [ -78.990825559446648, 35.909422630966425 ] } },
{ "type": "Feature", "properties": { "A_NUMBER": "D2300062", "A_TYPE": "PL_MINSP", "A_DATE": "2023-03-03T00:00:00", "A_STATUS": "APP", "A_STATUS_D": "2023-12-07T00:00:00", "A_PROJECT_": "5202 Garrett Road", "A_DESCRIPT": "6 townhouses with small parking lot, dog park, and passive open space.", "A_USER_ID": "COLERE", "A_CASE_PLA": "COLERE", "StatCode": "APP", "AppStatus": "Approved", "AppCode": "PL_MINSP", "AppType": "Level 4 - Administrative Site Plan", "CasePlanne": "Cole Renigar", "EMAIL": "Cole.Renigar@durhamnc.gov", "ORIG_FID": "20215", "CreationDa": "2025-09-20T00:00:00", "Creator": "gisproc_sys", "EditDate": "2025-09-20T00:00:00", "Editor": "gisproc_sys", "sf_detached": 0.0, "sf_attached": 6.0, "duplex_triplex": 0.0, "multifamily": 0.0, "condo": 0, "unknown": 0, "data_source": "DRHM" }, "geometry": { "type": "Point", "coordinates": [ -78.969743910344263, 35.948994800721692 ] } },
{ "type": "Feature", "properties": { "A_NUMBER": "D1900139", "A_TYPE": "PL_MINSP", "A_DATE": "2019-05-10T00:00:00", "A_STATUS": "APP", "A_STATUS_D": "2019-10-24T00:00:00", "A_PROJECT_": "North Roxboro Street Condos", "A_DESCRIPT": "Eight New Condo Units", "A_USER_ID": "KRYSTALRA", "A_CASE_PLA": "DCULTRA", "StatCode": "APP", "AppStatus": "Approved", "AppCode": "PL_MINSP", "AppType": "Level 4 - Administrative Site Plan", "CasePlanne": "Danny Cultra", "EMAIL": "Danny.Cultra@durhamnc.gov", "ORIG_FID": "20231", "CreationDa": "2025-09-20T00:00:00", "Creator": "gisproc_sys", "EditDate": "2025-09-20T00:00:00", "Editor": "gisproc_sys", "sf_detached": 0.0, "sf_attached": 0.0, "duplex_triplex": 0.0, "multifamily": 0.0, "condo": 0, "unknown": 0, "data_source": null }, "geometry": { "type": "Point", "coordinates": [ -78.894430419530707, 35.998130579697282 ] } },
{ "type": "Feature", "properties": { "A_NUMBER": "D2300140", "A_TYPE": "PL_MINSP", "A_DATE": "2023-05-22T00:00:00", "A_STATUS": "APP", "A_STATUS_D": "2024-06-30T00:00:00", "A_PROJECT_": "2201 Cornwallis Land", "A_DESCRIPT": "103,000 sq. ft. of multifamily residential building area with 90 units plus open space lots.", "A_USER_ID": "TREYFI", "A_CASE_PLA": "TREYFI", "StatCode": "APP", "AppStatus": "Approved", "AppCode": "PL_MINSP", "AppType": "Level 4 - Administrative Site Plan", "CasePlanne": "Trey Figueroa", "EMAIL": "Trey.Figueroa@durhamnc.gov", "ORIG_FID": "20253", "CreationDa": "2025-09-20T00:00:00", "Creator": "gisproc_sys", "EditDate": "2025-09-20T00:00:00", "Editor": "gisproc_sys", "sf_detached": 0.0, "sf_attached": 0.0, "duplex_triplex": 0.0, "multifamily": 90.0, "condo": 0, "unknown": 0, "data_source": "DRHM" }, "geometry": { "type": "Point", "coordinates": [ -78.959082141237886, 35.982499657870477 ] } },
{ "type": "Feature", "properties": { "A_NUMBER": "D2400172", "A_TYPE": "PL_ASP", "A_DATE": "2024-08-06T00:00:00", "A_STATUS": "COM", "A_STATUS_D": "2024-09-23T00:00:00", "A_PROJECT_": "NCCU Baynes Hall Grading Plan", "A_DESCRIPT": "Demolish existing dormatory, regrading site, adding a sidewalk.", "A_USER_ID": "PEYTONBL", "A_CASE_PLA": "PEYTONBL", "StatCode": "COM", "AppStatus": "Complete", "AppCode": "PL_ASP", "AppType": "Level 1 - Administrative Site Plan", "CasePlanne": "PEYTON BLANCHARD", "EMAIL": "PEYTON.BLANCHARD@DURHAMNC.GOV", "ORIG_FID": "20320", "CreationDa": "2025-09-20T00:00:00", "Creator": "gisproc_sys", "EditDate": "2025-09-20T00:00:00", "Editor": "gisproc_sys", "sf_detached": 0.0, "sf_attached": 0.0, "duplex_triplex": 0.0, "multifamily": 252.0, "condo": 0, "unknown": 0, "data_source": "COMP" }, "geometry": { "type": "Point", "coordinates": [ -78.898079266563144, 35.974657609685991 ] } },
{ "type": "Feature", "properties": { "A_NUMBER": "D2400176", "A_TYPE": "PL_MINSP", "A_DATE": "2024-08-13T00:00:00", "A_STATUS": "UN_RE", "A_STATUS_D": "2024-08-13T00:00:00", "A_PROJECT_": "Fox Crossing II", "A_DESCRIPT": "320 apartment units with 4800 sq ft of commercial space", "A_USER_ID": "EDWARDFR", "A_CASE_PLA": "TREYFI", "StatCode": "UN_RE", "AppStatus": "Under Review", "AppCode": "PL_MINSP", "AppType": "Level 4 - Administrative Site Plan", "CasePlanne": "Trey Figueroa", "EMAIL": "Trey.Figueroa@durhamnc.gov", "ORIG_FID": "20341", "CreationDa": "2025-09-20T00:00:00", "Creator": "gisproc_sys", "EditDate": "2025-09-20T00:00:00", "Editor": "gisproc_sys", "sf_detached": 0.0, "sf_attached": 0.0, "duplex_triplex": 0.0, "multifamily": 320.0, "condo": 0, "unknown": 0, "data_source": "DRHM" }, "geometry": { "type": "Point", "coordinates": [ -78.852263132688023, 35.970853542440373 ] } },
{ "type": "Feature", "properties": { "A_NUMBER": "D2400191", "A_TYPE": "PL_MINSP", "A_DATE": "2024-08-21T00:00:00", "A_STATUS": "APP", "A_STATUS_D": "2025-05-13T00:00:00", "A_PROJECT_": "Mica Ridge Amendment", "A_DESCRIPT": "various revisions made with this submittal including changing of alley section, adding sidewalk easement, etc.", "A_USER_ID": "JALISAHA", "A_CASE_PLA": "JALISAHA", "StatCode": "APP", "AppStatus": "Approved", "AppCode": "PL_MINSP", "AppType": "Level 4 - Administrative Site Plan", "CasePlanne": "JALISA HARRIS", "EMAIL": "Jalisa.Harris@durhamnc.gov", "ORIG_FID": "20371", "CreationDa": "2025-09-20T00:00:00", "Creator": "gisproc_sys", "EditDate": "2025-09-20T00:00:00", "Editor": "gisproc_sys", "sf_detached": 0.0, "sf_attached": 0.0, "duplex_triplex": 0.0, "multifamily": 0.0, "condo": 0, "unknown": 0, "data_source": null }, "geometry": { "type": "Point", "coordinates": [ -78.83725733021646, 35.954975297566904 ] } },
{ "type": "Feature", "properties": { "A_NUMBER": "D2400193", "A_TYPE": "PL_MINSP", "A_DATE": "2024-08-27T00:00:00", "A_STATUS": "APP", "A_STATUS_D": "2025-01-31T00:00:00", "A_PROJECT_": "Durham Summit", "A_DESCRIPT": "312 multi-family apartment units with surface parking.", "A_USER_ID": "JESSICADO", "A_CASE_PLA": "PEYTONBL", "StatCode": "APP", "AppStatus": "Approved", "AppCode": "PL_MINSP", "AppType": "Level 4 - Administrative Site Plan", "CasePlanne": "PEYTON BLANCHARD", "EMAIL": "PEYTON.BLANCHARD@DURHAMNC.GOV", "ORIG_FID": "20386", "CreationDa": "2025-09-20T00:00:00", "Creator": "gisproc_sys", "EditDate": "2025-09-20T00:00:00", "Editor": "gisproc_sys", "sf_detached": 0.0, "sf_attached": 0.0, "duplex_triplex": 0.0, "multifamily": 312.0, "condo": 0, "unknown": 0, "data_source": "DRHM" }, "geometry": { "type": "Point", "coordinates": [ -78.903793589889105, 36.046505523196032 ] } },
{ "type": "Feature", "properties": { "A_NUMBER": "D2400194", "A_TYPE": "PL_ASP", "A_DATE": "2024-08-28T00:00:00", "A_STATUS": "WITH", "A_STATUS_D": "2025-02-24T00:00:00", "A_PROJECT_": "Oakridge Residential (Phase B) Amendment", "A_DESCRIPT": "Shift in service area and associated driveway cut from new public road. The shift is ~5 ft.", "A_USER_ID": "JESSICADO", "A_CASE_PLA": "JALISAHA", "StatCode": "WITH", "AppStatus": "Withdrawn/Cancelled", "AppCode": "PL_ASP", "AppType": "Level 1 - Administrative Site Plan", "CasePlanne": "JALISA HARRIS", "EMAIL": "Jalisa.Harris@durhamnc.gov", "ORIG_FID": "20392", "CreationDa": "2025-09-20T00:00:00", "Creator": "gisproc_sys", "EditDate": "2025-09-20T00:00:00", "Editor": "gisproc_sys", "sf_detached": 0.0, "sf_attached": 0.0, "duplex_triplex": 0.0, "multifamily": 0.0, "condo": 0, "unknown": 0, "data_source": null }, "geometry": { "type": "Point", "coordinates": [ -78.988072360044697, 35.96012624769326 ] } },
{ "type": "Feature", "properties": { "A_NUMBER": "D2400201", "A_TYPE": "PL_MINSP", "A_DATE": "2024-09-06T00:00:00", "A_STATUS": "APP", "A_STATUS_D": "2025-08-13T00:00:00", "A_PROJECT_": "Trinity Park Townhomes", "A_DESCRIPT": "20 townhomes with ADU's and a commercial parking lot to serve the adjacent hotel.", "A_USER_ID": "ADDMGR", "A_CASE_PLA": "TREYFI", "StatCode": "APP", "AppStatus": "Approved", "AppCode": "PL_MINSP", "AppType": "Level 4 - Administrative Site Plan", "CasePlanne": "Trey Figueroa", "EMAIL": "Trey.Figueroa@durhamnc.gov", "ORIG_FID": "20413", "CreationDa": "2025-09-20T00:00:00", "Creator": "gisproc_sys", "EditDate": "2025-09-20T00:00:00", "Editor": "gisproc_sys", "sf_detached": 0.0, "sf_attached": 20.0, "duplex_triplex": 0.0, "multifamily": 0.0, "condo": 0, "unknown": 0, "data_source": "DRHM" }, "geometry": { "type": "Point", "coordinates": [ -78.910588609760822, 36.001933323150155 ] } },
{ "type": "Feature", "properties": { "A_NUMBER": "D2400205", "A_TYPE": "PL_MINSP", "A_DATE": "2024-09-11T00:00:00", "A_STATUS": "APP", "A_STATUS_D": "2025-04-30T00:00:00", "A_PROJECT_": "Fayette Place Ph 1", "A_DESCRIPT": "252 affordable unit apartment complex.", "A_USER_ID": "COLERE", "A_CASE_PLA": "COLERE", "StatCode": "APP", "AppStatus": "Approved", "AppCode": "PL_MINSP", "AppType": "Level 4 - Administrative Site Plan", "CasePlanne": "Cole Renigar", "EMAIL": "Cole.Renigar@durhamnc.gov", "ORIG_FID": "20417", "CreationDa": "2025-09-20T00:00:00", "Creator": "gisproc_sys", "EditDate": "2025-09-20T00:00:00", "Editor": "gisproc_sys", "sf_detached": 0.0, "sf_attached": 0.0, "duplex_triplex": 0.0, "multifamily": 252.0, "condo": 0, "unknown": 0, "data_source": "DRHM" }, "geometry": { "type": "Point", "coordinates": [ -78.895567603353086, 35.983878717430727 ] } },
{ "type": "Feature", "properties": { "A_NUMBER": "D2400209", "A_TYPE": "PL_ASP", "A_DATE": "2024-09-11T00:00:00", "A_STATUS": "APP", "A_STATUS_D": "2024-11-27T00:00:00", "A_PROJECT_": "Duke 97 Townhomes Amendment", "A_DESCRIPT": "Modifying previously approved playground and open space.", "A_USER_ID": "JESSICADO", "A_CASE_PLA": "JALISAHA", "StatCode": "APP", "AppStatus": "Approved", "AppCode": "PL_ASP", "AppType": "Level 1 - Administrative Site Plan", "CasePlanne": "JALISA HARRIS", "EMAIL": "Jalisa.Harris@durhamnc.gov", "ORIG_FID": "20421", "CreationDa": "2025-09-20T00:00:00", "Creator": "gisproc_sys", "EditDate": "2025-09-20T00:00:00", "Editor": "gisproc_sys", "sf_detached": 0.0, "sf_attached": 0.0, "duplex_triplex": 0.0, "multifamily": 0.0, "condo": 0, "unknown": 126, "data_source": "COMP" }, "geometry": { "type": "Point", "coordinates": [ -78.916111951963146, 36.049362747148301 ] } },
{ "type": "Feature", "properties": { "A_NUMBER": "D2400211", "A_TYPE": "PL_SSP_SM", "A_DATE": "2024-09-17T00:00:00", "A_STATUS": "UN_RE", "A_STATUS_D": "2025-03-21T00:00:00", "A_PROJECT_": "High Good - 106 Watts", "A_DESCRIPT": "25 MF residential units with ground floor commercial and under building parking.", "A_USER_ID": "FRANCISCOM", "A_CASE_PLA": "COLERE", "StatCode": "UN_RE", "AppStatus": "Under Review", "AppCode": "PL_SSP_SM", "AppType": "Level 3 - Administrative Site Plan", "CasePlanne": "Cole Renigar", "EMAIL": "Cole.Renigar@durhamnc.gov", "ORIG_FID": "20449", "CreationDa": "2025-09-20T00:00:00", "Creator": "gisproc_sys", "EditDate": "2025-09-20T00:00:00", "Editor": "gisproc_sys", "sf_detached": 0.0, "sf_attached": 0.0, "duplex_triplex": 0.0, "multifamily": 25.0, "condo": 0, "unknown": 0, "data_source": "ITRE" }, "geometry": { "type": "Point", "coordinates": [ -78.91084431148731, 36.001616162687107 ] } },
{ "type": "Feature", "properties": { "A_NUMBER": "D2000155", "A_TYPE": "PL_MINSP", "A_DATE": "2020-07-07T00:00:00", "A_STATUS": "APP", "A_STATUS_D": "2021-03-19T00:00:00", "A_PROJECT_": "4000 Danube Lane", "A_DESCRIPT": "90 townhome units with associated parking, utilities and stormwater.", "A_USER_ID": "COLERE", "A_CASE_PLA": "COLERE", "StatCode": "APP", "AppStatus": "Approved", "AppCode": "PL_MINSP", "AppType": "Level 4 - Administrative Site Plan", "CasePlanne": "Cole Renigar", "EMAIL": "Cole.Renigar@durhamnc.gov", "ORIG_FID": "20456", "CreationDa": "2025-09-20T00:00:00", "Creator": "gisproc_sys", "EditDate": "2025-09-20T00:00:00", "Editor": "gisproc_sys", "sf_detached": 0.0, "sf_attached": 90.0, "duplex_triplex": 0.0, "multifamily": 0.0, "condo": 0, "unknown": 0, "data_source": "DRHM" }, "geometry": { "type": "Point", "coordinates": [ -78.887388401192183, 36.04761396562553 ] } },
{ "type": "Feature", "properties": { "A_NUMBER": "D1700255", "A_TYPE": "PL_MINSP", "A_DATE": "2017-08-08T00:00:00", "A_STATUS": "APP", "A_STATUS_D": "2018-10-04T00:00:00", "A_PROJECT_": "Trent Drive Co-Housing", "A_DESCRIPT": "20 condos.", "A_USER_ID": "WGRIFFIN", "A_CASE_PLA": "TREYFI", "StatCode": "APP", "AppStatus": "Approved", "AppCode": "PL_MINSP", "AppType": "Level 4 - Administrative Site Plan", "CasePlanne": "Trey Figueroa", "EMAIL": "Trey.Figueroa@durhamnc.gov", "ORIG_FID": "20493", "CreationDa": "2025-09-20T00:00:00", "Creator": "gisproc_sys", "EditDate": "2025-09-20T00:00:00", "Editor": "gisproc_sys", "sf_detached": 0.0, "sf_attached": 0.0, "duplex_triplex": 0.0, "multifamily": 0.0, "condo": 20, "unknown": 0, "data_source": "DRHM" }, "geometry": { "type": "Point", "coordinates": [ -78.931021327526935, 36.010641175925713 ] } },
{ "type": "Feature", "properties": { "A_NUMBER": "D2400080", "A_TYPE": "PL_MINSP", "A_DATE": "2024-04-09T00:00:00", "A_STATUS": "APP", "A_STATUS_D": "2025-02-04T00:00:00", "A_PROJECT_": "Westside Bottling", "A_DESCRIPT": "Redevelopment of old Coca Cola Bottling plant into mixed use with retail, apartment, and townhomes.", "A_USER_ID": "TREYFI", "A_CASE_PLA": "TREYFI", "StatCode": "APP", "AppStatus": "Approved", "AppCode": "PL_MINSP", "AppType": "Level 4 - Administrative Site Plan", "CasePlanne": "Trey Figueroa", "EMAIL": "Trey.Figueroa@durhamnc.gov", "ORIG_FID": "20527", "CreationDa": "2025-09-20T00:00:00", "Creator": "gisproc_sys", "EditDate": "2025-09-20T00:00:00", "Editor": "gisproc_sys", "sf_detached": 0.0, "sf_attached": 35.0, "duplex_triplex": 0.0, "multifamily": 370.0, "condo": 0, "unknown": 0, "data_source": "ITRE" }, "geometry": { "type": "Point", "coordinates": [ -78.943153345475281, 36.019603906671598 ] } },
{ "type": "Feature", "properties": { "A_NUMBER": "D1800328", "A_TYPE": "PL_MINSP", "A_DATE": "2018-10-16T00:00:00", "A_STATUS": "APP", "A_STATUS_D": "2019-02-14T00:00:00", "A_PROJECT_": "NCCU P3 Student Housing- Chidley South", "A_DESCRIPT": "Site demolition of existing Chidley Residence Hall and construction of new Chidley South Student Housing with 164,200 square feet, (UC-2) zoning, Cape Fear river basin, Third Fork Creek watershed, and current and proposed use University.", "A_USER_ID": "RACHELHA", "A_CASE_PLA": "TREYFI", "StatCode": "APP", "AppStatus": "Approved", "AppCode": "PL_MINSP", "AppType": "Level 4 - Administrative Site Plan", "CasePlanne": "Trey Figueroa", "EMAIL": "Trey.Figueroa@durhamnc.gov", "ORIG_FID": "20547", "CreationDa": "2025-09-20T00:00:00", "Creator": "gisproc_sys", "EditDate": "2025-09-20T00:00:00", "Editor": "gisproc_sys", "sf_detached": 0.0, "sf_attached": 0.0, "duplex_triplex": 0.0, "multifamily": 0.0, "condo": 0, "unknown": 0, "data_source": null }, "geometry": { "type": "Point", "coordinates": [ -78.894793654699129, 35.973476376730808 ] } },
{ "type": "Feature", "properties": { "A_NUMBER": "D1700178", "A_TYPE": "PL_MINSP", "A_DATE": "2017-05-25T00:00:00", "A_STATUS": "APP", "A_STATUS_D": "2017-10-24T00:00:00", "A_PROJECT_": "600 Willard Street", "A_DESCRIPT": "Proposed redevelopment of 600 Willard Street for 340 unit apartment project and parking deck.", "A_USER_ID": "KELLYGU", "A_CASE_PLA": "TREYFI", "StatCode": "APP", "AppStatus": "Approved", "AppCode": "PL_MINSP", "AppType": "Level 4 - Administrative Site Plan", "CasePlanne": "Trey Figueroa", "EMAIL": "Trey.Figueroa@durhamnc.gov", "ORIG_FID": "20586", "CreationDa": "2025-09-20T00:00:00", "Creator": "gisproc_sys", "EditDate": "2025-09-20T00:00:00", "Editor": "gisproc_sys", "sf_detached": 0.0, "sf_attached": 0.0, "duplex_triplex": 0.0, "multifamily": 340.0, "condo": 0, "unknown": 0, "data_source": "DRHM" }, "geometry": { "type": "Point", "coordinates": [ -78.908128037456521, 35.993731359842229 ] } },
{ "type": "Feature", "properties": { "A_NUMBER": "D2100431", "A_TYPE": "PL_MINSP", "A_DATE": "2021-12-06T00:00:00", "A_STATUS": "APP", "A_STATUS_D": "2022-12-15T00:00:00", "A_PROJECT_": "507 Yancey", "A_DESCRIPT": "55-unit multifamily residential construction (associated with D1800273)", "A_USER_ID": "ROBINSH", "A_CASE_PLA": "ROBINSH", "StatCode": "APP", "AppStatus": "Approved", "AppCode": "PL_MINSP", "AppType": "Level 4 - Administrative Site Plan", "CasePlanne": "Robin Schultze", "EMAIL": "Robin.Schultze@durhamnc.gov", "ORIG_FID": "20598", "CreationDa": "2025-09-20T00:00:00", "Creator": "gisproc_sys", "EditDate": "2025-09-20T00:00:00", "Editor": "gisproc_sys", "sf_detached": 0.0, "sf_attached": 0.0, "duplex_triplex": 0.0, "multifamily": 55.0, "condo": 0, "unknown": 0, "data_source": "DRHM" }, "geometry": { "type": "Point", "coordinates": [ -78.909483168890105, 35.993731070285101 ] } },
{ "type": "Feature", "properties": { "A_NUMBER": "D1900073", "A_TYPE": "PL_MINSP", "A_DATE": "2019-03-21T00:00:00", "A_STATUS": "APP", "A_STATUS_D": "2022-08-26T00:00:00", "A_PROJECT_": "Odyssey Townhome Development", "A_DESCRIPT": "165 Townhomes units plus 3 open space lots.", "A_USER_ID": "MARCORI", "A_CASE_PLA": "DCULTRA", "StatCode": "APP", "AppStatus": "Approved", "AppCode": "PL_MINSP", "AppType": "Level 4 - Administrative Site Plan", "CasePlanne": "Danny Cultra", "EMAIL": "Danny.Cultra@durhamnc.gov", "ORIG_FID": "20603", "CreationDa": "2025-09-20T00:00:00", "Creator": "gisproc_sys", "EditDate": "2025-09-20T00:00:00", "Editor": "gisproc_sys", "sf_detached": 0.0, "sf_attached": 165.0, "duplex_triplex": 0.0, "multifamily": 0.0, "condo": 0, "unknown": 0, "data_source": "DRHM" }, "geometry": { "type": "Point", "coordinates": [ -78.891497603074242, 35.926468448313152 ] } },
{ "type": "Feature", "properties": { "A_NUMBER": "D2400225", "A_TYPE": "PL_ASP", "A_DATE": "2024-10-02T00:00:00", "A_STATUS": "APP", "A_STATUS_D": "2025-01-07T00:00:00", "A_PROJECT_": "206 N Dillard St", "A_DESCRIPT": "Amendment to land disturbance area shown on site plan.", "A_USER_ID": "JONATHANBR", "A_CASE_PLA": "JALISAHA", "StatCode": "APP", "AppStatus": "Approved", "AppCode": "PL_ASP", "AppType": "Level 1 - Administrative Site Plan", "CasePlanne": "JALISA HARRIS", "EMAIL": "Jalisa.Harris@durhamnc.gov", "ORIG_FID": "20669", "CreationDa": "2025-09-20T00:00:00", "Creator": "gisproc_sys", "EditDate": "2025-09-20T00:00:00", "Editor": "gisproc_sys", "sf_detached": 0.0, "sf_attached": 0.0, "duplex_triplex": 0.0, "multifamily": 0.0, "condo": 0, "unknown": 0, "data_source": null }, "geometry": { "type": "Point", "coordinates": [ -78.894034039710704, 35.993450079704544 ] } },
{ "type": "Feature", "properties": { "A_NUMBER": "D2400227", "A_TYPE": "PL_ASP", "A_DATE": "2024-10-07T00:00:00", "A_STATUS": "APP", "A_STATUS_D": "2025-02-28T00:00:00", "A_PROJECT_": "Sweetbrier Phase 2", "A_DESCRIPT": "Revise the phasing of the Main Amenity(Clubhouse building and Pool Deck Area) from Phase 1 to Phase 2H.", "A_USER_ID": "FRANCISCOM", "A_CASE_PLA": "JALISAHA", "StatCode": "APP", "AppStatus": "Approved", "AppCode": "PL_ASP", "AppType": "Level 1 - Administrative Site Plan", "CasePlanne": "JALISA HARRIS", "EMAIL": "Jalisa.Harris@durhamnc.gov", "ORIG_FID": "20683", "CreationDa": "2025-09-20T00:00:00", "Creator": "gisproc_sys", "EditDate": "2025-09-20T00:00:00", "Editor": "gisproc_sys", "sf_detached": 0.0, "sf_attached": 0.0, "duplex_triplex": 0.0, "multifamily": 0.0, "condo": 0, "unknown": 0, "data_source": null }, "geometry": { "type": "Point", "coordinates": [ -78.779295452748485, 35.960551512219894 ] } },
{ "type": "Feature", "properties": { "A_NUMBER": "D2400232", "A_TYPE": "PL_SSP_SM2", "A_DATE": "2024-10-21T00:00:00", "A_STATUS": "APP", "A_STATUS_D": "2025-04-09T00:00:00", "A_PROJECT_": "Vivo Living Durham", "A_DESCRIPT": "Use change from 126 room hotel to 126 multifamily residential with no building or site modification. 20% affordable housing.", "A_USER_ID": "JALISAHA", "A_CASE_PLA": "JALISAHA", "StatCode": "APP", "AppStatus": "Approved", "AppCode": "PL_SSP_SM2", "AppType": "Level 2 - Administrative Site Plan", "CasePlanne": "JALISA HARRIS", "EMAIL": "Jalisa.Harris@durhamnc.gov", "ORIG_FID": "20713", "CreationDa": "2025-09-20T00:00:00", "Creator": "gisproc_sys", "EditDate": "2025-09-20T00:00:00", "Editor": "gisproc_sys", "sf_detached": 0.0, "sf_attached": 0.0, "duplex_triplex": 0.0, "multifamily": 0.0, "condo": 0, "unknown": 0, "data_source": null }, "geometry": { "type": "Point", "coordinates": [ -78.894118745469783, 35.904569844700816 ] } },
{ "type": "Feature", "properties": { "A_NUMBER": "D2400233", "A_TYPE": "PL_MINSP", "A_DATE": "2024-10-21T00:00:00", "A_STATUS": "CORR", "A_STATUS_D": "2025-07-21T00:00:00", "A_PROJECT_": "Greenleaf Townes", "A_DESCRIPT": "100 townhomes with public water and sewer, private roads, and associated infrastructure.", "A_USER_ID": "JMCNEILL", "A_CASE_PLA": "COLERE", "StatCode": "CORR", "AppStatus": "Corrections Required", "AppCode": "PL_MINSP", "AppType": "Level 4 - Administrative Site Plan", "CasePlanne": "Cole Renigar", "EMAIL": "Cole.Renigar@durhamnc.gov", "ORIG_FID": "20714", "CreationDa": "2025-09-20T00:00:00", "Creator": "gisproc_sys", "EditDate": "2025-09-20T00:00:00", "Editor": "gisproc_sys", "sf_detached": 0.0, "sf_attached": 100.0, "duplex_triplex": 0.0, "multifamily": 0.0, "condo": 0, "unknown": 0, "data_source": "DRHM" }, "geometry": { "type": "Point", "coordinates": [ -78.801584218066409, 35.967866968003186 ] } },
{ "type": "Feature", "properties": { "A_NUMBER": "D2400237", "A_TYPE": "PL_MINSP", "A_DATE": "2024-10-28T00:00:00", "A_STATUS": "APP", "A_STATUS_D": "2025-03-13T00:00:00", "A_PROJECT_": "Wesley Downs Amendment 4", "A_DESCRIPT": "Revision to site plan which includes additional guest parking and adjusting the SIA to account for the increase in impervious area.", "A_USER_ID": "COLERE", "A_CASE_PLA": "TREYFI", "StatCode": "APP", "AppStatus": "Approved", "AppCode": "PL_MINSP", "AppType": "Level 4 - Administrative Site Plan", "CasePlanne": "Trey Figueroa", "EMAIL": "Trey.Figueroa@durhamnc.gov", "ORIG_FID": "20728", "CreationDa": "2025-09-20T00:00:00", "Creator": "gisproc_sys", "EditDate": "2025-09-20T00:00:00", "Editor": "gisproc_sys", "sf_detached": 0.0, "sf_attached": 0.0, "duplex_triplex": 0.0, "multifamily": 0.0, "condo": 0, "unknown": 0, "data_source": null }, "geometry": { "type": "Point", "coordinates": [ -78.815406241356897, 35.966346653475391 ] } },
{ "type": "Feature", "properties": { "A_NUMBER": "D2400239", "A_TYPE": "PL_ASP", "A_DATE": "2024-10-30T00:00:00", "A_STATUS": "APP", "A_STATUS_D": "2025-02-28T00:00:00", "A_PROJECT_": "Sweetbrier - Phase 2 OS Labels", "A_DESCRIPT": "Add labels to areas, revise SCM and maintenance easement, and lot 16 line adjustment.", "A_USER_ID": "JESSICADO", "A_CASE_PLA": "JALISAHA", "StatCode": "APP", "AppStatus": "Approved", "AppCode": "PL_ASP", "AppType": "Level 1 - Administrative Site Plan", "CasePlanne": "JALISA HARRIS", "EMAIL": "Jalisa.Harris@durhamnc.gov", "ORIG_FID": "20741", "CreationDa": "2025-09-20T00:00:00", "Creator": "gisproc_sys", "EditDate": "2025-09-20T00:00:00", "Editor": "gisproc_sys", "sf_detached": 0.0, "sf_attached": 0.0, "duplex_triplex": 0.0, "multifamily": 0.0, "condo": 0, "unknown": 0, "data_source": null }, "geometry": { "type": "Point", "coordinates": [ -78.777761789347039, 35.955449873086771 ] } },
{ "type": "Feature", "properties": { "A_NUMBER": "D2400240", "A_TYPE": "PL_SSP_SM2", "A_DATE": "2024-10-30T00:00:00", "A_STATUS": "APP", "A_STATUS_D": "2025-04-09T00:00:00", "A_PROJECT_": "Bethpage Apartments Phase II Amendment 2", "A_DESCRIPT": "Revision to phasing sheets and utility layouts.", "A_USER_ID": "PEYTONBL", "A_CASE_PLA": "PEYTONBL", "StatCode": "APP", "AppStatus": "Approved", "AppCode": "PL_SSP_SM2", "AppType": "Level 2 - Administrative Site Plan", "CasePlanne": "PEYTON BLANCHARD", "EMAIL": "PEYTON.BLANCHARD@DURHAMNC.GOV", "ORIG_FID": "20742", "CreationDa": "2025-09-20T00:00:00", "Creator": "gisproc_sys", "EditDate": "2025-09-20T00:00:00", "Editor": "gisproc_sys", "sf_detached": 0.0, "sf_attached": 0.0, "duplex_triplex": 0.0, "multifamily": 260.0, "condo": 0, "unknown": 0, "data_source": "COMP" }, "geometry": { "type": "Point", "coordinates": [ -78.830561281283238, 35.897073822139376 ] } },
{ "type": "Feature", "properties": { "A_NUMBER": "D2400246", "A_TYPE": "PL_MINSP", "A_DATE": "2024-11-08T00:00:00", "A_STATUS": "APP", "A_STATUS_D": "2025-08-25T00:00:00", "A_PROJECT_": "Aura 751", "A_DESCRIPT": "339 multifamily units and associated amenity space.", "A_USER_ID": "TREYFI", "A_CASE_PLA": "TREYFI", "StatCode": "APP", "AppStatus": "Approved", "AppCode": "PL_MINSP", "AppType": "Level 4 - Administrative Site Plan", "CasePlanne": "Trey Figueroa", "EMAIL": "Trey.Figueroa@durhamnc.gov", "ORIG_FID": "20758", "CreationDa": "2025-09-20T00:00:00", "Creator": "gisproc_sys", "EditDate": "2025-09-20T00:00:00", "Editor": "gisproc_sys", "sf_detached": 0.0, "sf_attached": 0.0, "duplex_triplex": 0.0, "multifamily": 339.0, "condo": 0, "unknown": 0, "data_source": "DRHM" }, "geometry": { "type": "Point", "coordinates": [ -78.960092836781214, 35.895812322788764 ] } },
{ "type": "Feature", "properties": { "A_NUMBER": "D2400248", "A_TYPE": "PL_ASP", "A_DATE": "2024-11-12T00:00:00", "A_STATUS": "APP", "A_STATUS_D": "2024-12-09T00:00:00", "A_PROJECT_": "Griffin Place North Amendment", "A_DESCRIPT": "Amendment to update cover sheet and notes sheet.", "A_USER_ID": "JESSICADO", "A_CASE_PLA": "TREYFI", "StatCode": "APP", "AppStatus": "Approved", "AppCode": "PL_ASP", "AppType": "Level 1 - Administrative Site Plan", "CasePlanne": "Trey Figueroa", "EMAIL": "Trey.Figueroa@durhamnc.gov", "ORIG_FID": "20765", "CreationDa": "2025-09-20T00:00:00", "Creator": "gisproc_sys", "EditDate": "2025-09-20T00:00:00", "Editor": "gisproc_sys", "sf_detached": 0.0, "sf_attached": 0.0, "duplex_triplex": 0.0, "multifamily": 0.0, "condo": 0, "unknown": 0, "data_source": null }, "geometry": { "type": "Point", "coordinates": [ -78.837583689597878, 36.025472261638825 ] } },
{ "type": "Feature", "properties": { "A_NUMBER": "D2400257", "A_TYPE": "PL_SSP_SM2", "A_DATE": "2024-11-20T00:00:00", "A_STATUS": "UN_RE", "A_STATUS_D": "2024-11-20T00:00:00", "A_PROJECT_": "Griffin Townhomes Amendment", "A_DESCRIPT": "SCM relocation and rearrangement of open space and parking/roadways. Seven units removed (280 to 273 units).", "A_USER_ID": "JESSICADO", "A_CASE_PLA": "COLERE", "StatCode": "UN_RE", "AppStatus": "Under Review", "AppCode": "PL_SSP_SM2", "AppType": "Level 2 - Administrative Site Plan", "CasePlanne": "Cole Renigar", "EMAIL": "Cole.Renigar@durhamnc.gov", "ORIG_FID": "20793", "CreationDa": "2025-09-20T00:00:00", "Creator": "gisproc_sys", "EditDate": "2025-09-20T00:00:00", "Editor": "gisproc_sys", "sf_detached": 0.0, "sf_attached": 0.0, "duplex_triplex": 0.0, "multifamily": 0.0, "condo": 0, "unknown": 0, "data_source": null }, "geometry": { "type": "Point", "coordinates": [ -78.832791255103999, 36.023022948140117 ] } },
{ "type": "Feature", "properties": { "A_NUMBER": "D2400261", "A_TYPE": "PL_MINSP", "A_DATE": "2024-11-21T00:00:00", "A_STATUS": "UN_RE", "A_STATUS_D": "2024-11-21T00:00:00", "A_PROJECT_": "Pointe Grand Durham", "A_DESCRIPT": "Apartment development with a maximum of 260 units. DU/AC 10.455.", "A_USER_ID": "ERIKA", "A_CASE_PLA": "TREYFI", "StatCode": "UN_RE", "AppStatus": "Under Review", "AppCode": "PL_MINSP", "AppType": "Level 4 - Administrative Site Plan", "CasePlanne": "Trey Figueroa", "EMAIL": "Trey.Figueroa@durhamnc.gov", "ORIG_FID": "20796", "CreationDa": "2025-09-20T00:00:00", "Creator": "gisproc_sys", "EditDate": "2025-09-20T00:00:00", "Editor": "gisproc_sys", "sf_detached": 0.0, "sf_attached": 0.0, "duplex_triplex": 0.0, "multifamily": 260.0, "condo": 0, "unknown": 0, "data_source": "ITRE" }, "geometry": { "type": "Point", "coordinates": [ -78.798215689269256, 35.975819656435881 ] } },
{ "type": "Feature", "properties": { "A_NUMBER": "D2400268", "A_TYPE": "PL_MINSP", "A_DATE": "2024-12-02T00:00:00", "A_STATUS": "APP", "A_STATUS_D": "2025-08-11T00:00:00", "A_PROJECT_": "Miami Blvd Multifamily", "A_DESCRIPT": "4-Multifamily apartment buildings (270 units), clubhouse, amenity area and related infrastructure.", "A_USER_ID": "TREYFI", "A_CASE_PLA": "TREYFI", "StatCode": "APP", "AppStatus": "Approved", "AppCode": "PL_MINSP", "AppType": "Level 4 - Administrative Site Plan", "CasePlanne": "Trey Figueroa", "EMAIL": "Trey.Figueroa@durhamnc.gov", "ORIG_FID": "20821", "CreationDa": "2025-09-20T00:00:00", "Creator": "gisproc_sys", "EditDate": "2025-09-20T00:00:00", "Editor": "gisproc_sys", "sf_detached": 0.0, "sf_attached": 0.0, "duplex_triplex": 0.0, "multifamily": 274.0, "condo": 0, "unknown": 0, "data_source": "DRHM" }, "geometry": { "type": "Point", "coordinates": [ -78.845642919519307, 35.931876940895194 ] } },
{ "type": "Feature", "properties": { "A_NUMBER": "D2400269", "A_TYPE": "PL_MINSP", "A_DATE": "2024-12-03T00:00:00", "A_STATUS": "APP", "A_STATUS_D": "2025-05-02T00:00:00", "A_PROJECT_": "Washington St Mixed-Use (The Wye) Amendment", "A_DESCRIPT": "Update the Site Plan to the approved CDs (Stormwater & Utilities), additional outdoor dining area, CO phasing line, updated site wall locations, updated miscellaneous site features, and request relocation of the Public Open Space Amenity with connection", "A_USER_ID": "JALISAHA", "A_CASE_PLA": "JALISAHA", "StatCode": "APP", "AppStatus": "Approved", "AppCode": "PL_MINSP", "AppType": "Level 4 - Administrative Site Plan", "CasePlanne": "JALISA HARRIS", "EMAIL": "Jalisa.Harris@durhamnc.gov", "ORIG_FID": "20830", "CreationDa": "2025-09-20T00:00:00", "Creator": "gisproc_sys", "EditDate": "2025-09-20T00:00:00", "Editor": "gisproc_sys", "sf_detached": 0.0, "sf_attached": 0.0, "duplex_triplex": 0.0, "multifamily": 0.0, "condo": 0, "unknown": 0, "data_source": null }, "geometry": { "type": "Point", "coordinates": [ -78.903785371431894, 36.003396363754369 ] } },
{ "type": "Feature", "properties": { "A_NUMBER": "D2400270", "A_TYPE": "PL_MINSP", "A_DATE": "2024-12-03T00:00:00", "A_STATUS": "APP", "A_STATUS_D": "2025-06-02T00:00:00", "A_PROJECT_": "Dillard St Apartments (Ph 4BC)", "A_DESCRIPT": "2-4 story, residential buildings with 98 affordable apartment units and accessories, 1 with retail space, and surface parking.", "A_USER_ID": "JONATHANBR", "A_CASE_PLA": "COLERE", "StatCode": "APP", "AppStatus": "Approved", "AppCode": "PL_MINSP", "AppType": "Level 4 - Administrative Site Plan", "CasePlanne": "Cole Renigar", "EMAIL": "Cole.Renigar@durhamnc.gov", "ORIG_FID": "20831", "CreationDa": "2025-09-20T00:00:00", "Creator": "gisproc_sys", "EditDate": "2025-09-20T00:00:00", "Editor": "gisproc_sys", "sf_detached": 0.0, "sf_attached": 0.0, "duplex_triplex": 0.0, "multifamily": 98.0, "condo": 0, "unknown": 0, "data_source": "DRHM" }, "geometry": { "type": "Point", "coordinates": [ -78.894054050556264, 35.992617328458337 ] } },
{ "type": "Feature", "properties": { "A_NUMBER": "D2400272", "A_TYPE": "PL_ASP", "A_DATE": "2024-12-04T00:00:00", "A_STATUS": "APP", "A_STATUS_D": "2025-01-22T00:00:00", "A_PROJECT_": "Shoccoree II Amendment", "A_DESCRIPT": "Shifting of impervious surface between lots, but overall impervious surface between all lots to remain the same.", "A_USER_ID": "JESSICADO", "A_CASE_PLA": "JALISAHA", "StatCode": "APP", "AppStatus": "Approved", "AppCode": "PL_ASP", "AppType": "Level 1 - Administrative Site Plan", "CasePlanne": "JALISA HARRIS", "EMAIL": "Jalisa.Harris@durhamnc.gov", "ORIG_FID": "20835", "CreationDa": "2025-09-20T00:00:00", "Creator": "gisproc_sys", "EditDate": "2025-09-20T00:00:00", "Editor": "gisproc_sys", "sf_detached": 0.0, "sf_attached": 0.0, "duplex_triplex": 0.0, "multifamily": 0.0, "condo": 0, "unknown": 0, "data_source": null }, "geometry": { "type": "Point", "coordinates": [ -78.964052477365783, 36.035511933537833 ] } },
{ "type": "Feature", "properties": { "A_NUMBER": "D2400273", "A_TYPE": "PL_MINSP", "A_DATE": "2024-12-05T00:00:00", "A_STATUS": "APP", "A_STATUS_D": "2025-01-09T00:00:00", "A_PROJECT_": "Pinecrest Amendment", "A_DESCRIPT": "Updates to site plan to match CD Amendment.", "A_USER_ID": "JESSICADO", "A_CASE_PLA": "TREYFI", "StatCode": "APP", "AppStatus": "Approved", "AppCode": "PL_MINSP", "AppType": "Level 4 - Administrative Site Plan", "CasePlanne": "Trey Figueroa", "EMAIL": "Trey.Figueroa@durhamnc.gov", "ORIG_FID": "20840", "CreationDa": "2025-09-20T00:00:00", "Creator": "gisproc_sys", "EditDate": "2025-09-20T00:00:00", "Editor": "gisproc_sys", "sf_detached": 0.0, "sf_attached": 0.0, "duplex_triplex": 0.0, "multifamily": 0.0, "condo": 0, "unknown": 0, "data_source": null }, "geometry": { "type": "Point", "coordinates": [ -78.919329264690504, 35.982944409735971 ] } },
{ "type": "Feature", "properties": { "A_NUMBER": "D2400279", "A_TYPE": "PL_MINSP", "A_DATE": "2024-12-06T00:00:00", "A_STATUS": "APP", "A_STATUS_D": "2025-05-20T00:00:00", "A_PROJECT_": "Southside East Ph 3 & 4 Amendment", "A_DESCRIPT": "Additional accessible parking space and a shift to buildings 7 and 9 due to a Duke Energy Easement.", "A_USER_ID": "JALISAHA", "A_CASE_PLA": "JALISAHA", "StatCode": "APP", "AppStatus": "Approved", "AppCode": "PL_MINSP", "AppType": "Level 4 - Administrative Site Plan", "CasePlanne": "JALISA HARRIS", "EMAIL": "Jalisa.Harris@durhamnc.gov", "ORIG_FID": "20847", "CreationDa": "2025-09-20T00:00:00", "Creator": "gisproc_sys", "EditDate": "2025-09-20T00:00:00", "Editor": "gisproc_sys", "sf_detached": 0.0, "sf_attached": 0.0, "duplex_triplex": 0.0, "multifamily": 0.0, "condo": 0, "unknown": 0, "data_source": null }, "geometry": { "type": "Point", "coordinates": [ -78.900575339007261, 35.984994497157821 ] } },
{ "type": "Feature", "properties": { "A_NUMBER": "D2400280", "A_TYPE": "PL_MINSP", "A_DATE": "2024-12-06T00:00:00", "A_STATUS": "UN_RE", "A_STATUS_D": "2024-12-06T00:00:00", "A_PROJECT_": "Croasdaile Village Phase IV", "A_DESCRIPT": "Construction of 21 cottages and 4 multifamily buildings.", "A_USER_ID": "EDWARDFR", "A_CASE_PLA": "JALISAHA", "StatCode": "UN_RE", "AppStatus": "Under Review", "AppCode": "PL_MINSP", "AppType": "Level 4 - Administrative Site Plan", "CasePlanne": "JALISA HARRIS", "EMAIL": "Jalisa.Harris@durhamnc.gov", "ORIG_FID": "20848", "CreationDa": "2025-09-20T00:00:00", "Creator": "gisproc_sys", "EditDate": "2025-09-20T00:00:00", "Editor": "gisproc_sys", "sf_detached": 0.0, "sf_attached": 0.0, "duplex_triplex": 0.0, "multifamily": 21.0, "condo": 0, "unknown": 0, "data_source": "DRHM" }, "geometry": { "type": "Point", "coordinates": [ -78.939049069662502, 36.04664187420277 ] } },
{ "type": "Feature", "properties": { "A_NUMBER": "D2400284", "A_TYPE": "PL_ASP", "A_DATE": "2024-12-12T00:00:00", "A_STATUS": "COM", "A_STATUS_D": "2025-01-31T00:00:00", "A_PROJECT_": "Carpenter falls Amendment 3", "A_DESCRIPT": "Amenity area updates.", "A_USER_ID": "KIMRO", "A_CASE_PLA": "PEYTONBL", "StatCode": "COM", "AppStatus": "Complete", "AppCode": "PL_ASP", "AppType": "Level 1 - Administrative Site Plan", "CasePlanne": "PEYTON BLANCHARD", "EMAIL": "PEYTON.BLANCHARD@DURHAMNC.GOV", "ORIG_FID": "20860", "CreationDa": "2025-09-20T00:00:00", "Creator": "gisproc_sys", "EditDate": "2025-09-20T00:00:00", "Editor": "gisproc_sys", "sf_detached": 0.0, "sf_attached": 0.0, "duplex_triplex": 0.0, "multifamily": 0.0, "condo": 0, "unknown": 0, "data_source": null }, "geometry": { "type": "Point", "coordinates": [ -78.815853147933097, 36.02803300380689 ] } },
{ "type": "Feature", "properties": { "A_NUMBER": "D2400289", "A_TYPE": "PL_MINSP", "A_DATE": "2024-12-18T00:00:00", "A_STATUS": "UN_RE", "A_STATUS_D": "2024-12-18T00:00:00", "A_PROJECT_": "Tribute Rising", "A_DESCRIPT": "Proposed 4 Multifamily apartment buildings (348 units) and 16 live work townhome units with supplemental retail.", "A_USER_ID": "JALISAHA", "A_CASE_PLA": "JALISAHA", "StatCode": "UN_RE", "AppStatus": "Under Review", "AppCode": "PL_MINSP", "AppType": "Level 4 - Administrative Site Plan", "CasePlanne": "JALISA HARRIS", "EMAIL": "Jalisa.Harris@durhamnc.gov", "ORIG_FID": "20871", "CreationDa": "2025-09-20T00:00:00", "Creator": "gisproc_sys", "EditDate": "2025-09-20T00:00:00", "Editor": "gisproc_sys", "sf_detached": 0.0, "sf_attached": 16.0, "duplex_triplex": 0.0, "multifamily": 352.0, "condo": 0, "unknown": 0, "data_source": "DRHM" }, "geometry": { "type": "Point", "coordinates": [ -78.905175617192953, 35.988682185115962 ] } },
{ "type": "Feature", "properties": { "A_NUMBER": "D2400291", "A_TYPE": "PL_MINSP", "A_DATE": "2024-12-18T00:00:00", "A_STATUS": "APP", "A_STATUS_D": "2025-06-20T00:00:00", "A_PROJECT_": "Oakridge Residential Phase C", "A_DESCRIPT": "181 Multi-family units with surface parking.", "A_USER_ID": "PEYTONBL", "A_CASE_PLA": "PEYTONBL", "StatCode": "APP", "AppStatus": "Approved", "AppCode": "PL_MINSP", "AppType": "Level 4 - Administrative Site Plan", "CasePlanne": "PEYTON BLANCHARD", "EMAIL": "PEYTON.BLANCHARD@DURHAMNC.GOV", "ORIG_FID": "20873", "CreationDa": "2025-09-20T00:00:00", "Creator": "gisproc_sys", "EditDate": "2025-09-20T00:00:00", "Editor": "gisproc_sys", "sf_detached": 0.0, "sf_attached": 0.0, "duplex_triplex": 0.0, "multifamily": 181.0, "condo": 0, "unknown": 0, "data_source": "DRHM" }, "geometry": { "type": "Point", "coordinates": [ -78.990314769260252, 35.956929293095797 ] } },
{ "type": "Feature", "properties": { "A_NUMBER": "D2500002", "A_TYPE": "PL_SSP_SM", "A_DATE": "2025-01-03T00:00:00", "A_STATUS": "CORR", "A_STATUS_D": "2025-06-20T00:00:00", "A_PROJECT_": "Eno Village Phase 3", "A_DESCRIPT": "Changes to building layout, parking, and sidewalks. Addition of one 4-car garage building. No change to impervious surface.", "A_USER_ID": "AKINROTIMIA", "A_CASE_PLA": "COLERE", "StatCode": "CORR", "AppStatus": "Corrections Required", "AppCode": "PL_SSP_SM", "AppType": "Level 3 - Administrative Site Plan", "CasePlanne": "Cole Renigar", "EMAIL": "Cole.Renigar@durhamnc.gov", "ORIG_FID": "20903", "CreationDa": "2025-09-20T00:00:00", "Creator": "gisproc_sys", "EditDate": "2025-09-20T00:00:00", "Editor": "gisproc_sys", "sf_detached": 0.0, "sf_attached": 0.0, "duplex_triplex": 0.0, "multifamily": 0.0, "condo": 0, "unknown": 0, "data_source": null }, "geometry": { "type": "Point", "coordinates": [ -78.906904521813047, 36.06543124303623 ] } },
{ "type": "Feature", "properties": { "A_NUMBER": "D2500004", "A_TYPE": "PL_SSP_SM2", "A_DATE": "2025-01-10T00:00:00", "A_STATUS": "APP", "A_STATUS_D": "2025-05-19T00:00:00", "A_PROJECT_": "NC55 & Hopson Building 3 Phase 1", "A_DESCRIPT": "Removed retaining wall at south side, shifted southern drive aisle approximately 50' north, revised plantings.", "A_USER_ID": "ADDMGR", "A_CASE_PLA": "COLERE", "StatCode": "APP", "AppStatus": "Approved", "AppCode": "PL_SSP_SM2", "AppType": "Level 2 - Administrative Site Plan", "CasePlanne": "Cole Renigar", "EMAIL": "Cole.Renigar@durhamnc.gov", "ORIG_FID": "20927", "CreationDa": "2025-09-20T00:00:00", "Creator": "gisproc_sys", "EditDate": "2025-09-20T00:00:00", "Editor": "gisproc_sys", "sf_detached": 0.0, "sf_attached": 0.0, "duplex_triplex": 0.0, "multifamily": 0.0, "condo": 0, "unknown": 0, "data_source": null }, "geometry": { "type": "Point", "coordinates": [ -78.897915457985107, 35.870374389083523 ] } },
{ "type": "Feature", "properties": { "A_NUMBER": "D2500009", "A_TYPE": "PL_MINSP", "A_DATE": "2025-01-21T00:00:00", "A_STATUS": "CORR", "A_STATUS_D": "2025-08-29T00:00:00", "A_PROJECT_": "Celebrity Rocky Hill Subdivision", "A_DESCRIPT": "Residential subdivision with 42 townhouse lots.", "A_USER_ID": "JMCNEILL", "A_CASE_PLA": "COLERE", "StatCode": "CORR", "AppStatus": "Corrections Required", "AppCode": "PL_MINSP", "AppType": "Level 4 - Administrative Site Plan", "CasePlanne": "Cole Renigar", "EMAIL": "Cole.Renigar@durhamnc.gov", "ORIG_FID": "20942", "CreationDa": "2025-09-20T00:00:00", "Creator": "gisproc_sys", "EditDate": "2025-09-20T00:00:00", "Editor": "gisproc_sys", "sf_detached": 0.0, "sf_attached": 42.0, "duplex_triplex": 0.0, "multifamily": 0.0, "condo": 0, "unknown": 0, "data_source": "DRHM" }, "geometry": { "type": "Point", "coordinates": [ -78.904786636004289, 36.081275128095534 ] } },
{ "type": "Feature", "properties": { "A_NUMBER": "D2500015", "A_TYPE": "PL_SSP_SM2", "A_DATE": "2025-01-23T00:00:00", "A_STATUS": "APP", "A_STATUS_D": "2025-05-23T00:00:00", "A_PROJECT_": "Renaissance RTP", "A_DESCRIPT": "Reducing parking and adding rooms.", "A_USER_ID": "COLERE", "A_CASE_PLA": "COLERE", "StatCode": "APP", "AppStatus": "Approved", "AppCode": "PL_SSP_SM2", "AppType": "Level 2 - Administrative Site Plan", "CasePlanne": "Cole Renigar", "EMAIL": "Cole.Renigar@durhamnc.gov", "ORIG_FID": "20948", "CreationDa": "2025-09-20T00:00:00", "Creator": "gisproc_sys", "EditDate": "2025-09-20T00:00:00", "Editor": "gisproc_sys", "sf_detached": 0.0, "sf_attached": 0.0, "duplex_triplex": 0.0, "multifamily": 0.0, "condo": 0, "unknown": 0, "data_source": null }, "geometry": { "type": "Point", "coordinates": [ -78.865444846106342, 35.8944860772719 ] } },
{ "type": "Feature", "properties": { "A_NUMBER": "D2500026", "A_TYPE": "PL_MINSP", "A_DATE": "2025-02-04T00:00:00", "A_STATUS": "UN_RE", "A_STATUS_D": "2025-02-04T00:00:00", "A_PROJECT_": "Smallwood", "A_DESCRIPT": "52 townhomes with associated streets, sidewalks, grading, water, sewer, stormwater management and landscaping.", "A_USER_ID": "MICHAELIR", "A_CASE_PLA": "TREYFI", "StatCode": "UN_RE", "AppStatus": "Under Review", "AppCode": "PL_MINSP", "AppType": "Level 4 - Administrative Site Plan", "CasePlanne": "Trey Figueroa", "EMAIL": "Trey.Figueroa@durhamnc.gov", "ORIG_FID": "21001", "CreationDa": "2025-09-20T00:00:00", "Creator": "gisproc_sys", "EditDate": "2025-09-20T00:00:00", "Editor": "gisproc_sys", "sf_detached": 0.0, "sf_attached": 52.0, "duplex_triplex": 0.0, "multifamily": 0.0, "condo": 0, "unknown": 0, "data_source": "DRHM" }, "geometry": { "type": "Point", "coordinates": [ -78.817247660577451, 35.913861856972211 ] } },
{ "type": "Feature", "properties": { "A_NUMBER": "D2500031", "A_TYPE": "PL_MINSP", "A_DATE": "2025-02-11T00:00:00", "A_STATUS": "APP", "A_STATUS_D": "2025-08-01T00:00:00", "A_PROJECT_": "Block F at HUB RTP", "A_DESCRIPT": "Development of multi-story apartment and related infrastructure.", "A_USER_ID": "COLERE", "A_CASE_PLA": "COLERE", "StatCode": "APP", "AppStatus": "Approved", "AppCode": "PL_MINSP", "AppType": "Level 4 - Administrative Site Plan", "CasePlanne": "Cole Renigar", "EMAIL": "Cole.Renigar@durhamnc.gov", "ORIG_FID": "21018", "CreationDa": "2025-09-20T00:00:00", "Creator": "gisproc_sys", "EditDate": "2025-09-20T00:00:00", "Editor": "gisproc_sys", "sf_detached": 0.0, "sf_attached": 0.0, "duplex_triplex": 0.0, "multifamily": 0.0, "condo": 0, "unknown": 0, "data_source": null }, "geometry": { "type": "Point", "coordinates": [ -78.865444846106342, 35.8944860772719 ] } },
{ "type": "Feature", "properties": { "A_NUMBER": "D2500034", "A_TYPE": "PL_MINSP", "A_DATE": "2025-02-13T00:00:00", "A_STATUS": "UN_RE", "A_STATUS_D": "2025-04-28T00:00:00", "A_PROJECT_": "Charlestowne Apartments Stream Stabilization", "A_DESCRIPT": "Stream stabilization.", "A_USER_ID": "HERGENS", "A_CASE_PLA": "COLERE", "StatCode": "UN_RE", "AppStatus": "Under Review", "AppCode": "PL_MINSP", "AppType": "Level 4 - Administrative Site Plan", "CasePlanne": "Cole Renigar", "EMAIL": "Cole.Renigar@durhamnc.gov", "ORIG_FID": "21025", "CreationDa": "2025-09-20T00:00:00", "Creator": "gisproc_sys", "EditDate": "2025-09-20T00:00:00", "Editor": "gisproc_sys", "sf_detached": 0.0, "sf_attached": 0.0, "duplex_triplex": 0.0, "multifamily": 0.0, "condo": 0, "unknown": 0, "data_source": null }, "geometry": { "type": "Point", "coordinates": [ -78.847204551072153, 35.991031661718907 ] } },
{ "type": "Feature", "properties": { "A_NUMBER": "D2500036", "A_TYPE": "PL_ASP", "A_DATE": "2025-02-13T00:00:00", "A_STATUS": "APP", "A_STATUS_D": "2025-03-12T00:00:00", "A_PROJECT_": "2201 Cornwallis Land", "A_DESCRIPT": "Amendment to update building size and show additional building access on northside.", "A_USER_ID": "PEYTONBL", "A_CASE_PLA": "PEYTONBL", "StatCode": "APP", "AppStatus": "Approved", "AppCode": "PL_ASP", "AppType": "Level 1 - Administrative Site Plan", "CasePlanne": "PEYTON BLANCHARD", "EMAIL": "PEYTON.BLANCHARD@DURHAMNC.GOV", "ORIG_FID": "21027", "CreationDa": "2025-09-20T00:00:00", "Creator": "gisproc_sys", "EditDate": "2025-09-20T00:00:00", "Editor": "gisproc_sys", "sf_detached": 0.0, "sf_attached": 0.0, "duplex_triplex": 0.0, "multifamily": 0.0, "condo": 0, "unknown": 0, "data_source": null }, "geometry": { "type": "Point", "coordinates": [ -78.959426615010784, 35.984098738510667 ] } },
{ "type": "Feature", "properties": { "A_NUMBER": "D2500038", "A_TYPE": "PL_MINSP", "A_DATE": "2025-02-17T00:00:00", "A_STATUS": "APP", "A_STATUS_D": "2025-07-24T00:00:00", "A_PROJECT_": "Page Corners", "A_DESCRIPT": "160 unit affordable apartment.", "A_USER_ID": "COLERE", "A_CASE_PLA": "COLERE", "StatCode": "APP", "AppStatus": "Approved", "AppCode": "PL_MINSP", "AppType": "Level 4 - Administrative Site Plan", "CasePlanne": "Cole Renigar", "EMAIL": "Cole.Renigar@durhamnc.gov", "ORIG_FID": "21036", "CreationDa": "2025-09-20T00:00:00", "Creator": "gisproc_sys", "EditDate": "2025-09-20T00:00:00", "Editor": "gisproc_sys", "sf_detached": 0.0, "sf_attached": 0.0, "duplex_triplex": 0.0, "multifamily": 160.0, "condo": 0, "unknown": 0, "data_source": "DRHM" }, "geometry": { "type": "Point", "coordinates": [ -78.824793202670278, 35.89226374182082 ] } },
{ "type": "Feature", "properties": { "A_NUMBER": "D2500039", "A_TYPE": "PL_SSP_SM2", "A_DATE": "2025-02-17T00:00:00", "A_STATUS": "APP", "A_STATUS_D": "2025-08-04T00:00:00", "A_PROJECT_": "The Advantage-Amendment", "A_DESCRIPT": "Changes to hydrant, units, and required connections.", "A_USER_ID": "ADDMGR", "A_CASE_PLA": "PEYTONBL", "StatCode": "APP", "AppStatus": "Approved", "AppCode": "PL_SSP_SM2", "AppType": "Level 2 - Administrative Site Plan", "CasePlanne": "PEYTON BLANCHARD", "EMAIL": "PEYTON.BLANCHARD@DURHAMNC.GOV", "ORIG_FID": "21037", "CreationDa": "2025-09-20T00:00:00", "Creator": "gisproc_sys", "EditDate": "2025-09-20T00:00:00", "Editor": "gisproc_sys", "sf_detached": 0.0, "sf_attached": 0.0, "duplex_triplex": 0.0, "multifamily": 0.0, "condo": 0, "unknown": 0, "data_source": null }, "geometry": { "type": "Point", "coordinates": [ -78.775934697583409, 35.947206726273443 ] } },
{ "type": "Feature", "properties": { "A_NUMBER": "D2500046", "A_TYPE": "PL_MINSP", "A_DATE": "2025-02-24T00:00:00", "A_STATUS": "UN_RE", "A_STATUS_D": "2025-02-24T00:00:00", "A_PROJECT_": "Oxford Ridge", "A_DESCRIPT": "Development including market rate townhouses with for sale affordable single-family units.", "A_USER_ID": "KASIMAZ", "A_CASE_PLA": "TREYFI", "StatCode": "UN_RE", "AppStatus": "Under Review", "AppCode": "PL_MINSP", "AppType": "Level 4 - Administrative Site Plan", "CasePlanne": "Trey Figueroa", "EMAIL": "Trey.Figueroa@durhamnc.gov", "ORIG_FID": "21064", "CreationDa": "2025-09-20T00:00:00", "Creator": "gisproc_sys", "EditDate": "2025-09-20T00:00:00", "Editor": "gisproc_sys", "sf_detached": 0.0, "sf_attached": 58.0, "duplex_triplex": 0.0, "multifamily": 0.0, "condo": 0, "unknown": 0, "data_source": "ITRE" }, "geometry": { "type": "Point", "coordinates": [ -78.875945478316822, 36.050940189114868 ] } },
{ "type": "Feature", "properties": { "A_NUMBER": "D2500050", "A_TYPE": "PL_MINSP", "A_DATE": "2025-02-28T00:00:00", "A_STATUS": "CORR", "A_STATUS_D": "2025-06-20T00:00:00", "A_PROJECT_": "803 Sherron Road Townhomes", "A_DESCRIPT": "New townhome development with 53 units and new right of way, in association with Z2300045", "A_USER_ID": "EDWARDFR", "A_CASE_PLA": "COLERE", "StatCode": "CORR", "AppStatus": "Corrections Required", "AppCode": "PL_MINSP", "AppType": "Level 4 - Administrative Site Plan", "CasePlanne": "Cole Renigar", "EMAIL": "Cole.Renigar@durhamnc.gov", "ORIG_FID": "21083", "CreationDa": "2025-09-20T00:00:00", "Creator": "gisproc_sys", "EditDate": "2025-09-20T00:00:00", "Editor": "gisproc_sys", "sf_detached": 0.0, "sf_attached": 53.0, "duplex_triplex": 0.0, "multifamily": 0.0, "condo": 0, "unknown": 0, "data_source": "DRHM" }, "geometry": { "type": "Point", "coordinates": [ -78.80732563979366, 35.962458443611894 ] } },
{ "type": "Feature", "properties": { "A_NUMBER": "D2500057", "A_TYPE": "PL_SSP_SM2", "A_DATE": "2025-03-06T00:00:00", "A_STATUS": "CORR", "A_STATUS_D": "2025-03-18T00:00:00", "A_PROJECT_": "Courtyards at Oak Grove-Amendment", "A_DESCRIPT": "To change the impervious allowed on site through an impervious credit swap transfer.", "A_USER_ID": "AKINROTIMIA", "A_CASE_PLA": "COLERE", "StatCode": "CORR", "AppStatus": "Corrections Required", "AppCode": "PL_SSP_SM2", "AppType": "Level 2 - Administrative Site Plan", "CasePlanne": "Cole Renigar", "EMAIL": "Cole.Renigar@durhamnc.gov", "ORIG_FID": "21102", "CreationDa": "2025-09-20T00:00:00", "Creator": "gisproc_sys", "EditDate": "2025-09-20T00:00:00", "Editor": "gisproc_sys", "sf_detached": 0.0, "sf_attached": 0.0, "duplex_triplex": 0.0, "multifamily": 0.0, "condo": 0, "unknown": 0, "data_source": null }, "geometry": { "type": "Point", "coordinates": [ -78.795192627463834, 35.945874800175879 ] } },
{ "type": "Feature", "properties": { "A_NUMBER": "D2500072", "A_TYPE": "PL_MINSP", "A_DATE": "2025-03-18T00:00:00", "A_STATUS": "UN_RE", "A_STATUS_D": "2025-03-18T00:00:00", "A_PROJECT_": "Leigh Valley", "A_DESCRIPT": "Apartment development to include 324 units.", "A_USER_ID": "EESBRI", "A_CASE_PLA": "TREYFI", "StatCode": "UN_RE", "AppStatus": "Under Review", "AppCode": "PL_MINSP", "AppType": "Level 4 - Administrative Site Plan", "CasePlanne": "Trey Figueroa", "EMAIL": "Trey.Figueroa@durhamnc.gov", "ORIG_FID": "21142", "CreationDa": "2025-09-20T00:00:00", "Creator": "gisproc_sys", "EditDate": "2025-09-20T00:00:00", "Editor": "gisproc_sys", "sf_detached": 0.0, "sf_attached": 0.0, "duplex_triplex": 0.0, "multifamily": 324.0, "condo": 0, "unknown": 0, "data_source": "DRHM" }, "geometry": { "type": "Point", "coordinates": [ -78.991414856115782, 35.918989172906635 ] } },
{ "type": "Feature", "properties": { "A_NUMBER": "D2500073", "A_TYPE": "PL_ASP", "A_DATE": "2025-03-18T00:00:00", "A_STATUS": "UN_RE", "A_STATUS_D": "2025-03-18T00:00:00", "A_PROJECT_": "751 Watercolors Townhomes-Amendment", "A_DESCRIPT": "Remove building seperation.", "A_USER_ID": "FRANCISCOM", "A_CASE_PLA": "JALISAHA", "StatCode": "UN_RE", "AppStatus": "Under Review", "AppCode": "PL_ASP", "AppType": "Level 1 - Administrative Site Plan", "CasePlanne": "JALISA HARRIS", "EMAIL": "Jalisa.Harris@durhamnc.gov", "ORIG_FID": "21143", "CreationDa": "2025-09-20T00:00:00", "Creator": "gisproc_sys", "EditDate": "2025-09-20T00:00:00", "Editor": "gisproc_sys", "sf_detached": 0.0, "sf_attached": 0.0, "duplex_triplex": 0.0, "multifamily": 0.0, "condo": 0, "unknown": 0, "data_source": null }, "geometry": { "type": "Point", "coordinates": [ -78.952585750378518, 35.877252167392641 ] } },
{ "type": "Feature", "properties": { "A_NUMBER": "D2500088", "A_TYPE": "PL_MINSP", "A_DATE": "2025-04-01T00:00:00", "A_STATUS": "UN_RE", "A_STATUS_D": "2025-04-01T00:00:00", "A_PROJECT_": "Cornwallis Townhomes", "A_DESCRIPT": "Create 33 townhome site.", "A_USER_ID": "EARLENETHO", "A_CASE_PLA": "JALISAHA", "StatCode": "UN_RE", "AppStatus": "Under Review", "AppCode": "PL_MINSP", "AppType": "Level 4 - Administrative Site Plan", "CasePlanne": "JALISA HARRIS", "EMAIL": "Jalisa.Harris@durhamnc.gov", "ORIG_FID": "21177", "CreationDa": "2025-09-20T00:00:00", "Creator": "gisproc_sys", "EditDate": "2025-09-20T00:00:00", "Editor": "gisproc_sys", "sf_detached": 0.0, "sf_attached": 33.0, "duplex_triplex": 0.0, "multifamily": 0.0, "condo": 0, "unknown": 0, "data_source": "DRHM" }, "geometry": { "type": "Point", "coordinates": [ -78.893102455857644, 35.937672412288507 ] } },
{ "type": "Feature", "properties": { "A_NUMBER": "D2500090", "A_TYPE": "PL_ASP", "A_DATE": "2025-04-07T00:00:00", "A_STATUS": "WITH", "A_STATUS_D": "2025-05-20T00:00:00", "A_PROJECT_": "Shoccoree II Monument-Amendment", "A_DESCRIPT": "Amenity layout and monument revision.", "A_USER_ID": "JALISAHA", "A_CASE_PLA": "PEYTONBL", "StatCode": "WITH", "AppStatus": "Withdrawn/Cancelled", "AppCode": "PL_ASP", "AppType": "Level 1 - Administrative Site Plan", "CasePlanne": "PEYTON BLANCHARD", "EMAIL": "PEYTON.BLANCHARD@DURHAMNC.GOV", "ORIG_FID": "21190", "CreationDa": "2025-09-20T00:00:00", "Creator": "gisproc_sys", "EditDate": "2025-09-20T00:00:00", "Editor": "gisproc_sys", "sf_detached": 0.0, "sf_attached": 0.0, "duplex_triplex": 0.0, "multifamily": 0.0, "condo": 0, "unknown": 0, "data_source": null }, "geometry": { "type": "Point", "coordinates": [ -78.964052477365783, 36.035511933537833 ] } },
{ "type": "Feature", "properties": { "A_NUMBER": "D2500093", "A_TYPE": "PL_SSP_SM2", "A_DATE": "2025-04-14T00:00:00", "A_STATUS": "UN_RE", "A_STATUS_D": "2025-04-14T00:00:00", "A_PROJECT_": "Panther Creek-Amendment", "A_DESCRIPT": "Add sanitary sewer easement, adjust TPF and tree coverage areas based on easement changes and adjust easements to match approved CDs.", "A_USER_ID": "PEYTONBL", "A_CASE_PLA": "PEYTONBL", "StatCode": "UN_RE", "AppStatus": "Under Review", "AppCode": "PL_SSP_SM2", "AppType": "Level 2 - Administrative Site Plan", "CasePlanne": "PEYTON BLANCHARD", "EMAIL": "PEYTON.BLANCHARD@DURHAMNC.GOV", "ORIG_FID": "21212", "CreationDa": "2025-09-20T00:00:00", "Creator": "gisproc_sys", "EditDate": "2025-09-20T00:00:00", "Editor": "gisproc_sys", "sf_detached": 0.0, "sf_attached": 0.0, "duplex_triplex": 0.0, "multifamily": 0.0, "condo": 0, "unknown": 0, "data_source": null }, "geometry": { "type": "Point", "coordinates": [ -78.805365896416646, 36.034920944049261 ] } },
{ "type": "Feature", "properties": { "A_NUMBER": "D2500095", "A_TYPE": "PL_MINSP", "A_DATE": "2025-04-17T00:00:00", "A_STATUS": "APP", "A_STATUS_D": "2025-08-22T00:00:00", "A_PROJECT_": "4702 Farrington Rd - Grading Only", "A_DESCRIPT": "Grading only site plan for future residential development.", "A_USER_ID": "PEYTONBL", "A_CASE_PLA": "PEYTONBL", "StatCode": "APP", "AppStatus": "Approved", "AppCode": "PL_MINSP", "AppType": "Level 4 - Administrative Site Plan", "CasePlanne": "PEYTON BLANCHARD", "EMAIL": "PEYTON.BLANCHARD@DURHAMNC.GOV", "ORIG_FID": "21223", "CreationDa": "2025-09-20T00:00:00", "Creator": "gisproc_sys", "EditDate": "2025-09-20T00:00:00", "Editor": "gisproc_sys", "sf_detached": 0.0, "sf_attached": 0.0, "duplex_triplex": 0.0, "multifamily": 0.0, "condo": 0, "unknown": 0, "data_source": null }, "geometry": { "type": "Point", "coordinates": [ -78.990774598961977, 35.933680155725966 ] } },
{ "type": "Feature", "properties": { "A_NUMBER": "D2500097", "A_TYPE": "PL_SSP_SM2", "A_DATE": "2025-04-21T00:00:00", "A_STATUS": "APP", "A_STATUS_D": "2025-08-22T00:00:00", "A_PROJECT_": "Avalon Place-Amendment 2", "A_DESCRIPT": "Revisions which result in the loss of one single-family lot and small reduction in the site's impervious area.", "A_USER_ID": "PEYTONBL", "A_CASE_PLA": "PEYTONBL", "StatCode": "APP", "AppStatus": "Approved", "AppCode": "PL_SSP_SM2", "AppType": "Level 2 - Administrative Site Plan", "CasePlanne": "PEYTON BLANCHARD", "EMAIL": "PEYTON.BLANCHARD@DURHAMNC.GOV", "ORIG_FID": "21227", "CreationDa": "2025-09-20T00:00:00", "Creator": "gisproc_sys", "EditDate": "2025-09-20T00:00:00", "Editor": "gisproc_sys", "sf_detached": 0.0, "sf_attached": 0.0, "duplex_triplex": 0.0, "multifamily": 0.0, "condo": 0, "unknown": 0, "data_source": null }, "geometry": { "type": "Point", "coordinates": [ -78.825608197912814, 36.004878353829561 ] } },
{ "type": "Feature", "properties": { "A_NUMBER": "D2500099", "A_TYPE": "PL_ASP", "A_DATE": "2025-04-22T00:00:00", "A_STATUS": "UN_RE", "A_STATUS_D": "2025-04-30T00:00:00", "A_PROJECT_": "Trails at Twin Lakes-Amendment", "A_DESCRIPT": "Increase pool deck size and adding impervious strip between pool deck and sidewalk. No increase in impervious surface.", "A_USER_ID": "MICHAELEVE", "A_CASE_PLA": "MICHAELEVE", "StatCode": "UN_RE", "AppStatus": "Under Review", "AppCode": "PL_ASP", "AppType": "Level 1 - Administrative Site Plan", "CasePlanne": "Michael Everhart", "EMAIL": "Michael.Everhart@durhamnc.gov", "ORIG_FID": "21233", "CreationDa": "2025-09-20T00:00:00", "Creator": "gisproc_sys", "EditDate": "2025-09-20T00:00:00", "Editor": "gisproc_sys", "sf_detached": 0.0, "sf_attached": 0.0, "duplex_triplex": 0.0, "multifamily": 0.0, "condo": 0, "unknown": 0, "data_source": null }, "geometry": { "type": "Point", "coordinates": [ -78.845164215712501, 35.989514015847178 ] } },
{ "type": "Feature", "properties": { "A_NUMBER": "D2500102", "A_TYPE": "PL_ASP", "A_DATE": "2025-04-23T00:00:00", "A_STATUS": "UN_RE", "A_STATUS_D": "2025-04-23T00:00:00", "A_PROJECT_": "Courtyards at Oak Grove-Amendment", "A_DESCRIPT": "Change to overall site area by adding a parcel and sewer outfall associated with the project.", "A_USER_ID": "AKINROTIMIA", "A_CASE_PLA": "JALISAHA", "StatCode": "UN_RE", "AppStatus": "Under Review", "AppCode": "PL_ASP", "AppType": "Level 1 - Administrative Site Plan", "CasePlanne": "JALISA HARRIS", "EMAIL": "Jalisa.Harris@durhamnc.gov", "ORIG_FID": "21239", "CreationDa": "2025-09-20T00:00:00", "Creator": "gisproc_sys", "EditDate": "2025-09-20T00:00:00", "Editor": "gisproc_sys", "sf_detached": 0.0, "sf_attached": 0.0, "duplex_triplex": 0.0, "multifamily": 0.0, "condo": 0, "unknown": 0, "data_source": null }, "geometry": { "type": "Point", "coordinates": [ -78.795192627463834, 35.945874800175879 ] } },
{ "type": "Feature", "properties": { "A_NUMBER": "D2500103", "A_TYPE": "PL_MINSP", "A_DATE": "2025-04-25T00:00:00", "A_STATUS": "UN_RE", "A_STATUS_D": "2025-04-25T00:00:00", "A_PROJECT_": "Fayetteville Road MultiFamily", "A_DESCRIPT": "Phase one of overall development - single family detached lots and townhomes (88 units).", "A_USER_ID": "MICHAELMA", "A_CASE_PLA": "TREYFI", "StatCode": "UN_RE", "AppStatus": "Under Review", "AppCode": "PL_MINSP", "AppType": "Level 4 - Administrative Site Plan", "CasePlanne": "Trey Figueroa", "EMAIL": "Trey.Figueroa@durhamnc.gov", "ORIG_FID": "21242", "CreationDa": "2025-09-20T00:00:00", "Creator": "gisproc_sys", "EditDate": "2025-09-20T00:00:00", "Editor": "gisproc_sys", "sf_detached": 88.0, "sf_attached": 0.0, "duplex_triplex": 0.0, "multifamily": 0.0, "condo": 0, "unknown": 0, "data_source": "DRHM" }, "geometry": { "type": "Point", "coordinates": [ -78.949755922943666, 35.878769075361994 ] } },
{ "type": "Feature", "properties": { "A_NUMBER": "D2500104", "A_TYPE": "PL_SSP_SM2", "A_DATE": "2025-04-25T00:00:00", "A_STATUS": "CORR", "A_STATUS_D": "2025-08-14T00:00:00", "A_PROJECT_": "Windhaven Crossing", "A_DESCRIPT": "Updating stream and wetland based on determination. Removal of bike land and addition of 10' multi-use path, retaining wall of grading updates to reduce impacts, townhouse unit updates.", "A_USER_ID": "EARLENETHO", "A_CASE_PLA": "COLERE", "StatCode": "CORR", "AppStatus": "Corrections Required", "AppCode": "PL_SSP_SM2", "AppType": "Level 2 - Administrative Site Plan", "CasePlanne": "Cole Renigar", "EMAIL": "Cole.Renigar@durhamnc.gov", "ORIG_FID": "21243", "CreationDa": "2025-09-20T00:00:00", "Creator": "gisproc_sys", "EditDate": "2025-09-20T00:00:00", "Editor": "gisproc_sys", "sf_detached": 0.0, "sf_attached": 0.0, "duplex_triplex": 0.0, "multifamily": 0.0, "condo": 0, "unknown": 0, "data_source": null }, "geometry": { "type": "Point", "coordinates": [ -78.84688049693888, 35.937387064933823 ] } },
{ "type": "Feature", "properties": { "A_NUMBER": "D2500114", "A_TYPE": "PL_ASP", "A_DATE": "2025-05-08T00:00:00", "A_STATUS": "APP", "A_STATUS_D": "2025-05-21T00:00:00", "A_PROJECT_": "Shoccoree II MAY Amenities Amendment", "A_DESCRIPT": "Changes to amenity area.", "A_USER_ID": "ADDMGR", "A_CASE_PLA": "JALISAHA", "StatCode": "APP", "AppStatus": "Approved", "AppCode": "PL_ASP", "AppType": "Level 1 - Administrative Site Plan", "CasePlanne": "JALISA HARRIS", "EMAIL": "Jalisa.Harris@durhamnc.gov", "ORIG_FID": "21283", "CreationDa": "2025-09-20T00:00:00", "Creator": "gisproc_sys", "EditDate": "2025-09-20T00:00:00", "Editor": "gisproc_sys", "sf_detached": 0.0, "sf_attached": 0.0, "duplex_triplex": 0.0, "multifamily": 0.0, "condo": 0, "unknown": 0, "data_source": null }, "geometry": { "type": "Point", "coordinates": [ -78.964052477365783, 36.035511933537833 ] } },
{ "type": "Feature", "properties": { "A_NUMBER": "D2500120", "A_TYPE": "PL_MINSP", "A_DATE": "2025-05-19T00:00:00", "A_STATUS": "UN_RE", "A_STATUS_D": "2025-05-19T00:00:00", "A_PROJECT_": "Courtyards at Oak Grove II", "A_DESCRIPT": "36 Single Family Detached dwellings, 31 town homes and all supporting open space and infrastructure.", "A_USER_ID": "JMCNEILL", "A_CASE_PLA": "TREYFI", "StatCode": "UN_RE", "AppStatus": "Under Review", "AppCode": "PL_MINSP", "AppType": "Level 4 - Administrative Site Plan", "CasePlanne": "Trey Figueroa", "EMAIL": "Trey.Figueroa@durhamnc.gov", "ORIG_FID": "21315", "CreationDa": "2025-09-20T00:00:00", "Creator": "gisproc_sys", "EditDate": "2025-09-20T00:00:00", "Editor": "gisproc_sys", "sf_detached": 36.0, "sf_attached": 31.0, "duplex_triplex": 0.0, "multifamily": 0.0, "condo": 0, "unknown": 0, "data_source": "DRHM" }, "geometry": { "type": "Point", "coordinates": [ -78.796535049832755, 35.950900601673922 ] } },
{ "type": "Feature", "properties": { "A_NUMBER": "D2500133", "A_TYPE": "PL_MINSP", "A_DATE": "2025-06-04T00:00:00", "A_STATUS": "UN_RE", "A_STATUS_D": "2025-08-26T00:00:00", "A_PROJECT_": "AMH Brier Creek", "A_DESCRIPT": "Townhome and multifamily duplex development with permitted accessory uses.", "A_USER_ID": "MICHELLEHAH", "A_CASE_PLA": "COLERE", "StatCode": "UN_RE", "AppStatus": "Under Review", "AppCode": "PL_MINSP", "AppType": "Level 4 - Administrative Site Plan", "CasePlanne": "Cole Renigar", "EMAIL": "Cole.Renigar@durhamnc.gov", "ORIG_FID": "21365", "CreationDa": "2025-09-20T00:00:00", "Creator": "gisproc_sys", "EditDate": "2025-09-20T00:00:00", "Editor": "gisproc_sys", "sf_detached": 0.0, "sf_attached": 0.0, "duplex_triplex": 0.0, "multifamily": 0.0, "condo": 0, "unknown": 0, "data_source": null }, "geometry": { "type": "Point", "coordinates": [ -78.771613203424607, 35.95485048313099 ] } },
{ "type": "Feature", "properties": { "A_NUMBER": "D2500146", "A_TYPE": "PL_MINSP", "A_DATE": "2025-06-18T00:00:00", "A_STATUS": "CORR", "A_STATUS_D": "2025-06-27T00:00:00", "A_PROJECT_": "Sterling", "A_DESCRIPT": "Single family detached home subdivision with NCDOT streets, community water and individual septic systems.", "A_USER_ID": "JMCNEILL", "A_CASE_PLA": "COLERE", "StatCode": "CORR", "AppStatus": "Corrections Required", "AppCode": "PL_MINSP", "AppType": "Level 4 - Administrative Site Plan", "CasePlanne": "Cole Renigar", "EMAIL": "Cole.Renigar@durhamnc.gov", "ORIG_FID": "21410", "CreationDa": "2025-09-20T00:00:00", "Creator": "gisproc_sys", "EditDate": "2025-09-20T00:00:00", "Editor": "gisproc_sys", "sf_detached": 0.0, "sf_attached": 0.0, "duplex_triplex": 0.0, "multifamily": 0.0, "condo": 0, "unknown": 0, "data_source": null }, "geometry": { "type": "Point", "coordinates": [ -78.97259988113575, 36.09116409577355 ] } },
{ "type": "Feature", "properties": { "A_NUMBER": "D2500149", "A_TYPE": "PL_MINSP", "A_DATE": "2025-06-23T00:00:00", "A_STATUS": "UN_RE", "A_STATUS_D": "2025-06-23T00:00:00", "A_PROJECT_": "Mt. Moriah II-By Right", "A_DESCRIPT": "156 Units, totaling approximately 65,594 sq. ft.", "A_USER_ID": "STEVENPA", "A_CASE_PLA": "TREYFI", "StatCode": "UN_RE", "AppStatus": "Under Review", "AppCode": "PL_MINSP", "AppType": "Level 4 - Administrative Site Plan", "CasePlanne": "Trey Figueroa", "EMAIL": "Trey.Figueroa@durhamnc.gov", "ORIG_FID": "21417", "CreationDa": "2025-09-20T00:00:00", "Creator": "gisproc_sys", "EditDate": "2025-09-20T00:00:00", "Editor": "gisproc_sys", "sf_detached": 0.0, "sf_attached": 0.0, "duplex_triplex": 0.0, "multifamily": 0.0, "condo": 0, "unknown": 0, "data_source": null }, "geometry": { "type": "Point", "coordinates": [ -78.991265012546904, 35.945271980492755 ] } },
{ "type": "Feature", "properties": { "A_NUMBER": "D2500150", "A_TYPE": "PL_MINSP", "A_DATE": "2025-06-23T00:00:00", "A_STATUS": "UN_RE", "A_STATUS_D": "2025-09-04T00:00:00", "A_PROJECT_": "Mt. Moriah II-Affordable", "A_DESCRIPT": "152 Units, totaling approximately 59,136 sq. ft.", "A_USER_ID": "STEVENPA", "A_CASE_PLA": "COLERE", "StatCode": "UN_RE", "AppStatus": "Under Review", "AppCode": "PL_MINSP", "AppType": "Level 4 - Administrative Site Plan", "CasePlanne": "Cole Renigar", "EMAIL": "Cole.Renigar@durhamnc.gov", "ORIG_FID": "21424", "CreationDa": "2025-09-20T00:00:00", "Creator": "gisproc_sys", "EditDate": "2025-09-20T00:00:00", "Editor": "gisproc_sys", "sf_detached": 0.0, "sf_attached": 0.0, "duplex_triplex": 0.0, "multifamily": 0.0, "condo": 0, "unknown": 0, "data_source": null }, "geometry": { "type": "Point", "coordinates": [ -78.991960045232233, 35.945943338196152 ] } },
{ "type": "Feature", "properties": { "A_NUMBER": "D2500158", "A_TYPE": "PL_MINSP", "A_DATE": "2025-06-30T00:00:00", "A_STATUS": "UN_RE", "A_STATUS_D": "2025-06-30T00:00:00", "A_PROJECT_": "5802 S Miami Blvd Multi-Family", "A_DESCRIPT": "369-unit multi-family building with structured parking deck and additional utility improvements.", "A_USER_ID": "MICHAELMA", "A_CASE_PLA": "TREYFI", "StatCode": "UN_RE", "AppStatus": "Under Review", "AppCode": "PL_MINSP", "AppType": "Level 4 - Administrative Site Plan", "CasePlanne": "Trey Figueroa", "EMAIL": "Trey.Figueroa@durhamnc.gov", "ORIG_FID": "21446", "CreationDa": "2025-09-20T00:00:00", "Creator": "gisproc_sys", "EditDate": "2025-09-20T00:00:00", "Editor": "gisproc_sys", "sf_detached": 0.0, "sf_attached": 0.0, "duplex_triplex": 0.0, "multifamily": 369.0, "condo": 0, "unknown": 0, "data_source": "DRHM" }, "geometry": { "type": "Point", "coordinates": [ -78.851817838605811, 35.871373188234912 ] } },
{ "type": "Feature", "properties": { "A_NUMBER": "D2500159", "A_TYPE": "PL_MINSP", "A_DATE": "2025-06-30T00:00:00", "A_STATUS": "CORR", "A_STATUS_D": "2025-08-13T00:00:00", "A_PROJECT_": "Mineral Springs Road Towns", "A_DESCRIPT": "46 townhome lots with 3 open space lots with associated public infrastructure.", "A_USER_ID": "EDWARDFR", "A_CASE_PLA": "COLERE", "StatCode": "CORR", "AppStatus": "Corrections Required", "AppCode": "PL_MINSP", "AppType": "Level 4 - Administrative Site Plan", "CasePlanne": "Cole Renigar", "EMAIL": "Cole.Renigar@durhamnc.gov", "ORIG_FID": "21447", "CreationDa": "2025-09-20T00:00:00", "Creator": "gisproc_sys", "EditDate": "2025-09-20T00:00:00", "Editor": "gisproc_sys", "sf_detached": 0.0, "sf_attached": 46.0, "duplex_triplex": 0.0, "multifamily": 0.0, "condo": 0, "unknown": 0, "data_source": "DRHM" }, "geometry": { "type": "Point", "coordinates": [ -78.83615064340286, 35.960641538464195 ] } },
{ "type": "Feature", "properties": { "A_NUMBER": "D2500164", "A_TYPE": "PL_MINSP", "A_DATE": "2025-07-08T00:00:00", "A_STATUS": "UN_RE", "A_STATUS_D": "2025-07-08T00:00:00", "A_PROJECT_": "Farrington Road Multi-Family Development", "A_DESCRIPT": "371 multi-family units with surface/garage parking.", "A_USER_ID": "MICHAELMA", "A_CASE_PLA": "JALISAHA", "StatCode": "UN_RE", "AppStatus": "Under Review", "AppCode": "PL_MINSP", "AppType": "Level 4 - Administrative Site Plan", "CasePlanne": "JALISA HARRIS", "EMAIL": "Jalisa.Harris@durhamnc.gov", "ORIG_FID": "21471", "CreationDa": "2025-09-20T00:00:00", "Creator": "gisproc_sys", "EditDate": "2025-09-20T00:00:00", "Editor": "gisproc_sys", "sf_detached": 0.0, "sf_attached": 0.0, "duplex_triplex": 0.0, "multifamily": 371.0, "condo": 0, "unknown": 0, "data_source": "DRHM" }, "geometry": { "type": "Point", "coordinates": [ -78.992186714320027, 35.922736352322445 ] } },
{ "type": "Feature", "properties": { "A_NUMBER": "D2500187", "A_TYPE": "PL_MINSP", "A_DATE": "2025-07-30T00:00:00", "A_STATUS": "UN_RE", "A_STATUS_D": "2025-09-12T00:00:00", "A_PROJECT_": "Beamon Street", "A_DESCRIPT": "26 single family lot subdivision comprised of 14 town homes and 12 duplexes as well as all associated infrastructure.", "A_USER_ID": "EESBRI", "A_CASE_PLA": "JALISAHA", "StatCode": "UN_RE", "AppStatus": "Under Review", "AppCode": "PL_MINSP", "AppType": "Level 4 - Administrative Site Plan", "CasePlanne": "JALISA HARRIS", "EMAIL": "Jalisa.Harris@durhamnc.gov", "ORIG_FID": "21533", "CreationDa": "2025-09-20T00:00:00", "Creator": "gisproc_sys", "EditDate": "2025-09-20T00:00:00", "Editor": "gisproc_sys", "sf_detached": 26.0, "sf_attached": 14.0, "duplex_triplex": 12.0, "multifamily": 0.0, "condo": 0, "unknown": 0, "data_source": "DRHM" }, "geometry": { "type": "Point", "coordinates": [ -78.903954359269676, 35.985035768531297 ] } },
{ "type": "Feature", "properties": { "A_NUMBER": "D2500115", "A_TYPE": "PL_ASP", "A_DATE": "2025-05-08T00:00:00", "A_STATUS": "APP", "A_STATUS_D": "2025-06-06T00:00:00", "A_PROJECT_": "Leesville Road Assemblage-Amendment", "A_DESCRIPT": "Building footprint update with no additional impervious.", "A_USER_ID": "PEYTONBL", "A_CASE_PLA": "PEYTONBL", "StatCode": "APP", "AppStatus": "Approved", "AppCode": "PL_ASP", "AppType": "Level 1 - Administrative Site Plan", "CasePlanne": "PEYTON BLANCHARD", "EMAIL": "PEYTON.BLANCHARD@DURHAMNC.GOV", "ORIG_FID": "21543", "CreationDa": "2025-09-20T00:00:00", "Creator": "gisproc_sys", "EditDate": "2025-09-20T00:00:00", "Editor": "gisproc_sys", "sf_detached": 0.0, "sf_attached": 0.0, "duplex_triplex": 0.0, "multifamily": 0.0, "condo": 0, "unknown": 0, "data_source": null }, "geometry": { "type": "Point", "coordinates": [ -78.774542642843102, 35.935520922170014 ] } },
{ "type": "Feature", "properties": { "A_NUMBER": "D2500188", "A_TYPE": "PL_MINSP", "A_DATE": "2025-08-04T00:00:00", "A_STATUS": "UN_RE", "A_STATUS_D": "2025-08-04T00:00:00", "A_PROJECT_": "Virgil Rd Assemblage", "A_DESCRIPT": "230 unit residential subdivision with a pump station.", "A_USER_ID": "MICHAELEVE", "A_CASE_PLA": "TREYFI", "StatCode": "UN_RE", "AppStatus": "Under Review", "AppCode": "PL_MINSP", "AppType": "Level 4 - Administrative Site Plan", "CasePlanne": "Trey Figueroa", "EMAIL": "Trey.Figueroa@durhamnc.gov", "ORIG_FID": "21547", "CreationDa": "2025-09-20T00:00:00", "Creator": "gisproc_sys", "EditDate": "2025-09-20T00:00:00", "Editor": "gisproc_sys", "sf_detached": 0.0, "sf_attached": 0.0, "duplex_triplex": 0.0, "multifamily": 0.0, "condo": 0, "unknown": 0, "data_source": null }, "geometry": { "type": "Point", "coordinates": [ -78.754285545474247, 35.937875013724671 ] } },
{ "type": "Feature", "properties": { "A_NUMBER": "D2500190", "A_TYPE": "PL_MINSP", "A_DATE": "2025-08-04T00:00:00", "A_STATUS": "CORR", "A_STATUS_D": "2025-09-15T00:00:00", "A_PROJECT_": "Mason Farms Conservation Subdivision (new version)", "A_DESCRIPT": "Residential subdivision with 141 proposed lots, wastewater collection and treatment system, and well water system.", "A_USER_ID": "EDWARDFR", "A_CASE_PLA": "COLERE", "StatCode": "CORR", "AppStatus": "Corrections Required", "AppCode": "PL_MINSP", "AppType": "Level 4 - Administrative Site Plan", "CasePlanne": "Cole Renigar", "EMAIL": "Cole.Renigar@durhamnc.gov", "ORIG_FID": "21549", "CreationDa": "2025-09-20T00:00:00", "Creator": "gisproc_sys", "EditDate": "2025-09-20T00:00:00", "Editor": "gisproc_sys", "sf_detached": 0.0, "sf_attached": 0.0, "duplex_triplex": 0.0, "multifamily": 0.0, "condo": 0, "unknown": 0, "data_source": null }, "geometry": { "type": "Point", "coordinates": [ -78.901710398731538, 36.124324030260475 ] } },
{ "type": "Feature", "properties": { "A_NUMBER": "D2500199", "A_TYPE": "PL_MINSP", "A_DATE": "2025-08-11T00:00:00", "A_STATUS": "UN_RE", "A_STATUS_D": "2025-08-11T00:00:00", "A_PROJECT_": "Howard's Place", "A_DESCRIPT": "Mixed use multi-family development with accessory commercial space housing to include single-family housing.", "A_USER_ID": "HARMONHE", "A_CASE_PLA": "TREYFI", "StatCode": "UN_RE", "AppStatus": "Under Review", "AppCode": "PL_MINSP", "AppType": "Level 4 - Administrative Site Plan", "CasePlanne": "Trey Figueroa", "EMAIL": "Trey.Figueroa@durhamnc.gov", "ORIG_FID": "21570", "CreationDa": "2025-09-20T00:00:00", "Creator": "gisproc_sys", "EditDate": "2025-09-20T00:00:00", "Editor": "gisproc_sys", "sf_detached": 0.0, "sf_attached": 0.0, "duplex_triplex": 0.0, "multifamily": 0.0, "condo": 0, "unknown": 0, "data_source": null }, "geometry": { "type": "Point", "coordinates": [ -78.76657550080597, 35.975693631104008 ] } },
{ "type": "Feature", "properties": { "A_NUMBER": "D2500202", "A_TYPE": "PL_MINSP", "A_DATE": "2025-08-14T00:00:00", "A_STATUS": "UN_RE", "A_STATUS_D": "2025-08-14T00:00:00", "A_PROJECT_": "443 Infinity Rd", "A_DESCRIPT": "28 unit townhouse community.", "A_USER_ID": "ERIKA", "A_CASE_PLA": "TREYFI", "StatCode": "UN_RE", "AppStatus": "Under Review", "AppCode": "PL_MINSP", "AppType": "Level 4 - Administrative Site Plan", "CasePlanne": "Trey Figueroa", "EMAIL": "Trey.Figueroa@durhamnc.gov", "ORIG_FID": "21580", "CreationDa": "2025-09-20T00:00:00", "Creator": "gisproc_sys", "EditDate": "2025-09-20T00:00:00", "Editor": "gisproc_sys", "sf_detached": 0.0, "sf_attached": 28.0, "duplex_triplex": 0.0, "multifamily": 0.0, "condo": 0, "unknown": 0, "data_source": "DRHM" }, "geometry": { "type": "Point", "coordinates": [ -78.900875404164481, 36.07900262077036 ] } },
{ "type": "Feature", "properties": { "A_NUMBER": "D2500218", "A_TYPE": "PL_MINSP", "A_DATE": "2025-09-02T00:00:00", "A_STATUS": "UN_RE", "A_STATUS_D": "2025-09-02T00:00:00", "A_PROJECT_": "Green Hill", "A_DESCRIPT": "Construction of 440 multi-family units with associated amenities and infrastructure.", "A_USER_ID": "MICHAELEVE", "A_CASE_PLA": "JALISAHA", "StatCode": "UN_RE", "AppStatus": "Under Review", "AppCode": "PL_MINSP", "AppType": "Level 4 - Administrative Site Plan", "CasePlanne": "JALISA HARRIS", "EMAIL": "Jalisa.Harris@durhamnc.gov", "ORIG_FID": "21634", "CreationDa": "2025-09-20T00:00:00", "Creator": "gisproc_sys", "EditDate": "2025-09-20T00:00:00", "Editor": "gisproc_sys", "sf_detached": 0.0, "sf_attached": 0.0, "duplex_triplex": 0.0, "multifamily": 440.0, "condo": 0, "unknown": 0, "data_source": "DRHM" }, "geometry": { "type": "Point", "coordinates": [ -78.947009268557167, 36.021562819454147 ] } },
{ "type": "Feature", "properties": { "A_NUMBER": "D2500219", "A_TYPE": "PL_MINSP", "A_DATE": "2025-09-04T00:00:00", "A_STATUS": "UN_RE", "A_STATUS_D": "2025-09-04T00:00:00", "A_PROJECT_": "Pearson Flats", "A_DESCRIPT": "Multi-family development to be multiple apartment buildings with surface level parking. No retail or commercial.", "A_USER_ID": "JALISAHA", "A_CASE_PLA": "JALISAHA", "StatCode": "UN_RE", "AppStatus": "Under Review", "AppCode": "PL_MINSP", "AppType": "Level 4 - Administrative Site Plan", "CasePlanne": "JALISA HARRIS", "EMAIL": "Jalisa.Harris@durhamnc.gov", "ORIG_FID": "21638", "CreationDa": "2025-09-20T00:00:00", "Creator": "gisproc_sys", "EditDate": "2025-09-20T00:00:00", "Editor": "gisproc_sys", "sf_detached": 0.0, "sf_attached": 0.0, "duplex_triplex": 0.0, "multifamily": 0.0, "condo": 0, "unknown": 0, "data_source": null }, "geometry": { "type": "Point", "coordinates": [ -78.905307007430608, 35.955070940119292 ] } },
{ "type": "Feature", "properties": { "A_NUMBER": "D2500226", "A_TYPE": "PL_MINSP", "A_DATE": "2025-09-12T00:00:00", "A_STATUS": "ON_HOLD", "A_STATUS_D": "2025-09-17T00:00:00", "A_PROJECT_": "Glennstone Annex", "A_DESCRIPT": "17 single family lots extending from ex. Chimney Stone Road.", "A_USER_ID": "JESSICADO", "A_CASE_PLA": "TREYFI", "StatCode": "ON_HOLD", "AppStatus": "On Hold", "AppCode": "PL_MINSP", "AppType": "Level 4 - Administrative Site Plan", "CasePlanne": "Trey Figueroa", "EMAIL": "Trey.Figueroa@durhamnc.gov", "ORIG_FID": "21662", "CreationDa": "2025-09-20T00:00:00", "Creator": "gisproc_sys", "EditDate": "2025-09-20T00:00:00", "Editor": "gisproc_sys", "sf_detached": 17.0, "sf_attached": 0.0, "duplex_triplex": 0.0, "multifamily": 0.0, "condo": 0, "unknown": 0, "data_source": "DRHM" }, "geometry": { "type": "Point", "coordinates": [ -78.835273882501127, 36.054361760329613 ] } },
{ "type": "Feature", "properties": { "A_NUMBER": "D2500087", "A_TYPE": null, "A_DATE": null, "A_STATUS": null, "A_STATUS_D": null, "A_PROJECT_": null, "A_DESCRIPT": null, "A_USER_ID": null, "A_CASE_PLA": null, "StatCode": null, "AppStatus": null, "AppCode": null, "AppType": null, "CasePlanne": null, "EMAIL": null, "ORIG_FID": null, "CreationDa": null, "Creator": null, "EditDate": null, "Editor": null, "sf_detached": 0.0, "sf_attached": 0.0, "duplex_triplex": 0.0, "multifamily": 0.0, "condo": 0, "unknown": 0, "data_source": null }, "geometry": null },
{ "type": "Feature", "properties": { "A_NUMBER": "D2500101", "A_TYPE": null, "A_DATE": null, "A_STATUS": null, "A_STATUS_D": null, "A_PROJECT_": null, "A_DESCRIPT": null, "A_USER_ID": null, "A_CASE_PLA": null, "StatCode": null, "AppStatus": null, "AppCode": null, "AppType": null, "CasePlanne": null, "EMAIL": null, "ORIG_FID": null, "CreationDa": null, "Creator": null, "EditDate": null, "Editor": null, "sf_detached": 0.0, "sf_attached": 0.0, "duplex_triplex": 0.0, "multifamily": 0.0, "condo": 0, "unknown": 0, "data_source": null }, "geometry": null },
{ "type": "Feature", "properties": { "A_NUMBER": "D1900249", "A_TYPE": null, "A_DATE": null, "A_STATUS": null, "A_STATUS_D": null, "A_PROJECT_": null, "A_DESCRIPT": null, "A_USER_ID": null, "A_CASE_PLA": null, "StatCode": null, "AppStatus": null, "AppCode": null, "AppType": null, "CasePlanne": null, "EMAIL": null, "ORIG_FID": null, "CreationDa": null, "Creator": null, "EditDate": null, "Editor": null, "sf_detached": 0.0, "sf_attached": 0.0, "duplex_triplex": 0.0, "multifamily": 0.0, "condo": 0, "unknown": 0, "data_source": null }, "geometry": null },
{ "type": "Feature", "properties": { "A_NUMBER": "CH1", "A_TYPE": null, "A_DATE": null, "A_STATUS": null, "A_STATUS_D": null, "A_PROJECT_": null, "A_DESCRIPT": null, "A_USER_ID": null, "A_CASE_PLA": null, "StatCode": null, "AppStatus": null, "AppCode": null, "AppType": null, "CasePlanne": null, "EMAIL": null, "ORIG_FID": null, "CreationDa": null, "Creator": null, "EditDate": null, "Editor": null, "sf_detached": null, "sf_attached": 126.0, "duplex_triplex": null, "multifamily": 374.0, "condo": 0, "unknown": 0, "data_source": "ITRE" }, "geometry": null },
{ "type": "Feature", "properties": { "A_NUMBER": "CH3", "A_TYPE": null, "A_DATE": null, "A_STATUS": null, "A_STATUS_D": null, "A_PROJECT_": null, "A_DESCRIPT": null, "A_USER_ID": null, "A_CASE_PLA": null, "StatCode": null, "AppStatus": null, "AppCode": null, "AppType": null, "CasePlanne": null, "EMAIL": null, "ORIG_FID": null, "CreationDa": null, "Creator": null, "EditDate": null, "Editor": null, "sf_detached": 22.0, "sf_attached": 77.0, "duplex_triplex": null, "multifamily": 199.0, "condo": 0, "unknown": 0, "data_source": "ITRE" }, "geometry": null },
{ "type": "Feature", "properties": { "A_NUMBER": "D2500084", "A_TYPE": null, "A_DATE": null, "A_STATUS": null, "A_STATUS_D": null, "A_PROJECT_": null, "A_DESCRIPT": null, "A_USER_ID": null, "A_CASE_PLA": null, "StatCode": null, "AppStatus": null, "AppCode": null, "AppType": null, "CasePlanne": null, "EMAIL": null, "ORIG_FID": null, "CreationDa": null, "Creator": null, "EditDate": null, "Editor": null, "sf_detached": 0.0, "sf_attached": 0.0, "duplex_triplex": 0.0, "multifamily": 0.0, "condo": 0, "unknown": 0, "data_source": null }, "geometry": null },
{ "type": "Feature", "properties": { "A_NUMBER": "D1500131", "A_TYPE": null, "A_DATE": null, "A_STATUS": null, "A_STATUS_D": null, "A_PROJECT_": null, "A_DESCRIPT": null, "A_USER_ID": null, "A_CASE_PLA": null, "StatCode": null, "AppStatus": null, "AppCode": null, "AppType": null, "CasePlanne": null, "EMAIL": null, "ORIG_FID": null, "CreationDa": null, "Creator": null, "EditDate": null, "Editor": null, "sf_detached": 0.0, "sf_attached": 0.0, "duplex_triplex": 0.0, "multifamily": 288.0, "condo": 0, "unknown": 0, "data_source": "COMP" }, "geometry": null },
{ "type": "Feature", "properties": { "A_NUMBER": "D2400062", "A_TYPE": null, "A_DATE": null, "A_STATUS": null, "A_STATUS_D": null, "A_PROJECT_": null, "A_DESCRIPT": null, "A_USER_ID": null, "A_CASE_PLA": null, "StatCode": null, "AppStatus": null, "AppCode": null, "AppType": null, "CasePlanne": null, "EMAIL": null, "ORIG_FID": null, "CreationDa": null, "Creator": null, "EditDate": null, "Editor": null, "sf_detached": 0.0, "sf_attached": 0.0, "duplex_triplex": 0.0, "multifamily": 406.0, "condo": 0, "unknown": 0, "data_source": "COMP" }, "geometry": null },
{ "type": "Feature", "properties": { "A_NUMBER": "D2400104", "A_TYPE": null, "A_DATE": null, "A_STATUS": null, "A_STATUS_D": null, "A_PROJECT_": null, "A_DESCRIPT": null, "A_USER_ID": null, "A_CASE_PLA": null, "StatCode": null, "AppStatus": null, "AppCode": null, "AppType": null, "CasePlanne": null, "EMAIL": null, "ORIG_FID": null, "CreationDa": null, "Creator": null, "EditDate": null, "Editor": null, "sf_detached": 0.0, "sf_attached": 0.0, "duplex_triplex": 0.0, "multifamily": 0.0, "condo": 0, "unknown": 0, "data_source": null }, "geometry": null },
{ "type": "Feature", "properties": { "A_NUMBER": "1CH2425", "A_TYPE": null, "A_DATE": null, "A_STATUS": null, "A_STATUS_D": null, "A_PROJECT_": null, "A_DESCRIPT": null, "A_USER_ID": null, "A_CASE_PLA": null, "StatCode": null, "AppStatus": null, "AppCode": null, "AppType": null, "CasePlanne": null, "EMAIL": null, "ORIG_FID": null, "CreationDa": null, "Creator": null, "EditDate": null, "Editor": null, "sf_detached": 0.0, "sf_attached": 86.0, "duplex_triplex": 0.0, "multifamily": 0.0, "condo": 0, "unknown": 0, "data_source": "ITRE" }, "geometry": null },
{ "type": "Feature", "properties": { "A_NUMBER": "D2500096", "A_TYPE": null, "A_DATE": null, "A_STATUS": null, "A_STATUS_D": null, "A_PROJECT_": null, "A_DESCRIPT": null, "A_USER_ID": null, "A_CASE_PLA": null, "StatCode": null, "AppStatus": null, "AppCode": null, "AppType": null, "CasePlanne": null, "EMAIL": null, "ORIG_FID": null, "CreationDa": null, "Creator": null, "EditDate": null, "Editor": null, "sf_detached": 0.0, "sf_attached": 0.0, "duplex_triplex": 0.0, "multifamily": 0.0, "condo": 0, "unknown": 0, "data_source": null }, "geometry": null },
{ "type": "Feature", "properties": { "A_NUMBER": "D2200096", "A_TYPE": null, "A_DATE": null, "A_STATUS": null, "A_STATUS_D": null, "A_PROJECT_": null, "A_DESCRIPT": null, "A_USER_ID": null, "A_CASE_PLA": null, "StatCode": null, "AppStatus": null, "AppCode": null, "AppType": null, "CasePlanne": null, "EMAIL": null, "ORIG_FID": null, "CreationDa": null, "Creator": null, "EditDate": null, "Editor": null, "sf_detached": 0.0, "sf_attached": 0.0, "duplex_triplex": 0.0, "multifamily": 0.0, "condo": 0, "unknown": 0, "data_source": null }, "geometry": null },
{ "type": "Feature", "properties": { "A_NUMBER": "CH2", "A_TYPE": null, "A_DATE": null, "A_STATUS": null, "A_STATUS_D": null, "A_PROJECT_": null, "A_DESCRIPT": null, "A_USER_ID": null, "A_CASE_PLA": null, "StatCode": null, "AppStatus": null, "AppCode": null, "AppType": null, "CasePlanne": null, "EMAIL": null, "ORIG_FID": null, "CreationDa": null, "Creator": null, "EditDate": null, "Editor": null, "sf_detached": null, "sf_attached": null, "duplex_triplex": null, "multifamily": 388.0, "condo": 0, "unknown": 0, "data_source": "ITRE" }, "geometry": null },
{ "type": "Feature", "properties": { "A_NUMBER": "D2100024", "A_TYPE": null, "A_DATE": null, "A_STATUS": null, "A_STATUS_D": null, "A_PROJECT_": null, "A_DESCRIPT": null, "A_USER_ID": null, "A_CASE_PLA": null, "StatCode": null, "AppStatus": null, "AppCode": null, "AppType": null, "CasePlanne": null, "EMAIL": null, "ORIG_FID": null, "CreationDa": null, "Creator": null, "EditDate": null, "Editor": null, "sf_detached": 0.0, "sf_attached": 0.0, "duplex_triplex": 0.0, "multifamily": 0.0, "condo": 0, "unknown": 0, "data_source": null }, "geometry": null }
]
}
