{
"type": "FeatureCollection",
"name": "merged_developments",
"crs": { "type": "name", "properties": { "name": "urn:ogc:def:crs:OGC:1.3:CRS84" } },
"features": [
{ "type": "Feature", "properties": { "A_NUMBER": "1CH2425", "DATE_open": null, "PROJECT_open": null, "DESCRIPTION": null, "sf_detached": null, "sf_attached": null, "duplex/triplex": null, "multifamily": null, "condo": null, "project_itre": "East Lakeview", "sf_itre": 0.0, "apt_itre": 0.0, "duplex_itre": 0.0, "townhouse_itre": 86.0, "ADU_itre": 0.0, "PROJECT_comp": null, "A_STATUS": null, "A_STATUS_DATE": null, "lots_comp": null, "units_comp": null, "apt_comp": null, "townhomes_comp": null, "condo_comp": null }, "geometry": null },
{ "type": "Feature", "properties": { "A_NUMBER": "A1500005", "DATE_open": "2015-03-05T00:00:00", "PROJECT_open": "2512 Vesson Avenue", "DESCRIPTION": "Request to amend FLUM from Low-Medium Density Residential to medium Density residential in order to accommodate construction of duplexes.", "sf_detached": 0.0, "sf_attached": 0.0, "duplex/triplex": 0.0, "multifamily": 0.0, "condo": 0.0, "project_itre": null, "sf_itre": null, "apt_itre": null, "duplex_itre": null, "townhouse_itre": null, "ADU_itre": null, "PROJECT_comp": null, "A_STATUS": null, "A_STATUS_DATE": null, "lots_comp": null, "units_comp": null, "apt_comp": null, "townhomes_comp": null, "condo_comp": null }, "geometry": { "type": "Point", "coordinates": [ -78.934319342321558, 35.982965523689536 ] } },
{ "type": "Feature", "properties": { "A_NUMBER": "A1500020", "DATE_open": "2015-10-27T00:00:00", "PROJECT_open": "Compact Neighborhood Tier Policy Updates", "DESCRIPTION": "Add two policies to the Comprehensive Plan intended to formalize the City and County's resolution on affordable housing in transit areas and to describe zoning sub-districts used in the Compact Design district.", "sf_detached": 0.0, "sf_attached": 0.0, "duplex/triplex": 0.0, "multifamily": 0.0, "condo": 0.0, "project_itre": null, "sf_itre": null, "apt_itre": null, "duplex_itre": null, "townhouse_itre": null, "ADU_itre": null, "PROJECT_comp": null, "A_STATUS": null, "A_STATUS_DATE": null, "lots_comp": null, "units_comp": null, "apt_comp": null, "townhomes_comp": null, "condo_comp": null }, "geometry": { "type": "Point", "coordinates": [ -78.89879688926807, 35.996370790323105 ] } },
{ "type": "Feature", "properties": { "A_NUMBER": "A1600002", "DATE_open": "2016-02-10T00:00:00", "PROJECT_open": "Southpoint Trails II", "DESCRIPTION": "change 27.10 acres of Low Density Residential (4 DU/A. or less) to Low-Medium Density Residential (4-8 DU/Ac.)", "sf_detached": 0.0, "sf_attached": 0.0, "duplex/triplex": 0.0, "multifamily": 0.0, "condo": 0.0, "project_itre": null, "sf_itre": null, "apt_itre": null, "duplex_itre": null, "townhouse_itre": null, "ADU_itre": null, "PROJECT_comp": null, "A_STATUS": null, "A_STATUS_DATE": null, "lots_comp": null, "units_comp": null, "apt_comp": null, "townhomes_comp": null, "condo_comp": null }, "geometry": { "type": "Point", "coordinates": [ -78.959322907637244, 35.89033601364887 ] } },
{ "type": "Feature", "properties": { "A_NUMBER": "A1600003", "DATE_open": "2016-03-03T00:00:00", "PROJECT_open": "Ellis Road Townhomes", "DESCRIPTION": "From Low-Density Residential to Low-Medium Density Residential -Acres: 25.68", "sf_detached": 0.0, "sf_attached": 0.0, "duplex/triplex": 0.0, "multifamily": 0.0, "condo": 0.0, "project_itre": null, "sf_itre": null, "apt_itre": null, "duplex_itre": null, "townhouse_itre": null, "ADU_itre": null, "PROJECT_comp": null, "A_STATUS": null, "A_STATUS_DATE": null, "lots_comp": null, "units_comp": null, "apt_comp": null, "townhomes_comp": null, "condo_comp": null }, "geometry": { "type": "Point", "coordinates": [ -78.848348394254046, 35.938938392866575 ] } },
{ "type": "Feature", "properties": { "A_NUMBER": "A1600004", "DATE_open": "2016-03-14T00:00:00", "PROJECT_open": "Bethpage Village IV", "DESCRIPTION": "Industrial to Low-Medium Density Residential (4-8 DU/Ac.)", "sf_detached": 0.0, "sf_attached": 0.0, "duplex/triplex": 0.0, "multifamily": 0.0, "condo": 0.0, "project_itre": null, "sf_itre": null, "apt_itre": null, "duplex_itre": null, "townhouse_itre": null, "ADU_itre": null, "PROJECT_comp": null, "A_STATUS": null, "A_STATUS_DATE": null, "lots_comp": null, "units_comp": null, "apt_comp": null, "townhomes_comp": null, "condo_comp": null }, "geometry": { "type": "Point", "coordinates": [ -78.83164254076236, 35.902107703785816 ] } },
{ "type": "Feature", "properties": { "A_NUMBER": "A1600009", "DATE_open": "2016-06-13T00:00:00", "PROJECT_open": "Brightleaf Tract 12", "DESCRIPTION": "Applicant request a change for 35.05 acres east of the intersection of Flat River Drive and the Northern Durham Parkway from Low-Medium Density Residential to Low-Density Residential. The site is in the Suburban Tier and within F/J-B. The associated zoni", "sf_detached": 0.0, "sf_attached": 0.0, "duplex/triplex": 0.0, "multifamily": 0.0, "condo": 0.0, "project_itre": null, "sf_itre": null, "apt_itre": null, "duplex_itre": null, "townhouse_itre": null, "ADU_itre": null, "PROJECT_comp": null, "A_STATUS": null, "A_STATUS_DATE": null, "lots_comp": null, "units_comp": null, "apt_comp": null, "townhomes_comp": null, "condo_comp": null }, "geometry": { "type": "Point", "coordinates": [ -78.809276523787588, 35.948631282699658 ] } },
{ "type": "Feature", "properties": { "A_NUMBER": "A1700004", "DATE_open": "2017-02-17T00:00:00", "PROJECT_open": "Ellis Road Townhouses Phase 2", "DESCRIPTION": "PA request associated with annexation (BDG1700004) and ZMC (Z1700008). Request LDR to LMD Residential", "sf_detached": 0.0, "sf_attached": 0.0, "duplex/triplex": 0.0, "multifamily": 0.0, "condo": 0.0, "project_itre": null, "sf_itre": null, "apt_itre": null, "duplex_itre": null, "townhouse_itre": null, "ADU_itre": null, "PROJECT_comp": null, "A_STATUS": null, "A_STATUS_DATE": null, "lots_comp": null, "units_comp": null, "apt_comp": null, "townhomes_comp": null, "condo_comp": null }, "geometry": { "type": "Point", "coordinates": [ -78.845838115466265, 35.941433240249175 ] } },
{ "type": "Feature", "properties": { "A_NUMBER": "A1700005", "DATE_open": "2017-03-17T00:00:00", "PROJECT_open": "2101 House Avenue", "DESCRIPTION": "Rezoning Request and Comprehensive Plan Amendment at 2101 House Avenue to allow for 78 residential units.  Change from RS-20, RU-M, CN(D) and CC to RU-M(D); and from MDR/Commercial to MHD Residential.  Zoning Case Z1700012.", "sf_detached": 2101.0, "sf_attached": 0.0, "duplex/triplex": 0.0, "multifamily": 0.0, "condo": 0.0, "project_itre": null, "sf_itre": null, "apt_itre": null, "duplex_itre": null, "townhouse_itre": null, "ADU_itre": null, "PROJECT_comp": null, "A_STATUS": null, "A_STATUS_DATE": null, "lots_comp": null, "units_comp": null, "apt_comp": null, "townhomes_comp": null, "condo_comp": null }, "geometry": { "type": "Point", "coordinates": [ -78.928911731126888, 35.990753541407308 ] } },
{ "type": "Feature", "properties": { "A_NUMBER": "A1700007", "DATE_open": "2017-04-11T00:00:00", "PROJECT_open": "Page Park II", "DESCRIPTION": "Plan Amendment associated with Z1700013. Request Commercial to Low-Medium Density Residential.", "sf_detached": 0.0, "sf_attached": 0.0, "duplex/triplex": 0.0, "multifamily": 0.0, "condo": 0.0, "project_itre": null, "sf_itre": null, "apt_itre": null, "duplex_itre": null, "townhouse_itre": null, "ADU_itre": null, "PROJECT_comp": null, "A_STATUS": null, "A_STATUS_DATE": null, "lots_comp": null, "units_comp": null, "apt_comp": null, "townhomes_comp": null, "condo_comp": null }, "geometry": { "type": "Point", "coordinates": [ -78.830471382890167, 35.889231918503782 ] } },
{ "type": "Feature", "properties": { "A_NUMBER": "A1700008", "DATE_open": "2017-05-31T00:00:00", "PROJECT_open": "410 Crutchfield Street", "DESCRIPTION": "PA request associated with Z1700019. Medium-High Density Residential to Commercial", "sf_detached": 0.0, "sf_attached": 0.0, "duplex/triplex": 0.0, "multifamily": 0.0, "condo": 0.0, "project_itre": null, "sf_itre": null, "apt_itre": null, "duplex_itre": null, "townhouse_itre": null, "ADU_itre": null, "PROJECT_comp": null, "A_STATUS": null, "A_STATUS_DATE": null, "lots_comp": null, "units_comp": null, "apt_comp": null, "townhomes_comp": null, "condo_comp": null }, "geometry": { "type": "Point", "coordinates": [ -78.904917980354455, 36.03925776174772 ] } },
{ "type": "Feature", "properties": { "A_NUMBER": "A1700010", "DATE_open": "2017-06-14T00:00:00", "PROJECT_open": "5220 Wake Forest Highway", "DESCRIPTION": "Multi-family development with 80 units and proposed connections to Hwy 98 and Oakchest Court.  Rezoning from RR to PDR 5.362 (case Z1700022).  Plan Amendment from LDR to LMDR, Annexation", "sf_detached": 0.0, "sf_attached": 0.0, "duplex/triplex": 0.0, "multifamily": 80.0, "condo": 0.0, "project_itre": null, "sf_itre": null, "apt_itre": null, "duplex_itre": null, "townhouse_itre": null, "ADU_itre": null, "PROJECT_comp": null, "A_STATUS": null, "A_STATUS_DATE": null, "lots_comp": null, "units_comp": null, "apt_comp": null, "townhomes_comp": null, "condo_comp": null }, "geometry": { "type": "Point", "coordinates": [ -78.79031272750008, 35.973298627887495 ] } },
{ "type": "Feature", "properties": { "A_NUMBER": "A1700012", "DATE_open": "2017-08-17T00:00:00", "PROJECT_open": "3404 Page Road", "DESCRIPTION": "Zoning Map Change (Z1700031) from RR to PDR, Comp Plan Change (A1700012) from Industrial to Low Medium, and Annexation (BDG 1700010) to allow for 170 townhomes.", "sf_detached": 0.0, "sf_attached": 10.0, "duplex/triplex": 0.0, "multifamily": 0.0, "condo": 0.0, "project_itre": null, "sf_itre": null, "apt_itre": null, "duplex_itre": null, "townhouse_itre": null, "ADU_itre": null, "PROJECT_comp": null, "A_STATUS": null, "A_STATUS_DATE": null, "lots_comp": null, "units_comp": null, "apt_comp": null, "townhomes_comp": null, "condo_comp": null }, "geometry": { "type": "Point", "coordinates": [ -78.820890816588928, 35.902320901529947 ] } },
{ "type": "Feature", "properties": { "A_NUMBER": "A1700017", "DATE_open": "2017-12-18T00:00:00", "PROJECT_open": "Lumley Road Industrial", "DESCRIPTION": "A request to change the FLUM designation of 134 acres from Industrial to Low Desnsity Residential", "sf_detached": 134.0, "sf_attached": 0.0, "duplex/triplex": 0.0, "multifamily": 0.0, "condo": 0.0, "project_itre": null, "sf_itre": null, "apt_itre": null, "duplex_itre": null, "townhouse_itre": null, "ADU_itre": null, "PROJECT_comp": null, "A_STATUS": null, "A_STATUS_DATE": null, "lots_comp": null, "units_comp": null, "apt_comp": null, "townhomes_comp": null, "condo_comp": null }, "geometry": { "type": "Point", "coordinates": [ -78.811017124696448, 35.926582655913343 ] } },
{ "type": "Feature", "properties": { "A_NUMBER": "A1800005", "DATE_open": "2018-07-11T00:00:00", "PROJECT_open": "Elevate at the Park", "DESCRIPTION": "Plan Amendment from Office to Medium High Density Residential to support a zoning map change (Z1800013) to allow for up to 336 multi-family units.", "sf_detached": 0.0, "sf_attached": 0.0, "duplex/triplex": 0.0, "multifamily": 336.0, "condo": 0.0, "project_itre": null, "sf_itre": null, "apt_itre": null, "duplex_itre": null, "townhouse_itre": null, "ADU_itre": null, "PROJECT_comp": null, "A_STATUS": null, "A_STATUS_DATE": null, "lots_comp": null, "units_comp": null, "apt_comp": null, "townhomes_comp": null, "condo_comp": null }, "geometry": { "type": "Point", "coordinates": [ -78.891855076346346, 35.923216649837265 ] } },
{ "type": "Feature", "properties": { "A_NUMBER": "A1800006", "DATE_open": "2018-08-15T00:00:00", "PROJECT_open": "1309 Junction Road", "DESCRIPTION": "FLUM amendment from Industrial to Low Density Residential.  Associated zoning case (Z1800017) and annexation.", "sf_detached": 0.0, "sf_attached": 0.0, "duplex/triplex": 0.0, "multifamily": 0.0, "condo": 0.0, "project_itre": null, "sf_itre": null, "apt_itre": null, "duplex_itre": null, "townhouse_itre": null, "ADU_itre": null, "PROJECT_comp": null, "A_STATUS": null, "A_STATUS_DATE": null, "lots_comp": null, "units_comp": null, "apt_comp": null, "townhomes_comp": null, "condo_comp": null }, "geometry": { "type": "Point", "coordinates": [ -78.843484288173627, 36.021491414020439 ] } },
{ "type": "Feature", "properties": { "A_NUMBER": "A1800011", "DATE_open": "2018-12-14T00:00:00", "PROJECT_open": "1432 Ellis Road", "DESCRIPTION": "Rezoning from RR/RS-20 to PDR 5.943 to allow for up to 200 townhouse development (case Z1800035).  Associated FLUM and Annexation.", "sf_detached": 0.0, "sf_attached": 200.0, "duplex/triplex": 0.0, "multifamily": 0.0, "condo": 0.0, "project_itre": null, "sf_itre": null, "apt_itre": null, "duplex_itre": null, "townhouse_itre": null, "ADU_itre": null, "PROJECT_comp": null, "A_STATUS": null, "A_STATUS_DATE": null, "lots_comp": null, "units_comp": null, "apt_comp": null, "townhomes_comp": null, "condo_comp": null }, "geometry": { "type": "Point", "coordinates": [ -78.870644226955605, 35.948099395070628 ] } },
{ "type": "Feature", "properties": { "A_NUMBER": "A1900003", "DATE_open": "2019-02-14T00:00:00", "PROJECT_open": "Cole Property", "DESCRIPTION": "From Rural Density Residential (RDR, 0.5DU/acre or less) to Very Low Density Residential (VLDR, 2DU/acre or less); Tier change from Rural Tier to Suburban Tier", "sf_detached": 0.0, "sf_attached": 0.0, "duplex/triplex": 0.0, "multifamily": 0.0, "condo": 0.0, "project_itre": null, "sf_itre": null, "apt_itre": null, "duplex_itre": null, "townhouse_itre": null, "ADU_itre": null, "PROJECT_comp": null, "A_STATUS": null, "A_STATUS_DATE": null, "lots_comp": null, "units_comp": null, "apt_comp": null, "townhomes_comp": null, "condo_comp": null }, "geometry": { "type": "Point", "coordinates": [ -78.777187823676329, 35.989442283104026 ] } },
{ "type": "Feature", "properties": { "A_NUMBER": "A1900008", "DATE_open": "2019-06-10T00:00:00", "PROJECT_open": "Farrington Townes", "DESCRIPTION": "Low Density Residential to Low Medium Residential. Associated with Z1900023.", "sf_detached": 0.0, "sf_attached": 0.0, "duplex/triplex": 0.0, "multifamily": 0.0, "condo": 0.0, "project_itre": null, "sf_itre": null, "apt_itre": null, "duplex_itre": null, "townhouse_itre": null, "ADU_itre": null, "PROJECT_comp": null, "A_STATUS": null, "A_STATUS_DATE": null, "lots_comp": null, "units_comp": null, "apt_comp": null, "townhomes_comp": null, "condo_comp": null }, "geometry": { "type": "Point", "coordinates": [ -78.984529987249758, 35.942748163428 ] } },
{ "type": "Feature", "properties": { "A_NUMBER": "A1900012", "DATE_open": "2019-07-02T00:00:00", "PROJECT_open": "NCCU School of Business", "DESCRIPTION": "Proposed change from Low Residential to Institutional FLUM", "sf_detached": 0.0, "sf_attached": 0.0, "duplex/triplex": 0.0, "multifamily": 0.0, "condo": 0.0, "project_itre": null, "sf_itre": null, "apt_itre": null, "duplex_itre": null, "townhouse_itre": null, "ADU_itre": null, "PROJECT_comp": null, "A_STATUS": null, "A_STATUS_DATE": null, "lots_comp": null, "units_comp": null, "apt_comp": null, "townhomes_comp": null, "condo_comp": null }, "geometry": { "type": "Point", "coordinates": [ -78.894338864311209, 35.976066515427846 ] } },
{ "type": "Feature", "properties": { "A_NUMBER": "A1900014", "DATE_open": "2019-08-08T00:00:00", "PROJECT_open": "NCCU Student Center", "DESCRIPTION": "Plan Amendment from Low Medium Density Residential to Institutional", "sf_detached": 0.0, "sf_attached": 0.0, "duplex/triplex": 0.0, "multifamily": 0.0, "condo": 0.0, "project_itre": null, "sf_itre": null, "apt_itre": null, "duplex_itre": null, "townhouse_itre": null, "ADU_itre": null, "PROJECT_comp": null, "A_STATUS": null, "A_STATUS_DATE": null, "lots_comp": null, "units_comp": null, "apt_comp": null, "townhomes_comp": null, "condo_comp": null }, "geometry": { "type": "Point", "coordinates": [ -78.900193956847886, 35.971476630571345 ] } },
{ "type": "Feature", "properties": { "A_NUMBER": "A1900017", "DATE_open": "2019-10-21T00:00:00", "PROJECT_open": "551 Olive Branch Road", "DESCRIPTION": "Low Density Residential to Low-Medium Density Residential. Associated with Z1900044.", "sf_detached": 0.0, "sf_attached": 0.0, "duplex/triplex": 0.0, "multifamily": 0.0, "condo": 0.0, "project_itre": null, "sf_itre": null, "apt_itre": null, "duplex_itre": null, "townhouse_itre": null, "ADU_itre": null, "PROJECT_comp": null, "A_STATUS": null, "A_STATUS_DATE": null, "lots_comp": null, "units_comp": null, "apt_comp": null, "townhomes_comp": null, "condo_comp": null }, "geometry": { "type": "Point", "coordinates": [ -78.78049673024509, 35.963750738542544 ] } },
{ "type": "Feature", "properties": { "A_NUMBER": "A2000004", "DATE_open": "2020-01-13T00:00:00", "PROJECT_open": "Gillings Tract", "DESCRIPTION": "Industrial to Low-Medium Density Residential. Associated with Z2000005.", "sf_detached": 0.0, "sf_attached": 0.0, "duplex/triplex": 0.0, "multifamily": 0.0, "condo": 0.0, "project_itre": null, "sf_itre": null, "apt_itre": null, "duplex_itre": null, "townhouse_itre": null, "ADU_itre": null, "PROJECT_comp": null, "A_STATUS": null, "A_STATUS_DATE": null, "lots_comp": null, "units_comp": null, "apt_comp": null, "townhomes_comp": null, "condo_comp": null }, "geometry": { "type": "Point", "coordinates": [ -78.823289735929848, 35.890118760750312 ] } },
{ "type": "Feature", "properties": { "A_NUMBER": "CH1", "DATE_open": null, "PROJECT_open": null, "DESCRIPTION": null, "sf_detached": null, "sf_attached": null, "duplex/triplex": null, "multifamily": null, "condo": null, "project_itre": "Hillmont", "sf_itre": null, "apt_itre": 374.0, "duplex_itre": null, "townhouse_itre": 126.0, "ADU_itre": null, "PROJECT_comp": null, "A_STATUS": null, "A_STATUS_DATE": null, "lots_comp": null, "units_comp": null, "apt_comp": null, "townhomes_comp": null, "condo_comp": null }, "geometry": null },
{ "type": "Feature", "properties": { "A_NUMBER": "CH2", "DATE_open": null, "PROJECT_open": null, "DESCRIPTION": null, "sf_detached": null, "sf_attached": null, "duplex/triplex": null, "multifamily": null, "condo": null, "project_itre": "Meridian Lakeview", "sf_itre": null, "apt_itre": 388.0, "duplex_itre": null, "townhouse_itre": null, "ADU_itre": null, "PROJECT_comp": null, "A_STATUS": null, "A_STATUS_DATE": null, "lots_comp": null, "units_comp": null, "apt_comp": null, "townhomes_comp": null, "condo_comp": null }, "geometry": null },
{ "type": "Feature", "properties": { "A_NUMBER": "CH3", "DATE_open": null, "PROJECT_open": null, "DESCRIPTION": null, "sf_detached": null, "sf_attached": null, "duplex/triplex": null, "multifamily": null, "condo": null, "project_itre": "Chapel Hill Crossings", "sf_itre": 22.0, "apt_itre": 199.0, "duplex_itre": null, "townhouse_itre": 77.0, "ADU_itre": 36.0, "PROJECT_comp": null, "A_STATUS": null, "A_STATUS_DATE": null, "lots_comp": null, "units_comp": null, "apt_comp": null, "townhomes_comp": null, "condo_comp": null }, "geometry": null },
{ "type": "Feature", "properties": { "A_NUMBER": "D1500026", "DATE_open": "2015-02-03T00:00:00", "PROJECT_open": "Grandin Trace", "DESCRIPTION": "52 lot residential neigborhood", "sf_detached": 0.0, "sf_attached": 0.0, "duplex/triplex": 0.0, "multifamily": 0.0, "condo": 0.0, "project_itre": null, "sf_itre": null, "apt_itre": null, "duplex_itre": null, "townhouse_itre": null, "ADU_itre": null, "PROJECT_comp": null, "A_STATUS": null, "A_STATUS_DATE": null, "lots_comp": null, "units_comp": null, "apt_comp": null, "townhomes_comp": null, "condo_comp": null }, "geometry": { "type": "Point", "coordinates": [ -78.926400003377864, 35.90149836288289 ] } },
{ "type": "Feature", "properties": { "A_NUMBER": "D1500034", "DATE_open": "2015-02-10T00:00:00", "PROJECT_open": "Rosedaile Subdivision", "DESCRIPTION": "15 lot subdivision, 12 homesites (+/- 0.5 AC) on two existing parcels totalling 9.90 acres  (12 homesite lots plus 3 open space lots)", "sf_detached": 24.0, "sf_attached": 0.0, "duplex/triplex": 0.0, "multifamily": 0.0, "condo": 0.0, "project_itre": null, "sf_itre": null, "apt_itre": null, "duplex_itre": null, "townhouse_itre": null, "ADU_itre": null, "PROJECT_comp": null, "A_STATUS": null, "A_STATUS_DATE": null, "lots_comp": null, "units_comp": null, "apt_comp": null, "townhomes_comp": null, "condo_comp": null }, "geometry": { "type": "Point", "coordinates": [ -78.952371764750495, 36.05541846081239 ] } },
{ "type": "Feature", "properties": { "A_NUMBER": "D1500044", "DATE_open": "2015-03-03T00:00:00", "PROJECT_open": "Whitted School", "DESCRIPTION": "Adaptive re-use of the historic Whitted School. Project involves the renovation of the existing building and a new building to incorporate 79 residential units and a pre-K program", "sf_detached": 0.0, "sf_attached": 0.0, "duplex/triplex": 0.0, "multifamily": 0.0, "condo": 0.0, "project_itre": null, "sf_itre": null, "apt_itre": null, "duplex_itre": null, "townhouse_itre": null, "ADU_itre": null, "PROJECT_comp": null, "A_STATUS": null, "A_STATUS_DATE": null, "lots_comp": null, "units_comp": null, "apt_comp": null, "townhomes_comp": null, "condo_comp": null }, "geometry": { "type": "Point", "coordinates": [ -78.902608379703594, 35.982132408281643 ] } },
{ "type": "Feature", "properties": { "A_NUMBER": "D1500047", "DATE_open": "2015-03-03T00:00:00", "PROJECT_open": "Croasdaile Farm North Subdivision", "DESCRIPTION": "104 Single family and 32 townhome development", "sf_detached": 104.0, "sf_attached": 32.0, "duplex/triplex": 0.0, "multifamily": 0.0, "condo": 0.0, "project_itre": null, "sf_itre": null, "apt_itre": null, "duplex_itre": null, "townhouse_itre": null, "ADU_itre": null, "PROJECT_comp": null, "A_STATUS": null, "A_STATUS_DATE": null, "lots_comp": null, "units_comp": null, "apt_comp": null, "townhomes_comp": null, "condo_comp": null }, "geometry": { "type": "Point", "coordinates": [ -78.948640175405387, 36.04723994713445 ] } },
{ "type": "Feature", "properties": { "A_NUMBER": "D1500048", "DATE_open": "2015-03-03T00:00:00", "PROJECT_open": "The Lodge at Croasdaile Farm", "DESCRIPTION": "288 Apartments and 32 multiplex units", "sf_detached": 0.0, "sf_attached": 0.0, "duplex/triplex": 0.0, "multifamily": 288.0, "condo": 0.0, "project_itre": null, "sf_itre": null, "apt_itre": null, "duplex_itre": null, "townhouse_itre": null, "ADU_itre": null, "PROJECT_comp": null, "A_STATUS": null, "A_STATUS_DATE": null, "lots_comp": null, "units_comp": null, "apt_comp": null, "townhomes_comp": null, "condo_comp": null }, "geometry": { "type": "Point", "coordinates": [ -78.932749143739926, 36.061770743260936 ] } },
{ "type": "Feature", "properties": { "A_NUMBER": "D1500071", "DATE_open": "2015-03-31T00:00:00", "PROJECT_open": "Beamon Place", "DESCRIPTION": "Residential Subdivision, addition of 6 new lots", "sf_detached": 0.0, "sf_attached": 0.0, "duplex/triplex": 0.0, "multifamily": 0.0, "condo": 0.0, "project_itre": null, "sf_itre": null, "apt_itre": null, "duplex_itre": null, "townhouse_itre": null, "ADU_itre": null, "PROJECT_comp": null, "A_STATUS": null, "A_STATUS_DATE": null, "lots_comp": null, "units_comp": null, "apt_comp": null, "townhomes_comp": null, "condo_comp": null }, "geometry": { "type": "Point", "coordinates": [ -78.903954360588756, 35.985035769605453 ] } },
{ "type": "Feature", "properties": { "A_NUMBER": "D1500072", "DATE_open": "2015-03-31T00:00:00", "PROJECT_open": "Brightleaf Tract 6", "DESCRIPTION": "14 Single family residential lots and supporting public infrastructure", "sf_detached": 14.0, "sf_attached": 0.0, "duplex/triplex": 0.0, "multifamily": 0.0, "condo": 0.0, "project_itre": null, "sf_itre": null, "apt_itre": null, "duplex_itre": null, "townhouse_itre": null, "ADU_itre": null, "PROJECT_comp": null, "A_STATUS": null, "A_STATUS_DATE": null, "lots_comp": null, "units_comp": null, "apt_comp": null, "townhomes_comp": null, "condo_comp": null }, "geometry": { "type": "Point", "coordinates": [ -78.820087965373517, 35.949884129555919 ] } },
{ "type": "Feature", "properties": { "A_NUMBER": "D1500105", "DATE_open": null, "PROJECT_open": null, "DESCRIPTION": null, "sf_detached": null, "sf_attached": null, "duplex/triplex": null, "multifamily": null, "condo": null, "project_itre": null, "sf_itre": null, "apt_itre": null, "duplex_itre": null, "townhouse_itre": null, "ADU_itre": null, "PROJECT_comp": "Creekside at Bethpage Amendment III", "A_STATUS": "Approved", "A_STATUS_DATE": 20150707155918.0, "lots_comp": null, "units_comp": null, "apt_comp": null, "townhomes_comp": null, "condo_comp": null }, "geometry": null },
{ "type": "Feature", "properties": { "A_NUMBER": "D1500106", "DATE_open": null, "PROJECT_open": null, "DESCRIPTION": null, "sf_detached": null, "sf_attached": null, "duplex/triplex": null, "multifamily": null, "condo": null, "project_itre": null, "sf_itre": null, "apt_itre": null, "duplex_itre": null, "townhouse_itre": null, "ADU_itre": null, "PROJECT_comp": "Garrett Ridge Multi-Family Community", "A_STATUS": "Approved", "A_STATUS_DATE": 20150710163540.0, "lots_comp": null, "units_comp": null, "apt_comp": null, "townhomes_comp": null, "condo_comp": null }, "geometry": null },
{ "type": "Feature", "properties": { "A_NUMBER": "D1500112", "DATE_open": null, "PROJECT_open": null, "DESCRIPTION": null, "sf_detached": null, "sf_attached": null, "duplex/triplex": null, "multifamily": null, "condo": null, "project_itre": null, "sf_itre": null, "apt_itre": null, "duplex_itre": null, "townhouse_itre": null, "ADU_itre": null, "PROJECT_comp": "Winsford at the Park Pool Revision", "A_STATUS": "Approved", "A_STATUS_DATE": 20150630140944.0, "lots_comp": null, "units_comp": null, "apt_comp": null, "townhomes_comp": null, "condo_comp": null }, "geometry": null },
{ "type": "Feature", "properties": { "A_NUMBER": "D1500113", "DATE_open": null, "PROJECT_open": null, "DESCRIPTION": null, "sf_detached": null, "sf_attached": null, "duplex/triplex": null, "multifamily": null, "condo": null, "project_itre": null, "sf_itre": null, "apt_itre": null, "duplex_itre": null, "townhouse_itre": null, "ADU_itre": null, "PROJECT_comp": "Laurel Grove", "A_STATUS": "Approved", "A_STATUS_DATE": 20150605173948.0, "lots_comp": null, "units_comp": null, "apt_comp": null, "townhomes_comp": null, "condo_comp": null }, "geometry": null },
{ "type": "Feature", "properties": { "A_NUMBER": "D1500116", "DATE_open": null, "PROJECT_open": null, "DESCRIPTION": null, "sf_detached": null, "sf_attached": null, "duplex/triplex": null, "multifamily": null, "condo": null, "project_itre": null, "sf_itre": null, "apt_itre": null, "duplex_itre": null, "townhouse_itre": null, "ADU_itre": null, "PROJECT_comp": "Whetstone Parking Deck Addition", "A_STATUS": "Approved", "A_STATUS_DATE": 20150709112007.0, "lots_comp": null, "units_comp": null, "apt_comp": null, "townhomes_comp": null, "condo_comp": null }, "geometry": null },
{ "type": "Feature", "properties": { "A_NUMBER": "D1500118", "DATE_open": null, "PROJECT_open": null, "DESCRIPTION": null, "sf_detached": null, "sf_attached": null, "duplex/triplex": null, "multifamily": null, "condo": null, "project_itre": null, "sf_itre": null, "apt_itre": null, "duplex_itre": null, "townhouse_itre": null, "ADU_itre": null, "PROJECT_comp": "Del Webb Carolina Arbors Phase 3 - 6  Amendment", "A_STATUS": "Approved", "A_STATUS_DATE": 20150721163545.0, "lots_comp": null, "units_comp": null, "apt_comp": null, "townhomes_comp": null, "condo_comp": null }, "geometry": null },
{ "type": "Feature", "properties": { "A_NUMBER": "D1500120", "DATE_open": "2015-05-12T00:00:00", "PROJECT_open": "Brightleaf at the Park Tract 12", "DESCRIPTION": "62 Single family lots and 4 open space lots on 35 acres", "sf_detached": 62.0, "sf_attached": 0.0, "duplex/triplex": 0.0, "multifamily": 0.0, "condo": 0.0, "project_itre": null, "sf_itre": null, "apt_itre": null, "duplex_itre": null, "townhouse_itre": null, "ADU_itre": null, "PROJECT_comp": "Brightleaf at the Park Tract 12", "A_STATUS": "Approved", "A_STATUS_DATE": 20160928165845.0, "lots_comp": 66.0, "units_comp": null, "apt_comp": null, "townhomes_comp": null, "condo_comp": null }, "geometry": { "type": "Point", "coordinates": [ -78.809276523787588, 35.948631282699658 ] } },
{ "type": "Feature", "properties": { "A_NUMBER": "D1500123", "DATE_open": "2015-05-12T00:00:00", "PROJECT_open": "Briar Green Apartments", "DESCRIPTION": "Development of 200 apartment units, including roadway, utility, & stormwater management infrastructure.", "sf_detached": 0.0, "sf_attached": 0.0, "duplex/triplex": 0.0, "multifamily": 200.0, "condo": 0.0, "project_itre": null, "sf_itre": null, "apt_itre": null, "duplex_itre": null, "townhouse_itre": null, "ADU_itre": null, "PROJECT_comp": "Briar Green Apartments", "A_STATUS": "Approved", "A_STATUS_DATE": 20150909164316.0, "lots_comp": null, "units_comp": 200.0, "apt_comp": null, "townhomes_comp": null, "condo_comp": null }, "geometry": { "type": "Point", "coordinates": [ -78.886865945183516, 36.057866475119035 ] } },
{ "type": "Feature", "properties": { "A_NUMBER": "D1500128", "DATE_open": null, "PROJECT_open": null, "DESCRIPTION": null, "sf_detached": null, "sf_attached": null, "duplex/triplex": null, "multifamily": null, "condo": null, "project_itre": null, "sf_itre": null, "apt_itre": null, "duplex_itre": null, "townhouse_itre": null, "ADU_itre": null, "PROJECT_comp": "Croasdaile Village", "A_STATUS": "Approved", "A_STATUS_DATE": 20150917173442.0, "lots_comp": null, "units_comp": null, "apt_comp": null, "townhomes_comp": null, "condo_comp": null }, "geometry": null },
{ "type": "Feature", "properties": { "A_NUMBER": "D1500131", "DATE_open": null, "PROJECT_open": null, "DESCRIPTION": null, "sf_detached": null, "sf_attached": null, "duplex/triplex": null, "multifamily": null, "condo": null, "project_itre": null, "sf_itre": null, "apt_itre": null, "duplex_itre": null, "townhouse_itre": null, "ADU_itre": null, "PROJECT_comp": "NC 54 Apartments", "A_STATUS": "Approved", "A_STATUS_DATE": 20160331113728.0, "lots_comp": null, "units_comp": 288.0, "apt_comp": null, "townhomes_comp": null, "condo_comp": null }, "geometry": null },
{ "type": "Feature", "properties": { "A_NUMBER": "D1500132", "DATE_open": "2015-05-26T00:00:00", "PROJECT_open": "Blacknall Church Off-site Parking Lot", "DESCRIPTION": "Removal of existing dwellings and construction 43 space parking lot", "sf_detached": 0.0, "sf_attached": 0.0, "duplex/triplex": 0.0, "multifamily": 0.0, "condo": 0.0, "project_itre": null, "sf_itre": null, "apt_itre": null, "duplex_itre": null, "townhouse_itre": null, "ADU_itre": null, "PROJECT_comp": null, "A_STATUS": null, "A_STATUS_DATE": null, "lots_comp": null, "units_comp": null, "apt_comp": null, "townhomes_comp": null, "condo_comp": null }, "geometry": { "type": "Point", "coordinates": [ -78.920531835422921, 36.008757205427074 ] } },
{ "type": "Feature", "properties": { "A_NUMBER": "D1500150", "DATE_open": null, "PROJECT_open": null, "DESCRIPTION": null, "sf_detached": null, "sf_attached": null, "duplex/triplex": null, "multifamily": null, "condo": null, "project_itre": null, "sf_itre": null, "apt_itre": null, "duplex_itre": null, "townhouse_itre": null, "ADU_itre": null, "PROJECT_comp": "Pelican Property Conservation Subdivision", "A_STATUS": "Withdrawn", "A_STATUS_DATE": 20160121112128.0, "lots_comp": 214.0, "units_comp": null, "apt_comp": null, "townhomes_comp": null, "condo_comp": null }, "geometry": null },
{ "type": "Feature", "properties": { "A_NUMBER": "D1500152", "DATE_open": null, "PROJECT_open": null, "DESCRIPTION": null, "sf_detached": null, "sf_attached": null, "duplex/triplex": null, "multifamily": null, "condo": null, "project_itre": null, "sf_itre": null, "apt_itre": null, "duplex_itre": null, "townhouse_itre": null, "ADU_itre": null, "PROJECT_comp": "Fairway Townhomes at Croasdaile Amendment", "A_STATUS": "Approved", "A_STATUS_DATE": 20150818175232.0, "lots_comp": null, "units_comp": null, "apt_comp": null, "townhomes_comp": null, "condo_comp": null }, "geometry": null },
{ "type": "Feature", "properties": { "A_NUMBER": "D1500157", "DATE_open": null, "PROJECT_open": null, "DESCRIPTION": null, "sf_detached": null, "sf_attached": null, "duplex/triplex": null, "multifamily": null, "condo": null, "project_itre": null, "sf_itre": null, "apt_itre": null, "duplex_itre": null, "townhouse_itre": null, "ADU_itre": null, "PROJECT_comp": "Rustica Oaks Lot Area Amendment", "A_STATUS": "Approved", "A_STATUS_DATE": 20150720092905.0, "lots_comp": null, "units_comp": null, "apt_comp": null, "townhomes_comp": null, "condo_comp": null }, "geometry": null },
{ "type": "Feature", "properties": { "A_NUMBER": "D1500163", "DATE_open": "2015-06-16T00:00:00", "PROJECT_open": "Residences at Fendol Farms Amendment", "DESCRIPTION": "Redesign of residences section (148 lots) to change two dry ponds into one wet pond and slightly modify lot layout due to that change. The plan also  incoporates impervious being provided by D1200218", "sf_detached": 0.0, "sf_attached": 0.0, "duplex/triplex": 0.0, "multifamily": 0.0, "condo": 0.0, "project_itre": null, "sf_itre": null, "apt_itre": null, "duplex_itre": null, "townhouse_itre": null, "ADU_itre": null, "PROJECT_comp": null, "A_STATUS": null, "A_STATUS_DATE": null, "lots_comp": null, "units_comp": null, "apt_comp": null, "townhomes_comp": null, "condo_comp": null }, "geometry": { "type": "Point", "coordinates": [ -78.788535483462155, 35.940970509093354 ] } },
{ "type": "Feature", "properties": { "A_NUMBER": "D1500164", "DATE_open": null, "PROJECT_open": null, "DESCRIPTION": null, "sf_detached": null, "sf_attached": null, "duplex/triplex": null, "multifamily": null, "condo": null, "project_itre": null, "sf_itre": null, "apt_itre": null, "duplex_itre": null, "townhouse_itre": null, "ADU_itre": null, "PROJECT_comp": "Villas at Culp Arbor Ph 2C", "A_STATUS": "Approved", "A_STATUS_DATE": 20160413164718.0, "lots_comp": null, "units_comp": 62.0, "apt_comp": null, "townhomes_comp": null, "condo_comp": null }, "geometry": null },
{ "type": "Feature", "properties": { "A_NUMBER": "D1500174", "DATE_open": null, "PROJECT_open": null, "DESCRIPTION": null, "sf_detached": null, "sf_attached": null, "duplex/triplex": null, "multifamily": null, "condo": null, "project_itre": null, "sf_itre": null, "apt_itre": null, "duplex_itre": null, "townhouse_itre": null, "ADU_itre": null, "PROJECT_comp": "Courtyards at Andrews Chapel", "A_STATUS": "Approved", "A_STATUS_DATE": 20151211094346.0, "lots_comp": 124.0, "units_comp": null, "apt_comp": null, "townhomes_comp": null, "condo_comp": null }, "geometry": null },
{ "type": "Feature", "properties": { "A_NUMBER": "D1500176", "DATE_open": null, "PROJECT_open": null, "DESCRIPTION": null, "sf_detached": null, "sf_attached": null, "duplex/triplex": null, "multifamily": null, "condo": null, "project_itre": null, "sf_itre": null, "apt_itre": null, "duplex_itre": null, "townhouse_itre": null, "ADU_itre": null, "PROJECT_comp": "FedEx Distribution Warehouse Facility", "A_STATUS": "Approved", "A_STATUS_DATE": 20151214152936.0, "lots_comp": null, "units_comp": null, "apt_comp": null, "townhomes_comp": null, "condo_comp": null }, "geometry": null },
{ "type": "Feature", "properties": { "A_NUMBER": "D1500178", "DATE_open": "2015-06-30T00:00:00", "PROJECT_open": "751 South - Phase 1", "DESCRIPTION": "Residential portion (144 townhomes and 226 SF lots) in mized use development", "sf_detached": 0.0, "sf_attached": 144.0, "duplex/triplex": 0.0, "multifamily": 0.0, "condo": 0.0, "project_itre": null, "sf_itre": null, "apt_itre": null, "duplex_itre": null, "townhouse_itre": null, "ADU_itre": null, "PROJECT_comp": "751 South - Phase 1", "A_STATUS": "Approved", "A_STATUS_DATE": 20160517095050.0, "lots_comp": 370.0, "units_comp": null, "apt_comp": null, "townhomes_comp": null, "condo_comp": null }, "geometry": { "type": "Point", "coordinates": [ -78.949610845514769, 35.871892921994338 ] } },
{ "type": "Feature", "properties": { "A_NUMBER": "D1500183", "DATE_open": "2015-07-01T00:00:00", "PROJECT_open": "Teach House", "DESCRIPTION": "Change of use from SF dwelling to rooming house for teachers", "sf_detached": 0.0, "sf_attached": 0.0, "duplex/triplex": 0.0, "multifamily": 0.0, "condo": 0.0, "project_itre": null, "sf_itre": null, "apt_itre": null, "duplex_itre": null, "townhouse_itre": null, "ADU_itre": null, "PROJECT_comp": null, "A_STATUS": null, "A_STATUS_DATE": null, "lots_comp": null, "units_comp": null, "apt_comp": null, "townhomes_comp": null, "condo_comp": null }, "geometry": { "type": "Point", "coordinates": [ -78.892527129700497, 35.994183136241418 ] } },
{ "type": "Feature", "properties": { "A_NUMBER": "D1500188", "DATE_open": "2015-07-07T00:00:00", "PROJECT_open": "Croasdaile Village Campus Improvements", "DESCRIPTION": "Site work and parking at existing assisted living facility, addition of 17 duplex cottages (34 units), 4 6-plex villas(24 units),  45 congregate living single units (47,549 sq. ft.), addition to existing commons building, and new maintenance building.", "sf_detached": 0.0, "sf_attached": 0.0, "duplex/triplex": 17.0, "multifamily": 0.0, "condo": 0.0, "project_itre": null, "sf_itre": null, "apt_itre": null, "duplex_itre": null, "townhouse_itre": null, "ADU_itre": null, "PROJECT_comp": null, "A_STATUS": null, "A_STATUS_DATE": null, "lots_comp": null, "units_comp": null, "apt_comp": null, "townhomes_comp": null, "condo_comp": null }, "geometry": { "type": "Point", "coordinates": [ -78.939049070983813, 36.046641874203452 ] } },
{ "type": "Feature", "properties": { "A_NUMBER": "D1500191", "DATE_open": "2015-07-14T00:00:00", "PROJECT_open": "Valley Springs Subdivision", "DESCRIPTION": "54 single family lots on 9.09 acres", "sf_detached": 54.0, "sf_attached": 0.0, "duplex/triplex": 0.0, "multifamily": 0.0, "condo": 0.0, "project_itre": null, "sf_itre": null, "apt_itre": null, "duplex_itre": null, "townhouse_itre": null, "ADU_itre": null, "PROJECT_comp": "Valley Springs Subdivision", "A_STATUS": "Approved", "A_STATUS_DATE": 20160307092957.0, "lots_comp": 54.0, "units_comp": null, "apt_comp": null, "townhomes_comp": null, "condo_comp": null }, "geometry": { "type": "Point", "coordinates": [ -78.956833498524048, 36.053612079180468 ] } },
{ "type": "Feature", "properties": { "A_NUMBER": "D1500192", "DATE_open": "2015-07-14T00:00:00", "PROJECT_open": "Southside East Ph 2", "DESCRIPTION": "85 apartment units in 12 new structures on 17 acres", "sf_detached": 0.0, "sf_attached": 0.0, "duplex/triplex": 0.0, "multifamily": 85.0, "condo": 0.0, "project_itre": null, "sf_itre": null, "apt_itre": null, "duplex_itre": null, "townhouse_itre": null, "ADU_itre": null, "PROJECT_comp": null, "A_STATUS": null, "A_STATUS_DATE": null, "lots_comp": null, "units_comp": null, "apt_comp": null, "townhomes_comp": null, "condo_comp": null }, "geometry": { "type": "Point", "coordinates": [ -78.90174906184086, 35.985842019586151 ] } },
{ "type": "Feature", "properties": { "A_NUMBER": "D1500207", "DATE_open": null, "PROJECT_open": null, "DESCRIPTION": null, "sf_detached": null, "sf_attached": null, "duplex/triplex": null, "multifamily": null, "condo": null, "project_itre": null, "sf_itre": null, "apt_itre": null, "duplex_itre": null, "townhouse_itre": null, "ADU_itre": null, "PROJECT_comp": "Garrett Ridge Amendment", "A_STATUS": "Approved", "A_STATUS_DATE": 20160404171752.0, "lots_comp": null, "units_comp": null, "apt_comp": null, "townhomes_comp": null, "condo_comp": null }, "geometry": null },
{ "type": "Feature", "properties": { "A_NUMBER": "D1500212", "DATE_open": "2015-08-04T00:00:00", "PROJECT_open": "Miami Blvd Car Lot", "DESCRIPTION": "Conversion of existing dwelling and lot to vehicle sales use", "sf_detached": 0.0, "sf_attached": 0.0, "duplex/triplex": 0.0, "multifamily": 0.0, "condo": 0.0, "project_itre": null, "sf_itre": null, "apt_itre": null, "duplex_itre": null, "townhouse_itre": null, "ADU_itre": null, "PROJECT_comp": null, "A_STATUS": null, "A_STATUS_DATE": null, "lots_comp": null, "units_comp": null, "apt_comp": null, "townhomes_comp": null, "condo_comp": null }, "geometry": { "type": "Point", "coordinates": [ -78.844773433263086, 35.926883823556601 ] } },
{ "type": "Feature", "properties": { "A_NUMBER": "D1500220", "DATE_open": "2015-08-11T00:00:00", "PROJECT_open": "Meadows North", "DESCRIPTION": "175 Townhomes, 6 Open Space Lots, 2000 SF Clubhouse on 25 acres", "sf_detached": 25.0, "sf_attached": 175.0, "duplex/triplex": 0.0, "multifamily": 0.0, "condo": 0.0, "project_itre": null, "sf_itre": null, "apt_itre": null, "duplex_itre": null, "townhouse_itre": null, "ADU_itre": null, "PROJECT_comp": null, "A_STATUS": null, "A_STATUS_DATE": null, "lots_comp": null, "units_comp": null, "apt_comp": null, "townhomes_comp": null, "condo_comp": null }, "geometry": { "type": "Point", "coordinates": [ -78.915219613710576, 35.905490442380035 ] } },
{ "type": "Feature", "properties": { "A_NUMBER": "D1500241", "DATE_open": "2015-09-01T00:00:00", "PROJECT_open": "Lakewood Phase II", "DESCRIPTION": "14 lot single family subdivisions. 5.93 acres.", "sf_detached": 14.0, "sf_attached": 0.0, "duplex/triplex": 0.0, "multifamily": 0.0, "condo": 0.0, "project_itre": null, "sf_itre": null, "apt_itre": null, "duplex_itre": null, "townhouse_itre": null, "ADU_itre": null, "PROJECT_comp": "Lakewood Phase II", "A_STATUS": "Approved", "A_STATUS_DATE": 20170502082852.0, "lots_comp": 15.0, "units_comp": null, "apt_comp": null, "townhomes_comp": null, "condo_comp": null }, "geometry": { "type": "Point", "coordinates": [ -78.929990775837354, 35.979777193517698 ] } },
{ "type": "Feature", "properties": { "A_NUMBER": "D1500243", "DATE_open": null, "PROJECT_open": null, "DESCRIPTION": null, "sf_detached": null, "sf_attached": null, "duplex/triplex": null, "multifamily": null, "condo": null, "project_itre": null, "sf_itre": null, "apt_itre": null, "duplex_itre": null, "townhouse_itre": null, "ADU_itre": null, "PROJECT_comp": "Sterling Phase Amenity Center Amendment 3", "A_STATUS": "Approved", "A_STATUS_DATE": 20150924101501.0, "lots_comp": null, "units_comp": null, "apt_comp": null, "townhomes_comp": null, "condo_comp": null }, "geometry": null },
{ "type": "Feature", "properties": { "A_NUMBER": "D1500244", "DATE_open": "2015-09-01T00:00:00", "PROJECT_open": "Trilogy at Brier Creek", "DESCRIPTION": "190 townhouse lots and 900 sq. ft. clubhouse on 31 acres", "sf_detached": 31.0, "sf_attached": 190.0, "duplex/triplex": 0.0, "multifamily": 0.0, "condo": 0.0, "project_itre": null, "sf_itre": null, "apt_itre": null, "duplex_itre": null, "townhouse_itre": null, "ADU_itre": null, "PROJECT_comp": null, "A_STATUS": null, "A_STATUS_DATE": null, "lots_comp": null, "units_comp": null, "apt_comp": null, "townhomes_comp": null, "condo_comp": null }, "geometry": { "type": "Point", "coordinates": [ -78.812386549024794, 35.914195070962229 ] } },
{ "type": "Feature", "properties": { "A_NUMBER": "D1500297", "DATE_open": "2015-10-13T00:00:00", "PROJECT_open": "Lakeview Villas", "DESCRIPTION": "Construction of (2) 4/5-story multifamily buildings with a total of 126 residential units.", "sf_detached": 0.0, "sf_attached": 0.0, "duplex/triplex": 0.0, "multifamily": 5.0, "condo": 0.0, "project_itre": null, "sf_itre": null, "apt_itre": null, "duplex_itre": null, "townhouse_itre": null, "ADU_itre": null, "PROJECT_comp": null, "A_STATUS": null, "A_STATUS_DATE": null, "lots_comp": null, "units_comp": null, "apt_comp": null, "townhomes_comp": null, "condo_comp": null }, "geometry": { "type": "Point", "coordinates": [ -78.944480562742243, 36.011374955953137 ] } },
{ "type": "Feature", "properties": { "A_NUMBER": "D1500298", "DATE_open": null, "PROJECT_open": null, "DESCRIPTION": null, "sf_detached": null, "sf_attached": null, "duplex/triplex": null, "multifamily": null, "condo": null, "project_itre": null, "sf_itre": null, "apt_itre": null, "duplex_itre": null, "townhouse_itre": null, "ADU_itre": null, "PROJECT_comp": "Page Park Townhomes Amendment 3", "A_STATUS": "Approved", "A_STATUS_DATE": 20160204105418.0, "lots_comp": null, "units_comp": null, "apt_comp": null, "townhomes_comp": null, "condo_comp": null }, "geometry": null },
{ "type": "Feature", "properties": { "A_NUMBER": "D1500300", "DATE_open": "2015-10-13T00:00:00", "PROJECT_open": "Van Alen", "DESCRIPTION": "408 residential apartment units in 2 buildings", "sf_detached": 0.0, "sf_attached": 0.0, "duplex/triplex": 0.0, "multifamily": 408.0, "condo": 0.0, "project_itre": null, "sf_itre": null, "apt_itre": null, "duplex_itre": null, "townhouse_itre": null, "ADU_itre": null, "PROJECT_comp": null, "A_STATUS": null, "A_STATUS_DATE": null, "lots_comp": null, "units_comp": null, "apt_comp": null, "townhomes_comp": null, "condo_comp": null }, "geometry": { "type": "Point", "coordinates": [ -78.901821203985904, 35.990539617703149 ] } },
{ "type": "Feature", "properties": { "A_NUMBER": "D1500302", "DATE_open": "2015-10-13T00:00:00", "PROJECT_open": "TROSA Clinic Building", "DESCRIPTION": "Addition of 2 story 10,170 SF medical clinic for residents, associated parking and pedestrian access", "sf_detached": 0.0, "sf_attached": 0.0, "duplex/triplex": 0.0, "multifamily": 0.0, "condo": 0.0, "project_itre": null, "sf_itre": null, "apt_itre": null, "duplex_itre": null, "townhouse_itre": null, "ADU_itre": null, "PROJECT_comp": null, "A_STATUS": null, "A_STATUS_DATE": null, "lots_comp": null, "units_comp": null, "apt_comp": null, "townhomes_comp": null, "condo_comp": null }, "geometry": { "type": "Point", "coordinates": [ -78.927393622205273, 35.979144462428756 ] } },
{ "type": "Feature", "properties": { "A_NUMBER": "D1500323", "DATE_open": null, "PROJECT_open": null, "DESCRIPTION": null, "sf_detached": null, "sf_attached": null, "duplex/triplex": null, "multifamily": null, "condo": null, "project_itre": null, "sf_itre": null, "apt_itre": null, "duplex_itre": null, "townhouse_itre": null, "ADU_itre": null, "PROJECT_comp": "Morreene Road Apartments", "A_STATUS": "Approved", "A_STATUS_DATE": 20160419095813.0, "lots_comp": null, "units_comp": null, "apt_comp": null, "townhomes_comp": null, "condo_comp": null }, "geometry": null },
{ "type": "Feature", "properties": { "A_NUMBER": "D1500338", "DATE_open": "2015-11-17T00:00:00", "PROJECT_open": "Creekside at Bethpage Townhome Amendment", "DESCRIPTION": "Convert a group of single-family lots in phase 3 to townhomes. No change to roads, add building elevations, add sub-phases, modifications to tree coverage to match construction drawings, revisions to special notes.", "sf_detached": 3.0, "sf_attached": 0.0, "duplex/triplex": 0.0, "multifamily": 0.0, "condo": 0.0, "project_itre": null, "sf_itre": null, "apt_itre": null, "duplex_itre": null, "townhouse_itre": null, "ADU_itre": null, "PROJECT_comp": "Creekside at Bethpage Townhome Amendment", "A_STATUS": "Approved", "A_STATUS_DATE": 20160329122339.0, "lots_comp": 9.0, "units_comp": null, "apt_comp": null, "townhomes_comp": null, "condo_comp": null }, "geometry": { "type": "Point", "coordinates": [ -78.83164254076236, 35.902107703785816 ] } },
{ "type": "Feature", "properties": { "A_NUMBER": "D1500359", "DATE_open": "2015-12-15T00:00:00", "PROJECT_open": "Damar Court", "DESCRIPTION": "Construct a new community building, convert existing units to be ADA accessible.", "sf_detached": 0.0, "sf_attached": 0.0, "duplex/triplex": 0.0, "multifamily": 0.0, "condo": 0.0, "project_itre": null, "sf_itre": null, "apt_itre": null, "duplex_itre": null, "townhouse_itre": null, "ADU_itre": null, "PROJECT_comp": null, "A_STATUS": null, "A_STATUS_DATE": null, "lots_comp": null, "units_comp": null, "apt_comp": null, "townhomes_comp": null, "condo_comp": null }, "geometry": { "type": "Point", "coordinates": [ -78.953159918083145, 36.00702343810358 ] } },
{ "type": "Feature", "properties": { "A_NUMBER": "D1600013", "DATE_open": null, "PROJECT_open": null, "DESCRIPTION": null, "sf_detached": null, "sf_attached": null, "duplex/triplex": null, "multifamily": null, "condo": null, "project_itre": null, "sf_itre": null, "apt_itre": null, "duplex_itre": null, "townhouse_itre": null, "ADU_itre": null, "PROJECT_comp": "Del Webb Carolina Arbors 3-6 Amendment", "A_STATUS": "Approved", "A_STATUS_DATE": 20160223085741.0, "lots_comp": null, "units_comp": null, "apt_comp": null, "townhomes_comp": null, "condo_comp": null }, "geometry": null },
{ "type": "Feature", "properties": { "A_NUMBER": "D1600016", "DATE_open": "2016-01-26T00:00:00", "PROJECT_open": "Brightleaf at the Park Tract 8 Phase 4 Amendment", "DESCRIPTION": "Amendment to existing townhome development site plan to add two phases for phase 4 and modify lot dimensions.", "sf_detached": 4.0, "sf_attached": 0.0, "duplex/triplex": 0.0, "multifamily": 0.0, "condo": 0.0, "project_itre": null, "sf_itre": null, "apt_itre": null, "duplex_itre": null, "townhouse_itre": null, "ADU_itre": null, "PROJECT_comp": "Brightleaf at the Park Tract 8 Phase 4 Amendment", "A_STATUS": "Approved", "A_STATUS_DATE": 20160509171219.0, "lots_comp": null, "units_comp": null, "apt_comp": null, "townhomes_comp": null, "condo_comp": null }, "geometry": { "type": "Point", "coordinates": [ -78.809276523787588, 35.948631282699658 ] } },
{ "type": "Feature", "properties": { "A_NUMBER": "D1600019", "DATE_open": null, "PROJECT_open": null, "DESCRIPTION": null, "sf_detached": null, "sf_attached": null, "duplex/triplex": null, "multifamily": null, "condo": null, "project_itre": null, "sf_itre": null, "apt_itre": null, "duplex_itre": null, "townhouse_itre": null, "ADU_itre": null, "PROJECT_comp": "Ellis Road Phase 2 Amendment", "A_STATUS": "Approved", "A_STATUS_DATE": 20160613133141.0, "lots_comp": null, "units_comp": null, "apt_comp": null, "townhomes_comp": null, "condo_comp": null }, "geometry": null },
{ "type": "Feature", "properties": { "A_NUMBER": "D1600022", "DATE_open": "2016-01-26T00:00:00", "PROJECT_open": "Ravenstone/Conover Road Lots", "DESCRIPTION": "To make 3 existing lots legal developed single family lots; 1 off-site lot to be used for impervious surface transfer", "sf_detached": 3.0, "sf_attached": 0.0, "duplex/triplex": 0.0, "multifamily": 0.0, "condo": 0.0, "project_itre": null, "sf_itre": null, "apt_itre": null, "duplex_itre": null, "townhouse_itre": null, "ADU_itre": null, "PROJECT_comp": null, "A_STATUS": null, "A_STATUS_DATE": null, "lots_comp": null, "units_comp": null, "apt_comp": null, "townhomes_comp": null, "condo_comp": null }, "geometry": { "type": "Point", "coordinates": [ -78.787419284903166, 35.96897698413327 ] } },
{ "type": "Feature", "properties": { "A_NUMBER": "D1600026", "DATE_open": "2016-01-26T00:00:00", "PROJECT_open": "Ellis Road Ph 2 Parking Change", "DESCRIPTION": "215 single family, 125 townhouses, clubhouse; Change townhome parking from campus parking to driveways/garages (new site plan, not an amendment)", "sf_detached": 215.0, "sf_attached": 125.0, "duplex/triplex": 0.0, "multifamily": 0.0, "condo": 0.0, "project_itre": null, "sf_itre": null, "apt_itre": null, "duplex_itre": null, "townhouse_itre": null, "ADU_itre": null, "PROJECT_comp": null, "A_STATUS": null, "A_STATUS_DATE": null, "lots_comp": null, "units_comp": null, "apt_comp": null, "townhomes_comp": null, "condo_comp": null }, "geometry": { "type": "Point", "coordinates": [ -78.862045601464544, 35.945854055785773 ] } },
{ "type": "Feature", "properties": { "A_NUMBER": "D1600059", "DATE_open": "2016-02-23T00:00:00", "PROJECT_open": "4806 Garrett Apartments", "DESCRIPTION": "47 unit apartment building on 2.856 acres\r\n", "sf_detached": 0.0, "sf_attached": 0.0, "duplex/triplex": 0.0, "multifamily": 47.0, "condo": 0.0, "project_itre": null, "sf_itre": null, "apt_itre": null, "duplex_itre": null, "townhouse_itre": null, "ADU_itre": null, "PROJECT_comp": null, "A_STATUS": null, "A_STATUS_DATE": null, "lots_comp": null, "units_comp": null, "apt_comp": null, "townhomes_comp": null, "condo_comp": null }, "geometry": { "type": "Point", "coordinates": [ -78.972465635745223, 35.95257707041749 ] } },
{ "type": "Feature", "properties": { "A_NUMBER": "D1600065", "DATE_open": "2016-03-01T00:00:00", "PROJECT_open": "515 North Mangum", "DESCRIPTION": "New MF building, 14,507 SF, 22 units on 0.333 acre site, five stories plus basement parking. Subdividing parcel to allow for future single family residence on 0.455 acre flag lot.", "sf_detached": 0.0, "sf_attached": 0.0, "duplex/triplex": 0.0, "multifamily": 0.0, "condo": 0.0, "project_itre": null, "sf_itre": null, "apt_itre": null, "duplex_itre": null, "townhouse_itre": null, "ADU_itre": null, "PROJECT_comp": "515 North Mangum", "A_STATUS": "Approved", "A_STATUS_DATE": 20160902133601.0, "lots_comp": 2.0, "units_comp": 22.0, "apt_comp": null, "townhomes_comp": null, "condo_comp": null }, "geometry": { "type": "Point", "coordinates": [ -78.897326286153458, 35.999373555281089 ] } },
{ "type": "Feature", "properties": { "A_NUMBER": "D1600167", "DATE_open": null, "PROJECT_open": null, "DESCRIPTION": null, "sf_detached": null, "sf_attached": null, "duplex/triplex": null, "multifamily": null, "condo": null, "project_itre": null, "sf_itre": null, "apt_itre": null, "duplex_itre": null, "townhouse_itre": null, "ADU_itre": null, "PROJECT_comp": "Morreene Road Apartments Amendment", "A_STATUS": "Approved", "A_STATUS_DATE": 20160628155453.0, "lots_comp": null, "units_comp": null, "apt_comp": "T", "townhomes_comp": null, "condo_comp": null }, "geometry": null },
{ "type": "Feature", "properties": { "A_NUMBER": "D1600169", "DATE_open": null, "PROJECT_open": null, "DESCRIPTION": null, "sf_detached": null, "sf_attached": null, "duplex/triplex": null, "multifamily": null, "condo": null, "project_itre": null, "sf_itre": null, "apt_itre": null, "duplex_itre": null, "townhouse_itre": null, "ADU_itre": null, "PROJECT_comp": "Stoneybrook Subdivision Croasdaile Farm", "A_STATUS": "Withdrawn", "A_STATUS_DATE": 20171207162450.0, "lots_comp": 4.0, "units_comp": null, "apt_comp": null, "townhomes_comp": null, "condo_comp": null }, "geometry": null },
{ "type": "Feature", "properties": { "A_NUMBER": "D1600178", "DATE_open": "2016-06-28T00:00:00", "PROJECT_open": "Andrews Chapel Amendment", "DESCRIPTION": "180 single family lots, 231 townhome lots and open space.", "sf_detached": 180.0, "sf_attached": 231.0, "duplex/triplex": 0.0, "multifamily": 0.0, "condo": 0.0, "project_itre": null, "sf_itre": null, "apt_itre": null, "duplex_itre": null, "townhouse_itre": null, "ADU_itre": null, "PROJECT_comp": null, "A_STATUS": null, "A_STATUS_DATE": null, "lots_comp": null, "units_comp": null, "apt_comp": null, "townhomes_comp": null, "condo_comp": null }, "geometry": { "type": "Point", "coordinates": [ -78.775691362885468, 35.928636322147078 ] } },
{ "type": "Feature", "properties": { "A_NUMBER": "D1600203", "DATE_open": "2016-07-26T00:00:00", "PROJECT_open": "Garrett and Pickett Residential", "DESCRIPTION": "99 single family 3 open space lots.", "sf_detached": 99.0, "sf_attached": 0.0, "duplex/triplex": 0.0, "multifamily": 0.0, "condo": 0.0, "project_itre": null, "sf_itre": null, "apt_itre": null, "duplex_itre": null, "townhouse_itre": null, "ADU_itre": null, "PROJECT_comp": null, "A_STATUS": null, "A_STATUS_DATE": null, "lots_comp": null, "units_comp": null, "apt_comp": null, "townhomes_comp": null, "condo_comp": null }, "geometry": { "type": "Point", "coordinates": [ -78.980403231125678, 35.973047354664956 ] } },
{ "type": "Feature", "properties": { "A_NUMBER": "D1600207", "DATE_open": "2016-07-26T00:00:00", "PROJECT_open": "Sherron Road Tract Horseshoe", "DESCRIPTION": "Additon of 35 single family lots and an amenity center to the sherron farms conservation subdivision.", "sf_detached": 35.0, "sf_attached": 0.0, "duplex/triplex": 0.0, "multifamily": 0.0, "condo": 0.0, "project_itre": null, "sf_itre": null, "apt_itre": null, "duplex_itre": null, "townhouse_itre": null, "ADU_itre": null, "PROJECT_comp": null, "A_STATUS": null, "A_STATUS_DATE": null, "lots_comp": null, "units_comp": null, "apt_comp": null, "townhomes_comp": null, "condo_comp": null }, "geometry": { "type": "Point", "coordinates": [ -78.797297982394426, 35.9668877046864 ] } },
{ "type": "Feature", "properties": { "A_NUMBER": "D1600208", "DATE_open": "2016-07-26T00:00:00", "PROJECT_open": "Davis Park Apartments Amendment 2 Approved Plan", "DESCRIPTION": "Phasing less 2 units, location of HC parking, location of club/leasing, final building footprints and elevations. Shift in bike racks and final retaining wall locations.", "sf_detached": 0.0, "sf_attached": 0.0, "duplex/triplex": 0.0, "multifamily": 0.0, "condo": 0.0, "project_itre": null, "sf_itre": null, "apt_itre": null, "duplex_itre": null, "townhouse_itre": null, "ADU_itre": null, "PROJECT_comp": "Davis Park Apartments Amendment 2 Approved Plan", "A_STATUS": "Approved", "A_STATUS_DATE": 20161013111038.0, "lots_comp": null, "units_comp": null, "apt_comp": null, "townhomes_comp": null, "condo_comp": null }, "geometry": { "type": "Point", "coordinates": [ -78.860584287939631, 35.882208496334897 ] } },
{ "type": "Feature", "properties": { "A_NUMBER": "D1600223", "DATE_open": "2016-08-09T00:00:00", "PROJECT_open": "Farrington Road Mixed Use", "DESCRIPTION": "298 apartment units and 555 SF of office space with associate frontage and offsite improvements.", "sf_detached": 0.0, "sf_attached": 0.0, "duplex/triplex": 0.0, "multifamily": 298.0, "condo": 0.0, "project_itre": null, "sf_itre": null, "apt_itre": null, "duplex_itre": null, "townhouse_itre": null, "ADU_itre": null, "PROJECT_comp": null, "A_STATUS": null, "A_STATUS_DATE": null, "lots_comp": null, "units_comp": null, "apt_comp": null, "townhomes_comp": null, "condo_comp": null }, "geometry": { "type": "Point", "coordinates": [ -78.985923906367546, 35.914956268529338 ] } },
{ "type": "Feature", "properties": { "A_NUMBER": "D1600227", "DATE_open": "2016-08-09T00:00:00", "PROJECT_open": "Copley Farm Conservation Subdivision", "DESCRIPTION": "143 single family units.", "sf_detached": 143.0, "sf_attached": 0.0, "duplex/triplex": 0.0, "multifamily": 0.0, "condo": 0.0, "project_itre": null, "sf_itre": null, "apt_itre": null, "duplex_itre": null, "townhouse_itre": null, "ADU_itre": null, "PROJECT_comp": null, "A_STATUS": null, "A_STATUS_DATE": null, "lots_comp": null, "units_comp": null, "apt_comp": null, "townhomes_comp": null, "condo_comp": null }, "geometry": { "type": "Point", "coordinates": [ -78.821975079788913, 35.997059333128746 ] } },
{ "type": "Feature", "properties": { "A_NUMBER": "D1600230", "DATE_open": null, "PROJECT_open": null, "DESCRIPTION": null, "sf_detached": null, "sf_attached": null, "duplex/triplex": null, "multifamily": null, "condo": null, "project_itre": null, "sf_itre": null, "apt_itre": null, "duplex_itre": null, "townhouse_itre": null, "ADU_itre": null, "PROJECT_comp": "Grandin Trace Phase Line", "A_STATUS": "Approved", "A_STATUS_DATE": 20161020104447.0, "lots_comp": null, "units_comp": null, "apt_comp": null, "townhomes_comp": null, "condo_comp": null }, "geometry": null },
{ "type": "Feature", "properties": { "A_NUMBER": "D1600234", "DATE_open": null, "PROJECT_open": null, "DESCRIPTION": null, "sf_detached": null, "sf_attached": null, "duplex/triplex": null, "multifamily": null, "condo": null, "project_itre": null, "sf_itre": null, "apt_itre": null, "duplex_itre": null, "townhouse_itre": null, "ADU_itre": null, "PROJECT_comp": "Reserve at Park Place Parking Amendment", "A_STATUS": "Approved", "A_STATUS_DATE": 20161020102901.0, "lots_comp": 0.0, "units_comp": null, "apt_comp": null, "townhomes_comp": null, "condo_comp": null }, "geometry": null },
{ "type": "Feature", "properties": { "A_NUMBER": "D1600249", "DATE_open": "2016-08-30T00:00:00", "PROJECT_open": "Western Bypass Senior Apartments", "DESCRIPTION": "127 Unit Senior Apartments on 15.7 acres", "sf_detached": 0.0, "sf_attached": 0.0, "duplex/triplex": 0.0, "multifamily": 127.0, "condo": 0.0, "project_itre": null, "sf_itre": null, "apt_itre": null, "duplex_itre": null, "townhouse_itre": null, "ADU_itre": null, "PROJECT_comp": null, "A_STATUS": null, "A_STATUS_DATE": null, "lots_comp": null, "units_comp": null, "apt_comp": null, "townhomes_comp": null, "condo_comp": null }, "geometry": { "type": "Point", "coordinates": [ -78.95724967389333, 35.97916624032419 ] } },
{ "type": "Feature", "properties": { "A_NUMBER": "D1600250", "DATE_open": "2016-09-06T00:00:00", "PROJECT_open": "Mi Jardin Spanish Immersion Preschool", "DESCRIPTION": "Parking, landscaping and fencing.for change of use from dwelling to daycare facility (28 children - mSUP required from BOA)", "sf_detached": 0.0, "sf_attached": 0.0, "duplex/triplex": 0.0, "multifamily": 0.0, "condo": 0.0, "project_itre": null, "sf_itre": null, "apt_itre": null, "duplex_itre": null, "townhouse_itre": null, "ADU_itre": null, "PROJECT_comp": null, "A_STATUS": null, "A_STATUS_DATE": null, "lots_comp": null, "units_comp": null, "apt_comp": null, "townhomes_comp": null, "condo_comp": null }, "geometry": { "type": "Point", "coordinates": [ -78.990825559446634, 35.909422630966425 ] } },
{ "type": "Feature", "properties": { "A_NUMBER": "D1600261", "DATE_open": "2016-09-13T00:00:00", "PROJECT_open": "Solis Brightleaf", "DESCRIPTION": "Construction of 200 unit apartment complex with underneath parking.", "sf_detached": 0.0, "sf_attached": 0.0, "duplex/triplex": 0.0, "multifamily": 200.0, "condo": 0.0, "project_itre": null, "sf_itre": null, "apt_itre": null, "duplex_itre": null, "townhouse_itre": null, "ADU_itre": null, "PROJECT_comp": null, "A_STATUS": null, "A_STATUS_DATE": null, "lots_comp": null, "units_comp": null, "apt_comp": null, "townhomes_comp": null, "condo_comp": null }, "geometry": { "type": "Point", "coordinates": [ -78.91097132349735, 36.000238920084236 ] } },
{ "type": "Feature", "properties": { "A_NUMBER": "D1600280", "DATE_open": "2016-09-27T00:00:00", "PROJECT_open": "Sagewood Subdivision (formerly Heatherwood)", "DESCRIPTION": "Single family detached (139) lots within conservation subdivision. Pending annexation.", "sf_detached": 139.0, "sf_attached": 0.0, "duplex/triplex": 0.0, "multifamily": 0.0, "condo": 0.0, "project_itre": null, "sf_itre": null, "apt_itre": null, "duplex_itre": null, "townhouse_itre": null, "ADU_itre": null, "PROJECT_comp": null, "A_STATUS": null, "A_STATUS_DATE": null, "lots_comp": null, "units_comp": null, "apt_comp": null, "townhomes_comp": null, "condo_comp": null }, "geometry": { "type": "Point", "coordinates": [ -78.79497752285917, 35.960647791382868 ] } },
{ "type": "Feature", "properties": { "A_NUMBER": "D1600318", "DATE_open": "2016-11-01T00:00:00", "PROJECT_open": "Vincent Avenue Parcels", "DESCRIPTION": "34 unit duplexes.", "sf_detached": 0.0, "sf_attached": 0.0, "duplex/triplex": 34.0, "multifamily": 0.0, "condo": 0.0, "project_itre": null, "sf_itre": null, "apt_itre": null, "duplex_itre": null, "townhouse_itre": null, "ADU_itre": null, "PROJECT_comp": null, "A_STATUS": null, "A_STATUS_DATE": null, "lots_comp": null, "units_comp": null, "apt_comp": null, "townhomes_comp": null, "condo_comp": null }, "geometry": { "type": "Point", "coordinates": [ -78.955127493846248, 36.02065009349144 ] } },
{ "type": "Feature", "properties": { "A_NUMBER": "D1600328", "DATE_open": "2016-11-15T00:00:00", "PROJECT_open": "1001 Ellis Road", "DESCRIPTION": "Change of use of site and existing building from residential to currently zoned IL.", "sf_detached": 0.0, "sf_attached": 0.0, "duplex/triplex": 0.0, "multifamily": 0.0, "condo": 0.0, "project_itre": null, "sf_itre": null, "apt_itre": null, "duplex_itre": null, "townhouse_itre": null, "ADU_itre": null, "PROJECT_comp": null, "A_STATUS": null, "A_STATUS_DATE": null, "lots_comp": null, "units_comp": null, "apt_comp": null, "townhomes_comp": null, "condo_comp": null }, "geometry": { "type": "Point", "coordinates": [ -78.870673033104524, 35.960626542923379 ] } },
{ "type": "Feature", "properties": { "A_NUMBER": "D1600333", "DATE_open": "2016-11-22T00:00:00", "PROJECT_open": "The Meadows at Colony Park (RE-DESIGNED)", "DESCRIPTION": "60 lot Residential Subdivision", "sf_detached": 0.0, "sf_attached": 0.0, "duplex/triplex": 0.0, "multifamily": 0.0, "condo": 0.0, "project_itre": null, "sf_itre": null, "apt_itre": null, "duplex_itre": null, "townhouse_itre": null, "ADU_itre": null, "PROJECT_comp": null, "A_STATUS": null, "A_STATUS_DATE": null, "lots_comp": null, "units_comp": null, "apt_comp": null, "townhomes_comp": null, "condo_comp": null }, "geometry": { "type": "Point", "coordinates": [ -78.959277924648603, 35.982647689167749 ] } },
{ "type": "Feature", "properties": { "A_NUMBER": "D1600346", "DATE_open": "2016-12-08T00:00:00", "PROJECT_open": "Van Alen Residential Amendment", "DESCRIPTION": "10 additional residential units, driveway, streetscape and demolition.", "sf_detached": 0.0, "sf_attached": 0.0, "duplex/triplex": 0.0, "multifamily": 0.0, "condo": 0.0, "project_itre": null, "sf_itre": null, "apt_itre": null, "duplex_itre": null, "townhouse_itre": null, "ADU_itre": null, "PROJECT_comp": null, "A_STATUS": null, "A_STATUS_DATE": null, "lots_comp": null, "units_comp": null, "apt_comp": null, "townhomes_comp": null, "condo_comp": null }, "geometry": { "type": "Point", "coordinates": [ -78.901440110499522, 35.991135371931676 ] } },
{ "type": "Feature", "properties": { "A_NUMBER": "D1600354", "DATE_open": "2016-12-20T00:00:00", "PROJECT_open": "TW Alexander Townhomes", "DESCRIPTION": "154 Townhome Lots", "sf_detached": 0.0, "sf_attached": 154.0, "duplex/triplex": 0.0, "multifamily": 0.0, "condo": 0.0, "project_itre": null, "sf_itre": null, "apt_itre": null, "duplex_itre": null, "townhouse_itre": null, "ADU_itre": null, "PROJECT_comp": null, "A_STATUS": null, "A_STATUS_DATE": null, "lots_comp": null, "units_comp": null, "apt_comp": null, "townhomes_comp": null, "condo_comp": null }, "geometry": { "type": "Point", "coordinates": [ -78.891227921899656, 35.882834187580833 ] } },
{ "type": "Feature", "properties": { "A_NUMBER": "D1700002", "DATE_open": "2017-01-03T00:00:00", "PROJECT_open": "Sherron Road Tract Phases 8 and 9", "DESCRIPTION": "96 single family lots.", "sf_detached": 96.0, "sf_attached": 0.0, "duplex/triplex": 0.0, "multifamily": 0.0, "condo": 0.0, "project_itre": null, "sf_itre": null, "apt_itre": null, "duplex_itre": null, "townhouse_itre": null, "ADU_itre": null, "PROJECT_comp": null, "A_STATUS": null, "A_STATUS_DATE": null, "lots_comp": null, "units_comp": null, "apt_comp": null, "townhomes_comp": null, "condo_comp": null }, "geometry": { "type": "Point", "coordinates": [ -78.798218857071021, 35.965317392632407 ] } },
{ "type": "Feature", "properties": { "A_NUMBER": "D1700033", "DATE_open": "2017-01-31T00:00:00", "PROJECT_open": "The Town at Southpoint", "DESCRIPTION": "48 townhomes.", "sf_detached": 0.0, "sf_attached": 48.0, "duplex/triplex": 0.0, "multifamily": 0.0, "condo": 0.0, "project_itre": null, "sf_itre": null, "apt_itre": null, "duplex_itre": null, "townhouse_itre": null, "ADU_itre": null, "PROJECT_comp": null, "A_STATUS": null, "A_STATUS_DATE": null, "lots_comp": null, "units_comp": null, "apt_comp": null, "townhomes_comp": null, "condo_comp": null }, "geometry": { "type": "Point", "coordinates": [ -78.917738169710503, 35.910282717010269 ] } },
{ "type": "Feature", "properties": { "A_NUMBER": "D1700040", "DATE_open": "2017-02-07T00:00:00", "PROJECT_open": "Garrett Ridge Multifamily Community Access Drive", "DESCRIPTION": "Add a driveway connection between the residential developments.", "sf_detached": 0.0, "sf_attached": 0.0, "duplex/triplex": 0.0, "multifamily": 0.0, "condo": 0.0, "project_itre": null, "sf_itre": null, "apt_itre": null, "duplex_itre": null, "townhouse_itre": null, "ADU_itre": null, "PROJECT_comp": null, "A_STATUS": null, "A_STATUS_DATE": null, "lots_comp": null, "units_comp": null, "apt_comp": null, "townhomes_comp": null, "condo_comp": null }, "geometry": { "type": "Point", "coordinates": [ -78.971353031290036, 35.950744053767067 ] } },
{ "type": "Feature", "properties": { "A_NUMBER": "D1700072", "DATE_open": "2017-03-14T00:00:00", "PROJECT_open": "Fendol Farms Temporary Sales Center", "DESCRIPTION": "Residential house utilized as temporary sales center.", "sf_detached": 0.0, "sf_attached": 0.0, "duplex/triplex": 0.0, "multifamily": 0.0, "condo": 0.0, "project_itre": null, "sf_itre": null, "apt_itre": null, "duplex_itre": null, "townhouse_itre": null, "ADU_itre": null, "PROJECT_comp": null, "A_STATUS": null, "A_STATUS_DATE": null, "lots_comp": null, "units_comp": null, "apt_comp": null, "townhomes_comp": null, "condo_comp": null }, "geometry": { "type": "Point", "coordinates": [ -78.788258213418871, 35.94111190146036 ] } },
{ "type": "Feature", "properties": { "A_NUMBER": "D1700102", "DATE_open": "2017-04-04T00:00:00", "PROJECT_open": "Ellis Road Townhomes Phase 1 Grading Plan", "DESCRIPTION": "Residential grading plan situated on approximately 25.6 acres.", "sf_detached": 0.0, "sf_attached": 0.0, "duplex/triplex": 0.0, "multifamily": 0.0, "condo": 0.0, "project_itre": null, "sf_itre": null, "apt_itre": null, "duplex_itre": null, "townhouse_itre": null, "ADU_itre": null, "PROJECT_comp": "Ellis Road Townhomes Phase 1 Grading Plan", "A_STATUS": "Approved", "A_STATUS_DATE": 20180403103626.0, "lots_comp": null, "units_comp": null, "apt_comp": null, "townhomes_comp": null, "condo_comp": null }, "geometry": { "type": "Point", "coordinates": [ -78.848348394254046, 35.938938392866575 ] } },
{ "type": "Feature", "properties": { "A_NUMBER": "D1700107", "DATE_open": null, "PROJECT_open": null, "DESCRIPTION": null, "sf_detached": null, "sf_attached": null, "duplex/triplex": null, "multifamily": null, "condo": null, "project_itre": null, "sf_itre": null, "apt_itre": null, "duplex_itre": null, "townhouse_itre": null, "ADU_itre": null, "PROJECT_comp": "Del Webb Carolina Arbors Phases 3 - 6 Open Space Amendment", "A_STATUS": "Approved", "A_STATUS_DATE": 20170503093908.0, "lots_comp": null, "units_comp": null, "apt_comp": null, "townhomes_comp": null, "condo_comp": null }, "geometry": null },
{ "type": "Feature", "properties": { "A_NUMBER": "D1700138", "DATE_open": "2017-05-02T00:00:00", "PROJECT_open": "Morehead Hills Townhomes", "DESCRIPTION": "25 unit townhome development zoned DD-S2 and located at 411 Cobb Street", "sf_detached": 0.0, "sf_attached": 25.0, "duplex/triplex": 0.0, "multifamily": 0.0, "condo": 0.0, "project_itre": null, "sf_itre": null, "apt_itre": null, "duplex_itre": null, "townhouse_itre": null, "ADU_itre": null, "PROJECT_comp": "Morehead Hills Townhomes", "A_STATUS": "Approved", "A_STATUS_DATE": 20171201081906.0, "lots_comp": null, "units_comp": 25.0, "apt_comp": null, "townhomes_comp": "T", "condo_comp": null }, "geometry": { "type": "Point", "coordinates": [ -78.907963349074251, 35.988471912056561 ] } },
{ "type": "Feature", "properties": { "A_NUMBER": "D1700146", "DATE_open": "2017-05-09T00:00:00", "PROJECT_open": "Nichols Farm", "DESCRIPTION": "80 single-family detached lots within conservation subdivision.", "sf_detached": 80.0, "sf_attached": 0.0, "duplex/triplex": 0.0, "multifamily": 0.0, "condo": 0.0, "project_itre": null, "sf_itre": null, "apt_itre": null, "duplex_itre": null, "townhouse_itre": null, "ADU_itre": null, "PROJECT_comp": "Nichols Farm", "A_STATUS": "Approved", "A_STATUS_DATE": 20180116111833.0, "lots_comp": 80.0, "units_comp": null, "apt_comp": null, "townhomes_comp": null, "condo_comp": null }, "geometry": { "type": "Point", "coordinates": [ -78.795171245350446, 35.956790021339216 ] } },
{ "type": "Feature", "properties": { "A_NUMBER": "D1700147", "DATE_open": "2017-05-09T00:00:00", "PROJECT_open": "Foster on the Park", "DESCRIPTION": "164 residential units, 1600 SF of retail and under building parking.", "sf_detached": 0.0, "sf_attached": 0.0, "duplex/triplex": 0.0, "multifamily": 0.0, "condo": 0.0, "project_itre": null, "sf_itre": null, "apt_itre": null, "duplex_itre": null, "townhouse_itre": null, "ADU_itre": null, "PROJECT_comp": null, "A_STATUS": null, "A_STATUS_DATE": null, "lots_comp": null, "units_comp": null, "apt_comp": null, "townhomes_comp": null, "condo_comp": null }, "geometry": { "type": "Point", "coordinates": [ -78.901841398148122, 36.001569911155336 ] } },
{ "type": "Feature", "properties": { "A_NUMBER": "D1700178", "DATE_open": "2017-05-25T00:00:00", "PROJECT_open": "600 Willard Street", "DESCRIPTION": "Proposed redevelopment of 600 Willard Street for 340 unit apartment project and parking deck.", "sf_detached": 0.0, "sf_attached": 0.0, "duplex/triplex": 0.0, "multifamily": 340.0, "condo": 0.0, "project_itre": null, "sf_itre": null, "apt_itre": null, "duplex_itre": null, "townhouse_itre": null, "ADU_itre": null, "PROJECT_comp": null, "A_STATUS": null, "A_STATUS_DATE": null, "lots_comp": null, "units_comp": null, "apt_comp": null, "townhomes_comp": null, "condo_comp": null }, "geometry": { "type": "Point", "coordinates": [ -78.908128037456507, 35.993731359842229 ] } },
{ "type": "Feature", "properties": { "A_NUMBER": "D1700200", "DATE_open": "2017-06-13T00:00:00", "PROJECT_open": "Elliott Square Townhomes", "DESCRIPTION": "37-unit townhome development.", "sf_detached": 0.0, "sf_attached": 37.0, "duplex/triplex": 0.0, "multifamily": 0.0, "condo": 0.0, "project_itre": null, "sf_itre": null, "apt_itre": null, "duplex_itre": null, "townhouse_itre": null, "ADU_itre": null, "PROJECT_comp": null, "A_STATUS": null, "A_STATUS_DATE": null, "lots_comp": null, "units_comp": null, "apt_comp": null, "townhomes_comp": null, "condo_comp": null }, "geometry": { "type": "Point", "coordinates": [ -78.895220199752856, 35.997269341950997 ] } },
{ "type": "Feature", "properties": { "A_NUMBER": "D1700204", "DATE_open": "2017-06-13T00:00:00", "PROJECT_open": "524 North Mangum", "DESCRIPTION": "11 three-story townhomes on two vacant lots, compromising 0.517 acres.", "sf_detached": 0.0, "sf_attached": 0.0, "duplex/triplex": 0.0, "multifamily": 0.0, "condo": 0.0, "project_itre": null, "sf_itre": null, "apt_itre": null, "duplex_itre": null, "townhouse_itre": null, "ADU_itre": null, "PROJECT_comp": null, "A_STATUS": null, "A_STATUS_DATE": null, "lots_comp": null, "units_comp": null, "apt_comp": null, "townhomes_comp": null, "condo_comp": null }, "geometry": { "type": "Point", "coordinates": [ -78.896498754282732, 35.99912977414693 ] } },
{ "type": "Feature", "properties": { "A_NUMBER": "D1700229", "DATE_open": "2017-07-11T00:00:00", "PROJECT_open": "Bethpage Village Multifamily", "DESCRIPTION": "Development of 510 residential units and non-residential uses near intersection of Page Road and Chin Page Road.", "sf_detached": 0.0, "sf_attached": 0.0, "duplex/triplex": 0.0, "multifamily": 0.0, "condo": 0.0, "project_itre": null, "sf_itre": null, "apt_itre": null, "duplex_itre": null, "townhouse_itre": null, "ADU_itre": null, "PROJECT_comp": null, "A_STATUS": null, "A_STATUS_DATE": null, "lots_comp": null, "units_comp": null, "apt_comp": null, "townhomes_comp": null, "condo_comp": null }, "geometry": { "type": "Point", "coordinates": [ -78.822485888397807, 35.896790414917795 ] } },
{ "type": "Feature", "properties": { "A_NUMBER": "D1700236", "DATE_open": "2017-07-18T00:00:00", "PROJECT_open": "Fletchers Mill", "DESCRIPTION": "68 single family lots, lift station, recreational open space and tree coverage.", "sf_detached": 68.0, "sf_attached": 0.0, "duplex/triplex": 0.0, "multifamily": 0.0, "condo": 0.0, "project_itre": null, "sf_itre": null, "apt_itre": null, "duplex_itre": null, "townhouse_itre": null, "ADU_itre": null, "PROJECT_comp": null, "A_STATUS": null, "A_STATUS_DATE": null, "lots_comp": null, "units_comp": null, "apt_comp": null, "townhomes_comp": null, "condo_comp": null }, "geometry": { "type": "Point", "coordinates": [ -78.797829911405472, 36.015825837048567 ] } },
{ "type": "Feature", "properties": { "A_NUMBER": "D1700237", "DATE_open": "2017-07-18T00:00:00", "PROJECT_open": "Creekside Commons", "DESCRIPTION": "132 townhomes.", "sf_detached": 0.0, "sf_attached": 132.0, "duplex/triplex": 0.0, "multifamily": 0.0, "condo": 0.0, "project_itre": null, "sf_itre": null, "apt_itre": null, "duplex_itre": null, "townhouse_itre": null, "ADU_itre": null, "PROJECT_comp": null, "A_STATUS": null, "A_STATUS_DATE": null, "lots_comp": null, "units_comp": null, "apt_comp": null, "townhomes_comp": null, "condo_comp": null }, "geometry": { "type": "Point", "coordinates": [ -78.993281524273627, 35.929787202078273 ] } },
{ "type": "Feature", "properties": { "A_NUMBER": "D1700255", "DATE_open": "2017-08-08T00:00:00", "PROJECT_open": "Trent Drive Co-Housing", "DESCRIPTION": "20 condos.", "sf_detached": 0.0, "sf_attached": 0.0, "duplex/triplex": 0.0, "multifamily": 0.0, "condo": 20.0, "project_itre": null, "sf_itre": null, "apt_itre": null, "duplex_itre": null, "townhouse_itre": null, "ADU_itre": null, "PROJECT_comp": null, "A_STATUS": null, "A_STATUS_DATE": null, "lots_comp": null, "units_comp": null, "apt_comp": null, "townhomes_comp": null, "condo_comp": null }, "geometry": { "type": "Point", "coordinates": [ -78.931021327526921, 36.01064117592572 ] } },
{ "type": "Feature", "properties": { "A_NUMBER": "D1700256", "DATE_open": "2017-08-08T00:00:00", "PROJECT_open": "Creekside at Bethpage Amendment", "DESCRIPTION": "Convert a group of single-family lots in phase 5 to townhomes.", "sf_detached": 5.0, "sf_attached": 0.0, "duplex/triplex": 0.0, "multifamily": 0.0, "condo": 0.0, "project_itre": null, "sf_itre": null, "apt_itre": null, "duplex_itre": null, "townhouse_itre": null, "ADU_itre": null, "PROJECT_comp": null, "A_STATUS": null, "A_STATUS_DATE": null, "lots_comp": null, "units_comp": null, "apt_comp": null, "townhomes_comp": null, "condo_comp": null }, "geometry": { "type": "Point", "coordinates": [ -78.83164254076236, 35.902107703785816 ] } },
{ "type": "Feature", "properties": { "A_NUMBER": "D1700275", "DATE_open": "2017-08-22T00:00:00", "PROJECT_open": "Davis Park Townhomes", "DESCRIPTION": "181 townhomes, infrastructure and greenway.", "sf_detached": 0.0, "sf_attached": 181.0, "duplex/triplex": 0.0, "multifamily": 0.0, "condo": 0.0, "project_itre": null, "sf_itre": null, "apt_itre": null, "duplex_itre": null, "townhouse_itre": null, "ADU_itre": null, "PROJECT_comp": null, "A_STATUS": null, "A_STATUS_DATE": null, "lots_comp": null, "units_comp": null, "apt_comp": null, "townhomes_comp": null, "condo_comp": null }, "geometry": { "type": "Point", "coordinates": [ -78.860584287939631, 35.882208496334897 ] } },
{ "type": "Feature", "properties": { "A_NUMBER": "D1700277", "DATE_open": "2017-08-22T00:00:00", "PROJECT_open": "Washington Street Condominiums", "DESCRIPTION": "6 story, 4 unit residential building with supporting infrastructure.", "sf_detached": 0.0, "sf_attached": 0.0, "duplex/triplex": 0.0, "multifamily": 0.0, "condo": 0.0, "project_itre": null, "sf_itre": null, "apt_itre": null, "duplex_itre": null, "townhouse_itre": null, "ADU_itre": null, "PROJECT_comp": null, "A_STATUS": null, "A_STATUS_DATE": null, "lots_comp": null, "units_comp": null, "apt_comp": null, "townhomes_comp": null, "condo_comp": null }, "geometry": { "type": "Point", "coordinates": [ -78.902429447646171, 36.004275667677568 ] } },
{ "type": "Feature", "properties": { "A_NUMBER": "D1700288", "DATE_open": "2017-08-29T00:00:00", "PROJECT_open": "703 West Trinity Pullman Building", "DESCRIPTION": "New condo with associated site work.", "sf_detached": 0.0, "sf_attached": 0.0, "duplex/triplex": 0.0, "multifamily": 0.0, "condo": 0.0, "project_itre": null, "sf_itre": null, "apt_itre": null, "duplex_itre": null, "townhouse_itre": null, "ADU_itre": null, "PROJECT_comp": null, "A_STATUS": null, "A_STATUS_DATE": null, "lots_comp": null, "units_comp": null, "apt_comp": null, "townhomes_comp": null, "condo_comp": null }, "geometry": { "type": "Point", "coordinates": [ -78.902961935478984, 36.005257503013333 ] } },
{ "type": "Feature", "properties": { "A_NUMBER": "D1700289", "DATE_open": null, "PROJECT_open": null, "DESCRIPTION": null, "sf_detached": null, "sf_attached": null, "duplex/triplex": null, "multifamily": null, "condo": null, "project_itre": null, "sf_itre": null, "apt_itre": null, "duplex_itre": null, "townhouse_itre": null, "ADU_itre": null, "PROJECT_comp": "Trilogy at Brier Creek Amendment", "A_STATUS": "Approved", "A_STATUS_DATE": 20180102112440.0, "lots_comp": null, "units_comp": null, "apt_comp": null, "townhomes_comp": null, "condo_comp": null }, "geometry": null },
{ "type": "Feature", "properties": { "A_NUMBER": "D1700293", "DATE_open": "2017-08-29T00:00:00", "PROJECT_open": "Page Park II", "DESCRIPTION": "46 townhomes.", "sf_detached": 0.0, "sf_attached": 46.0, "duplex/triplex": 0.0, "multifamily": 0.0, "condo": 0.0, "project_itre": null, "sf_itre": null, "apt_itre": null, "duplex_itre": null, "townhouse_itre": null, "ADU_itre": null, "PROJECT_comp": null, "A_STATUS": null, "A_STATUS_DATE": null, "lots_comp": null, "units_comp": null, "apt_comp": null, "townhomes_comp": null, "condo_comp": null }, "geometry": { "type": "Point", "coordinates": [ -78.830471382890167, 35.889231918503782 ] } },
{ "type": "Feature", "properties": { "A_NUMBER": "D1700294", "DATE_open": "2017-08-29T00:00:00", "PROJECT_open": "751 South Phase 1 Amendment", "DESCRIPTION": "Residential single family homes, attached townhomes, a small office and apartment building with a clubhouse.", "sf_detached": 0.0, "sf_attached": 0.0, "duplex/triplex": 0.0, "multifamily": 0.0, "condo": 0.0, "project_itre": null, "sf_itre": null, "apt_itre": null, "duplex_itre": null, "townhouse_itre": null, "ADU_itre": null, "PROJECT_comp": null, "A_STATUS": null, "A_STATUS_DATE": null, "lots_comp": null, "units_comp": null, "apt_comp": null, "townhomes_comp": null, "condo_comp": null }, "geometry": { "type": "Point", "coordinates": [ -78.957581938066681, 35.879390540727542 ] } },
{ "type": "Feature", "properties": { "A_NUMBER": "D1700314", "DATE_open": "2017-09-26T00:00:00", "PROJECT_open": "Yancey Parcel", "DESCRIPTION": "149 single-family lots with clubhouse and pool amenity.", "sf_detached": 149.0, "sf_attached": 0.0, "duplex/triplex": 0.0, "multifamily": 0.0, "condo": 0.0, "project_itre": null, "sf_itre": null, "apt_itre": null, "duplex_itre": null, "townhouse_itre": null, "ADU_itre": null, "PROJECT_comp": null, "A_STATUS": null, "A_STATUS_DATE": null, "lots_comp": null, "units_comp": null, "apt_comp": null, "townhomes_comp": null, "condo_comp": null }, "geometry": { "type": "Point", "coordinates": [ -78.769794067335297, 35.925038335371561 ] } },
{ "type": "Feature", "properties": { "A_NUMBER": "D1700317", "DATE_open": null, "PROJECT_open": null, "DESCRIPTION": null, "sf_detached": null, "sf_attached": null, "duplex/triplex": null, "multifamily": null, "condo": null, "project_itre": null, "sf_itre": null, "apt_itre": null, "duplex_itre": null, "townhouse_itre": null, "ADU_itre": null, "PROJECT_comp": "Brier Green Apartments Amendment 2", "A_STATUS": "Approved", "A_STATUS_DATE": 20171009103024.0, "lots_comp": null, "units_comp": null, "apt_comp": null, "townhomes_comp": null, "condo_comp": null }, "geometry": null },
{ "type": "Feature", "properties": { "A_NUMBER": "D1700334", "DATE_open": "2017-10-24T00:00:00", "PROJECT_open": "Lumley Road Townhomes", "DESCRIPTION": "New townhome development. 93 lots.", "sf_detached": 0.0, "sf_attached": 0.0, "duplex/triplex": 0.0, "multifamily": 0.0, "condo": 0.0, "project_itre": null, "sf_itre": null, "apt_itre": null, "duplex_itre": null, "townhouse_itre": null, "ADU_itre": null, "PROJECT_comp": null, "A_STATUS": null, "A_STATUS_DATE": null, "lots_comp": null, "units_comp": null, "apt_comp": null, "townhomes_comp": null, "condo_comp": null }, "geometry": { "type": "Point", "coordinates": [ -78.808309349032442, 35.924103175991505 ] } },
{ "type": "Feature", "properties": { "A_NUMBER": "D1700344", "DATE_open": "2017-11-07T00:00:00", "PROJECT_open": "1105 W. Main Street Mixed Use", "DESCRIPTION": "Mixed use building  - 6000 SF retail and 35 dwelling units.", "sf_detached": 0.0, "sf_attached": 0.0, "duplex/triplex": 0.0, "multifamily": 0.0, "condo": 0.0, "project_itre": null, "sf_itre": null, "apt_itre": null, "duplex_itre": null, "townhouse_itre": null, "ADU_itre": null, "PROJECT_comp": null, "A_STATUS": null, "A_STATUS_DATE": null, "lots_comp": null, "units_comp": null, "apt_comp": null, "townhomes_comp": null, "condo_comp": null }, "geometry": { "type": "Point", "coordinates": [ -78.911878520812664, 36.001161658820791 ] } },
{ "type": "Feature", "properties": { "A_NUMBER": "D1700345", "DATE_open": "2017-11-07T00:00:00", "PROJECT_open": "Carpenter Fletcher Subdivision", "DESCRIPTION": "11 lots single-family subdivision preliminary plat", "sf_detached": 11.0, "sf_attached": 0.0, "duplex/triplex": 0.0, "multifamily": 0.0, "condo": 0.0, "project_itre": null, "sf_itre": null, "apt_itre": null, "duplex_itre": null, "townhouse_itre": null, "ADU_itre": null, "PROJECT_comp": "Carpenter Fletcher Subdivision", "A_STATUS": "Approved", "A_STATUS_DATE": 20180611160741.0, "lots_comp": 11.0, "units_comp": null, "apt_comp": null, "townhomes_comp": null, "condo_comp": null }, "geometry": { "type": "Point", "coordinates": [ -78.901989279827234, 35.916776564081665 ] } },
{ "type": "Feature", "properties": { "A_NUMBER": "D1700349", "DATE_open": "2017-11-07T00:00:00", "PROJECT_open": "3718 N Roxboro Street Retail Building", "DESCRIPTION": "5880 SF multi-tenant retail building.", "sf_detached": 0.0, "sf_attached": 0.0, "duplex/triplex": 0.0, "multifamily": 0.0, "condo": 0.0, "project_itre": null, "sf_itre": null, "apt_itre": null, "duplex_itre": null, "townhouse_itre": null, "ADU_itre": null, "PROJECT_comp": null, "A_STATUS": null, "A_STATUS_DATE": null, "lots_comp": null, "units_comp": null, "apt_comp": null, "townhomes_comp": null, "condo_comp": null }, "geometry": { "type": "Point", "coordinates": [ -78.898498955913141, 36.039420739571469 ] } },
{ "type": "Feature", "properties": { "A_NUMBER": "D1700358", "DATE_open": "2017-11-21T00:00:00", "PROJECT_open": "Colvard Farms Phase 10", "DESCRIPTION": "15 single family lots.", "sf_detached": 15.0, "sf_attached": 0.0, "duplex/triplex": 0.0, "multifamily": 0.0, "condo": 0.0, "project_itre": null, "sf_itre": null, "apt_itre": null, "duplex_itre": null, "townhouse_itre": null, "ADU_itre": null, "PROJECT_comp": null, "A_STATUS": null, "A_STATUS_DATE": null, "lots_comp": null, "units_comp": null, "apt_comp": null, "townhomes_comp": null, "condo_comp": null }, "geometry": { "type": "Point", "coordinates": [ -78.956054200225537, 35.869293656200306 ] } },
{ "type": "Feature", "properties": { "A_NUMBER": "D1700361", "DATE_open": "2017-11-21T00:00:00", "PROJECT_open": "Village Hearth CoHousing Community", "DESCRIPTION": "Construction of new condominium townhomes, accessory structure and associated site work.", "sf_detached": 0.0, "sf_attached": 0.0, "duplex/triplex": 0.0, "multifamily": 0.0, "condo": 0.0, "project_itre": null, "sf_itre": null, "apt_itre": null, "duplex_itre": null, "townhouse_itre": null, "ADU_itre": null, "PROJECT_comp": null, "A_STATUS": null, "A_STATUS_DATE": null, "lots_comp": null, "units_comp": null, "apt_comp": null, "townhomes_comp": null, "condo_comp": null }, "geometry": { "type": "Point", "coordinates": [ -78.888614002138937, 36.080544542036783 ] } },
{ "type": "Feature", "properties": { "A_NUMBER": "D1700376", "DATE_open": "2017-12-05T00:00:00", "PROJECT_open": "Solis Patterson Place Apartments", "DESCRIPTION": "347 unit apartment project (16 buildings and 3 garages).", "sf_detached": 0.0, "sf_attached": 0.0, "duplex/triplex": 0.0, "multifamily": 347.0, "condo": 0.0, "project_itre": null, "sf_itre": null, "apt_itre": null, "duplex_itre": null, "townhouse_itre": null, "ADU_itre": null, "PROJECT_comp": null, "A_STATUS": null, "A_STATUS_DATE": null, "lots_comp": null, "units_comp": null, "apt_comp": null, "townhomes_comp": null, "condo_comp": null }, "geometry": { "type": "Point", "coordinates": [ -78.982581176123858, 35.949631980233249 ] } },
{ "type": "Feature", "properties": { "A_NUMBER": "D1700388", "DATE_open": "2017-12-19T00:00:00", "PROJECT_open": "North Duke Street Mixed Use", "DESCRIPTION": "Mixed use development with commercial and residential.", "sf_detached": 0.0, "sf_attached": 0.0, "duplex/triplex": 0.0, "multifamily": 0.0, "condo": 0.0, "project_itre": null, "sf_itre": null, "apt_itre": null, "duplex_itre": null, "townhouse_itre": null, "ADU_itre": null, "PROJECT_comp": null, "A_STATUS": null, "A_STATUS_DATE": null, "lots_comp": null, "units_comp": null, "apt_comp": null, "townhomes_comp": null, "condo_comp": null }, "geometry": { "type": "Point", "coordinates": [ -78.905198283171046, 36.043320977635069 ] } },
{ "type": "Feature", "properties": { "A_NUMBER": "D1800022", "DATE_open": "2018-01-30T00:00:00", "PROJECT_open": "Davis Park East", "DESCRIPTION": "402 apartments and 25,000 square feet of retail along with associated infrastructure and amenities", "sf_detached": 0.0, "sf_attached": 0.0, "duplex/triplex": 0.0, "multifamily": 402.0, "condo": 0.0, "project_itre": null, "sf_itre": null, "apt_itre": null, "duplex_itre": null, "townhouse_itre": null, "ADU_itre": null, "PROJECT_comp": null, "A_STATUS": null, "A_STATUS_DATE": null, "lots_comp": null, "units_comp": null, "apt_comp": null, "townhomes_comp": null, "condo_comp": null }, "geometry": { "type": "Point", "coordinates": [ -78.85734204017092, 35.878492191580207 ] } },
{ "type": "Feature", "properties": { "A_NUMBER": "D1800043", "DATE_open": "2018-02-13T00:00:00", "PROJECT_open": "Page Square Townhomes", "DESCRIPTION": "130 townhomes on 24.38 acres zoned PDR 6.458 and located at 208 Smallwood Drive", "sf_detached": 0.0, "sf_attached": 130.0, "duplex/triplex": 0.0, "multifamily": 0.0, "condo": 0.0, "project_itre": null, "sf_itre": null, "apt_itre": null, "duplex_itre": null, "townhouse_itre": null, "ADU_itre": null, "PROJECT_comp": null, "A_STATUS": null, "A_STATUS_DATE": null, "lots_comp": null, "units_comp": null, "apt_comp": null, "townhomes_comp": null, "condo_comp": null }, "geometry": { "type": "Point", "coordinates": [ -78.818646096437377, 35.915645300996111 ] } },
{ "type": "Feature", "properties": { "A_NUMBER": "D1800061", "DATE_open": "2018-03-06T00:00:00", "PROJECT_open": "Student Living Apartments", "DESCRIPTION": "84 Apartment Units and Asociated Infrastructure", "sf_detached": 0.0, "sf_attached": 0.0, "duplex/triplex": 0.0, "multifamily": 84.0, "condo": 0.0, "project_itre": null, "sf_itre": null, "apt_itre": null, "duplex_itre": null, "townhouse_itre": null, "ADU_itre": null, "PROJECT_comp": null, "A_STATUS": null, "A_STATUS_DATE": null, "lots_comp": null, "units_comp": null, "apt_comp": null, "townhomes_comp": null, "condo_comp": null }, "geometry": { "type": "Point", "coordinates": [ -78.95724967389333, 35.97916624032419 ] } },
{ "type": "Feature", "properties": { "A_NUMBER": "D1800064", "DATE_open": "2018-03-06T00:00:00", "PROJECT_open": "Geer Street Townhomes", "DESCRIPTION": "3 New Town Homes", "sf_detached": 0.0, "sf_attached": 3.0, "duplex/triplex": 0.0, "multifamily": 0.0, "condo": 0.0, "project_itre": null, "sf_itre": null, "apt_itre": null, "duplex_itre": null, "townhouse_itre": null, "ADU_itre": null, "PROJECT_comp": null, "A_STATUS": null, "A_STATUS_DATE": null, "lots_comp": null, "units_comp": null, "apt_comp": null, "townhomes_comp": null, "condo_comp": null }, "geometry": { "type": "Point", "coordinates": [ -78.897198069095921, 36.003993360844078 ] } },
{ "type": "Feature", "properties": { "A_NUMBER": "D1800067", "DATE_open": "2018-03-06T00:00:00", "PROJECT_open": "Angier Avenue Residential", "DESCRIPTION": "Single Family Residential Subdivision", "sf_detached": 0.0, "sf_attached": 0.0, "duplex/triplex": 0.0, "multifamily": 0.0, "condo": 0.0, "project_itre": null, "sf_itre": null, "apt_itre": null, "duplex_itre": null, "townhouse_itre": null, "ADU_itre": null, "PROJECT_comp": null, "A_STATUS": null, "A_STATUS_DATE": null, "lots_comp": null, "units_comp": null, "apt_comp": null, "townhomes_comp": null, "condo_comp": null }, "geometry": { "type": "Point", "coordinates": [ -78.84521802820025, 35.94779973984658 ] } },
{ "type": "Feature", "properties": { "A_NUMBER": "D1800074", "DATE_open": "2018-03-13T00:00:00", "PROJECT_open": "Ellis Road - Phase 4", "DESCRIPTION": "254 Townhomes with amenities and offiste improvements", "sf_detached": 0.0, "sf_attached": 254.0, "duplex/triplex": 0.0, "multifamily": 0.0, "condo": 0.0, "project_itre": null, "sf_itre": null, "apt_itre": null, "duplex_itre": null, "townhouse_itre": null, "ADU_itre": null, "PROJECT_comp": null, "A_STATUS": null, "A_STATUS_DATE": null, "lots_comp": null, "units_comp": null, "apt_comp": null, "townhomes_comp": null, "condo_comp": null }, "geometry": { "type": "Point", "coordinates": [ -78.848348394254046, 35.938938392866575 ] } },
{ "type": "Feature", "properties": { "A_NUMBER": "D1800087", "DATE_open": "2018-03-20T00:00:00", "PROJECT_open": "Durham Gateway", "DESCRIPTION": "Mixed Use Multi-Family and Retail Development", "sf_detached": 0.0, "sf_attached": 0.0, "duplex/triplex": 0.0, "multifamily": 0.0, "condo": 0.0, "project_itre": null, "sf_itre": null, "apt_itre": null, "duplex_itre": null, "townhouse_itre": null, "ADU_itre": null, "PROJECT_comp": "Durham Gateway", "A_STATUS": "Approved", "A_STATUS_DATE": 20190204074048.0, "lots_comp": null, "units_comp": 361.0, "apt_comp": null, "townhomes_comp": null, "condo_comp": null }, "geometry": { "type": "Point", "coordinates": [ -78.899785074863857, 35.990221396067803 ] } },
{ "type": "Feature", "properties": { "A_NUMBER": "D1800099", "DATE_open": "2018-04-03T00:00:00", "PROJECT_open": "Snikroc", "DESCRIPTION": "Townhome Residential Development", "sf_detached": 0.0, "sf_attached": 0.0, "duplex/triplex": 0.0, "multifamily": 0.0, "condo": 0.0, "project_itre": null, "sf_itre": null, "apt_itre": null, "duplex_itre": null, "townhouse_itre": null, "ADU_itre": null, "PROJECT_comp": null, "A_STATUS": null, "A_STATUS_DATE": null, "lots_comp": null, "units_comp": null, "apt_comp": null, "townhomes_comp": null, "condo_comp": null }, "geometry": { "type": "Point", "coordinates": [ -78.79031272750008, 35.973298627887495 ] } },
{ "type": "Feature", "properties": { "A_NUMBER": "D1800124", "DATE_open": "2018-04-17T00:00:00", "PROJECT_open": "Highland Park Subdivision", "DESCRIPTION": "Multi-Family development", "sf_detached": 0.0, "sf_attached": 0.0, "duplex/triplex": 0.0, "multifamily": 0.0, "condo": 0.0, "project_itre": null, "sf_itre": null, "apt_itre": null, "duplex_itre": null, "townhouse_itre": null, "ADU_itre": null, "PROJECT_comp": null, "A_STATUS": null, "A_STATUS_DATE": null, "lots_comp": null, "units_comp": null, "apt_comp": null, "townhomes_comp": null, "condo_comp": null }, "geometry": { "type": "Point", "coordinates": [ -78.907921326732435, 35.944154659697162 ] } },
{ "type": "Feature", "properties": { "A_NUMBER": "D1800148", "DATE_open": "2018-05-08T00:00:00", "PROJECT_open": "Croasdaile Village Campus Improvements Amendment", "DESCRIPTION": "Demolition and site work associated with building renovations, expansions, and new living units", "sf_detached": 0.0, "sf_attached": 0.0, "duplex/triplex": 0.0, "multifamily": 0.0, "condo": 0.0, "project_itre": null, "sf_itre": null, "apt_itre": null, "duplex_itre": null, "townhouse_itre": null, "ADU_itre": null, "PROJECT_comp": null, "A_STATUS": null, "A_STATUS_DATE": null, "lots_comp": null, "units_comp": null, "apt_comp": null, "townhomes_comp": null, "condo_comp": null }, "geometry": { "type": "Point", "coordinates": [ -78.939049070983813, 36.046641874203452 ] } },
{ "type": "Feature", "properties": { "A_NUMBER": "D1800173", "DATE_open": "2018-05-29T00:00:00", "PROJECT_open": "Townes at Courtney Creek", "DESCRIPTION": "12 single family residential units 253 townehouse units", "sf_detached": 265.0, "sf_attached": 0.0, "duplex/triplex": 0.0, "multifamily": 0.0, "condo": 0.0, "project_itre": null, "sf_itre": null, "apt_itre": null, "duplex_itre": null, "townhouse_itre": null, "ADU_itre": null, "PROJECT_comp": "Townes at Courtney Creek", "A_STATUS": "Approved", "A_STATUS_DATE": 20190828144355.0, "lots_comp": null, "units_comp": 265.0, "apt_comp": null, "townhomes_comp": null, "condo_comp": null }, "geometry": { "type": "Point", "coordinates": [ -78.890511997068486, 35.950189789159921 ] } },
{ "type": "Feature", "properties": { "A_NUMBER": "D1800205", "DATE_open": "2018-06-19T00:00:00", "PROJECT_open": "3206 University Dr. & Lassiter St.", "DESCRIPTION": "Mixed Use", "sf_detached": 0.0, "sf_attached": 0.0, "duplex/triplex": 0.0, "multifamily": 0.0, "condo": 0.0, "project_itre": null, "sf_itre": null, "apt_itre": null, "duplex_itre": null, "townhouse_itre": null, "ADU_itre": null, "PROJECT_comp": null, "A_STATUS": null, "A_STATUS_DATE": null, "lots_comp": null, "units_comp": null, "apt_comp": null, "townhomes_comp": null, "condo_comp": null }, "geometry": { "type": "Point", "coordinates": [ -78.941470874098172, 35.966875719291167 ] } },
{ "type": "Feature", "properties": { "A_NUMBER": "D1800210", "DATE_open": "2018-06-19T00:00:00", "PROJECT_open": "1605 Erwin Road Multifamily", "DESCRIPTION": "Multifamily apartments", "sf_detached": 0.0, "sf_attached": 0.0, "duplex/triplex": 0.0, "multifamily": 0.0, "condo": 0.0, "project_itre": null, "sf_itre": null, "apt_itre": null, "duplex_itre": null, "townhouse_itre": null, "ADU_itre": null, "PROJECT_comp": null, "A_STATUS": null, "A_STATUS_DATE": null, "lots_comp": null, "units_comp": null, "apt_comp": null, "townhomes_comp": null, "condo_comp": null }, "geometry": { "type": "Point", "coordinates": [ -78.922014206055792, 36.005822135692576 ] } },
{ "type": "Feature", "properties": { "A_NUMBER": "D1800220", "DATE_open": "2018-06-26T00:00:00", "PROJECT_open": "Bethpage Village Multi-family Amendment", "DESCRIPTION": "Amend approved site plan to remove fitness building and add 18 residential units, propose phasing, new elevations for residential and maintenance buildings, revise residential building alignments, sewer alignment, landscaping, and tree coverage.", "sf_detached": 0.0, "sf_attached": 0.0, "duplex/triplex": 0.0, "multifamily": 0.0, "condo": 0.0, "project_itre": null, "sf_itre": null, "apt_itre": null, "duplex_itre": null, "townhouse_itre": null, "ADU_itre": null, "PROJECT_comp": null, "A_STATUS": null, "A_STATUS_DATE": null, "lots_comp": null, "units_comp": null, "apt_comp": null, "townhomes_comp": null, "condo_comp": null }, "geometry": { "type": "Point", "coordinates": [ -78.822485888397807, 35.896790414917795 ] } },
{ "type": "Feature", "properties": { "A_NUMBER": "D1800230", "DATE_open": "2018-07-03T00:00:00", "PROJECT_open": "Leyland Post Condominiums", "DESCRIPTION": "Redevelopment of a vacant .246 acre site. 12 condos in new 5 story building", "sf_detached": 0.0, "sf_attached": 0.0, "duplex/triplex": 0.0, "multifamily": 0.0, "condo": 12.0, "project_itre": null, "sf_itre": null, "apt_itre": null, "duplex_itre": null, "townhouse_itre": null, "ADU_itre": null, "PROJECT_comp": null, "A_STATUS": null, "A_STATUS_DATE": null, "lots_comp": null, "units_comp": null, "apt_comp": null, "townhomes_comp": null, "condo_comp": null }, "geometry": { "type": "Point", "coordinates": [ -78.896557750453454, 36.000731989032701 ] } },
{ "type": "Feature", "properties": { "A_NUMBER": "D1800232", "DATE_open": "2018-07-03T00:00:00", "PROJECT_open": "Broadmont Lakewood", "DESCRIPTION": "4 Multifamily buildings with assoc. parking and utilities", "sf_detached": 0.0, "sf_attached": 0.0, "duplex/triplex": 0.0, "multifamily": 4.0, "condo": 0.0, "project_itre": null, "sf_itre": null, "apt_itre": null, "duplex_itre": null, "townhouse_itre": null, "ADU_itre": null, "PROJECT_comp": null, "A_STATUS": null, "A_STATUS_DATE": null, "lots_comp": null, "units_comp": null, "apt_comp": null, "townhomes_comp": null, "condo_comp": null }, "geometry": { "type": "Point", "coordinates": [ -78.928911731126888, 35.990753541407308 ] } },
{ "type": "Feature", "properties": { "A_NUMBER": "D1800247", "DATE_open": "2018-07-17T00:00:00", "PROJECT_open": "Overture Farrington Road", "DESCRIPTION": "184 Units for senior living with parking and pool amenity", "sf_detached": 184.0, "sf_attached": 0.0, "duplex/triplex": 0.0, "multifamily": 0.0, "condo": 0.0, "project_itre": null, "sf_itre": null, "apt_itre": null, "duplex_itre": null, "townhouse_itre": null, "ADU_itre": null, "PROJECT_comp": null, "A_STATUS": null, "A_STATUS_DATE": null, "lots_comp": null, "units_comp": null, "apt_comp": null, "townhomes_comp": null, "condo_comp": null }, "geometry": { "type": "Point", "coordinates": [ -78.985930061566151, 35.9134281467664 ] } },
{ "type": "Feature", "properties": { "A_NUMBER": "D1800248", "DATE_open": "2018-07-17T00:00:00", "PROJECT_open": "Atwater ( formally named Ellis Road)", "DESCRIPTION": "85 Townhouse lots", "sf_detached": 0.0, "sf_attached": 85.0, "duplex/triplex": 0.0, "multifamily": 0.0, "condo": 0.0, "project_itre": null, "sf_itre": null, "apt_itre": null, "duplex_itre": null, "townhouse_itre": null, "ADU_itre": null, "PROJECT_comp": null, "A_STATUS": null, "A_STATUS_DATE": null, "lots_comp": null, "units_comp": null, "apt_comp": null, "townhomes_comp": null, "condo_comp": null }, "geometry": { "type": "Point", "coordinates": [ -78.86684756040853, 35.948312860316804 ] } },
{ "type": "Feature", "properties": { "A_NUMBER": "D1800265", "DATE_open": "2018-08-07T00:00:00", "PROJECT_open": "836 Mangum", "DESCRIPTION": "6 residential townhomes", "sf_detached": 0.0, "sf_attached": 6.0, "duplex/triplex": 0.0, "multifamily": 0.0, "condo": 0.0, "project_itre": null, "sf_itre": null, "apt_itre": null, "duplex_itre": null, "townhouse_itre": null, "ADU_itre": null, "PROJECT_comp": null, "A_STATUS": null, "A_STATUS_DATE": null, "lots_comp": null, "units_comp": null, "apt_comp": null, "townhomes_comp": null, "condo_comp": null }, "geometry": { "type": "Point", "coordinates": [ -78.894451523196366, 36.003255394718238 ] } },
{ "type": "Feature", "properties": { "A_NUMBER": "D1800271", "DATE_open": "2018-08-14T00:00:00", "PROJECT_open": "The Overlook at Stratford Lakes", "DESCRIPTION": "84 townhome units + 4 open space lots", "sf_detached": 0.0, "sf_attached": 84.0, "duplex/triplex": 0.0, "multifamily": 0.0, "condo": 0.0, "project_itre": null, "sf_itre": null, "apt_itre": null, "duplex_itre": null, "townhouse_itre": null, "ADU_itre": null, "PROJECT_comp": null, "A_STATUS": null, "A_STATUS_DATE": null, "lots_comp": null, "units_comp": null, "apt_comp": null, "townhomes_comp": null, "condo_comp": null }, "geometry": { "type": "Point", "coordinates": [ -78.914213573571985, 35.942917446040312 ] } },
{ "type": "Feature", "properties": { "A_NUMBER": "D1800273", "DATE_open": "2018-08-14T00:00:00", "PROJECT_open": "Yancey Street Condos", "DESCRIPTION": "44 condos in a new 5 story building", "sf_detached": 0.0, "sf_attached": 0.0, "duplex/triplex": 0.0, "multifamily": 0.0, "condo": 44.0, "project_itre": null, "sf_itre": null, "apt_itre": null, "duplex_itre": null, "townhouse_itre": null, "ADU_itre": null, "PROJECT_comp": null, "A_STATUS": null, "A_STATUS_DATE": null, "lots_comp": null, "units_comp": null, "apt_comp": null, "townhomes_comp": null, "condo_comp": null }, "geometry": { "type": "Point", "coordinates": [ -78.909131887397038, 35.993707186991777 ] } },
{ "type": "Feature", "properties": { "A_NUMBER": "D1800279", "DATE_open": "2018-08-21T00:00:00", "PROJECT_open": "Selby Avenue Homes", "DESCRIPTION": "10 single-family homes", "sf_detached": 10.0, "sf_attached": 0.0, "duplex/triplex": 0.0, "multifamily": 0.0, "condo": 0.0, "project_itre": null, "sf_itre": null, "apt_itre": null, "duplex_itre": null, "townhouse_itre": null, "ADU_itre": null, "PROJECT_comp": null, "A_STATUS": null, "A_STATUS_DATE": null, "lots_comp": null, "units_comp": null, "apt_comp": null, "townhomes_comp": null, "condo_comp": null }, "geometry": { "type": "Point", "coordinates": [ -78.89536108020404, 35.953188027551477 ] } },
{ "type": "Feature", "properties": { "A_NUMBER": "D1800285", "DATE_open": "2018-08-28T00:00:00", "PROJECT_open": "Beth Page Village Mixed Use", "DESCRIPTION": "Development of 230 apartments and 8908 SF of vertically integrated commercial space", "sf_detached": 0.0, "sf_attached": 0.0, "duplex/triplex": 0.0, "multifamily": 230.0, "condo": 0.0, "project_itre": null, "sf_itre": null, "apt_itre": null, "duplex_itre": null, "townhouse_itre": null, "ADU_itre": null, "PROJECT_comp": null, "A_STATUS": null, "A_STATUS_DATE": null, "lots_comp": null, "units_comp": null, "apt_comp": null, "townhomes_comp": null, "condo_comp": null }, "geometry": { "type": "Point", "coordinates": [ -78.824274339509145, 35.894056653521353 ] } },
{ "type": "Feature", "properties": { "A_NUMBER": "D1800289", "DATE_open": "2018-08-28T00:00:00", "PROJECT_open": "Courtyards at Southpoint", "DESCRIPTION": "Single Family lots plus amenity", "sf_detached": 0.0, "sf_attached": 0.0, "duplex/triplex": 0.0, "multifamily": 0.0, "condo": 0.0, "project_itre": null, "sf_itre": null, "apt_itre": null, "duplex_itre": null, "townhouse_itre": null, "ADU_itre": null, "PROJECT_comp": null, "A_STATUS": null, "A_STATUS_DATE": null, "lots_comp": null, "units_comp": null, "apt_comp": null, "townhomes_comp": null, "condo_comp": null }, "geometry": { "type": "Point", "coordinates": [ -78.93833945131334, 35.888305476594084 ] } },
{ "type": "Feature", "properties": { "A_NUMBER": "D1800305", "DATE_open": "2018-09-18T00:00:00", "PROJECT_open": "5321 Page Road", "DESCRIPTION": "Mixed-Use Development containing approximately 277 units; amenities and 1200 sf of commercial", "sf_detached": 0.0, "sf_attached": 0.0, "duplex/triplex": 0.0, "multifamily": 0.0, "condo": 0.0, "project_itre": null, "sf_itre": null, "apt_itre": null, "duplex_itre": null, "townhouse_itre": null, "ADU_itre": null, "PROJECT_comp": null, "A_STATUS": null, "A_STATUS_DATE": null, "lots_comp": null, "units_comp": null, "apt_comp": null, "townhomes_comp": null, "condo_comp": null }, "geometry": { "type": "Point", "coordinates": [ -78.844516972997653, 35.878893941002964 ] } },
{ "type": "Feature", "properties": { "A_NUMBER": "D1800320", "DATE_open": "2018-10-09T00:00:00", "PROJECT_open": "Colvard Farms Phase 12", "DESCRIPTION": "30 single-family lots, and one open space lot, with associated infrastructure,  including city water, county stormwater/erosion control, Aqua America for sewer. 21.93 acres area of disturbance, 28.72 acres project area, and RS-20 zoning.", "sf_detached": 30.0, "sf_attached": 0.0, "duplex/triplex": 0.0, "multifamily": 0.0, "condo": 0.0, "project_itre": null, "sf_itre": null, "apt_itre": null, "duplex_itre": null, "townhouse_itre": null, "ADU_itre": null, "PROJECT_comp": null, "A_STATUS": null, "A_STATUS_DATE": null, "lots_comp": null, "units_comp": null, "apt_comp": null, "townhomes_comp": null, "condo_comp": null }, "geometry": { "type": "Point", "coordinates": [ -78.954007763020215, 35.86697917287028 ] } },
{ "type": "Feature", "properties": { "A_NUMBER": "D1800321", "DATE_open": "2018-10-09T00:00:00", "PROJECT_open": "Willard Street Apartments", "DESCRIPTION": "Multi-family residential apartment complex with 82 units (39 one-bedroom, and 43 two-bedroom), and 7139 square feet of retail with associated infrastructure. DD-C zoning and Cape Fear river basin.", "sf_detached": 0.0, "sf_attached": 0.0, "duplex/triplex": 0.0, "multifamily": 82.0, "condo": 0.0, "project_itre": null, "sf_itre": null, "apt_itre": null, "duplex_itre": null, "townhouse_itre": null, "ADU_itre": null, "PROJECT_comp": null, "A_STATUS": null, "A_STATUS_DATE": null, "lots_comp": null, "units_comp": null, "apt_comp": null, "townhomes_comp": null, "condo_comp": null }, "geometry": { "type": "Point", "coordinates": [ -78.906218140018922, 35.996129604914024 ] } },
{ "type": "Feature", "properties": { "A_NUMBER": "D1800323", "DATE_open": null, "PROJECT_open": null, "DESCRIPTION": null, "sf_detached": null, "sf_attached": null, "duplex/triplex": null, "multifamily": null, "condo": null, "project_itre": null, "sf_itre": null, "apt_itre": null, "duplex_itre": null, "townhouse_itre": null, "ADU_itre": null, "PROJECT_comp": "Panther Creek Phase 4 and 5", "A_STATUS": "Withdrawn", "A_STATUS_DATE": 20190424092552.0, "lots_comp": 141.0, "units_comp": null, "apt_comp": null, "townhomes_comp": null, "condo_comp": null }, "geometry": null },
{ "type": "Feature", "properties": { "A_NUMBER": "D1800326", "DATE_open": null, "PROJECT_open": null, "DESCRIPTION": null, "sf_detached": null, "sf_attached": null, "duplex/triplex": null, "multifamily": null, "condo": null, "project_itre": null, "sf_itre": null, "apt_itre": null, "duplex_itre": null, "townhouse_itre": null, "ADU_itre": null, "PROJECT_comp": "Tocqueville Townes (Formally Ben Franklin Blvd)", "A_STATUS": "Withdrawn", "A_STATUS_DATE": 20220711113618.0, "lots_comp": null, "units_comp": 22.0, "apt_comp": null, "townhomes_comp": "T", "condo_comp": null }, "geometry": null },
{ "type": "Feature", "properties": { "A_NUMBER": "D1800328", "DATE_open": "2018-10-16T00:00:00", "PROJECT_open": "NCCU P3 Student Housing- Chidley South", "DESCRIPTION": "Site demolition of existing Chidley Residence Hall and construction of new Chidley South Student Housing with 164,200 square feet, (UC-2) zoning, Cape Fear river basin, Third Fork Creek watershed, and current and proposed use University.", "sf_detached": 0.0, "sf_attached": 0.0, "duplex/triplex": 0.0, "multifamily": 0.0, "condo": 0.0, "project_itre": null, "sf_itre": null, "apt_itre": null, "duplex_itre": null, "townhouse_itre": null, "ADU_itre": null, "PROJECT_comp": null, "A_STATUS": null, "A_STATUS_DATE": null, "lots_comp": null, "units_comp": null, "apt_comp": null, "townhomes_comp": null, "condo_comp": null }, "geometry": { "type": "Point", "coordinates": [ -78.894793654699129, 35.973476376730808 ] } },
{ "type": "Feature", "properties": { "A_NUMBER": "D1800329", "DATE_open": "2018-10-16T00:00:00", "PROJECT_open": "NCCU P3 Student Housing - George St.", "DESCRIPTION": "Site demolition of existing academic community services, Women's Center, George St. Apartments, and Baynes Residence Hall;  construction of George St. student housing on 48.51 acres, located in Third Fork Creek watershed, Cape Fear river basin, UC2 zonin", "sf_detached": 0.0, "sf_attached": 0.0, "duplex/triplex": 0.0, "multifamily": 0.0, "condo": 0.0, "project_itre": null, "sf_itre": null, "apt_itre": null, "duplex_itre": null, "townhouse_itre": null, "ADU_itre": null, "PROJECT_comp": null, "A_STATUS": null, "A_STATUS_DATE": null, "lots_comp": null, "units_comp": null, "apt_comp": null, "townhomes_comp": null, "condo_comp": null }, "geometry": { "type": "Point", "coordinates": [ -78.899003065349461, 35.972672402264429 ] } },
{ "type": "Feature", "properties": { "A_NUMBER": "D1800348", "DATE_open": "2018-11-06T00:00:00", "PROJECT_open": "Andrews Chapel Site Plan Amendment 4", "DESCRIPTION": "Changing a majority of single family lots to townhomes, creating 45 new lots property is zonned PDR 4.793, and the tract acreage is 114.17", "sf_detached": 0.0, "sf_attached": 0.0, "duplex/triplex": 0.0, "multifamily": 0.0, "condo": 0.0, "project_itre": null, "sf_itre": null, "apt_itre": null, "duplex_itre": null, "townhouse_itre": null, "ADU_itre": null, "PROJECT_comp": null, "A_STATUS": null, "A_STATUS_DATE": null, "lots_comp": null, "units_comp": null, "apt_comp": null, "townhomes_comp": null, "condo_comp": null }, "geometry": { "type": "Point", "coordinates": [ -78.776639316982468, 35.924422044481553 ] } },
{ "type": "Feature", "properties": { "A_NUMBER": "D1800353", "DATE_open": "2018-11-13T00:00:00", "PROJECT_open": "Arringdon Lot 3", "DESCRIPTION": "59 Unit Townhome Subdivision zoned MU(D)", "sf_detached": 0.0, "sf_attached": 59.0, "duplex/triplex": 0.0, "multifamily": 0.0, "condo": 0.0, "project_itre": null, "sf_itre": null, "apt_itre": null, "duplex_itre": null, "townhouse_itre": null, "ADU_itre": null, "PROJECT_comp": null, "A_STATUS": null, "A_STATUS_DATE": null, "lots_comp": null, "units_comp": null, "apt_comp": null, "townhomes_comp": null, "condo_comp": null }, "geometry": { "type": "Point", "coordinates": [ -78.827889213149135, 35.883454183596413 ] } },
{ "type": "Feature", "properties": { "A_NUMBER": "D1800369", "DATE_open": "2018-11-20T00:00:00", "PROJECT_open": "Providence at Southpoint Townhomes", "DESCRIPTION": "110 townhome lots", "sf_detached": 0.0, "sf_attached": 110.0, "duplex/triplex": 0.0, "multifamily": 0.0, "condo": 0.0, "project_itre": null, "sf_itre": null, "apt_itre": null, "duplex_itre": null, "townhouse_itre": null, "ADU_itre": null, "PROJECT_comp": null, "A_STATUS": null, "A_STATUS_DATE": null, "lots_comp": null, "units_comp": null, "apt_comp": null, "townhomes_comp": null, "condo_comp": null }, "geometry": { "type": "Point", "coordinates": [ -78.852514691339607, 35.963635650792419 ] } },
{ "type": "Feature", "properties": { "A_NUMBER": "D1800374", "DATE_open": "2018-11-27T00:00:00", "PROJECT_open": "Ashton Crossing", "DESCRIPTION": "Residential Subdivision. 23 total lots. Zoned PDR-4.18", "sf_detached": 0.0, "sf_attached": 0.0, "duplex/triplex": 0.0, "multifamily": 0.0, "condo": 0.0, "project_itre": null, "sf_itre": null, "apt_itre": null, "duplex_itre": null, "townhouse_itre": null, "ADU_itre": null, "PROJECT_comp": null, "A_STATUS": null, "A_STATUS_DATE": null, "lots_comp": null, "units_comp": null, "apt_comp": null, "townhomes_comp": null, "condo_comp": null }, "geometry": { "type": "Point", "coordinates": [ -78.832482881907211, 35.957888890154059 ] } },
{ "type": "Feature", "properties": { "A_NUMBER": "D1800378", "DATE_open": "2018-11-28T00:00:00", "PROJECT_open": "Elan Innovation District", "DESCRIPTION": "Mixe of uses including retail and residential. Zoned DD-C", "sf_detached": 0.0, "sf_attached": 0.0, "duplex/triplex": 0.0, "multifamily": 0.0, "condo": 0.0, "project_itre": null, "sf_itre": null, "apt_itre": null, "duplex_itre": null, "townhouse_itre": null, "ADU_itre": null, "PROJECT_comp": null, "A_STATUS": null, "A_STATUS_DATE": null, "lots_comp": null, "units_comp": null, "apt_comp": null, "townhomes_comp": null, "condo_comp": null }, "geometry": { "type": "Point", "coordinates": [ -78.904209417742777, 35.999910600086082 ] } },
{ "type": "Feature", "properties": { "A_NUMBER": "D1900025", "DATE_open": "2019-02-05T00:00:00", "PROJECT_open": "Gateway Center Building 2", "DESCRIPTION": "112 Multi-Family Development", "sf_detached": 0.0, "sf_attached": 0.0, "duplex/triplex": 0.0, "multifamily": 112.0, "condo": 0.0, "project_itre": null, "sf_itre": null, "apt_itre": null, "duplex_itre": null, "townhouse_itre": null, "ADU_itre": null, "PROJECT_comp": null, "A_STATUS": null, "A_STATUS_DATE": null, "lots_comp": null, "units_comp": null, "apt_comp": null, "townhomes_comp": null, "condo_comp": null }, "geometry": { "type": "Point", "coordinates": [ -78.900428027732573, 35.990001209800788 ] } },
{ "type": "Feature", "properties": { "A_NUMBER": "D1900031", "DATE_open": "2019-02-11T00:00:00", "PROJECT_open": "The Corners at Brier Creek", "DESCRIPTION": "Project will be the development of an Apartment complex with a stand alone amenity center and parking garages with necessary utility infrastructure", "sf_detached": 0.0, "sf_attached": 0.0, "duplex/triplex": 0.0, "multifamily": 0.0, "condo": 0.0, "project_itre": null, "sf_itre": null, "apt_itre": null, "duplex_itre": null, "townhouse_itre": null, "ADU_itre": null, "PROJECT_comp": "The Corners at Brier Creek", "A_STATUS": "Approved", "A_STATUS_DATE": 20200803143612.0, "lots_comp": null, "units_comp": 298.0, "apt_comp": null, "townhomes_comp": null, "condo_comp": null }, "geometry": { "type": "Point", "coordinates": [ -78.78768621179097, 35.923384674417278 ] } },
{ "type": "Feature", "properties": { "A_NUMBER": "D1900038", "DATE_open": null, "PROJECT_open": null, "DESCRIPTION": null, "sf_detached": null, "sf_attached": null, "duplex/triplex": null, "multifamily": null, "condo": null, "project_itre": null, "sf_itre": null, "apt_itre": null, "duplex_itre": null, "townhouse_itre": null, "ADU_itre": null, "PROJECT_comp": "Rollingdale Preliminary Plat", "A_STATUS": "Withdrawn", "A_STATUS_DATE": 20210601102910.0, "lots_comp": 25.0, "units_comp": 25.0, "apt_comp": null, "townhomes_comp": null, "condo_comp": null }, "geometry": null },
{ "type": "Feature", "properties": { "A_NUMBER": "D1900040", "DATE_open": null, "PROJECT_open": null, "DESCRIPTION": null, "sf_detached": null, "sf_attached": null, "duplex/triplex": null, "multifamily": null, "condo": null, "project_itre": null, "sf_itre": null, "apt_itre": null, "duplex_itre": null, "townhouse_itre": null, "ADU_itre": null, "PROJECT_comp": "751 South - Phase 1 Amendment #3", "A_STATUS": "Approved", "A_STATUS_DATE": 20190614160439.0, "lots_comp": null, "units_comp": null, "apt_comp": null, "townhomes_comp": null, "condo_comp": null }, "geometry": null },
{ "type": "Feature", "properties": { "A_NUMBER": "D1900050", "DATE_open": "2019-02-25T00:00:00", "PROJECT_open": "Corporation Street Townhomes", "DESCRIPTION": "3 Townhome Units", "sf_detached": 0.0, "sf_attached": 3.0, "duplex/triplex": 0.0, "multifamily": 0.0, "condo": 0.0, "project_itre": null, "sf_itre": null, "apt_itre": null, "duplex_itre": null, "townhouse_itre": null, "ADU_itre": null, "PROJECT_comp": "Corporation Street Townhomes", "A_STATUS": "Approved", "A_STATUS_DATE": 20200630120112.0, "lots_comp": null, "units_comp": 3.0, "apt_comp": null, "townhomes_comp": null, "condo_comp": null }, "geometry": { "type": "Point", "coordinates": [ -78.89699529425225, 36.001864517871738 ] } },
{ "type": "Feature", "properties": { "A_NUMBER": "D1900055", "DATE_open": "2019-02-27T00:00:00", "PROJECT_open": "Southgate Courtyard Site Improvements - Duke University", "DESCRIPTION": "Demolition and reconstruction of an exsisting courtyard for the Southgate Residence Hall - Duke University East Campus", "sf_detached": 0.0, "sf_attached": 0.0, "duplex/triplex": 0.0, "multifamily": 0.0, "condo": 0.0, "project_itre": null, "sf_itre": null, "apt_itre": null, "duplex_itre": null, "townhouse_itre": null, "ADU_itre": null, "PROJECT_comp": null, "A_STATUS": null, "A_STATUS_DATE": null, "lots_comp": null, "units_comp": null, "apt_comp": null, "townhomes_comp": null, "condo_comp": null }, "geometry": { "type": "Point", "coordinates": [ -78.915649926102759, 36.006850537058646 ] } },
{ "type": "Feature", "properties": { "A_NUMBER": "D1900073", "DATE_open": "2019-03-21T00:00:00", "PROJECT_open": "Odyssey Townhome Development", "DESCRIPTION": "165 Townhomes units plus 3 open space lots.", "sf_detached": 0.0, "sf_attached": 165.0, "duplex/triplex": 0.0, "multifamily": 0.0, "condo": 0.0, "project_itre": null, "sf_itre": null, "apt_itre": null, "duplex_itre": null, "townhouse_itre": null, "ADU_itre": null, "PROJECT_comp": "Odyssey Townhome Development", "A_STATUS": "Approved", "A_STATUS_DATE": 20220826084235.0, "lots_comp": 165.0, "units_comp": null, "apt_comp": null, "townhomes_comp": null, "condo_comp": null }, "geometry": { "type": "Point", "coordinates": [ -78.891497603074242, 35.926468448313145 ] } },
{ "type": "Feature", "properties": { "A_NUMBER": "D1900075", "DATE_open": "2019-03-22T00:00:00", "PROJECT_open": "614 Rigsbee", "DESCRIPTION": "614 Rigsbee - 171 Unit Condominium / 6,655 sf Retail Mixed Use project with 53,200 sf Structured Parking", "sf_detached": 0.0, "sf_attached": 0.0, "duplex/triplex": 0.0, "multifamily": 0.0, "condo": 171.0, "project_itre": null, "sf_itre": null, "apt_itre": null, "duplex_itre": null, "townhouse_itre": null, "ADU_itre": null, "PROJECT_comp": "614 Rigsbee", "A_STATUS": "Approved", "A_STATUS_DATE": 20190909134825.0, "lots_comp": null, "units_comp": 171.0, "apt_comp": null, "townhomes_comp": null, "condo_comp": "T" }, "geometry": { "type": "Point", "coordinates": [ -78.899480465334719, 36.001681153572562 ] } },
{ "type": "Feature", "properties": { "A_NUMBER": "D1900079", "DATE_open": "2019-03-27T00:00:00", "PROJECT_open": "510 E Pettigrew Apartments", "DESCRIPTION": "240 Unit apartment building over a 114,404 sf parking garage.", "sf_detached": 0.0, "sf_attached": 0.0, "duplex/triplex": 0.0, "multifamily": 240.0, "condo": 0.0, "project_itre": null, "sf_itre": null, "apt_itre": null, "duplex_itre": null, "townhouse_itre": null, "ADU_itre": null, "PROJECT_comp": "510 E Pettigrew Apartments", "A_STATUS": "Approved", "A_STATUS_DATE": 20191001154718.0, "lots_comp": null, "units_comp": 240.0, "apt_comp": null, "townhomes_comp": null, "condo_comp": null }, "geometry": { "type": "Point", "coordinates": [ -78.89768797865004, 35.989208327660457 ] } },
{ "type": "Feature", "properties": { "A_NUMBER": "D1900084", "DATE_open": "2019-03-28T00:00:00", "PROJECT_open": "Venable Center Multi-Family", "DESCRIPTION": "Multifamily building with structured parking - 244 units", "sf_detached": 0.0, "sf_attached": 0.0, "duplex/triplex": 0.0, "multifamily": 0.0, "condo": 0.0, "project_itre": null, "sf_itre": null, "apt_itre": null, "duplex_itre": null, "townhouse_itre": null, "ADU_itre": null, "PROJECT_comp": "Venable Center Multi-Family", "A_STATUS": "Approved", "A_STATUS_DATE": 20191202161200.0, "lots_comp": null, "units_comp": 244.0, "apt_comp": "T", "townhomes_comp": null, "condo_comp": null }, "geometry": { "type": "Point", "coordinates": [ -78.898336401086553, 35.99077822680524 ] } },
{ "type": "Feature", "properties": { "A_NUMBER": "D1900086", "DATE_open": "2019-04-02T00:00:00", "PROJECT_open": "Nova RTP", "DESCRIPTION": "Residential and Office - 46 Townhome units, 37 apartment units, 20,000 sq. ft. of additional building floor area", "sf_detached": 0.0, "sf_attached": 46.0, "duplex/triplex": 0.0, "multifamily": 37.0, "condo": 0.0, "project_itre": null, "sf_itre": null, "apt_itre": null, "duplex_itre": null, "townhouse_itre": null, "ADU_itre": null, "PROJECT_comp": null, "A_STATUS": null, "A_STATUS_DATE": null, "lots_comp": null, "units_comp": null, "apt_comp": null, "townhomes_comp": null, "condo_comp": null }, "geometry": { "type": "Point", "coordinates": [ -78.888640183798643, 35.937710134256541 ] } },
{ "type": "Feature", "properties": { "A_NUMBER": "D1900104", "DATE_open": "2019-04-15T00:00:00", "PROJECT_open": "Central Campus Parking Facilities", "DESCRIPTION": "Remove existing student housing and associated infrastructure to construct parking lots", "sf_detached": 0.0, "sf_attached": 0.0, "duplex/triplex": 0.0, "multifamily": 0.0, "condo": 0.0, "project_itre": null, "sf_itre": null, "apt_itre": null, "duplex_itre": null, "townhouse_itre": null, "ADU_itre": null, "PROJECT_comp": null, "A_STATUS": null, "A_STATUS_DATE": null, "lots_comp": null, "units_comp": null, "apt_comp": null, "townhomes_comp": null, "condo_comp": null }, "geometry": { "type": "Point", "coordinates": [ -78.9265006623651, 36.005577513575474 ] } },
{ "type": "Feature", "properties": { "A_NUMBER": "D1900105", "DATE_open": null, "PROJECT_open": null, "DESCRIPTION": null, "sf_detached": null, "sf_attached": null, "duplex/triplex": null, "multifamily": null, "condo": null, "project_itre": null, "sf_itre": null, "apt_itre": null, "duplex_itre": null, "townhouse_itre": null, "ADU_itre": null, "PROJECT_comp": "Sherron Road Tract", "A_STATUS": "Approved", "A_STATUS_DATE": 20190517140525.0, "lots_comp": null, "units_comp": null, "apt_comp": null, "townhomes_comp": null, "condo_comp": null }, "geometry": null },
{ "type": "Feature", "properties": { "A_NUMBER": "D1900109", "DATE_open": "2019-04-17T00:00:00", "PROJECT_open": "Northern Durham Convenience Site", "DESCRIPTION": "Construct a new solid waste convenience site for Northern Durham County residents", "sf_detached": 0.0, "sf_attached": 0.0, "duplex/triplex": 0.0, "multifamily": 0.0, "condo": 0.0, "project_itre": null, "sf_itre": null, "apt_itre": null, "duplex_itre": null, "townhouse_itre": null, "ADU_itre": null, "PROJECT_comp": null, "A_STATUS": null, "A_STATUS_DATE": null, "lots_comp": null, "units_comp": null, "apt_comp": null, "townhomes_comp": null, "condo_comp": null }, "geometry": { "type": "Point", "coordinates": [ -78.917049611407023, 36.2066285123407 ] } },
{ "type": "Feature", "properties": { "A_NUMBER": "D1900124", "DATE_open": null, "PROJECT_open": null, "DESCRIPTION": null, "sf_detached": null, "sf_attached": null, "duplex/triplex": null, "multifamily": null, "condo": null, "project_itre": null, "sf_itre": null, "apt_itre": null, "duplex_itre": null, "townhouse_itre": null, "ADU_itre": null, "PROJECT_comp": "Lumley Road - Townhomes Amendment 1", "A_STATUS": "Approved", "A_STATUS_DATE": 20190925155234.0, "lots_comp": null, "units_comp": null, "apt_comp": null, "townhomes_comp": null, "condo_comp": null }, "geometry": null },
{ "type": "Feature", "properties": { "A_NUMBER": "D1900127", "DATE_open": "2019-05-02T00:00:00", "PROJECT_open": "Oakridge", "DESCRIPTION": "100,000 SF mixed use development with associated surface parking. Office, retail and restaurant.", "sf_detached": 0.0, "sf_attached": 0.0, "duplex/triplex": 0.0, "multifamily": 0.0, "condo": 0.0, "project_itre": null, "sf_itre": null, "apt_itre": null, "duplex_itre": null, "townhouse_itre": null, "ADU_itre": null, "PROJECT_comp": null, "A_STATUS": null, "A_STATUS_DATE": null, "lots_comp": null, "units_comp": null, "apt_comp": null, "townhomes_comp": null, "condo_comp": null }, "geometry": { "type": "Point", "coordinates": [ -78.987508247272572, 35.960164823287371 ] } },
{ "type": "Feature", "properties": { "A_NUMBER": "D1900138", "DATE_open": "2019-05-09T00:00:00", "PROJECT_open": "NCCU Lawson Student Housing", "DESCRIPTION": "120-unit Student Housing at Lawson, Lincoln, and Dupree Streets", "sf_detached": 0.0, "sf_attached": 0.0, "duplex/triplex": 0.0, "multifamily": 0.0, "condo": 0.0, "project_itre": null, "sf_itre": null, "apt_itre": null, "duplex_itre": null, "townhouse_itre": null, "ADU_itre": null, "PROJECT_comp": null, "A_STATUS": null, "A_STATUS_DATE": null, "lots_comp": null, "units_comp": null, "apt_comp": null, "townhomes_comp": null, "condo_comp": null }, "geometry": { "type": "Point", "coordinates": [ -78.897614331277893, 35.976793464496474 ] } },
{ "type": "Feature", "properties": { "A_NUMBER": "D1900139", "DATE_open": "2019-05-10T00:00:00", "PROJECT_open": "North Roxboro Street Condos", "DESCRIPTION": "Eight New Condo Units", "sf_detached": 0.0, "sf_attached": 0.0, "duplex/triplex": 0.0, "multifamily": 0.0, "condo": 0.0, "project_itre": null, "sf_itre": null, "apt_itre": null, "duplex_itre": null, "townhouse_itre": null, "ADU_itre": null, "PROJECT_comp": null, "A_STATUS": null, "A_STATUS_DATE": null, "lots_comp": null, "units_comp": null, "apt_comp": null, "townhomes_comp": null, "condo_comp": null }, "geometry": { "type": "Point", "coordinates": [ -78.894430419530693, 35.998130579697275 ] } },
{ "type": "Feature", "properties": { "A_NUMBER": "D1900146", "DATE_open": "2019-05-14T00:00:00", "PROJECT_open": "Pinecrest", "DESCRIPTION": "Proposed 25 S-F lots, 11 Townhomes lots, 2 condo units in existing  mansion, 2 open space lots providing associated private drives and common access easements", "sf_detached": 25.0, "sf_attached": 11.0, "duplex/triplex": 0.0, "multifamily": 0.0, "condo": 2.0, "project_itre": null, "sf_itre": null, "apt_itre": null, "duplex_itre": null, "townhouse_itre": null, "ADU_itre": null, "PROJECT_comp": "Pinecrest", "A_STATUS": "Approved", "A_STATUS_DATE": 20211013105408.0, "lots_comp": 40.0, "units_comp": null, "apt_comp": null, "townhomes_comp": null, "condo_comp": null }, "geometry": { "type": "Point", "coordinates": [ -78.919495371460584, 35.9828428214825 ] } },
{ "type": "Feature", "properties": { "A_NUMBER": "D1900149", "DATE_open": null, "PROJECT_open": null, "DESCRIPTION": null, "sf_detached": null, "sf_attached": null, "duplex/triplex": null, "multifamily": null, "condo": null, "project_itre": null, "sf_itre": null, "apt_itre": null, "duplex_itre": null, "townhouse_itre": null, "ADU_itre": null, "PROJECT_comp": "Foster on the Park", "A_STATUS": "Approved", "A_STATUS_DATE": 20190927104321.0, "lots_comp": null, "units_comp": null, "apt_comp": null, "townhomes_comp": null, "condo_comp": null }, "geometry": null },
{ "type": "Feature", "properties": { "A_NUMBER": "D1900153", "DATE_open": null, "PROJECT_open": null, "DESCRIPTION": null, "sf_detached": null, "sf_attached": null, "duplex/triplex": null, "multifamily": null, "condo": null, "project_itre": null, "sf_itre": null, "apt_itre": null, "duplex_itre": null, "townhouse_itre": null, "ADU_itre": null, "PROJECT_comp": "Overture Farrington Road Amended Administrative Site Plan Level 2", "A_STATUS": "Approved", "A_STATUS_DATE": 20190725161622.0, "lots_comp": null, "units_comp": null, "apt_comp": null, "townhomes_comp": null, "condo_comp": null }, "geometry": null },
{ "type": "Feature", "properties": { "A_NUMBER": "D1900157", "DATE_open": null, "PROJECT_open": null, "DESCRIPTION": null, "sf_detached": null, "sf_attached": null, "duplex/triplex": null, "multifamily": null, "condo": null, "project_itre": null, "sf_itre": null, "apt_itre": null, "duplex_itre": null, "townhouse_itre": null, "ADU_itre": null, "PROJECT_comp": "Lakeshore Site Plan Amendment #2", "A_STATUS": "Approved", "A_STATUS_DATE": 20190620104516.0, "lots_comp": null, "units_comp": null, "apt_comp": null, "townhomes_comp": null, "condo_comp": null }, "geometry": null },
{ "type": "Feature", "properties": { "A_NUMBER": "D1900164", "DATE_open": "2019-05-24T00:00:00", "PROJECT_open": "The Vega 214 Hunt", "DESCRIPTION": "59 condominiums, 6030 sf commercial space and two levels of structured parking 39079 SF", "sf_detached": 0.0, "sf_attached": 0.0, "duplex/triplex": 0.0, "multifamily": 0.0, "condo": 59.0, "project_itre": null, "sf_itre": null, "apt_itre": null, "duplex_itre": null, "townhouse_itre": null, "ADU_itre": null, "PROJECT_comp": null, "A_STATUS": null, "A_STATUS_DATE": null, "lots_comp": null, "units_comp": null, "apt_comp": null, "townhomes_comp": null, "condo_comp": null }, "geometry": { "type": "Point", "coordinates": [ -78.900439561147834, 36.000215754915672 ] } },
{ "type": "Feature", "properties": { "A_NUMBER": "D1900171", "DATE_open": "2019-05-30T00:00:00", "PROJECT_open": "Ellis Road Phase 3", "DESCRIPTION": "37 Townhome units, 102 Attached S-F units (called Duplex), 146 Detached S-F lots", "sf_detached": 248.0, "sf_attached": 37.0, "duplex/triplex": 0.0, "multifamily": 0.0, "condo": 0.0, "project_itre": null, "sf_itre": null, "apt_itre": null, "duplex_itre": null, "townhouse_itre": null, "ADU_itre": null, "PROJECT_comp": "Ellis Road Phase 3", "A_STATUS": "Approved", "A_STATUS_DATE": 20200403135642.0, "lots_comp": 285.0, "units_comp": null, "apt_comp": null, "townhomes_comp": null, "condo_comp": null }, "geometry": { "type": "Point", "coordinates": [ -78.861667460322494, 35.951902999977534 ] } },
{ "type": "Feature", "properties": { "A_NUMBER": "D1900189", "DATE_open": null, "PROJECT_open": null, "DESCRIPTION": null, "sf_detached": null, "sf_attached": null, "duplex/triplex": null, "multifamily": null, "condo": null, "project_itre": null, "sf_itre": null, "apt_itre": null, "duplex_itre": null, "townhouse_itre": null, "ADU_itre": null, "PROJECT_comp": "Highland Park Subdivision", "A_STATUS": "Approved", "A_STATUS_DATE": 20190827083944.0, "lots_comp": null, "units_comp": null, "apt_comp": null, "townhomes_comp": null, "condo_comp": null }, "geometry": null },
{ "type": "Feature", "properties": { "A_NUMBER": "D1900191", "DATE_open": "2019-06-14T00:00:00", "PROJECT_open": "Davis Park East - Pod B", "DESCRIPTION": "Clearing, grading, construction of 383 apartment units, amenity, and associated road/utility infrastructure", "sf_detached": 0.0, "sf_attached": 0.0, "duplex/triplex": 0.0, "multifamily": 383.0, "condo": 0.0, "project_itre": null, "sf_itre": null, "apt_itre": null, "duplex_itre": null, "townhouse_itre": null, "ADU_itre": null, "PROJECT_comp": null, "A_STATUS": null, "A_STATUS_DATE": null, "lots_comp": null, "units_comp": null, "apt_comp": null, "townhomes_comp": null, "condo_comp": null }, "geometry": { "type": "Point", "coordinates": [ -78.860584287939631, 35.882208496334897 ] } },
{ "type": "Feature", "properties": { "A_NUMBER": "D1900218", "DATE_open": "2019-07-08T00:00:00", "PROJECT_open": "HUB RTP", "DESCRIPTION": "Infrastructure Constructure for Future Mixed Use Development", "sf_detached": 0.0, "sf_attached": 0.0, "duplex/triplex": 0.0, "multifamily": 0.0, "condo": 0.0, "project_itre": null, "sf_itre": null, "apt_itre": null, "duplex_itre": null, "townhouse_itre": null, "ADU_itre": null, "PROJECT_comp": null, "A_STATUS": null, "A_STATUS_DATE": null, "lots_comp": null, "units_comp": null, "apt_comp": null, "townhomes_comp": null, "condo_comp": null }, "geometry": { "type": "Point", "coordinates": [ -78.865478288591063, 35.894590181542483 ] } },
{ "type": "Feature", "properties": { "A_NUMBER": "D1900221", "DATE_open": "2019-07-10T00:00:00", "PROJECT_open": "The Landings at Southpoint Phase 2", "DESCRIPTION": "25 Condo Units", "sf_detached": 0.0, "sf_attached": 0.0, "duplex/triplex": 0.0, "multifamily": 0.0, "condo": 25.0, "project_itre": null, "sf_itre": null, "apt_itre": null, "duplex_itre": null, "townhouse_itre": null, "ADU_itre": null, "PROJECT_comp": "The Landings at Southpoint Phase 2", "A_STATUS": "Approved", "A_STATUS_DATE": 20191230091538.0, "lots_comp": null, "units_comp": 25.0, "apt_comp": null, "townhomes_comp": null, "condo_comp": null }, "geometry": { "type": "Point", "coordinates": [ -78.965271511474825, 35.914445401023897 ] } },
{ "type": "Feature", "properties": { "A_NUMBER": "D1900225", "DATE_open": "2019-07-11T00:00:00", "PROJECT_open": "Westpoint", "DESCRIPTION": "Proposed residential subdivison that includes single family and townhomes and the associated infrastructure", "sf_detached": 0.0, "sf_attached": 0.0, "duplex/triplex": 0.0, "multifamily": 0.0, "condo": 0.0, "project_itre": null, "sf_itre": null, "apt_itre": null, "duplex_itre": null, "townhouse_itre": null, "ADU_itre": null, "PROJECT_comp": "Westpoint", "A_STATUS": "Approved", "A_STATUS_DATE": 20220114144216.0, "lots_comp": 387.0, "units_comp": null, "apt_comp": null, "townhomes_comp": null, "condo_comp": null }, "geometry": { "type": "Point", "coordinates": [ -78.915113448593686, 36.064497251497173 ] } },
{ "type": "Feature", "properties": { "A_NUMBER": "D1900240", "DATE_open": "2019-07-18T00:00:00", "PROJECT_open": "Junction Road Subdivison", "DESCRIPTION": "Single Family Residential", "sf_detached": 0.0, "sf_attached": 0.0, "duplex/triplex": 0.0, "multifamily": 0.0, "condo": 0.0, "project_itre": null, "sf_itre": null, "apt_itre": null, "duplex_itre": null, "townhouse_itre": null, "ADU_itre": null, "PROJECT_comp": "Junction Road Subdivison", "A_STATUS": "Approved", "A_STATUS_DATE": 20200528130911.0, "lots_comp": 95.0, "units_comp": null, "apt_comp": null, "townhomes_comp": null, "condo_comp": null }, "geometry": { "type": "Point", "coordinates": [ -78.843484288173627, 36.021491414020439 ] } },
{ "type": "Feature", "properties": { "A_NUMBER": "D1900242", "DATE_open": "2019-07-19T00:00:00", "PROJECT_open": "Alexander Place Amendment 1", "DESCRIPTION": "Reduce number of townhouse units to 157, add phasing, parking, elevations, landscape, easement, retaining wall, boardwal, and road improvement changes", "sf_detached": 0.0, "sf_attached": 157.0, "duplex/triplex": 0.0, "multifamily": 0.0, "condo": 0.0, "project_itre": null, "sf_itre": null, "apt_itre": null, "duplex_itre": null, "townhouse_itre": null, "ADU_itre": null, "PROJECT_comp": "Alexander Place Amendment 1", "A_STATUS": "Approved", "A_STATUS_DATE": 20191104164021.0, "lots_comp": null, "units_comp": null, "apt_comp": null, "townhomes_comp": null, "condo_comp": null }, "geometry": { "type": "Point", "coordinates": [ -78.891227921899656, 35.882834187580833 ] } },
{ "type": "Feature", "properties": { "A_NUMBER": "D1900249", "DATE_open": null, "PROJECT_open": null, "DESCRIPTION": null, "sf_detached": null, "sf_attached": null, "duplex/triplex": null, "multifamily": null, "condo": null, "project_itre": null, "sf_itre": null, "apt_itre": null, "duplex_itre": null, "townhouse_itre": null, "ADU_itre": null, "PROJECT_comp": "Creekside Commons Amendment", "A_STATUS": "Approved", "A_STATUS_DATE": 20191126154044.0, "lots_comp": null, "units_comp": null, "apt_comp": null, "townhomes_comp": null, "condo_comp": null }, "geometry": null },
{ "type": "Feature", "properties": { "A_NUMBER": "D1900257", "DATE_open": null, "PROJECT_open": null, "DESCRIPTION": null, "sf_detached": null, "sf_attached": null, "duplex/triplex": null, "multifamily": null, "condo": null, "project_itre": null, "sf_itre": null, "apt_itre": null, "duplex_itre": null, "townhouse_itre": null, "ADU_itre": null, "PROJECT_comp": "Meadows North Amendment", "A_STATUS": "Approved", "A_STATUS_DATE": 20190809090531.0, "lots_comp": null, "units_comp": null, "apt_comp": null, "townhomes_comp": null, "condo_comp": null }, "geometry": null },
{ "type": "Feature", "properties": { "A_NUMBER": "D1900267", "DATE_open": "2019-08-05T00:00:00", "PROJECT_open": "Meadows at Twin Lakes", "DESCRIPTION": "88 Single Family Homes + 4 Open Spaces = total of 92", "sf_detached": 88.0, "sf_attached": 0.0, "duplex/triplex": 0.0, "multifamily": 0.0, "condo": 0.0, "project_itre": null, "sf_itre": null, "apt_itre": null, "duplex_itre": null, "townhouse_itre": null, "ADU_itre": null, "PROJECT_comp": null, "A_STATUS": null, "A_STATUS_DATE": null, "lots_comp": null, "units_comp": null, "apt_comp": null, "townhomes_comp": null, "condo_comp": null }, "geometry": { "type": "Point", "coordinates": [ -78.838263556724314, 36.000922925488638 ] } },
{ "type": "Feature", "properties": { "A_NUMBER": "D1900274", "DATE_open": "2019-08-09T00:00:00", "PROJECT_open": "Windhaven Crossing (New Haven) Townhouses", "DESCRIPTION": "Proposed Townhouse development with associated site improvements", "sf_detached": 0.0, "sf_attached": 0.0, "duplex/triplex": 0.0, "multifamily": 0.0, "condo": 0.0, "project_itre": null, "sf_itre": null, "apt_itre": null, "duplex_itre": null, "townhouse_itre": null, "ADU_itre": null, "PROJECT_comp": "Windhaven Crossing (New Haven) Townhouses", "A_STATUS": "Approved", "A_STATUS_DATE": 20221229130049.0, "lots_comp": 55.0, "units_comp": null, "apt_comp": null, "townhomes_comp": null, "condo_comp": null }, "geometry": { "type": "Point", "coordinates": [ -78.846880496938866, 35.937387064933823 ] } },
{ "type": "Feature", "properties": { "A_NUMBER": "D1900294", "DATE_open": "2019-08-20T00:00:00", "PROJECT_open": "Kendrick Estates", "DESCRIPTION": "38 Single - family lot cluster development, 2 stormwater ponds, and associated infrastructure", "sf_detached": 38.0, "sf_attached": 0.0, "duplex/triplex": 0.0, "multifamily": 0.0, "condo": 0.0, "project_itre": null, "sf_itre": null, "apt_itre": null, "duplex_itre": null, "townhouse_itre": null, "ADU_itre": null, "PROJECT_comp": "Kendrick Estates", "A_STATUS": "Approved", "A_STATUS_DATE": 20200529144903.0, "lots_comp": 24.0, "units_comp": null, "apt_comp": null, "townhomes_comp": null, "condo_comp": null }, "geometry": { "type": "Point", "coordinates": [ -78.991453930445758, 35.980401427382958 ] } },
{ "type": "Feature", "properties": { "A_NUMBER": "D1900301", "DATE_open": "2019-08-26T00:00:00", "PROJECT_open": "Magnolia - Phase IV", "DESCRIPTION": "53 Townhome Units + 2 open spaces = 55 lots", "sf_detached": 0.0, "sf_attached": 53.0, "duplex/triplex": 0.0, "multifamily": 0.0, "condo": 0.0, "project_itre": null, "sf_itre": null, "apt_itre": null, "duplex_itre": null, "townhouse_itre": null, "ADU_itre": null, "PROJECT_comp": "Magnolia - Phase IV", "A_STATUS": "Approved", "A_STATUS_DATE": 20200203113617.0, "lots_comp": 2.0, "units_comp": null, "apt_comp": null, "townhomes_comp": null, "condo_comp": null }, "geometry": { "type": "Point", "coordinates": [ -78.887955049818174, 36.054494896039309 ] } },
{ "type": "Feature", "properties": { "A_NUMBER": "D1900311", "DATE_open": "2019-08-28T00:00:00", "PROJECT_open": "Carolyn Drive", "DESCRIPTION": "21 Single Family lots + 3 open spaces", "sf_detached": 21.0, "sf_attached": 0.0, "duplex/triplex": 0.0, "multifamily": 0.0, "condo": 0.0, "project_itre": null, "sf_itre": null, "apt_itre": null, "duplex_itre": null, "townhouse_itre": null, "ADU_itre": null, "PROJECT_comp": "Carolyn Drive", "A_STATUS": "Approved", "A_STATUS_DATE": 20220902085139.0, "lots_comp": null, "units_comp": null, "apt_comp": null, "townhomes_comp": null, "condo_comp": null }, "geometry": { "type": "Point", "coordinates": [ -78.852024423477928, 35.97774960720956 ] } },
{ "type": "Feature", "properties": { "A_NUMBER": "D1900326", "DATE_open": "2019-09-12T00:00:00", "PROJECT_open": "Moriah Multi- Family", "DESCRIPTION": "264 Unit apartment complex, with 7,150 Sf  clubhouse and associated site work.", "sf_detached": 0.0, "sf_attached": 0.0, "duplex/triplex": 0.0, "multifamily": 264.0, "condo": 0.0, "project_itre": null, "sf_itre": null, "apt_itre": null, "duplex_itre": null, "townhouse_itre": null, "ADU_itre": null, "PROJECT_comp": "Moriah Multi- Family", "A_STATUS": "Approved", "A_STATUS_DATE": 20201021121258.0, "lots_comp": 1.0, "units_comp": 2.0, "apt_comp": null, "townhomes_comp": null, "condo_comp": null }, "geometry": { "type": "Point", "coordinates": [ -78.993764726745979, 35.947024684068914 ] } },
{ "type": "Feature", "properties": { "A_NUMBER": "D1900329", "DATE_open": null, "PROJECT_open": null, "DESCRIPTION": null, "sf_detached": null, "sf_attached": null, "duplex/triplex": null, "multifamily": null, "condo": null, "project_itre": null, "sf_itre": null, "apt_itre": null, "duplex_itre": null, "townhouse_itre": null, "ADU_itre": null, "PROJECT_comp": "Providence at Southpoint Amendment", "A_STATUS": "Approved", "A_STATUS_DATE": 20191016141302.0, "lots_comp": null, "units_comp": null, "apt_comp": null, "townhomes_comp": null, "condo_comp": null }, "geometry": null },
{ "type": "Feature", "properties": { "A_NUMBER": "D1900335", "DATE_open": "2019-09-18T00:00:00", "PROJECT_open": "308 w Corporation St", "DESCRIPTION": "2 New townhouses on vacant infill lot", "sf_detached": 0.0, "sf_attached": 2.0, "duplex/triplex": 0.0, "multifamily": 0.0, "condo": 0.0, "project_itre": null, "sf_itre": null, "apt_itre": null, "duplex_itre": null, "townhouse_itre": null, "ADU_itre": null, "PROJECT_comp": "308 w Corporation St", "A_STATUS": "Approved", "A_STATUS_DATE": 20200218145510.0, "lots_comp": 55.0, "units_comp": 55.0, "apt_comp": null, "townhomes_comp": null, "condo_comp": null }, "geometry": { "type": "Point", "coordinates": [ -78.898709077506766, 36.00221170934563 ] } },
{ "type": "Feature", "properties": { "A_NUMBER": "D1900336", "DATE_open": null, "PROJECT_open": null, "DESCRIPTION": null, "sf_detached": null, "sf_attached": null, "duplex/triplex": null, "multifamily": null, "condo": null, "project_itre": null, "sf_itre": null, "apt_itre": null, "duplex_itre": null, "townhouse_itre": null, "ADU_itre": null, "PROJECT_comp": "Witherspoon Apartments Site Plan Amendment", "A_STATUS": "Approved", "A_STATUS_DATE": 20201027120542.0, "lots_comp": null, "units_comp": null, "apt_comp": null, "townhomes_comp": null, "condo_comp": null }, "geometry": null },
{ "type": "Feature", "properties": { "A_NUMBER": "D1900337", "DATE_open": "2019-09-18T00:00:00", "PROJECT_open": "The Corners at Brier Creek Townhomes - North", "DESCRIPTION": "55 townhomes and associated infrastructure", "sf_detached": 0.0, "sf_attached": 55.0, "duplex/triplex": 0.0, "multifamily": 0.0, "condo": 0.0, "project_itre": null, "sf_itre": null, "apt_itre": null, "duplex_itre": null, "townhouse_itre": null, "ADU_itre": null, "PROJECT_comp": "The Corners at Brier Creek Townhomes - North", "A_STATUS": "Approved", "A_STATUS_DATE": 20211005105946.0, "lots_comp": 21.0, "units_comp": 20.0, "apt_comp": null, "townhomes_comp": null, "condo_comp": null }, "geometry": { "type": "Point", "coordinates": [ -78.78768621179097, 35.923384674417278 ] } },
{ "type": "Feature", "properties": { "A_NUMBER": "D1900351", "DATE_open": null, "PROJECT_open": null, "DESCRIPTION": null, "sf_detached": null, "sf_attached": null, "duplex/triplex": null, "multifamily": null, "condo": null, "project_itre": null, "sf_itre": null, "apt_itre": null, "duplex_itre": null, "townhouse_itre": null, "ADU_itre": null, "PROJECT_comp": "West Brier townes at Alexander Park", "A_STATUS": "Approved", "A_STATUS_DATE": 20191118093112.0, "lots_comp": 108.0, "units_comp": null, "apt_comp": null, "townhomes_comp": null, "condo_comp": null }, "geometry": null },
{ "type": "Feature", "properties": { "A_NUMBER": "D1900352", "DATE_open": null, "PROJECT_open": null, "DESCRIPTION": null, "sf_detached": null, "sf_attached": null, "duplex/triplex": null, "multifamily": null, "condo": null, "project_itre": null, "sf_itre": null, "apt_itre": null, "duplex_itre": null, "townhouse_itre": null, "ADU_itre": null, "PROJECT_comp": "707 Morehead Ave", "A_STATUS": "Withdrawn", "A_STATUS_DATE": 20250127173853.0, "lots_comp": null, "units_comp": null, "apt_comp": null, "townhomes_comp": null, "condo_comp": null }, "geometry": null },
{ "type": "Feature", "properties": { "A_NUMBER": "D1900359", "DATE_open": "2019-10-07T00:00:00", "PROJECT_open": "Croasdaile Village Heritage Hall", "DESCRIPTION": "Replace existing building with new building for loss of 2 units", "sf_detached": 0.0, "sf_attached": 0.0, "duplex/triplex": 0.0, "multifamily": 0.0, "condo": 0.0, "project_itre": null, "sf_itre": null, "apt_itre": null, "duplex_itre": null, "townhouse_itre": null, "ADU_itre": null, "PROJECT_comp": null, "A_STATUS": null, "A_STATUS_DATE": null, "lots_comp": null, "units_comp": null, "apt_comp": null, "townhomes_comp": null, "condo_comp": null }, "geometry": { "type": "Point", "coordinates": [ -78.939049070983813, 36.046641874203452 ] } },
{ "type": "Feature", "properties": { "A_NUMBER": "D1900363", "DATE_open": "2019-10-09T00:00:00", "PROJECT_open": "Olive Branch West", "DESCRIPTION": "108 Single - Family lots, 2 stormwater ponds, and associated infrastructure. Pending Annexation Petition", "sf_detached": 108.0, "sf_attached": 0.0, "duplex/triplex": 0.0, "multifamily": 0.0, "condo": 0.0, "project_itre": null, "sf_itre": null, "apt_itre": null, "duplex_itre": null, "townhouse_itre": null, "ADU_itre": null, "PROJECT_comp": "Olive Branch West", "A_STATUS": "Approved", "A_STATUS_DATE": 20210721133707.0, "lots_comp": null, "units_comp": null, "apt_comp": null, "townhomes_comp": null, "condo_comp": null }, "geometry": { "type": "Point", "coordinates": [ -78.786594022967023, 35.963707539507624 ] } },
{ "type": "Feature", "properties": { "A_NUMBER": "D1900365", "DATE_open": null, "PROJECT_open": null, "DESCRIPTION": null, "sf_detached": null, "sf_attached": null, "duplex/triplex": null, "multifamily": null, "condo": null, "project_itre": null, "sf_itre": null, "apt_itre": null, "duplex_itre": null, "townhouse_itre": null, "ADU_itre": null, "PROJECT_comp": "Gordon St Townes", "A_STATUS": "Approved", "A_STATUS_DATE": 20250328095938.0, "lots_comp": null, "units_comp": null, "apt_comp": null, "townhomes_comp": null, "condo_comp": null }, "geometry": null },
{ "type": "Feature", "properties": { "A_NUMBER": "D1900366", "DATE_open": null, "PROJECT_open": null, "DESCRIPTION": null, "sf_detached": null, "sf_attached": null, "duplex/triplex": null, "multifamily": null, "condo": null, "project_itre": null, "sf_itre": null, "apt_itre": null, "duplex_itre": null, "townhouse_itre": null, "ADU_itre": null, "PROJECT_comp": "Eliis Crossing Phase 2 Amendment", "A_STATUS": "Approved", "A_STATUS_DATE": 20200217154524.0, "lots_comp": 14.0, "units_comp": null, "apt_comp": null, "townhomes_comp": null, "condo_comp": null }, "geometry": null },
{ "type": "Feature", "properties": { "A_NUMBER": "D1900367", "DATE_open": null, "PROJECT_open": null, "DESCRIPTION": null, "sf_detached": null, "sf_attached": null, "duplex/triplex": null, "multifamily": null, "condo": null, "project_itre": null, "sf_itre": null, "apt_itre": null, "duplex_itre": null, "townhouse_itre": null, "ADU_itre": null, "PROJECT_comp": "Sterling Phase 2 (Amendment)", "A_STATUS": "Withdrawn", "A_STATUS_DATE": 20200514084807.0, "lots_comp": 188.0, "units_comp": null, "apt_comp": null, "townhomes_comp": null, "condo_comp": null }, "geometry": null },
{ "type": "Feature", "properties": { "A_NUMBER": "D1900379", "DATE_open": null, "PROJECT_open": null, "DESCRIPTION": null, "sf_detached": null, "sf_attached": null, "duplex/triplex": null, "multifamily": null, "condo": null, "project_itre": null, "sf_itre": null, "apt_itre": null, "duplex_itre": null, "townhouse_itre": null, "ADU_itre": null, "PROJECT_comp": "1900 Hillandale", "A_STATUS": "Withdrawn", "A_STATUS_DATE": 20240910125112.0, "lots_comp": null, "units_comp": null, "apt_comp": null, "townhomes_comp": null, "condo_comp": null }, "geometry": null },
{ "type": "Feature", "properties": { "A_NUMBER": "D1900394", "DATE_open": "2019-11-12T00:00:00", "PROJECT_open": "3404 Page Road", "DESCRIPTION": "Proposed townhome development. A total of 188 lots are proposed.", "sf_detached": 0.0, "sf_attached": 0.0, "duplex/triplex": 0.0, "multifamily": 0.0, "condo": 0.0, "project_itre": null, "sf_itre": null, "apt_itre": null, "duplex_itre": null, "townhouse_itre": null, "ADU_itre": null, "PROJECT_comp": "3404 Page Road", "A_STATUS": "Approved", "A_STATUS_DATE": 20210414123835.0, "lots_comp": null, "units_comp": 130.0, "apt_comp": null, "townhomes_comp": null, "condo_comp": null }, "geometry": { "type": "Point", "coordinates": [ -78.820890816588928, 35.902320901529947 ] } },
{ "type": "Feature", "properties": { "A_NUMBER": "D1900396", "DATE_open": null, "PROJECT_open": null, "DESCRIPTION": null, "sf_detached": null, "sf_attached": null, "duplex/triplex": null, "multifamily": null, "condo": null, "project_itre": null, "sf_itre": null, "apt_itre": null, "duplex_itre": null, "townhouse_itre": null, "ADU_itre": null, "PROJECT_comp": "Ross Road Apartments", "A_STATUS": "Approved", "A_STATUS_DATE": 20200331161759.0, "lots_comp": 10.0, "units_comp": null, "apt_comp": null, "townhomes_comp": null, "condo_comp": null }, "geometry": null },
{ "type": "Feature", "properties": { "A_NUMBER": "D1900397", "DATE_open": "2019-11-13T00:00:00", "PROJECT_open": "518 Morehead", "DESCRIPTION": "Residential multi-family project; 130 dwelling units proposed", "sf_detached": 0.0, "sf_attached": 0.0, "duplex/triplex": 0.0, "multifamily": 0.0, "condo": 0.0, "project_itre": null, "sf_itre": null, "apt_itre": null, "duplex_itre": null, "townhouse_itre": null, "ADU_itre": null, "PROJECT_comp": "518 Morehead", "A_STATUS": "Approved", "A_STATUS_DATE": 20250127165500.0, "lots_comp": null, "units_comp": null, "apt_comp": null, "townhomes_comp": null, "condo_comp": null }, "geometry": { "type": "Point", "coordinates": [ -78.909996012174361, 35.99215813416172 ] } },
{ "type": "Feature", "properties": { "A_NUMBER": "D1900411", "DATE_open": null, "PROJECT_open": null, "DESCRIPTION": null, "sf_detached": null, "sf_attached": null, "duplex/triplex": null, "multifamily": null, "condo": null, "project_itre": null, "sf_itre": null, "apt_itre": null, "duplex_itre": null, "townhouse_itre": null, "ADU_itre": null, "PROJECT_comp": "Salix Pointe", "A_STATUS": "Approved", "A_STATUS_DATE": 20210805124140.0, "lots_comp": null, "units_comp": null, "apt_comp": null, "townhomes_comp": null, "condo_comp": null }, "geometry": null },
{ "type": "Feature", "properties": { "A_NUMBER": "D1900416", "DATE_open": null, "PROJECT_open": null, "DESCRIPTION": null, "sf_detached": null, "sf_attached": null, "duplex/triplex": null, "multifamily": null, "condo": null, "project_itre": null, "sf_itre": null, "apt_itre": null, "duplex_itre": null, "townhouse_itre": null, "ADU_itre": null, "PROJECT_comp": "Davis Park East Amendment", "A_STATUS": "Approved", "A_STATUS_DATE": 20210108110550.0, "lots_comp": null, "units_comp": null, "apt_comp": null, "townhomes_comp": null, "condo_comp": null }, "geometry": null },
{ "type": "Feature", "properties": { "A_NUMBER": "D1900429", "DATE_open": null, "PROJECT_open": null, "DESCRIPTION": null, "sf_detached": null, "sf_attached": null, "duplex/triplex": null, "multifamily": null, "condo": null, "project_itre": null, "sf_itre": null, "apt_itre": null, "duplex_itre": null, "townhouse_itre": null, "ADU_itre": null, "PROJECT_comp": "Fendol Farms", "A_STATUS": "Approved", "A_STATUS_DATE": 20191216153702.0, "lots_comp": 85.0, "units_comp": null, "apt_comp": null, "townhomes_comp": null, "condo_comp": null }, "geometry": null },
{ "type": "Feature", "properties": { "A_NUMBER": "D2000009", "DATE_open": null, "PROJECT_open": null, "DESCRIPTION": null, "sf_detached": null, "sf_attached": null, "duplex/triplex": null, "multifamily": null, "condo": null, "project_itre": null, "sf_itre": null, "apt_itre": null, "duplex_itre": null, "townhouse_itre": null, "ADU_itre": null, "PROJECT_comp": "Fendol Farms Amendment", "A_STATUS": "Approved", "A_STATUS_DATE": 20200721141825.0, "lots_comp": null, "units_comp": null, "apt_comp": null, "townhomes_comp": null, "condo_comp": null }, "geometry": null },
{ "type": "Feature", "properties": { "A_NUMBER": "D2000010", "DATE_open": "2020-01-14T00:00:00", "PROJECT_open": "Sykes Properties", "DESCRIPTION": "80 Single Family Homes", "sf_detached": 80.0, "sf_attached": 0.0, "duplex/triplex": 0.0, "multifamily": 0.0, "condo": 0.0, "project_itre": null, "sf_itre": null, "apt_itre": null, "duplex_itre": null, "townhouse_itre": null, "ADU_itre": null, "PROJECT_comp": "Sykes Properties", "A_STATUS": "Approved", "A_STATUS_DATE": 20200817135719.0, "lots_comp": null, "units_comp": null, "apt_comp": null, "townhomes_comp": null, "condo_comp": null }, "geometry": { "type": "Point", "coordinates": [ -78.770140980300937, 35.927192234880089 ] } },
{ "type": "Feature", "properties": { "A_NUMBER": "D2000017", "DATE_open": null, "PROJECT_open": null, "DESCRIPTION": null, "sf_detached": null, "sf_attached": null, "duplex/triplex": null, "multifamily": null, "condo": null, "project_itre": null, "sf_itre": null, "apt_itre": null, "duplex_itre": null, "townhouse_itre": null, "ADU_itre": null, "PROJECT_comp": "Project Bluejay", "A_STATUS": "Approved", "A_STATUS_DATE": 20200324085956.0, "lots_comp": 292.0, "units_comp": null, "apt_comp": null, "townhomes_comp": null, "condo_comp": null }, "geometry": null },
{ "type": "Feature", "properties": { "A_NUMBER": "D2000036", "DATE_open": "2020-02-06T00:00:00", "PROJECT_open": "Weaving Water", "DESCRIPTION": "24 duplex units and 10 rooming house units", "sf_detached": 10.0, "sf_attached": 0.0, "duplex/triplex": 24.0, "multifamily": 0.0, "condo": 0.0, "project_itre": null, "sf_itre": null, "apt_itre": null, "duplex_itre": null, "townhouse_itre": null, "ADU_itre": null, "PROJECT_comp": "Weaving Water", "A_STATUS": "Approved", "A_STATUS_DATE": 20210712214811.0, "lots_comp": null, "units_comp": null, "apt_comp": null, "townhomes_comp": null, "condo_comp": null }, "geometry": { "type": "Point", "coordinates": [ -78.967978473598819, 36.056981871399685 ] } },
{ "type": "Feature", "properties": { "A_NUMBER": "D2000054", "DATE_open": "2020-02-28T00:00:00", "PROJECT_open": "Glenn Road Residential", "DESCRIPTION": "279 Townhouses, 10 O.S. lots , 3 Alley Parcels", "sf_detached": 0.0, "sf_attached": 279.0, "duplex/triplex": 0.0, "multifamily": 0.0, "condo": 0.0, "project_itre": null, "sf_itre": null, "apt_itre": null, "duplex_itre": null, "townhouse_itre": null, "ADU_itre": null, "PROJECT_comp": "Glenn Road Residential", "A_STATUS": "Approved", "A_STATUS_DATE": 20210128165301.0, "lots_comp": 289.0, "units_comp": null, "apt_comp": null, "townhomes_comp": "T", "condo_comp": null }, "geometry": { "type": "Point", "coordinates": [ -78.842988272510112, 36.038120568981412 ] } },
{ "type": "Feature", "properties": { "A_NUMBER": "D2000056", "DATE_open": null, "PROJECT_open": null, "DESCRIPTION": null, "sf_detached": null, "sf_attached": null, "duplex/triplex": null, "multifamily": null, "condo": null, "project_itre": null, "sf_itre": null, "apt_itre": null, "duplex_itre": null, "townhouse_itre": null, "ADU_itre": null, "PROJECT_comp": "1605 Erwin Road Multifamily - Amendment", "A_STATUS": "Approved", "A_STATUS_DATE": 20200417143101.0, "lots_comp": null, "units_comp": 83.0, "apt_comp": null, "townhomes_comp": null, "condo_comp": null }, "geometry": null },
{ "type": "Feature", "properties": { "A_NUMBER": "D2000073", "DATE_open": "2020-04-01T00:00:00", "PROJECT_open": "Griffin Townhomes", "DESCRIPTION": "280 townhome units plus 9 open space lots", "sf_detached": 0.0, "sf_attached": 280.0, "duplex/triplex": 0.0, "multifamily": 0.0, "condo": 0.0, "project_itre": null, "sf_itre": null, "apt_itre": null, "duplex_itre": null, "townhouse_itre": null, "ADU_itre": null, "PROJECT_comp": "Griffin Townhomes", "A_STATUS": "Approved", "A_STATUS_DATE": 20220701102036.0, "lots_comp": null, "units_comp": null, "apt_comp": null, "townhomes_comp": null, "condo_comp": null }, "geometry": { "type": "Point", "coordinates": [ -78.832762697805549, 36.023022092308452 ] } },
{ "type": "Feature", "properties": { "A_NUMBER": "D2000077", "DATE_open": "2020-04-09T00:00:00", "PROJECT_open": "Summer Meadows Apartments", "DESCRIPTION": "Proposed three apartment buildings (83 units) with associated parking,sidewalks,utilities & site grading", "sf_detached": 0.0, "sf_attached": 0.0, "duplex/triplex": 0.0, "multifamily": 83.0, "condo": 0.0, "project_itre": null, "sf_itre": null, "apt_itre": null, "duplex_itre": null, "townhouse_itre": null, "ADU_itre": null, "PROJECT_comp": "Summer Meadows Apartments", "A_STATUS": "Approved", "A_STATUS_DATE": 20201021105041.0, "lots_comp": null, "units_comp": null, "apt_comp": null, "townhomes_comp": null, "condo_comp": null }, "geometry": { "type": "Point", "coordinates": [ -78.890069950467307, 36.059718730033985 ] } },
{ "type": "Feature", "properties": { "A_NUMBER": "D2000080", "DATE_open": "2020-04-13T00:00:00", "PROJECT_open": "300 East Main Street", "DESCRIPTION": "105 Apartments,parking deck, retail and pre-school", "sf_detached": 0.0, "sf_attached": 0.0, "duplex/triplex": 0.0, "multifamily": 105.0, "condo": 0.0, "project_itre": null, "sf_itre": null, "apt_itre": null, "duplex_itre": null, "townhouse_itre": null, "ADU_itre": null, "PROJECT_comp": "300 East Main Street", "A_STATUS": "Approved", "A_STATUS_DATE": 20210202203937.0, "lots_comp": 98.0, "units_comp": null, "apt_comp": null, "townhomes_comp": null, "condo_comp": null }, "geometry": { "type": "Point", "coordinates": [ -78.896782491965354, 35.99361023416531 ] } },
{ "type": "Feature", "properties": { "A_NUMBER": "D2000081", "DATE_open": "2020-04-13T00:00:00", "PROJECT_open": "Trinity Quad & Gilbert Addoms Site & Utility Improvements", "DESCRIPTION": "Demolition and construction of a courtyard in the heart of East Campus at Duke University that will improve ADA accessibility. ADA site, and utility improvements for Gilbert Addoms Residence Hall.", "sf_detached": 0.0, "sf_attached": 0.0, "duplex/triplex": 0.0, "multifamily": 0.0, "condo": 0.0, "project_itre": null, "sf_itre": null, "apt_itre": null, "duplex_itre": null, "townhouse_itre": null, "ADU_itre": null, "PROJECT_comp": null, "A_STATUS": null, "A_STATUS_DATE": null, "lots_comp": null, "units_comp": null, "apt_comp": null, "townhomes_comp": null, "condo_comp": null }, "geometry": { "type": "Point", "coordinates": [ -78.915649926102759, 36.006850537058646 ] } },
{ "type": "Feature", "properties": { "A_NUMBER": "D2000089", "DATE_open": null, "PROJECT_open": null, "DESCRIPTION": null, "sf_detached": null, "sf_attached": null, "duplex/triplex": null, "multifamily": null, "condo": null, "project_itre": null, "sf_itre": null, "apt_itre": null, "duplex_itre": null, "townhouse_itre": null, "ADU_itre": null, "PROJECT_comp": "The Pointe at Stratford Lakes - Site Plan Amendment", "A_STATUS": "Approved", "A_STATUS_DATE": 20200723112531.0, "lots_comp": null, "units_comp": null, "apt_comp": null, "townhomes_comp": null, "condo_comp": null }, "geometry": null },
{ "type": "Feature", "properties": { "A_NUMBER": "D2000092", "DATE_open": "2020-04-24T00:00:00", "PROJECT_open": "Laurel Meadows", "DESCRIPTION": "Proposed townhouse subdivision with 98 lots and associated site work and infrastructure", "sf_detached": 0.0, "sf_attached": 98.0, "duplex/triplex": 0.0, "multifamily": 0.0, "condo": 0.0, "project_itre": null, "sf_itre": null, "apt_itre": null, "duplex_itre": null, "townhouse_itre": null, "ADU_itre": null, "PROJECT_comp": "Laurel Meadows", "A_STATUS": "Approved", "A_STATUS_DATE": 20201217213417.0, "lots_comp": 106.0, "units_comp": null, "apt_comp": null, "townhomes_comp": "T", "condo_comp": null }, "geometry": { "type": "Point", "coordinates": [ -78.916112073658908, 36.04954833022385 ] } },
{ "type": "Feature", "properties": { "A_NUMBER": "D2000099", "DATE_open": null, "PROJECT_open": null, "DESCRIPTION": null, "sf_detached": null, "sf_attached": null, "duplex/triplex": null, "multifamily": null, "condo": null, "project_itre": null, "sf_itre": null, "apt_itre": null, "duplex_itre": null, "townhouse_itre": null, "ADU_itre": null, "PROJECT_comp": "South Square Apartments Amendment", "A_STATUS": "Approved", "A_STATUS_DATE": 20200723124036.0, "lots_comp": null, "units_comp": null, "apt_comp": null, "townhomes_comp": null, "condo_comp": null }, "geometry": null },
{ "type": "Feature", "properties": { "A_NUMBER": "D2000100", "DATE_open": "2020-04-30T00:00:00", "PROJECT_open": "Sweetbrier (1001 Olive Branch Road) - Phase 1", "DESCRIPTION": "Level 4 Site Plan for 50 Single - Family & 49 Townhouse Lots, part of Phase 1 of Development", "sf_detached": 4.0, "sf_attached": 49.0, "duplex/triplex": 0.0, "multifamily": 0.0, "condo": 0.0, "project_itre": null, "sf_itre": null, "apt_itre": null, "duplex_itre": null, "townhouse_itre": null, "ADU_itre": null, "PROJECT_comp": "Sweetbrier (1001 Olive Branch Road) - Phase 1", "A_STATUS": "Approved", "A_STATUS_DATE": 20210624133242.0, "lots_comp": null, "units_comp": null, "apt_comp": null, "townhomes_comp": null, "condo_comp": null }, "geometry": { "type": "Point", "coordinates": [ -78.778358120734055, 35.952776344824478 ] } },
{ "type": "Feature", "properties": { "A_NUMBER": "D2000108", "DATE_open": "2020-05-15T00:00:00", "PROJECT_open": "Moriah Multi-family - Phase II", "DESCRIPTION": "43 Market rate apartments and 8 Affordale units", "sf_detached": 0.0, "sf_attached": 0.0, "duplex/triplex": 0.0, "multifamily": 43.0, "condo": 0.0, "project_itre": null, "sf_itre": null, "apt_itre": null, "duplex_itre": null, "townhouse_itre": null, "ADU_itre": null, "PROJECT_comp": "Moriah Multi-family - Phase II", "A_STATUS": "Approved", "A_STATUS_DATE": 20201106143335.0, "lots_comp": 344.0, "units_comp": null, "apt_comp": null, "townhomes_comp": null, "condo_comp": null }, "geometry": { "type": "Point", "coordinates": [ -78.993384457943662, 35.946145985106114 ] } },
{ "type": "Feature", "properties": { "A_NUMBER": "D2000109", "DATE_open": null, "PROJECT_open": null, "DESCRIPTION": null, "sf_detached": null, "sf_attached": null, "duplex/triplex": null, "multifamily": null, "condo": null, "project_itre": null, "sf_itre": null, "apt_itre": null, "duplex_itre": null, "townhouse_itre": null, "ADU_itre": null, "PROJECT_comp": "North Duke Street Mixed Use - Amendment", "A_STATUS": "Approved", "A_STATUS_DATE": 20250221134320.0, "lots_comp": null, "units_comp": null, "apt_comp": null, "townhomes_comp": null, "condo_comp": null }, "geometry": null },
{ "type": "Feature", "properties": { "A_NUMBER": "D2000110", "DATE_open": null, "PROJECT_open": null, "DESCRIPTION": null, "sf_detached": null, "sf_attached": null, "duplex/triplex": null, "multifamily": null, "condo": null, "project_itre": null, "sf_itre": null, "apt_itre": null, "duplex_itre": null, "townhouse_itre": null, "ADU_itre": null, "PROJECT_comp": "1001 Olive Branch Road - Phase 2", "A_STATUS": "Withdrawn", "A_STATUS_DATE": 20210107094340.0, "lots_comp": 57.0, "units_comp": null, "apt_comp": null, "townhomes_comp": null, "condo_comp": null }, "geometry": null },
{ "type": "Feature", "properties": { "A_NUMBER": "D2000112", "DATE_open": "2020-05-21T00:00:00", "PROJECT_open": "Vintage University Tower Apartments", "DESCRIPTION": "Construct four apartment buildings (208 Units), associated parking, and utilities", "sf_detached": 0.0, "sf_attached": 0.0, "duplex/triplex": 0.0, "multifamily": 208.0, "condo": 0.0, "project_itre": null, "sf_itre": null, "apt_itre": null, "duplex_itre": null, "townhouse_itre": null, "ADU_itre": null, "PROJECT_comp": "Vintage University Tower Apartments", "A_STATUS": "Approved", "A_STATUS_DATE": 20221222091116.0, "lots_comp": null, "units_comp": null, "apt_comp": null, "townhomes_comp": null, "condo_comp": null }, "geometry": { "type": "Point", "coordinates": [ -78.960370061941745, 35.971888169528036 ] } },
{ "type": "Feature", "properties": { "A_NUMBER": "D2000115", "DATE_open": "2020-05-26T00:00:00", "PROJECT_open": "Duke St. Seniors Housing", "DESCRIPTION": "80 units Multifamily Development with associated surface parking", "sf_detached": 0.0, "sf_attached": 0.0, "duplex/triplex": 0.0, "multifamily": 80.0, "condo": 0.0, "project_itre": null, "sf_itre": null, "apt_itre": null, "duplex_itre": null, "townhouse_itre": null, "ADU_itre": null, "PROJECT_comp": null, "A_STATUS": null, "A_STATUS_DATE": null, "lots_comp": null, "units_comp": null, "apt_comp": null, "townhomes_comp": null, "condo_comp": null }, "geometry": { "type": "Point", "coordinates": [ -78.907013730727897, 35.99043206330655 ] } },
{ "type": "Feature", "properties": { "A_NUMBER": "D2000116", "DATE_open": "2020-05-26T00:00:00", "PROJECT_open": "Sherron Road Townhomes", "DESCRIPTION": "55 Townhome Units + 2 Open Space Lots", "sf_detached": 0.0, "sf_attached": 55.0, "duplex/triplex": 0.0, "multifamily": 0.0, "condo": 0.0, "project_itre": null, "sf_itre": null, "apt_itre": null, "duplex_itre": null, "townhouse_itre": null, "ADU_itre": null, "PROJECT_comp": "Sherron Road Townhomes", "A_STATUS": "Approved", "A_STATUS_DATE": 20210816134334.0, "lots_comp": null, "units_comp": null, "apt_comp": null, "townhomes_comp": null, "condo_comp": null }, "geometry": { "type": "Point", "coordinates": [ -78.810668513863362, 35.962453819527312 ] } },
{ "type": "Feature", "properties": { "A_NUMBER": "D2000123", "DATE_open": "2020-06-01T00:00:00", "PROJECT_open": "GeerHouse", "DESCRIPTION": "Two new multistory buildings, with 312 apartment units, associated infrastructure and site improvements.", "sf_detached": 0.0, "sf_attached": 0.0, "duplex/triplex": 0.0, "multifamily": 312.0, "condo": 0.0, "project_itre": null, "sf_itre": null, "apt_itre": null, "duplex_itre": null, "townhouse_itre": null, "ADU_itre": null, "PROJECT_comp": "GeerHouse", "A_STATUS": "Approved", "A_STATUS_DATE": 20201124203436.0, "lots_comp": null, "units_comp": null, "apt_comp": null, "townhomes_comp": null, "condo_comp": null }, "geometry": { "type": "Point", "coordinates": [ -78.901006692435715, 36.003104242224346 ] } },
{ "type": "Feature", "properties": { "A_NUMBER": "D2000124", "DATE_open": "2020-06-02T00:00:00", "PROJECT_open": "The Forest at Duke Expansion", "DESCRIPTION": "Replacement of existing western building wing with new parking garage and residential towers. Demo and new building will create a net loss of 2 assisted living beds and the net addtion of 68 independent living units for a total of 300 units.\r\n\r\n", "sf_detached": 68.0, "sf_attached": 0.0, "duplex/triplex": 0.0, "multifamily": 0.0, "condo": 0.0, "project_itre": null, "sf_itre": null, "apt_itre": null, "duplex_itre": null, "townhouse_itre": null, "ADU_itre": null, "PROJECT_comp": "The Forest at Duke Expansion", "A_STATUS": "Approved", "A_STATUS_DATE": 20210330165919.0, "lots_comp": null, "units_comp": null, "apt_comp": null, "townhomes_comp": null, "condo_comp": null }, "geometry": { "type": "Point", "coordinates": [ -78.951311174038437, 35.97345995108487 ] } },
{ "type": "Feature", "properties": { "A_NUMBER": "D2000129", "DATE_open": null, "PROJECT_open": null, "DESCRIPTION": null, "sf_detached": null, "sf_attached": null, "duplex/triplex": null, "multifamily": null, "condo": null, "project_itre": null, "sf_itre": null, "apt_itre": null, "duplex_itre": null, "townhouse_itre": null, "ADU_itre": null, "PROJECT_comp": "Davis Park East - Pod B - Amendment", "A_STATUS": "Approved", "A_STATUS_DATE": 20230224110132.0, "lots_comp": null, "units_comp": 46.0, "apt_comp": null, "townhomes_comp": null, "condo_comp": null }, "geometry": null },
{ "type": "Feature", "properties": { "A_NUMBER": "D2000133", "DATE_open": null, "PROJECT_open": null, "DESCRIPTION": null, "sf_detached": null, "sf_attached": null, "duplex/triplex": null, "multifamily": null, "condo": null, "project_itre": null, "sf_itre": null, "apt_itre": null, "duplex_itre": null, "townhouse_itre": null, "ADU_itre": null, "PROJECT_comp": "Durham Gateway  Amendment", "A_STATUS": "Approved", "A_STATUS_DATE": 20201105202242.0, "lots_comp": null, "units_comp": null, "apt_comp": null, "townhomes_comp": null, "condo_comp": null }, "geometry": null },
{ "type": "Feature", "properties": { "A_NUMBER": "D2000135", "DATE_open": null, "PROJECT_open": null, "DESCRIPTION": null, "sf_detached": null, "sf_attached": null, "duplex/triplex": null, "multifamily": null, "condo": null, "project_itre": null, "sf_itre": null, "apt_itre": null, "duplex_itre": null, "townhouse_itre": null, "ADU_itre": null, "PROJECT_comp": "Creekside Apartments", "A_STATUS": "Withdrawn", "A_STATUS_DATE": 20220615142928.0, "lots_comp": null, "units_comp": null, "apt_comp": null, "townhomes_comp": null, "condo_comp": null }, "geometry": null },
{ "type": "Feature", "properties": { "A_NUMBER": "D2000141", "DATE_open": null, "PROJECT_open": null, "DESCRIPTION": null, "sf_detached": null, "sf_attached": null, "duplex/triplex": null, "multifamily": null, "condo": null, "project_itre": null, "sf_itre": null, "apt_itre": null, "duplex_itre": null, "townhouse_itre": null, "ADU_itre": null, "PROJECT_comp": "Brightleaf at the Park Tract 12", "A_STATUS": "Withdrawn", "A_STATUS_DATE": 20250214130527.0, "lots_comp": null, "units_comp": null, "apt_comp": null, "townhomes_comp": null, "condo_comp": null }, "geometry": null },
{ "type": "Feature", "properties": { "A_NUMBER": "D2000142", "DATE_open": null, "PROJECT_open": null, "DESCRIPTION": null, "sf_detached": null, "sf_attached": null, "duplex/triplex": null, "multifamily": null, "condo": null, "project_itre": null, "sf_itre": null, "apt_itre": null, "duplex_itre": null, "townhouse_itre": null, "ADU_itre": null, "PROJECT_comp": "Lumley Road - Townhomes Amendment", "A_STATUS": "Approved", "A_STATUS_DATE": 20200731180634.0, "lots_comp": 91.0, "units_comp": null, "apt_comp": null, "townhomes_comp": null, "condo_comp": null }, "geometry": null },
{ "type": "Feature", "properties": { "A_NUMBER": "D2000145", "DATE_open": "2020-06-22T00:00:00", "PROJECT_open": "521 Mangum", "DESCRIPTION": "Proposed 18 apartment unit condo project", "sf_detached": 0.0, "sf_attached": 0.0, "duplex/triplex": 0.0, "multifamily": 18.0, "condo": 0.0, "project_itre": null, "sf_itre": null, "apt_itre": null, "duplex_itre": null, "townhouse_itre": null, "ADU_itre": null, "PROJECT_comp": "521 Mangum", "A_STATUS": "Approved", "A_STATUS_DATE": 20210127225432.0, "lots_comp": null, "units_comp": null, "apt_comp": null, "townhomes_comp": null, "condo_comp": null }, "geometry": { "type": "Point", "coordinates": [ -78.897233206846636, 35.999605462681629 ] } },
{ "type": "Feature", "properties": { "A_NUMBER": "D2000155", "DATE_open": "2020-07-07T00:00:00", "PROJECT_open": "4000 Danube Lane", "DESCRIPTION": "90 townhome units with associated parking, utilities and stormwater.", "sf_detached": 0.0, "sf_attached": 90.0, "duplex/triplex": 0.0, "multifamily": 0.0, "condo": 0.0, "project_itre": null, "sf_itre": null, "apt_itre": null, "duplex_itre": null, "townhouse_itre": null, "ADU_itre": null, "PROJECT_comp": "4000 Danube Lane", "A_STATUS": "Approved", "A_STATUS_DATE": 20210319115429.0, "lots_comp": null, "units_comp": null, "apt_comp": null, "townhomes_comp": null, "condo_comp": null }, "geometry": { "type": "Point", "coordinates": [ -78.887388401192169, 36.047613965625523 ] } },
{ "type": "Feature", "properties": { "A_NUMBER": "D2000156", "DATE_open": null, "PROJECT_open": null, "DESCRIPTION": null, "sf_detached": null, "sf_attached": null, "duplex/triplex": null, "multifamily": null, "condo": null, "project_itre": null, "sf_itre": null, "apt_itre": null, "duplex_itre": null, "townhouse_itre": null, "ADU_itre": null, "PROJECT_comp": "Hunt Street Residential", "A_STATUS": "Withdrawn", "A_STATUS_DATE": 20220120095341.0, "lots_comp": 7.0, "units_comp": null, "apt_comp": null, "townhomes_comp": null, "condo_comp": null }, "geometry": null },
{ "type": "Feature", "properties": { "A_NUMBER": "D2000157", "DATE_open": null, "PROJECT_open": null, "DESCRIPTION": null, "sf_detached": null, "sf_attached": null, "duplex/triplex": null, "multifamily": null, "condo": null, "project_itre": null, "sf_itre": null, "apt_itre": null, "duplex_itre": null, "townhouse_itre": null, "ADU_itre": null, "PROJECT_comp": "Gordon St Townes Amendment 3", "A_STATUS": "Approved", "A_STATUS_DATE": 20200825160832.0, "lots_comp": 8.0, "units_comp": null, "apt_comp": null, "townhomes_comp": null, "condo_comp": null }, "geometry": null },
{ "type": "Feature", "properties": { "A_NUMBER": "D2000168", "DATE_open": "2020-07-17T00:00:00", "PROJECT_open": "608 N Mangum", "DESCRIPTION": "Proposed townhome (6 total ) project", "sf_detached": 0.0, "sf_attached": 6.0, "duplex/triplex": 0.0, "multifamily": 0.0, "condo": 0.0, "project_itre": null, "sf_itre": null, "apt_itre": null, "duplex_itre": null, "townhouse_itre": null, "ADU_itre": null, "PROJECT_comp": "608 N Mangum", "A_STATUS": "Approved", "A_STATUS_DATE": 20210223165717.0, "lots_comp": null, "units_comp": null, "apt_comp": null, "townhomes_comp": null, "condo_comp": null }, "geometry": { "type": "Point", "coordinates": [ -78.896073181110665, 35.999961228632948 ] } },
{ "type": "Feature", "properties": { "A_NUMBER": "D2000169", "DATE_open": null, "PROJECT_open": null, "DESCRIPTION": null, "sf_detached": null, "sf_attached": null, "duplex/triplex": null, "multifamily": null, "condo": null, "project_itre": null, "sf_itre": null, "apt_itre": null, "duplex_itre": null, "townhouse_itre": null, "ADU_itre": null, "PROJECT_comp": "Morningside", "A_STATUS": "Approved", "A_STATUS_DATE": 20210309102529.0, "lots_comp": 36.0, "units_comp": null, "apt_comp": null, "townhomes_comp": null, "condo_comp": null }, "geometry": null },
{ "type": "Feature", "properties": { "A_NUMBER": "D2000170", "DATE_open": null, "PROJECT_open": null, "DESCRIPTION": null, "sf_detached": null, "sf_attached": null, "duplex/triplex": null, "multifamily": null, "condo": null, "project_itre": null, "sf_itre": null, "apt_itre": null, "duplex_itre": null, "townhouse_itre": null, "ADU_itre": null, "PROJECT_comp": "510 E. Pettigrew Apartments Amendment", "A_STATUS": "Approved", "A_STATUS_DATE": 20210903155507.0, "lots_comp": null, "units_comp": null, "apt_comp": null, "townhomes_comp": null, "condo_comp": null }, "geometry": null },
{ "type": "Feature", "properties": { "A_NUMBER": "D2000173", "DATE_open": "2020-07-21T00:00:00", "PROJECT_open": "Phillips Creek Residential ( Previously Phillips Valley)", "DESCRIPTION": "33 Single Family lots with 3 open spaces and  associated site improvements.\r\n", "sf_detached": 33.0, "sf_attached": 0.0, "duplex/triplex": 0.0, "multifamily": 0.0, "condo": 0.0, "project_itre": null, "sf_itre": null, "apt_itre": null, "duplex_itre": null, "townhouse_itre": null, "ADU_itre": null, "PROJECT_comp": "Phillips Creek Residential ( Previously Phillips Valley)", "A_STATUS": "Approved", "A_STATUS_DATE": 20210708124959.0, "lots_comp": null, "units_comp": null, "apt_comp": null, "townhomes_comp": null, "condo_comp": null }, "geometry": { "type": "Point", "coordinates": [ -78.79927297733289, 36.013933138996379 ] } },
{ "type": "Feature", "properties": { "A_NUMBER": "D2000175", "DATE_open": "2020-07-23T00:00:00", "PROJECT_open": "Page Road Townhomes", "DESCRIPTION": "48 townhome project involving the construction of 900 LF of roadway and 11 buildings. In addition any associated stormwater and utilities.", "sf_detached": 0.0, "sf_attached": 48.0, "duplex/triplex": 0.0, "multifamily": 0.0, "condo": 0.0, "project_itre": null, "sf_itre": null, "apt_itre": null, "duplex_itre": null, "townhouse_itre": null, "ADU_itre": null, "PROJECT_comp": "Page Road Townhomes", "A_STATUS": "Approved", "A_STATUS_DATE": 20220419131625.0, "lots_comp": 387.0, "units_comp": null, "apt_comp": null, "townhomes_comp": null, "condo_comp": null }, "geometry": { "type": "Point", "coordinates": [ -78.828559959429171, 35.889982156038684 ] } },
{ "type": "Feature", "properties": { "A_NUMBER": "D2000176", "DATE_open": "2020-07-23T00:00:00", "PROJECT_open": "The Piedmont at Patterson Place Apartments", "DESCRIPTION": "3 Apartment buildings (299 units) in 2 Phases and Associated parking and utilities", "sf_detached": 0.0, "sf_attached": 0.0, "duplex/triplex": 0.0, "multifamily": 3.0, "condo": 0.0, "project_itre": null, "sf_itre": null, "apt_itre": null, "duplex_itre": null, "townhouse_itre": null, "ADU_itre": null, "PROJECT_comp": "The Piedmont at Patterson Place Apartments", "A_STATUS": "Approved", "A_STATUS_DATE": 20210427153345.0, "lots_comp": 65.0, "units_comp": null, "apt_comp": null, "townhomes_comp": null, "condo_comp": null }, "geometry": { "type": "Point", "coordinates": [ -78.990303196460289, 35.951684104491775 ] } },
{ "type": "Feature", "properties": { "A_NUMBER": "D2000183", "DATE_open": "2020-08-03T00:00:00", "PROJECT_open": "Triple Crown Conservation Subdivision", "DESCRIPTION": "Proposed residential subdivision that will include 254 single - family lots and 105 townhomes as well as the associated public streets and utilities", "sf_detached": 254.0, "sf_attached": 105.0, "duplex/triplex": 0.0, "multifamily": 0.0, "condo": 0.0, "project_itre": null, "sf_itre": null, "apt_itre": null, "duplex_itre": null, "townhouse_itre": null, "ADU_itre": null, "PROJECT_comp": "Triple Crown Conservation Subdivision", "A_STATUS": "Approved", "A_STATUS_DATE": 20211021134339.0, "lots_comp": null, "units_comp": null, "apt_comp": null, "townhomes_comp": null, "condo_comp": null }, "geometry": { "type": "Point", "coordinates": [ -78.777423814555249, 35.971776286295409 ] } },
{ "type": "Feature", "properties": { "A_NUMBER": "D2000198", "DATE_open": "2020-08-18T00:00:00", "PROJECT_open": "Arringdon Lot 3 Preliminary Plat Amendment", "DESCRIPTION": "Proposed increase from 59 to 65 townhomes, new elevations, roads changed to driveways, utility easement changes, landscape changes, parking and open space changes, storm layout changes", "sf_detached": 0.0, "sf_attached": 59.0, "duplex/triplex": 0.0, "multifamily": 0.0, "condo": 0.0, "project_itre": null, "sf_itre": null, "apt_itre": null, "duplex_itre": null, "townhouse_itre": null, "ADU_itre": null, "PROJECT_comp": "Arringdon Lot 3 Preliminary Plat Amendment", "A_STATUS": "Approved", "A_STATUS_DATE": 20210621220549.0, "lots_comp": null, "units_comp": null, "apt_comp": null, "townhomes_comp": null, "condo_comp": null }, "geometry": { "type": "Point", "coordinates": [ -78.827889213149135, 35.883454183596413 ] } },
{ "type": "Feature", "properties": { "A_NUMBER": "D2000211", "DATE_open": null, "PROJECT_open": null, "DESCRIPTION": null, "sf_detached": null, "sf_attached": null, "duplex/triplex": null, "multifamily": null, "condo": null, "project_itre": null, "sf_itre": null, "apt_itre": null, "duplex_itre": null, "townhouse_itre": null, "ADU_itre": null, "PROJECT_comp": "Providence At Southpoint Amendment", "A_STATUS": "Approved", "A_STATUS_DATE": 20201214135057.0, "lots_comp": 191.0, "units_comp": null, "apt_comp": null, "townhomes_comp": null, "condo_comp": null }, "geometry": null },
{ "type": "Feature", "properties": { "A_NUMBER": "D2000217", "DATE_open": "2020-09-14T00:00:00", "PROJECT_open": "Venable Center - Multi - Family (Amendment)", "DESCRIPTION": "Construction of apartment building and associated infrastructure and utility improvements", "sf_detached": 0.0, "sf_attached": 0.0, "duplex/triplex": 0.0, "multifamily": 0.0, "condo": 0.0, "project_itre": null, "sf_itre": null, "apt_itre": null, "duplex_itre": null, "townhouse_itre": null, "ADU_itre": null, "PROJECT_comp": null, "A_STATUS": null, "A_STATUS_DATE": null, "lots_comp": null, "units_comp": null, "apt_comp": null, "townhomes_comp": null, "condo_comp": null }, "geometry": { "type": "Point", "coordinates": [ -78.898336401086553, 35.99077822680524 ] } },
{ "type": "Feature", "properties": { "A_NUMBER": "D2000221", "DATE_open": "2020-09-16T00:00:00", "PROJECT_open": "Fox Crossing", "DESCRIPTION": "162 apartment units with associated parking and appurtenances", "sf_detached": 0.0, "sf_attached": 0.0, "duplex/triplex": 0.0, "multifamily": 162.0, "condo": 0.0, "project_itre": null, "sf_itre": null, "apt_itre": null, "duplex_itre": null, "townhouse_itre": null, "ADU_itre": null, "PROJECT_comp": "Fox Crossing", "A_STATUS": "Approved", "A_STATUS_DATE": 20250219154830.0, "lots_comp": null, "units_comp": null, "apt_comp": null, "townhomes_comp": null, "condo_comp": null }, "geometry": { "type": "Point", "coordinates": [ -78.848942598835634, 35.966019230899612 ] } },
{ "type": "Feature", "properties": { "A_NUMBER": "D2000225", "DATE_open": "2020-09-23T00:00:00", "PROJECT_open": "Harlowe Point (formerly S. Mineral and Pleasant)", "DESCRIPTION": "174 single family residential lots + 7 Open Space lots", "sf_detached": 174.0, "sf_attached": 0.0, "duplex/triplex": 0.0, "multifamily": 0.0, "condo": 0.0, "project_itre": null, "sf_itre": null, "apt_itre": null, "duplex_itre": null, "townhouse_itre": null, "ADU_itre": null, "PROJECT_comp": "Harlowe Point (formerly S. Mineral and Pleasant)", "A_STATUS": "Approved", "A_STATUS_DATE": 20220208074829.0, "lots_comp": 25.0, "units_comp": null, "apt_comp": null, "townhomes_comp": null, "condo_comp": null }, "geometry": { "type": "Point", "coordinates": [ -78.830212891553572, 35.967489236398393 ] } },
{ "type": "Feature", "properties": { "A_NUMBER": "D2000226", "DATE_open": "2020-09-23T00:00:00", "PROJECT_open": "Bethpage Apartments", "DESCRIPTION": "228 Multi - Family Apartment units and associated amenity spaces", "sf_detached": 0.0, "sf_attached": 0.0, "duplex/triplex": 0.0, "multifamily": 228.0, "condo": 0.0, "project_itre": null, "sf_itre": null, "apt_itre": null, "duplex_itre": null, "townhouse_itre": null, "ADU_itre": null, "PROJECT_comp": "Bethpage Apartments", "A_STATUS": "Approved", "A_STATUS_DATE": 20210714113351.0, "lots_comp": 68.0, "units_comp": null, "apt_comp": null, "townhomes_comp": null, "condo_comp": null }, "geometry": { "type": "Point", "coordinates": [ -78.826785038356022, 35.895550617010983 ] } },
{ "type": "Feature", "properties": { "A_NUMBER": "D2000240", "DATE_open": "2020-10-02T00:00:00", "PROJECT_open": "Farrington Townes", "DESCRIPTION": "25 townhome lots with associated streets, sidewalks, utilities, grading, stormwater and landscaping.", "sf_detached": 0.0, "sf_attached": 25.0, "duplex/triplex": 0.0, "multifamily": 0.0, "condo": 0.0, "project_itre": null, "sf_itre": null, "apt_itre": null, "duplex_itre": null, "townhouse_itre": null, "ADU_itre": null, "PROJECT_comp": "Farrington Townes", "A_STATUS": "Approved", "A_STATUS_DATE": 20211027110712.0, "lots_comp": null, "units_comp": null, "apt_comp": null, "townhomes_comp": null, "condo_comp": null }, "geometry": { "type": "Point", "coordinates": [ -78.984442063741383, 35.943017494624129 ] } },
{ "type": "Feature", "properties": { "A_NUMBER": "D2000244", "DATE_open": "2020-10-06T00:00:00", "PROJECT_open": "Shoccoree Residential", "DESCRIPTION": "63 Single - Family residential lots + 5 open space lots", "sf_detached": 63.0, "sf_attached": 0.0, "duplex/triplex": 0.0, "multifamily": 0.0, "condo": 0.0, "project_itre": null, "sf_itre": null, "apt_itre": null, "duplex_itre": null, "townhouse_itre": null, "ADU_itre": null, "PROJECT_comp": "Shoccoree Residential", "A_STATUS": "Approved", "A_STATUS_DATE": 20210819110221.0, "lots_comp": null, "units_comp": null, "apt_comp": null, "townhomes_comp": null, "condo_comp": null }, "geometry": { "type": "Point", "coordinates": [ -78.957744149107171, 36.033634704917837 ] } },
{ "type": "Feature", "properties": { "A_NUMBER": "D2000269", "DATE_open": "2020-11-02T00:00:00", "PROJECT_open": "509 North Mangum", "DESCRIPTION": "182 multi - story multi-family building", "sf_detached": 0.0, "sf_attached": 0.0, "duplex/triplex": 0.0, "multifamily": 0.0, "condo": 0.0, "project_itre": null, "sf_itre": null, "apt_itre": null, "duplex_itre": null, "townhouse_itre": null, "ADU_itre": null, "PROJECT_comp": null, "A_STATUS": null, "A_STATUS_DATE": null, "lots_comp": null, "units_comp": null, "apt_comp": null, "townhomes_comp": null, "condo_comp": null }, "geometry": { "type": "Point", "coordinates": [ -78.897881193482235, 35.999106592128612 ] } },
{ "type": "Feature", "properties": { "A_NUMBER": "D2000282", "DATE_open": "2020-11-17T00:00:00", "PROJECT_open": "Elizabeth Street Apartments", "DESCRIPTION": "Demolition and reconstruction of 72 multi - family residential units and associated surface parking AH", "sf_detached": 0.0, "sf_attached": 0.0, "duplex/triplex": 0.0, "multifamily": 72.0, "condo": 0.0, "project_itre": null, "sf_itre": null, "apt_itre": null, "duplex_itre": null, "townhouse_itre": null, "ADU_itre": null, "PROJECT_comp": "Elizabeth Street Apartments", "A_STATUS": "Approved", "A_STATUS_DATE": 20220711100359.0, "lots_comp": 354.0, "units_comp": null, "apt_comp": null, "townhomes_comp": null, "condo_comp": null }, "geometry": { "type": "Point", "coordinates": [ -78.892627072931447, 35.99225349845802 ] } },
{ "type": "Feature", "properties": { "A_NUMBER": "D2000286", "DATE_open": "2020-11-20T00:00:00", "PROJECT_open": "Hebron Village", "DESCRIPTION": "144 Townhome Units, 16 Single-Family Units, and 4 open space lots", "sf_detached": 16.0, "sf_attached": 144.0, "duplex/triplex": 0.0, "multifamily": 0.0, "condo": 0.0, "project_itre": null, "sf_itre": null, "apt_itre": null, "duplex_itre": null, "townhouse_itre": null, "ADU_itre": null, "PROJECT_comp": null, "A_STATUS": null, "A_STATUS_DATE": null, "lots_comp": null, "units_comp": null, "apt_comp": null, "townhomes_comp": null, "condo_comp": null }, "geometry": { "type": "Point", "coordinates": [ -78.893073339813057, 36.060928142296163 ] } },
{ "type": "Feature", "properties": { "A_NUMBER": "D2000287", "DATE_open": "2020-11-24T00:00:00", "PROJECT_open": "Farrington Multi- Family", "DESCRIPTION": "250 unit Apartment complex", "sf_detached": 0.0, "sf_attached": 0.0, "duplex/triplex": 0.0, "multifamily": 250.0, "condo": 0.0, "project_itre": null, "sf_itre": null, "apt_itre": null, "duplex_itre": null, "townhouse_itre": null, "ADU_itre": null, "PROJECT_comp": "Farrington Multi- Family", "A_STATUS": "Approved", "A_STATUS_DATE": 20210712145554.0, "lots_comp": null, "units_comp": null, "apt_comp": null, "townhomes_comp": null, "condo_comp": null }, "geometry": { "type": "Point", "coordinates": [ -78.986342768936197, 35.918128055448484 ] } },
{ "type": "Feature", "properties": { "A_NUMBER": "D2000288", "DATE_open": "2020-11-30T00:00:00", "PROJECT_open": "Leesville Road Assemblage", "DESCRIPTION": "344 townhome units and 10 open spaces lots.\r\n", "sf_detached": 0.0, "sf_attached": 344.0, "duplex/triplex": 0.0, "multifamily": 0.0, "condo": 0.0, "project_itre": null, "sf_itre": null, "apt_itre": null, "duplex_itre": null, "townhouse_itre": null, "ADU_itre": null, "PROJECT_comp": "Leesville Road Assemblage", "A_STATUS": "Approved", "A_STATUS_DATE": 20210701085651.0, "lots_comp": 115.0, "units_comp": null, "apt_comp": null, "townhomes_comp": null, "condo_comp": null }, "geometry": { "type": "Point", "coordinates": [ -78.77713816196443, 35.939100630523633 ] } },
{ "type": "Feature", "properties": { "A_NUMBER": "D2000291", "DATE_open": "2020-12-02T00:00:00", "PROJECT_open": "Umstead Grove Conservation Subdivision", "DESCRIPTION": "50 Single - family lots, 1 stormwater pond, ad associated infrastructure", "sf_detached": 50.0, "sf_attached": 0.0, "duplex/triplex": 0.0, "multifamily": 0.0, "condo": 0.0, "project_itre": null, "sf_itre": null, "apt_itre": null, "duplex_itre": null, "townhouse_itre": null, "ADU_itre": null, "PROJECT_comp": null, "A_STATUS": null, "A_STATUS_DATE": null, "lots_comp": null, "units_comp": null, "apt_comp": null, "townhomes_comp": null, "condo_comp": null }, "geometry": { "type": "Point", "coordinates": [ -78.945609141523178, 36.0750146922365 ] } },
{ "type": "Feature", "properties": { "A_NUMBER": "D2000294", "DATE_open": "2020-12-03T00:00:00", "PROJECT_open": "Arlene Pointe", "DESCRIPTION": "This project includes 24 single family lots with associated streets,sidewalks,utilities,grading,stormwater and landscaping", "sf_detached": 24.0, "sf_attached": 0.0, "duplex/triplex": 0.0, "multifamily": 0.0, "condo": 0.0, "project_itre": null, "sf_itre": null, "apt_itre": null, "duplex_itre": null, "townhouse_itre": null, "ADU_itre": null, "PROJECT_comp": null, "A_STATUS": null, "A_STATUS_DATE": null, "lots_comp": null, "units_comp": null, "apt_comp": null, "townhomes_comp": null, "condo_comp": null }, "geometry": { "type": "Point", "coordinates": [ -78.87825390927604, 36.042337257880519 ] } },
{ "type": "Feature", "properties": { "A_NUMBER": "D2000296", "DATE_open": null, "PROJECT_open": null, "DESCRIPTION": null, "sf_detached": null, "sf_attached": null, "duplex/triplex": null, "multifamily": null, "condo": null, "project_itre": null, "sf_itre": null, "apt_itre": null, "duplex_itre": null, "townhouse_itre": null, "ADU_itre": null, "PROJECT_comp": "Highland  View Subdivision ( formally Highland Park )", "A_STATUS": "Approved", "A_STATUS_DATE": 20210812211610.0, "lots_comp": 124.0, "units_comp": null, "apt_comp": null, "townhomes_comp": null, "condo_comp": null }, "geometry": null },
{ "type": "Feature", "properties": { "A_NUMBER": "D2000309", "DATE_open": "2020-12-18T00:00:00", "PROJECT_open": "Griffin Place North", "DESCRIPTION": "The proposed development includes 154 single family residential lots and road improvements on Ferrell Road and E Geer Street.", "sf_detached": 154.0, "sf_attached": 0.0, "duplex/triplex": 0.0, "multifamily": 0.0, "condo": 0.0, "project_itre": "Griffin Place North", "sf_itre": 161.0, "apt_itre": null, "duplex_itre": null, "townhouse_itre": null, "ADU_itre": null, "PROJECT_comp": "Griffin Place North", "A_STATUS": "Approved", "A_STATUS_DATE": 20230808232222.0, "lots_comp": null, "units_comp": null, "apt_comp": null, "townhomes_comp": null, "condo_comp": null }, "geometry": { "type": "Point", "coordinates": [ -78.832762697805549, 36.023022092308452 ] } },
{ "type": "Feature", "properties": { "A_NUMBER": "D2100001", "DATE_open": null, "PROJECT_open": null, "DESCRIPTION": null, "sf_detached": null, "sf_attached": null, "duplex/triplex": null, "multifamily": null, "condo": null, "project_itre": null, "sf_itre": null, "apt_itre": null, "duplex_itre": null, "townhouse_itre": null, "ADU_itre": null, "PROJECT_comp": "Selby Avenue Homes", "A_STATUS": "Withdrawn", "A_STATUS_DATE": 20250205112857.0, "lots_comp": 199.0, "units_comp": null, "apt_comp": null, "townhomes_comp": null, "condo_comp": null }, "geometry": null },
{ "type": "Feature", "properties": { "A_NUMBER": "D2100002", "DATE_open": "2021-01-05T00:00:00", "PROJECT_open": "Parmer RTP Campus Improvements Amendment", "DESCRIPTION": "Retrofit campus from single tenant use to multi- tenant use", "sf_detached": 0.0, "sf_attached": 0.0, "duplex/triplex": 0.0, "multifamily": 0.0, "condo": 0.0, "project_itre": null, "sf_itre": null, "apt_itre": null, "duplex_itre": null, "townhouse_itre": null, "ADU_itre": null, "PROJECT_comp": null, "A_STATUS": null, "A_STATUS_DATE": null, "lots_comp": null, "units_comp": null, "apt_comp": null, "townhomes_comp": null, "condo_comp": null }, "geometry": { "type": "Point", "coordinates": [ -78.862273465400861, 35.934452659990207 ] } },
{ "type": "Feature", "properties": { "A_NUMBER": "D2100011", "DATE_open": "2021-01-20T00:00:00", "PROJECT_open": "Angier Townhomes", "DESCRIPTION": "115 townhome units. four private roadways, sanitary pump,and associated amenities", "sf_detached": 0.0, "sf_attached": 115.0, "duplex/triplex": 0.0, "multifamily": 0.0, "condo": 0.0, "project_itre": null, "sf_itre": null, "apt_itre": null, "duplex_itre": null, "townhouse_itre": null, "ADU_itre": null, "PROJECT_comp": "Angier Townhomes", "A_STATUS": "Approved", "A_STATUS_DATE": 20210719124312.0, "lots_comp": 108.0, "units_comp": null, "apt_comp": null, "townhomes_comp": null, "condo_comp": null }, "geometry": { "type": "Point", "coordinates": [ -78.834491619948196, 35.94505508347595 ] } },
{ "type": "Feature", "properties": { "A_NUMBER": "D2100014", "DATE_open": "2021-01-21T00:00:00", "PROJECT_open": "318 W Corporation", "DESCRIPTION": "High density residential (82 apartments) with retail space", "sf_detached": 0.0, "sf_attached": 0.0, "duplex/triplex": 0.0, "multifamily": 82.0, "condo": 0.0, "project_itre": null, "sf_itre": null, "apt_itre": null, "duplex_itre": null, "townhouse_itre": null, "ADU_itre": null, "PROJECT_comp": null, "A_STATUS": null, "A_STATUS_DATE": null, "lots_comp": null, "units_comp": null, "apt_comp": null, "townhomes_comp": null, "condo_comp": null }, "geometry": { "type": "Point", "coordinates": [ -78.899494988663079, 36.002199696913223 ] } },
{ "type": "Feature", "properties": { "A_NUMBER": "D2100022", "DATE_open": "2021-01-25T00:00:00", "PROJECT_open": "Tredenham ( Formerly Known as Doc Nichols Road )", "DESCRIPTION": "Development of 66 townhomes, Annexation and Utility Agreement Approved as of Rezoning Case #Z1900054", "sf_detached": 0.0, "sf_attached": 66.0, "duplex/triplex": 0.0, "multifamily": 0.0, "condo": 0.0, "project_itre": null, "sf_itre": null, "apt_itre": null, "duplex_itre": null, "townhouse_itre": null, "ADU_itre": null, "PROJECT_comp": null, "A_STATUS": null, "A_STATUS_DATE": null, "lots_comp": null, "units_comp": null, "apt_comp": null, "townhomes_comp": null, "condo_comp": null }, "geometry": { "type": "Point", "coordinates": [ -78.793257810177252, 35.942378795795008 ] } },
{ "type": "Feature", "properties": { "A_NUMBER": "D2100024", "DATE_open": null, "PROJECT_open": null, "DESCRIPTION": null, "sf_detached": null, "sf_attached": null, "duplex/triplex": null, "multifamily": null, "condo": null, "project_itre": null, "sf_itre": null, "apt_itre": null, "duplex_itre": null, "townhouse_itre": null, "ADU_itre": null, "PROJECT_comp": "Corners at Brier Creek Townhomes - South", "A_STATUS": "Approved", "A_STATUS_DATE": 20210616095651.0, "lots_comp": null, "units_comp": null, "apt_comp": null, "townhomes_comp": null, "condo_comp": null }, "geometry": null },
{ "type": "Feature", "properties": { "A_NUMBER": "D2100030", "DATE_open": "2021-02-02T00:00:00", "PROJECT_open": "120 Broadway Street", "DESCRIPTION": "24 townhomes + 1 HOA lot  with bio-retention area.", "sf_detached": 0.0, "sf_attached": 24.0, "duplex/triplex": 0.0, "multifamily": 0.0, "condo": 0.0, "project_itre": null, "sf_itre": null, "apt_itre": null, "duplex_itre": null, "townhouse_itre": null, "ADU_itre": null, "PROJECT_comp": null, "A_STATUS": null, "A_STATUS_DATE": null, "lots_comp": null, "units_comp": null, "apt_comp": null, "townhomes_comp": null, "condo_comp": null }, "geometry": { "type": "Point", "coordinates": [ -78.897414396191621, 36.001364166153984 ] } },
{ "type": "Feature", "properties": { "A_NUMBER": "D2100034", "DATE_open": "2021-02-08T00:00:00", "PROJECT_open": "Wabash Parcels", "DESCRIPTION": "This project includes 40 townhome lots with associated streets, sidewalks, utilities, grading, stormwater, and landscaping", "sf_detached": 0.0, "sf_attached": 40.0, "duplex/triplex": 0.0, "multifamily": 0.0, "condo": 0.0, "project_itre": null, "sf_itre": null, "apt_itre": null, "duplex_itre": null, "townhouse_itre": null, "ADU_itre": null, "PROJECT_comp": null, "A_STATUS": null, "A_STATUS_DATE": null, "lots_comp": null, "units_comp": null, "apt_comp": null, "townhomes_comp": null, "condo_comp": null }, "geometry": { "type": "Point", "coordinates": [ -78.888965742901618, 35.969826895115382 ] } },
{ "type": "Feature", "properties": { "A_NUMBER": "D2100038", "DATE_open": "2021-02-10T00:00:00", "PROJECT_open": "Erwin Terrace Residential Wrapper & Pad 5", "DESCRIPTION": "245 Multi - family residential units, 11,189 sf commercial and 326 space structured parking", "sf_detached": 0.0, "sf_attached": 0.0, "duplex/triplex": 0.0, "multifamily": 245.0, "condo": 0.0, "project_itre": null, "sf_itre": null, "apt_itre": null, "duplex_itre": null, "townhouse_itre": null, "ADU_itre": null, "PROJECT_comp": "Erwin Terrace Residential Wrapper & Pad 5", "A_STATUS": "Approved", "A_STATUS_DATE": 20210715092252.0, "lots_comp": 14.0, "units_comp": null, "apt_comp": null, "townhomes_comp": null, "condo_comp": null }, "geometry": { "type": "Point", "coordinates": [ -78.947872921148615, 36.007323886373399 ] } },
{ "type": "Feature", "properties": { "A_NUMBER": "D2100040", "DATE_open": "2021-02-10T00:00:00", "PROJECT_open": "Townhome Development(1432 Ellis Rd)", "DESCRIPTION": "192 townhome units and associated amenities", "sf_detached": 0.0, "sf_attached": 192.0, "duplex/triplex": 0.0, "multifamily": 0.0, "condo": 0.0, "project_itre": null, "sf_itre": null, "apt_itre": null, "duplex_itre": null, "townhouse_itre": null, "ADU_itre": null, "PROJECT_comp": "Townhome Development(1432 Ellis Rd)", "A_STATUS": "Approved", "A_STATUS_DATE": 20210924101109.0, "lots_comp": null, "units_comp": null, "apt_comp": null, "townhomes_comp": null, "condo_comp": null }, "geometry": { "type": "Point", "coordinates": [ -78.870644226955605, 35.948099395070628 ] } },
{ "type": "Feature", "properties": { "A_NUMBER": "D2100041", "DATE_open": "2021-02-11T00:00:00", "PROJECT_open": "Lochwood (formerly Olive Branch East)", "DESCRIPTION": "108 Townhomes, 1 Stormwater control measure and associated infrastructure", "sf_detached": 0.0, "sf_attached": 108.0, "duplex/triplex": 0.0, "multifamily": 0.0, "condo": 0.0, "project_itre": null, "sf_itre": null, "apt_itre": null, "duplex_itre": null, "townhouse_itre": null, "ADU_itre": null, "PROJECT_comp": "Lochwood (formerly Olive Branch East)", "A_STATUS": "Approved", "A_STATUS_DATE": 20211210110638.0, "lots_comp": 19.0, "units_comp": null, "apt_comp": null, "townhomes_comp": null, "condo_comp": null }, "geometry": { "type": "Point", "coordinates": [ -78.78049673024509, 35.963750738542544 ] } },
{ "type": "Feature", "properties": { "A_NUMBER": "D2100045", "DATE_open": "2021-02-15T00:00:00", "PROJECT_open": "Alexander Crossing", "DESCRIPTION": "3 apartment buildings  ( 176 units ) and an amenity center", "sf_detached": 0.0, "sf_attached": 0.0, "duplex/triplex": 0.0, "multifamily": 3.0, "condo": 0.0, "project_itre": null, "sf_itre": null, "apt_itre": null, "duplex_itre": null, "townhouse_itre": null, "ADU_itre": null, "PROJECT_comp": "Alexander Crossing", "A_STATUS": "Approved", "A_STATUS_DATE": 20211105145459.0, "lots_comp": 190.0, "units_comp": null, "apt_comp": null, "townhomes_comp": null, "condo_comp": null }, "geometry": { "type": "Point", "coordinates": [ -78.88708393426937, 35.880767057169344 ] } },
{ "type": "Feature", "properties": { "A_NUMBER": "D2100048", "DATE_open": "2021-02-16T00:00:00", "PROJECT_open": "Selby Avenue Homes", "DESCRIPTION": "14 Attached homes w/ cul-de-sac road and utilities. Site plan cannot be an amendment due to pending rezoning case D2000018.\r\n", "sf_detached": 14.0, "sf_attached": 0.0, "duplex/triplex": 0.0, "multifamily": 0.0, "condo": 0.0, "project_itre": null, "sf_itre": null, "apt_itre": null, "duplex_itre": null, "townhouse_itre": null, "ADU_itre": null, "PROJECT_comp": "Selby Avenue Homes", "A_STATUS": "Approved", "A_STATUS_DATE": 20211221124328.0, "lots_comp": null, "units_comp": null, "apt_comp": null, "townhomes_comp": null, "condo_comp": null }, "geometry": { "type": "Point", "coordinates": [ -78.89536108020404, 35.953188027551477 ] } },
{ "type": "Feature", "properties": { "A_NUMBER": "D2100049", "DATE_open": "2021-02-17T00:00:00", "PROJECT_open": "Harriet's Place", "DESCRIPTION": "This project converts and restores the abandoned Y.W.C.A. building for 17 affordable housing multifamily units with parking.", "sf_detached": 0.0, "sf_attached": 0.0, "duplex/triplex": 0.0, "multifamily": 17.0, "condo": 0.0, "project_itre": null, "sf_itre": null, "apt_itre": null, "duplex_itre": null, "townhouse_itre": null, "ADU_itre": null, "PROJECT_comp": "Harriet's Place", "A_STATUS": "Approved", "A_STATUS_DATE": 20210709161442.0, "lots_comp": null, "units_comp": null, "apt_comp": null, "townhomes_comp": null, "condo_comp": null }, "geometry": { "type": "Point", "coordinates": [ -78.900480694030108, 35.982441647386239 ] } },
{ "type": "Feature", "properties": { "A_NUMBER": "D2100053", "DATE_open": "2021-02-18T00:00:00", "PROJECT_open": "Holloway Studios", "DESCRIPTION": "19 townhomes and 832 sf commercial space", "sf_detached": 0.0, "sf_attached": 19.0, "duplex/triplex": 0.0, "multifamily": 0.0, "condo": 0.0, "project_itre": null, "sf_itre": null, "apt_itre": null, "duplex_itre": null, "townhouse_itre": null, "ADU_itre": null, "PROJECT_comp": "Holloway Studios", "A_STATUS": "Approved", "A_STATUS_DATE": 20211214094720.0, "lots_comp": null, "units_comp": null, "apt_comp": null, "townhomes_comp": null, "condo_comp": null }, "geometry": { "type": "Point", "coordinates": [ -78.893659650038941, 35.993693295182062 ] } },
{ "type": "Feature", "properties": { "A_NUMBER": "D2100055", "DATE_open": "2021-02-18T00:00:00", "PROJECT_open": "Tanglewood", "DESCRIPTION": "181 proposed townhomes + 8 open spaces", "sf_detached": 0.0, "sf_attached": 181.0, "duplex/triplex": 0.0, "multifamily": 0.0, "condo": 0.0, "project_itre": null, "sf_itre": null, "apt_itre": null, "duplex_itre": null, "townhouse_itre": null, "ADU_itre": null, "PROJECT_comp": "Tanglewood", "A_STATUS": "Approved", "A_STATUS_DATE": 20211018101213.0, "lots_comp": 54.0, "units_comp": null, "apt_comp": null, "townhomes_comp": null, "condo_comp": null }, "geometry": { "type": "Point", "coordinates": [ -78.820252079117793, 35.908186081651237 ] } },
{ "type": "Feature", "properties": { "A_NUMBER": "D2100062", "DATE_open": "2021-02-25T00:00:00", "PROJECT_open": "Trails at Twin Lakes", "DESCRIPTION": "168 Multi-family apartment units and associated amenity spaces", "sf_detached": 0.0, "sf_attached": 0.0, "duplex/triplex": 0.0, "multifamily": 168.0, "condo": 0.0, "project_itre": null, "sf_itre": null, "apt_itre": null, "duplex_itre": null, "townhouse_itre": null, "ADU_itre": null, "PROJECT_comp": "Trails at Twin Lakes", "A_STATUS": "Approved", "A_STATUS_DATE": 20220105113453.0, "lots_comp": 419.0, "units_comp": null, "apt_comp": null, "townhomes_comp": null, "condo_comp": null }, "geometry": { "type": "Point", "coordinates": [ -78.845164217037009, 35.989514013702724 ] } },
{ "type": "Feature", "properties": { "A_NUMBER": "D2100065", "DATE_open": "2021-03-01T00:00:00", "PROJECT_open": "Broadway Mews", "DESCRIPTION": "10 Residential townhouse units", "sf_detached": 0.0, "sf_attached": 10.0, "duplex/triplex": 0.0, "multifamily": 0.0, "condo": 0.0, "project_itre": null, "sf_itre": null, "apt_itre": null, "duplex_itre": null, "townhouse_itre": null, "ADU_itre": null, "PROJECT_comp": "Broadway Mews", "A_STATUS": "Approved", "A_STATUS_DATE": 20220207135916.0, "lots_comp": null, "units_comp": null, "apt_comp": null, "townhomes_comp": null, "condo_comp": null }, "geometry": { "type": "Point", "coordinates": [ -78.896557750453454, 36.000731989032701 ] } },
{ "type": "Feature", "properties": { "A_NUMBER": "D2100070", "DATE_open": null, "PROJECT_open": null, "DESCRIPTION": null, "sf_detached": null, "sf_attached": null, "duplex/triplex": null, "multifamily": null, "condo": null, "project_itre": null, "sf_itre": null, "apt_itre": null, "duplex_itre": null, "townhouse_itre": null, "ADU_itre": null, "PROJECT_comp": "Ellis Road Phase 3 Amendment", "A_STATUS": "Approved", "A_STATUS_DATE": 20210628211647.0, "lots_comp": null, "units_comp": null, "apt_comp": null, "townhomes_comp": null, "condo_comp": null }, "geometry": null },
{ "type": "Feature", "properties": { "A_NUMBER": "D2100081", "DATE_open": "2021-03-12T00:00:00", "PROJECT_open": "Bronze Leaf Subdivision", "DESCRIPTION": "29 Single Family DU's and 25 Townhomes.", "sf_detached": 29.0, "sf_attached": 25.0, "duplex/triplex": 0.0, "multifamily": 0.0, "condo": 0.0, "project_itre": null, "sf_itre": null, "apt_itre": null, "duplex_itre": null, "townhouse_itre": null, "ADU_itre": null, "PROJECT_comp": "Bronze Leaf Subdivision", "A_STATUS": "Approved", "A_STATUS_DATE": 20220401164411.0, "lots_comp": null, "units_comp": null, "apt_comp": null, "townhomes_comp": null, "condo_comp": null }, "geometry": { "type": "Point", "coordinates": [ -78.946545580375656, 36.046097074047537 ] } },
{ "type": "Feature", "properties": { "A_NUMBER": "D2100088", "DATE_open": "2021-03-18T00:00:00", "PROJECT_open": "1101 Olive Branch Road (Solana)", "DESCRIPTION": "167 Townhome and 249 Single Family residential development", "sf_detached": 249.0, "sf_attached": 167.0, "duplex/triplex": 0.0, "multifamily": 0.0, "condo": 0.0, "project_itre": null, "sf_itre": null, "apt_itre": null, "duplex_itre": null, "townhouse_itre": null, "ADU_itre": null, "PROJECT_comp": "1101 Olive Branch Road (Solana)", "A_STATUS": "Approved", "A_STATUS_DATE": 20220203150157.0, "lots_comp": 81.0, "units_comp": null, "apt_comp": null, "townhomes_comp": null, "condo_comp": null }, "geometry": { "type": "Point", "coordinates": [ -78.763088188385112, 35.956467140691679 ] } },
{ "type": "Feature", "properties": { "A_NUMBER": "D2100097", "DATE_open": "2021-03-31T00:00:00", "PROJECT_open": "Signature Elevate at the Park", "DESCRIPTION": "336 apartment unit development with amenities, road improvements to NC 55 per Z1800013", "sf_detached": 0.0, "sf_attached": 0.0, "duplex/triplex": 0.0, "multifamily": 336.0, "condo": 0.0, "project_itre": null, "sf_itre": null, "apt_itre": null, "duplex_itre": null, "townhouse_itre": null, "ADU_itre": null, "PROJECT_comp": "Signature Elevate at the Park", "A_STATUS": "Approved", "A_STATUS_DATE": 20211001161248.0, "lots_comp": 49.0, "units_comp": null, "apt_comp": null, "townhomes_comp": null, "condo_comp": null }, "geometry": { "type": "Point", "coordinates": [ -78.891855076346346, 35.923216649837265 ] } },
{ "type": "Feature", "properties": { "A_NUMBER": "D2100098", "DATE_open": "2021-03-31T00:00:00", "PROJECT_open": "Hardee Street Apartments", "DESCRIPTION": "132 Apartments", "sf_detached": 0.0, "sf_attached": 0.0, "duplex/triplex": 0.0, "multifamily": 132.0, "condo": 0.0, "project_itre": null, "sf_itre": null, "apt_itre": null, "duplex_itre": null, "townhouse_itre": null, "ADU_itre": null, "PROJECT_comp": "Hardee Street Apartments", "A_STATUS": "Approved", "A_STATUS_DATE": 20220411155026.0, "lots_comp": null, "units_comp": null, "apt_comp": null, "townhomes_comp": null, "condo_comp": null }, "geometry": { "type": "Point", "coordinates": [ -78.868295969151063, 36.003976393975663 ] } },
{ "type": "Feature", "properties": { "A_NUMBER": "D2100100", "DATE_open": "2021-04-05T00:00:00", "PROJECT_open": "Crescent Multi-Family", "DESCRIPTION": "82 unit affordable housing apartment", "sf_detached": 0.0, "sf_attached": 0.0, "duplex/triplex": 0.0, "multifamily": 82.0, "condo": 0.0, "project_itre": null, "sf_itre": null, "apt_itre": null, "duplex_itre": null, "townhouse_itre": null, "ADU_itre": null, "PROJECT_comp": "Crescent Multi-Family", "A_STATUS": "Approved", "A_STATUS_DATE": 20211108164507.0, "lots_comp": 359.0, "units_comp": null, "apt_comp": null, "townhomes_comp": null, "condo_comp": null }, "geometry": { "type": "Point", "coordinates": [ -78.987224629897327, 35.917311441779596 ] } },
{ "type": "Feature", "properties": { "A_NUMBER": "D2100109", "DATE_open": "2021-04-09T00:00:00", "PROJECT_open": "1700 Hillandale Road", "DESCRIPTION": "80 unit townhouse development with associated site work", "sf_detached": 0.0, "sf_attached": 80.0, "duplex/triplex": 0.0, "multifamily": 0.0, "condo": 0.0, "project_itre": null, "sf_itre": null, "apt_itre": null, "duplex_itre": null, "townhouse_itre": null, "ADU_itre": null, "PROJECT_comp": "1700 Hillandale Road", "A_STATUS": "Approved", "A_STATUS_DATE": 20220523101908.0, "lots_comp": null, "units_comp": null, "apt_comp": null, "townhomes_comp": null, "condo_comp": null }, "geometry": { "type": "Point", "coordinates": [ -78.935090178353605, 36.026671773586756 ] } },
{ "type": "Feature", "properties": { "A_NUMBER": "D2100111", "DATE_open": "2021-04-12T00:00:00", "PROJECT_open": "Vintage Hill Subdivision", "DESCRIPTION": "This is a residential subdivision of a 20.96 acre tract to a 49 single-family unit subdivision.", "sf_detached": 49.0, "sf_attached": 0.0, "duplex/triplex": 0.0, "multifamily": 0.0, "condo": 0.0, "project_itre": "Vintage Hill Subdivision", "sf_itre": 49.0, "apt_itre": null, "duplex_itre": null, "townhouse_itre": null, "ADU_itre": null, "PROJECT_comp": "Vintage Hill Subdivision", "A_STATUS": "Approved", "A_STATUS_DATE": 20240315140730.0, "lots_comp": null, "units_comp": null, "apt_comp": null, "townhomes_comp": null, "condo_comp": null }, "geometry": { "type": "Point", "coordinates": [ -78.866722255001932, 36.109418967979003 ] } },
{ "type": "Feature", "properties": { "A_NUMBER": "D2100122", "DATE_open": "2021-04-21T00:00:00", "PROJECT_open": "Casa 606/608 (Apartments) Amendment 1", "DESCRIPTION": "Revision of building approved with D1900139, Addition of 2nd building and accoutrements. 14 apartments", "sf_detached": 0.0, "sf_attached": 0.0, "duplex/triplex": 0.0, "multifamily": 14.0, "condo": 0.0, "project_itre": null, "sf_itre": null, "apt_itre": null, "duplex_itre": null, "townhouse_itre": null, "ADU_itre": null, "PROJECT_comp": "Casa 606/608 (Apartments) Amendment 1", "A_STATUS": "Approved", "A_STATUS_DATE": 20210901154754.0, "lots_comp": null, "units_comp": null, "apt_comp": null, "townhomes_comp": null, "condo_comp": null }, "geometry": { "type": "Point", "coordinates": [ -78.894430419530693, 35.998130579697275 ] } },
{ "type": "Feature", "properties": { "A_NUMBER": "D2100123", "DATE_open": "2021-04-21T00:00:00", "PROJECT_open": "New Durham County Youth Home", "DESCRIPTION": "Demolition of existing youth home for the development of a new county youth home", "sf_detached": 0.0, "sf_attached": 0.0, "duplex/triplex": 0.0, "multifamily": 0.0, "condo": 0.0, "project_itre": null, "sf_itre": null, "apt_itre": null, "duplex_itre": null, "townhouse_itre": null, "ADU_itre": null, "PROJECT_comp": null, "A_STATUS": null, "A_STATUS_DATE": null, "lots_comp": null, "units_comp": null, "apt_comp": null, "townhomes_comp": null, "condo_comp": null }, "geometry": { "type": "Point", "coordinates": [ -78.909805644124717, 36.032881229547854 ] } },
{ "type": "Feature", "properties": { "A_NUMBER": "D2100130", "DATE_open": "2021-05-04T00:00:00", "PROJECT_open": "Newcastle", "DESCRIPTION": "Landscape enhancement around building and proposed site plan amenities for building tenants. Minor grading disturbance and additional parking proposed in interior courtyard.", "sf_detached": 0.0, "sf_attached": 0.0, "duplex/triplex": 0.0, "multifamily": 0.0, "condo": 0.0, "project_itre": null, "sf_itre": null, "apt_itre": null, "duplex_itre": null, "townhouse_itre": null, "ADU_itre": null, "PROJECT_comp": null, "A_STATUS": null, "A_STATUS_DATE": null, "lots_comp": null, "units_comp": null, "apt_comp": null, "townhomes_comp": null, "condo_comp": null }, "geometry": { "type": "Point", "coordinates": [ -78.846784620412521, 35.876161831270693 ] } },
{ "type": "Feature", "properties": { "A_NUMBER": "D2100132", "DATE_open": "2021-05-12T00:00:00", "PROJECT_open": "Olive Branch Reserve", "DESCRIPTION": "350 Single Family and Townhome Units", "sf_detached": 350.0, "sf_attached": 0.0, "duplex/triplex": 0.0, "multifamily": 0.0, "condo": 0.0, "project_itre": null, "sf_itre": null, "apt_itre": null, "duplex_itre": null, "townhouse_itre": null, "ADU_itre": null, "PROJECT_comp": "Olive Branch Reserve", "A_STATUS": "Approved", "A_STATUS_DATE": 20211228125711.0, "lots_comp": null, "units_comp": null, "apt_comp": null, "townhomes_comp": null, "condo_comp": null }, "geometry": { "type": "Point", "coordinates": [ -78.77020224303709, 35.949130984405379 ] } },
{ "type": "Feature", "properties": { "A_NUMBER": "D2100139", "DATE_open": "2021-05-13T00:00:00", "PROJECT_open": "512 W Geer St", "DESCRIPTION": "Residential building with 40 dwelling units and commercial space (3,451 SF)", "sf_detached": 0.0, "sf_attached": 0.0, "duplex/triplex": 0.0, "multifamily": 0.0, "condo": 0.0, "project_itre": null, "sf_itre": null, "apt_itre": null, "duplex_itre": null, "townhouse_itre": null, "ADU_itre": null, "PROJECT_comp": "512 W Geer St", "A_STATUS": "Approved", "A_STATUS_DATE": 20211108141055.0, "lots_comp": null, "units_comp": null, "apt_comp": null, "townhomes_comp": null, "condo_comp": null }, "geometry": { "type": "Point", "coordinates": [ -78.902456769574982, 36.003966938755006 ] } },
{ "type": "Feature", "properties": { "A_NUMBER": "D2100142", "DATE_open": "2021-05-24T00:00:00", "PROJECT_open": "Parmer RTP Campus Improvements - Phase II", "DESCRIPTION": "Retro-fit campus from a single tenant facility to a multi - tenant facility.", "sf_detached": 0.0, "sf_attached": 0.0, "duplex/triplex": 0.0, "multifamily": 0.0, "condo": 0.0, "project_itre": null, "sf_itre": null, "apt_itre": null, "duplex_itre": null, "townhouse_itre": null, "ADU_itre": null, "PROJECT_comp": null, "A_STATUS": null, "A_STATUS_DATE": null, "lots_comp": null, "units_comp": null, "apt_comp": null, "townhomes_comp": null, "condo_comp": null }, "geometry": { "type": "Point", "coordinates": [ -78.862273465400861, 35.934452659990207 ] } },
{ "type": "Feature", "properties": { "A_NUMBER": "D2100144", "DATE_open": "2021-05-25T00:00:00", "PROJECT_open": "American Tobacco Mixed Use Phase 1", "DESCRIPTION": "Mixed used development with office, retail, residential (343 apartment units), parking", "sf_detached": 0.0, "sf_attached": 0.0, "duplex/triplex": 0.0, "multifamily": 343.0, "condo": 0.0, "project_itre": null, "sf_itre": null, "apt_itre": null, "duplex_itre": null, "townhouse_itre": null, "ADU_itre": null, "PROJECT_comp": "American Tobacco Mixed Use Phase 1", "A_STATUS": "Approved", "A_STATUS_DATE": 20220720092806.0, "lots_comp": null, "units_comp": null, "apt_comp": null, "townhomes_comp": null, "condo_comp": null }, "geometry": { "type": "Point", "coordinates": [ -78.906511087253449, 35.993747719128613 ] } },
{ "type": "Feature", "properties": { "A_NUMBER": "D2100156", "DATE_open": "2021-06-04T00:00:00", "PROJECT_open": "ALTA Rutherford", "DESCRIPTION": "Multifamily Apartments", "sf_detached": 0.0, "sf_attached": 0.0, "duplex/triplex": 0.0, "multifamily": 0.0, "condo": 0.0, "project_itre": null, "sf_itre": null, "apt_itre": null, "duplex_itre": null, "townhouse_itre": null, "ADU_itre": null, "PROJECT_comp": "ALTA Rutherford", "A_STATUS": "Approved", "A_STATUS_DATE": 20220202145121.0, "lots_comp": 341.0, "units_comp": null, "apt_comp": null, "townhomes_comp": null, "condo_comp": null }, "geometry": { "type": "Point", "coordinates": [ -78.929910219331987, 36.010051037444569 ] } },
{ "type": "Feature", "properties": { "A_NUMBER": "D2100161", "DATE_open": null, "PROJECT_open": null, "DESCRIPTION": null, "sf_detached": null, "sf_attached": null, "duplex/triplex": null, "multifamily": null, "condo": null, "project_itre": null, "sf_itre": null, "apt_itre": null, "duplex_itre": null, "townhouse_itre": null, "ADU_itre": null, "PROJECT_comp": "Courtyards At Southpoint Amendment", "A_STATUS": "Approved", "A_STATUS_DATE": 20220919091856.0, "lots_comp": null, "units_comp": 246.0, "apt_comp": null, "townhomes_comp": null, "condo_comp": null }, "geometry": null },
{ "type": "Feature", "properties": { "A_NUMBER": "D2100162", "DATE_open": null, "PROJECT_open": null, "DESCRIPTION": null, "sf_detached": null, "sf_attached": null, "duplex/triplex": null, "multifamily": null, "condo": null, "project_itre": null, "sf_itre": null, "apt_itre": null, "duplex_itre": null, "townhouse_itre": null, "ADU_itre": null, "PROJECT_comp": "Yancey Street Condos Amendment", "A_STATUS": "Approved", "A_STATUS_DATE": 20210901161908.0, "lots_comp": null, "units_comp": 66.0, "apt_comp": null, "townhomes_comp": null, "condo_comp": null }, "geometry": null },
{ "type": "Feature", "properties": { "A_NUMBER": "D2100163", "DATE_open": "2021-06-14T00:00:00", "PROJECT_open": "Huckleberry", "DESCRIPTION": "Ground floor retail sales, 2nd floor residential apartments (4 units) - Renovation and addition to existing commercial building", "sf_detached": 0.0, "sf_attached": 0.0, "duplex/triplex": 0.0, "multifamily": 2.0, "condo": 0.0, "project_itre": null, "sf_itre": null, "apt_itre": null, "duplex_itre": null, "townhouse_itre": null, "ADU_itre": null, "PROJECT_comp": null, "A_STATUS": null, "A_STATUS_DATE": null, "lots_comp": null, "units_comp": null, "apt_comp": null, "townhomes_comp": null, "condo_comp": null }, "geometry": { "type": "Point", "coordinates": [ -78.909044813737367, 36.000513515691487 ] } },
{ "type": "Feature", "properties": { "A_NUMBER": "D2100168", "DATE_open": null, "PROJECT_open": null, "DESCRIPTION": null, "sf_detached": null, "sf_attached": null, "duplex/triplex": null, "multifamily": null, "condo": null, "project_itre": null, "sf_itre": null, "apt_itre": null, "duplex_itre": null, "townhouse_itre": null, "ADU_itre": null, "PROJECT_comp": "5RA018A/ 372920", "A_STATUS": "Approved", "A_STATUS_DATE": 20210727100640.0, "lots_comp": null, "units_comp": null, "apt_comp": null, "townhomes_comp": null, "condo_comp": null }, "geometry": null },
{ "type": "Feature", "properties": { "A_NUMBER": "D2100175", "DATE_open": "2021-06-24T00:00:00", "PROJECT_open": "1001 Olive Branch Subdivision - Sweetbrier - Phase 2", "DESCRIPTION": "124 Single-Family Detached and 207 Townhouse lots plus 10 Open Space lots", "sf_detached": 124.0, "sf_attached": 207.0, "duplex/triplex": 0.0, "multifamily": 0.0, "condo": 0.0, "project_itre": null, "sf_itre": null, "apt_itre": null, "duplex_itre": null, "townhouse_itre": null, "ADU_itre": null, "PROJECT_comp": "1001 Olive Branch Subdivision - Sweetbrier - Phase 2", "A_STATUS": "Approved", "A_STATUS_DATE": 20220610121558.0, "lots_comp": null, "units_comp": 370.0, "apt_comp": null, "townhomes_comp": null, "condo_comp": null }, "geometry": { "type": "Point", "coordinates": [ -78.778358120734055, 35.952776344824478 ] } },
{ "type": "Feature", "properties": { "A_NUMBER": "D2100186", "DATE_open": "2021-07-01T00:00:00", "PROJECT_open": "500 East Main Street", "DESCRIPTION": "745,475 SF Multi-Family Housing (246 apartment units), Retail, Structured Parking", "sf_detached": 0.0, "sf_attached": 0.0, "duplex/triplex": 0.0, "multifamily": 246.0, "condo": 0.0, "project_itre": null, "sf_itre": null, "apt_itre": null, "duplex_itre": null, "townhouse_itre": null, "ADU_itre": null, "PROJECT_comp": "500 East Main Street", "A_STATUS": "Approved", "A_STATUS_DATE": 20220419161634.0, "lots_comp": null, "units_comp": null, "apt_comp": null, "townhomes_comp": null, "condo_comp": null }, "geometry": { "type": "Point", "coordinates": [ -78.895458431178184, 35.991264182487456 ] } },
{ "type": "Feature", "properties": { "A_NUMBER": "D2100187", "DATE_open": "2021-07-01T00:00:00", "PROJECT_open": "Gateway Center Building 2 (Amendment)", "DESCRIPTION": "Amendment to D1900025, reducing the number of Multifamily Units from 112 to 66.", "sf_detached": 0.0, "sf_attached": 0.0, "duplex/triplex": 0.0, "multifamily": 112.0, "condo": 0.0, "project_itre": null, "sf_itre": null, "apt_itre": null, "duplex_itre": null, "townhouse_itre": null, "ADU_itre": null, "PROJECT_comp": "Gateway Center Building 2 (Amendment)", "A_STATUS": "Approved", "A_STATUS_DATE": 20211028105857.0, "lots_comp": null, "units_comp": null, "apt_comp": null, "townhomes_comp": null, "condo_comp": null }, "geometry": { "type": "Point", "coordinates": [ -78.900428027732573, 35.990001209800788 ] } },
{ "type": "Feature", "properties": { "A_NUMBER": "D2100198", "DATE_open": null, "PROJECT_open": null, "DESCRIPTION": null, "sf_detached": null, "sf_attached": null, "duplex/triplex": null, "multifamily": null, "condo": null, "project_itre": null, "sf_itre": null, "apt_itre": null, "duplex_itre": null, "townhouse_itre": null, "ADU_itre": null, "PROJECT_comp": "Bethpage Village Multi-Family Amendment", "A_STATUS": "Approved", "A_STATUS_DATE": 20211004113337.0, "lots_comp": null, "units_comp": null, "apt_comp": null, "townhomes_comp": null, "condo_comp": null }, "geometry": null },
{ "type": "Feature", "properties": { "A_NUMBER": "D2100201", "DATE_open": "2021-07-12T00:00:00", "PROJECT_open": "Crutchfield St Mixed Use Building", "DESCRIPTION": "Medical Office with 3 additional stories of 25 Multi-Family dwelling units on two parcels to be recombined - 12,225 sf", "sf_detached": 0.0, "sf_attached": 0.0, "duplex/triplex": 0.0, "multifamily": 3.0, "condo": 0.0, "project_itre": null, "sf_itre": null, "apt_itre": null, "duplex_itre": null, "townhouse_itre": null, "ADU_itre": null, "PROJECT_comp": null, "A_STATUS": null, "A_STATUS_DATE": null, "lots_comp": null, "units_comp": null, "apt_comp": null, "townhomes_comp": null, "condo_comp": null }, "geometry": { "type": "Point", "coordinates": [ -78.90525553526362, 36.039267737910201 ] } },
{ "type": "Feature", "properties": { "A_NUMBER": "D2100205", "DATE_open": "2021-07-15T00:00:00", "PROJECT_open": "The Village at Ellis Crossing", "DESCRIPTION": "397,000 Total SF: Apartments (264 units), Accessory Uses, Retail uses.  Per D-Plan Z1500007", "sf_detached": 0.0, "sf_attached": 0.0, "duplex/triplex": 0.0, "multifamily": 264.0, "condo": 0.0, "project_itre": null, "sf_itre": null, "apt_itre": null, "duplex_itre": null, "townhouse_itre": null, "ADU_itre": null, "PROJECT_comp": null, "A_STATUS": null, "A_STATUS_DATE": null, "lots_comp": null, "units_comp": null, "apt_comp": null, "townhomes_comp": null, "condo_comp": null }, "geometry": { "type": "Point", "coordinates": [ -78.858185811291079, 35.942024307655757 ] } },
{ "type": "Feature", "properties": { "A_NUMBER": "D2100206", "DATE_open": "2021-07-16T00:00:00", "PROJECT_open": "Blocks B & C at the Hub RTP", "DESCRIPTION": "375 Units of Apartments in two Multi-Family buildings containing  321,846 total SF", "sf_detached": 0.0, "sf_attached": 0.0, "duplex/triplex": 0.0, "multifamily": 375.0, "condo": 0.0, "project_itre": null, "sf_itre": null, "apt_itre": null, "duplex_itre": null, "townhouse_itre": null, "ADU_itre": null, "PROJECT_comp": "Blocks B & C at the Hub RTP", "A_STATUS": "Approved", "A_STATUS_DATE": 20220208162321.0, "lots_comp": null, "units_comp": null, "apt_comp": null, "townhomes_comp": null, "condo_comp": null }, "geometry": { "type": "Point", "coordinates": [ -78.863083997021221, 35.892970652029362 ] } },
{ "type": "Feature", "properties": { "A_NUMBER": "D2100210", "DATE_open": null, "PROJECT_open": null, "DESCRIPTION": null, "sf_detached": null, "sf_attached": null, "duplex/triplex": null, "multifamily": null, "condo": null, "project_itre": null, "sf_itre": null, "apt_itre": null, "duplex_itre": null, "townhouse_itre": null, "ADU_itre": null, "PROJECT_comp": "Alexander Place (Townhomes) Amendment 3", "A_STATUS": "Approved", "A_STATUS_DATE": 20211109155935.0, "lots_comp": null, "units_comp": null, "apt_comp": null, "townhomes_comp": null, "condo_comp": null }, "geometry": null },
{ "type": "Feature", "properties": { "A_NUMBER": "D2100231", "DATE_open": null, "PROJECT_open": null, "DESCRIPTION": null, "sf_detached": null, "sf_attached": null, "duplex/triplex": null, "multifamily": null, "condo": null, "project_itre": null, "sf_itre": null, "apt_itre": null, "duplex_itre": null, "townhouse_itre": null, "ADU_itre": null, "PROJECT_comp": "Fendol Farms Amendment", "A_STATUS": "Approved", "A_STATUS_DATE": 20210730132621.0, "lots_comp": null, "units_comp": null, "apt_comp": null, "townhomes_comp": null, "condo_comp": null }, "geometry": null },
{ "type": "Feature", "properties": { "A_NUMBER": "D2100232", "DATE_open": null, "PROJECT_open": null, "DESCRIPTION": null, "sf_detached": null, "sf_attached": null, "duplex/triplex": null, "multifamily": null, "condo": null, "project_itre": null, "sf_itre": null, "apt_itre": null, "duplex_itre": null, "townhouse_itre": null, "ADU_itre": null, "PROJECT_comp": "Trailwood Subdivsion - Croasdaile Farm Amendment", "A_STATUS": "Approved", "A_STATUS_DATE": 20210802184014.0, "lots_comp": null, "units_comp": null, "apt_comp": null, "townhomes_comp": null, "condo_comp": null }, "geometry": null },
{ "type": "Feature", "properties": { "A_NUMBER": "D2100236", "DATE_open": null, "PROJECT_open": null, "DESCRIPTION": null, "sf_detached": null, "sf_attached": null, "duplex/triplex": null, "multifamily": null, "condo": null, "project_itre": null, "sf_itre": null, "apt_itre": null, "duplex_itre": null, "townhouse_itre": null, "ADU_itre": null, "PROJECT_comp": "Dish Site CLRDU00306", "A_STATUS": "Approved", "A_STATUS_DATE": 20211018094702.0, "lots_comp": 105.0, "units_comp": null, "apt_comp": null, "townhomes_comp": null, "condo_comp": null }, "geometry": null },
{ "type": "Feature", "properties": { "A_NUMBER": "D2100238", "DATE_open": null, "PROJECT_open": null, "DESCRIPTION": null, "sf_detached": null, "sf_attached": null, "duplex/triplex": null, "multifamily": null, "condo": null, "project_itre": null, "sf_itre": null, "apt_itre": null, "duplex_itre": null, "townhouse_itre": null, "ADU_itre": null, "PROJECT_comp": "Dish Site CLRDU00529", "A_STATUS": "Approved", "A_STATUS_DATE": 20220523120248.0, "lots_comp": 11.0, "units_comp": null, "apt_comp": null, "townhomes_comp": null, "condo_comp": null }, "geometry": null },
{ "type": "Feature", "properties": { "A_NUMBER": "D2100239", "DATE_open": null, "PROJECT_open": null, "DESCRIPTION": null, "sf_detached": null, "sf_attached": null, "duplex/triplex": null, "multifamily": null, "condo": null, "project_itre": null, "sf_itre": null, "apt_itre": null, "duplex_itre": null, "townhouse_itre": null, "ADU_itre": null, "PROJECT_comp": "Dish Site CLRDU00579", "A_STATUS": "Withdrawn", "A_STATUS_DATE": 20210915094209.0, "lots_comp": 71.0, "units_comp": null, "apt_comp": null, "townhomes_comp": null, "condo_comp": null }, "geometry": null },
{ "type": "Feature", "properties": { "A_NUMBER": "D2100240", "DATE_open": null, "PROJECT_open": null, "DESCRIPTION": null, "sf_detached": null, "sf_attached": null, "duplex/triplex": null, "multifamily": null, "condo": null, "project_itre": null, "sf_itre": null, "apt_itre": null, "duplex_itre": null, "townhouse_itre": null, "ADU_itre": null, "PROJECT_comp": "5RA0189A T-Mobile", "A_STATUS": "Approved", "A_STATUS_DATE": 20210824122841.0, "lots_comp": 4.0, "units_comp": null, "apt_comp": null, "townhomes_comp": null, "condo_comp": null }, "geometry": null },
{ "type": "Feature", "properties": { "A_NUMBER": "D2100250", "DATE_open": "2021-08-06T00:00:00", "PROJECT_open": "Shoccoree Residential Phase II", "DESCRIPTION": "100 Single - family lots + 5 open space lots", "sf_detached": 100.0, "sf_attached": 0.0, "duplex/triplex": 0.0, "multifamily": 0.0, "condo": 0.0, "project_itre": null, "sf_itre": null, "apt_itre": null, "duplex_itre": null, "townhouse_itre": null, "ADU_itre": null, "PROJECT_comp": "Shoccoree Residential Phase II", "A_STATUS": "Approved", "A_STATUS_DATE": 20220111124315.0, "lots_comp": null, "units_comp": null, "apt_comp": null, "townhomes_comp": null, "condo_comp": null }, "geometry": { "type": "Point", "coordinates": [ -78.962129846440106, 36.034501517879626 ] } },
{ "type": "Feature", "properties": { "A_NUMBER": "D2100266", "DATE_open": null, "PROJECT_open": null, "DESCRIPTION": null, "sf_detached": null, "sf_attached": null, "duplex/triplex": null, "multifamily": null, "condo": null, "project_itre": null, "sf_itre": null, "apt_itre": null, "duplex_itre": null, "townhouse_itre": null, "ADU_itre": null, "PROJECT_comp": "Northgate Mall Redevelopment", "A_STATUS": "Withdrawn", "A_STATUS_DATE": 20250221134605.0, "lots_comp": null, "units_comp": null, "apt_comp": null, "townhomes_comp": null, "condo_comp": null }, "geometry": null },
{ "type": "Feature", "properties": { "A_NUMBER": "D2100273", "DATE_open": "2021-08-23T00:00:00", "PROJECT_open": "Courtyards at Southpoint II", "DESCRIPTION": "68 Single family detached lots with supporting open space", "sf_detached": 68.0, "sf_attached": 0.0, "duplex/triplex": 0.0, "multifamily": 0.0, "condo": 0.0, "project_itre": null, "sf_itre": null, "apt_itre": null, "duplex_itre": null, "townhouse_itre": null, "ADU_itre": null, "PROJECT_comp": "Courtyards at Southpoint II", "A_STATUS": "Approved", "A_STATUS_DATE": 20220629191807.0, "lots_comp": null, "units_comp": null, "apt_comp": null, "townhomes_comp": null, "condo_comp": null }, "geometry": { "type": "Point", "coordinates": [ -78.935384236745236, 35.883670671757059 ] } },
{ "type": "Feature", "properties": { "A_NUMBER": "D2100274", "DATE_open": "2021-08-25T00:00:00", "PROJECT_open": "Ascend Brightleaf Apartments", "DESCRIPTION": "336  unit apartment development with the associated parking, utilities, and stormwater management.", "sf_detached": 0.0, "sf_attached": 0.0, "duplex/triplex": 0.0, "multifamily": 336.0, "condo": 0.0, "project_itre": null, "sf_itre": null, "apt_itre": null, "duplex_itre": null, "townhouse_itre": null, "ADU_itre": null, "PROJECT_comp": "Ascend Brightleaf Apartments", "A_STATUS": "Approved", "A_STATUS_DATE": 20220411161937.0, "lots_comp": 36.0, "units_comp": null, "apt_comp": null, "townhomes_comp": null, "condo_comp": null }, "geometry": { "type": "Point", "coordinates": [ -78.822099472933047, 35.943322888492958 ] } },
{ "type": "Feature", "properties": { "A_NUMBER": "D2100276", "DATE_open": null, "PROJECT_open": null, "DESCRIPTION": null, "sf_detached": null, "sf_attached": null, "duplex/triplex": null, "multifamily": null, "condo": null, "project_itre": null, "sf_itre": null, "apt_itre": null, "duplex_itre": null, "townhouse_itre": null, "ADU_itre": null, "PROJECT_comp": "TROSA Main Campus Expansion", "A_STATUS": "Withdrawn", "A_STATUS_DATE": 20210921091502.0, "lots_comp": 592.0, "units_comp": null, "apt_comp": "F", "townhomes_comp": "T", "condo_comp": null }, "geometry": null },
{ "type": "Feature", "properties": { "A_NUMBER": "D2100283", "DATE_open": "2021-09-01T00:00:00", "PROJECT_open": "Townes at Greystone", "DESCRIPTION": "68 Townhome Style Condos", "sf_detached": 0.0, "sf_attached": 68.0, "duplex/triplex": 0.0, "multifamily": 0.0, "condo": 0.0, "project_itre": null, "sf_itre": null, "apt_itre": null, "duplex_itre": null, "townhouse_itre": null, "ADU_itre": null, "PROJECT_comp": "Townes at Greystone", "A_STATUS": "Approved", "A_STATUS_DATE": 20220919095841.0, "lots_comp": null, "units_comp": 59.0, "apt_comp": null, "townhomes_comp": null, "condo_comp": null }, "geometry": { "type": "Point", "coordinates": [ -78.909996012174361, 35.99215813416172 ] } },
{ "type": "Feature", "properties": { "A_NUMBER": "D2100293", "DATE_open": "2021-09-03T00:00:00", "PROJECT_open": "Bethpage Apartments Amendment", "DESCRIPTION": "Increase in unit number from 228 to 240 Multi-Family Apartment units and associated amenity spaces", "sf_detached": 0.0, "sf_attached": 0.0, "duplex/triplex": 0.0, "multifamily": 228.0, "condo": 0.0, "project_itre": null, "sf_itre": null, "apt_itre": null, "duplex_itre": null, "townhouse_itre": null, "ADU_itre": null, "PROJECT_comp": "Bethpage Apartments Amendment", "A_STATUS": "Approved", "A_STATUS_DATE": 20220330130320.0, "lots_comp": 156.0, "units_comp": null, "apt_comp": null, "townhomes_comp": null, "condo_comp": null }, "geometry": { "type": "Point", "coordinates": [ -78.826785037037169, 35.895550617009086 ] } },
{ "type": "Feature", "properties": { "A_NUMBER": "D2100306", "DATE_open": "2021-09-10T00:00:00", "PROJECT_open": "TROSA Main Campus Expansion", "DESCRIPTION": "New dormitory and associated infrastructure improvements - 17,480 SF of new dorm, max. number of on-site residents 275", "sf_detached": 0.0, "sf_attached": 0.0, "duplex/triplex": 0.0, "multifamily": 0.0, "condo": 0.0, "project_itre": null, "sf_itre": null, "apt_itre": null, "duplex_itre": null, "townhouse_itre": null, "ADU_itre": null, "PROJECT_comp": null, "A_STATUS": null, "A_STATUS_DATE": null, "lots_comp": null, "units_comp": null, "apt_comp": null, "townhomes_comp": null, "condo_comp": null }, "geometry": { "type": "Point", "coordinates": [ -78.927364928170917, 35.979186871959897 ] } },
{ "type": "Feature", "properties": { "A_NUMBER": "D2100307", "DATE_open": "2021-09-10T00:00:00", "PROJECT_open": "The Villas at Carpenter Woods", "DESCRIPTION": "34 Single Family Conservation Subdivision", "sf_detached": 34.0, "sf_attached": 0.0, "duplex/triplex": 0.0, "multifamily": 0.0, "condo": 0.0, "project_itre": null, "sf_itre": null, "apt_itre": null, "duplex_itre": null, "townhouse_itre": null, "ADU_itre": null, "PROJECT_comp": "The Villas at Carpenter Woods", "A_STATUS": "Approved", "A_STATUS_DATE": 20220314135822.0, "lots_comp": 15.0, "units_comp": null, "apt_comp": null, "townhomes_comp": null, "condo_comp": null }, "geometry": { "type": "Point", "coordinates": [ -78.820343776594157, 36.026555772748594 ] } },
{ "type": "Feature", "properties": { "A_NUMBER": "D2100308", "DATE_open": "2021-09-13T00:00:00", "PROJECT_open": "Solana II", "DESCRIPTION": "206 Townhome and 41 Single Family residential development", "sf_detached": 41.0, "sf_attached": 206.0, "duplex/triplex": 0.0, "multifamily": 0.0, "condo": 0.0, "project_itre": null, "sf_itre": null, "apt_itre": null, "duplex_itre": null, "townhouse_itre": null, "ADU_itre": null, "PROJECT_comp": null, "A_STATUS": null, "A_STATUS_DATE": null, "lots_comp": null, "units_comp": null, "apt_comp": null, "townhomes_comp": null, "condo_comp": null }, "geometry": { "type": "Point", "coordinates": [ -78.775732342729313, 35.961587849125856 ] } },
{ "type": "Feature", "properties": { "A_NUMBER": "D2100309", "DATE_open": "2021-09-13T00:00:00", "PROJECT_open": "Arvin Subdivision", "DESCRIPTION": "Single Family subdivision with 390 single-family lots, 191 townhouse lots and rec site.", "sf_detached": 390.0, "sf_attached": 191.0, "duplex/triplex": 0.0, "multifamily": 0.0, "condo": 0.0, "project_itre": "Arvin Subdivision", "sf_itre": 390.0, "apt_itre": null, "duplex_itre": null, "townhouse_itre": 191.0, "ADU_itre": null, "PROJECT_comp": "Arvin Subdivision", "A_STATUS": "Approved", "A_STATUS_DATE": 20240129135703.0, "lots_comp": 144.0, "units_comp": null, "apt_comp": null, "townhomes_comp": null, "condo_comp": null }, "geometry": { "type": "Point", "coordinates": [ -78.825608197912814, 36.004878353829561 ] } },
{ "type": "Feature", "properties": { "A_NUMBER": "D2100313", "DATE_open": "2021-09-15T00:00:00", "PROJECT_open": "Chandler Run", "DESCRIPTION": "59 Single Family residential lots", "sf_detached": 59.0, "sf_attached": 0.0, "duplex/triplex": 0.0, "multifamily": 0.0, "condo": 0.0, "project_itre": null, "sf_itre": null, "apt_itre": null, "duplex_itre": null, "townhouse_itre": null, "ADU_itre": null, "PROJECT_comp": "Chandler Run", "A_STATUS": "Approved", "A_STATUS_DATE": 20220707151856.0, "lots_comp": 157.0, "units_comp": null, "apt_comp": null, "townhomes_comp": null, "condo_comp": null }, "geometry": { "type": "Point", "coordinates": [ -78.837394568051153, 35.991072919179558 ] } },
{ "type": "Feature", "properties": { "A_NUMBER": "D2100317", "DATE_open": "2021-09-20T00:00:00", "PROJECT_open": "Fowler Tract - Phase 1", "DESCRIPTION": "65 Single -Family & 86 Townhouse lots. Includes some grading over the future phase.", "sf_detached": 65.0, "sf_attached": 86.0, "duplex/triplex": 0.0, "multifamily": 0.0, "condo": 0.0, "project_itre": null, "sf_itre": null, "apt_itre": null, "duplex_itre": null, "townhouse_itre": null, "ADU_itre": null, "PROJECT_comp": "Fowler Tract - Phase 1", "A_STATUS": "Approved", "A_STATUS_DATE": 20221121143436.0, "lots_comp": 4.0, "units_comp": null, "apt_comp": null, "townhomes_comp": null, "condo_comp": null }, "geometry": { "type": "Point", "coordinates": [ -78.785699277647851, 35.954504581588523 ] } },
{ "type": "Feature", "properties": { "A_NUMBER": "D2100319", "DATE_open": null, "PROJECT_open": null, "DESCRIPTION": null, "sf_detached": null, "sf_attached": null, "duplex/triplex": null, "multifamily": null, "condo": null, "project_itre": "RippleBrook Subdivision", "sf_itre": 15.0, "apt_itre": null, "duplex_itre": null, "townhouse_itre": null, "ADU_itre": null, "PROJECT_comp": "RippleBrook Subdivision", "A_STATUS": "Withdrawn", "A_STATUS_DATE": 20230824115947.0, "lots_comp": null, "units_comp": 49.0, "apt_comp": null, "townhomes_comp": null, "condo_comp": null }, "geometry": null },
{ "type": "Feature", "properties": { "A_NUMBER": "D2100325", "DATE_open": "2021-09-23T00:00:00", "PROJECT_open": "Mason Farms Conservation Subdivision", "DESCRIPTION": "Residential Subdivision with 142 proposed lots, wastewater collection and treatment, well water system.", "sf_detached": 0.0, "sf_attached": 0.0, "duplex/triplex": 0.0, "multifamily": 0.0, "condo": 0.0, "project_itre": null, "sf_itre": null, "apt_itre": null, "duplex_itre": null, "townhouse_itre": null, "ADU_itre": null, "PROJECT_comp": "Mason Farms Conservation Subdivision", "A_STATUS": "Approved", "A_STATUS_DATE": 20230525153607.0, "lots_comp": null, "units_comp": null, "apt_comp": null, "townhomes_comp": null, "condo_comp": null }, "geometry": { "type": "Point", "coordinates": [ -78.901711057706052, 36.124325945066097 ] } },
{ "type": "Feature", "properties": { "A_NUMBER": "D2100326", "DATE_open": null, "PROJECT_open": null, "DESCRIPTION": null, "sf_detached": null, "sf_attached": null, "duplex/triplex": null, "multifamily": null, "condo": null, "project_itre": null, "sf_itre": null, "apt_itre": null, "duplex_itre": null, "townhouse_itre": null, "ADU_itre": null, "PROJECT_comp": "Goodwin Crossing", "A_STATUS": "Withdrawn", "A_STATUS_DATE": 20221130113428.0, "lots_comp": 61.0, "units_comp": null, "apt_comp": null, "townhomes_comp": null, "condo_comp": null }, "geometry": null },
{ "type": "Feature", "properties": { "A_NUMBER": "D2100327", "DATE_open": "2021-09-24T00:00:00", "PROJECT_open": "1200 Castlebay Road", "DESCRIPTION": "Subdivide projects into four residential duplex lots - 8 units total", "sf_detached": 0.0, "sf_attached": 0.0, "duplex/triplex": 0.0, "multifamily": 0.0, "condo": 0.0, "project_itre": null, "sf_itre": null, "apt_itre": null, "duplex_itre": null, "townhouse_itre": null, "ADU_itre": null, "PROJECT_comp": "1200 Castlebay Road", "A_STATUS": "Approved", "A_STATUS_DATE": 20240821122200.0, "lots_comp": 6.0, "units_comp": null, "apt_comp": null, "townhomes_comp": null, "condo_comp": null }, "geometry": { "type": "Point", "coordinates": [ -78.870102991532931, 36.001386567743069 ] } },
{ "type": "Feature", "properties": { "A_NUMBER": "D2100328", "DATE_open": "2021-09-27T00:00:00", "PROJECT_open": "710 Rigsbee Ave", "DESCRIPTION": "Residential building with 49 Dwelling units and commercial space including restaurant and retail. (1,889 SF)", "sf_detached": 0.0, "sf_attached": 0.0, "duplex/triplex": 0.0, "multifamily": 0.0, "condo": 0.0, "project_itre": null, "sf_itre": null, "apt_itre": null, "duplex_itre": null, "townhouse_itre": null, "ADU_itre": null, "PROJECT_comp": "710 Rigsbee Ave", "A_STATUS": "Approved", "A_STATUS_DATE": 20211223113832.0, "lots_comp": null, "units_comp": null, "apt_comp": null, "townhomes_comp": null, "condo_comp": null }, "geometry": { "type": "Point", "coordinates": [ -78.899525839911036, 36.002888481210618 ] } },
{ "type": "Feature", "properties": { "A_NUMBER": "D2100340", "DATE_open": "2021-10-04T00:00:00", "PROJECT_open": "Angier Avenue Apartments", "DESCRIPTION": "The construction of 8 multifamily buildings with 608 units on 2 parcels to be recombined.", "sf_detached": 0.0, "sf_attached": 0.0, "duplex/triplex": 0.0, "multifamily": 8.0, "condo": 0.0, "project_itre": "Angier Avenue Apartments", "sf_itre": null, "apt_itre": 608.0, "duplex_itre": null, "townhouse_itre": null, "ADU_itre": null, "PROJECT_comp": "Angier Avenue Apartments", "A_STATUS": "Approved", "A_STATUS_DATE": 20231031113836.0, "lots_comp": 38.0, "units_comp": null, "apt_comp": null, "townhomes_comp": null, "condo_comp": null }, "geometry": { "type": "Point", "coordinates": [ -78.848999551518645, 35.954926822875841 ] } },
{ "type": "Feature", "properties": { "A_NUMBER": "D2100355", "DATE_open": "2021-10-13T00:00:00", "PROJECT_open": "98 Chandler Subdivision", "DESCRIPTION": "48 Single Family lot subdivision", "sf_detached": 48.0, "sf_attached": 0.0, "duplex/triplex": 0.0, "multifamily": 0.0, "condo": 0.0, "project_itre": null, "sf_itre": null, "apt_itre": null, "duplex_itre": null, "townhouse_itre": null, "ADU_itre": null, "PROJECT_comp": "98 Chandler Subdivision", "A_STATUS": "Approved", "A_STATUS_DATE": 20220721124342.0, "lots_comp": null, "units_comp": null, "apt_comp": null, "townhomes_comp": null, "condo_comp": null }, "geometry": { "type": "Point", "coordinates": [ -78.834825520853656, 35.987901685045081 ] } },
{ "type": "Feature", "properties": { "A_NUMBER": "D2100380", "DATE_open": null, "PROJECT_open": null, "DESCRIPTION": null, "sf_detached": null, "sf_attached": null, "duplex/triplex": null, "multifamily": null, "condo": null, "project_itre": null, "sf_itre": null, "apt_itre": null, "duplex_itre": null, "townhouse_itre": null, "ADU_itre": null, "PROJECT_comp": "Garcia Avenue Subdivision", "A_STATUS": "Withdrawn", "A_STATUS_DATE": 20230130143507.0, "lots_comp": null, "units_comp": null, "apt_comp": null, "townhomes_comp": null, "condo_comp": null }, "geometry": null },
{ "type": "Feature", "properties": { "A_NUMBER": "D2100394", "DATE_open": "2021-11-03T00:00:00", "PROJECT_open": "Ascend Brightleaf - Cottages", "DESCRIPTION": "97 Apartments with Club", "sf_detached": 0.0, "sf_attached": 0.0, "duplex/triplex": 0.0, "multifamily": 97.0, "condo": 0.0, "project_itre": null, "sf_itre": null, "apt_itre": null, "duplex_itre": null, "townhouse_itre": null, "ADU_itre": null, "PROJECT_comp": "Ascend Brightleaf - Cottages", "A_STATUS": "Approved", "A_STATUS_DATE": 20220425141457.0, "lots_comp": 237.0, "units_comp": null, "apt_comp": null, "townhomes_comp": null, "condo_comp": null }, "geometry": { "type": "Point", "coordinates": [ -78.826855635116431, 35.945918769738547 ] } },
{ "type": "Feature", "properties": { "A_NUMBER": "D2100395", "DATE_open": "2021-11-03T00:00:00", "PROJECT_open": "509 Sherron Road", "DESCRIPTION": "37 townhouse lots + 2 open space lots", "sf_detached": 0.0, "sf_attached": 37.0, "duplex/triplex": 0.0, "multifamily": 0.0, "condo": 0.0, "project_itre": null, "sf_itre": null, "apt_itre": null, "duplex_itre": null, "townhouse_itre": null, "ADU_itre": null, "PROJECT_comp": "509 Sherron Road", "A_STATUS": "Approved", "A_STATUS_DATE": 20220711095913.0, "lots_comp": null, "units_comp": null, "apt_comp": null, "townhomes_comp": null, "condo_comp": null }, "geometry": { "type": "Point", "coordinates": [ -78.803394973725275, 35.967557200317394 ] } },
{ "type": "Feature", "properties": { "A_NUMBER": "D2100400", "DATE_open": "2021-11-05T00:00:00", "PROJECT_open": "Durham Center II", "DESCRIPTION": "Redevelopment - Proposed Multi-use Tower - 312 apartments, retail, and parking garage", "sf_detached": 0.0, "sf_attached": 0.0, "duplex/triplex": 0.0, "multifamily": 312.0, "condo": 0.0, "project_itre": null, "sf_itre": null, "apt_itre": null, "duplex_itre": null, "townhouse_itre": null, "ADU_itre": null, "PROJECT_comp": null, "A_STATUS": null, "A_STATUS_DATE": null, "lots_comp": null, "units_comp": null, "apt_comp": null, "townhomes_comp": null, "condo_comp": null }, "geometry": { "type": "Point", "coordinates": [ -78.90319237427012, 35.998508260331931 ] } },
{ "type": "Feature", "properties": { "A_NUMBER": "D2100401", "DATE_open": "2021-11-08T00:00:00", "PROJECT_open": "The Novus", "DESCRIPTION": "Residential high rise building with parking and 1st floor retail. 242 apartments/condos", "sf_detached": 0.0, "sf_attached": 0.0, "duplex/triplex": 0.0, "multifamily": 242.0, "condo": 0.0, "project_itre": null, "sf_itre": null, "apt_itre": null, "duplex_itre": null, "townhouse_itre": null, "ADU_itre": null, "PROJECT_comp": "The Novus", "A_STATUS": "Approved", "A_STATUS_DATE": 20220802164309.0, "lots_comp": 399.0, "units_comp": null, "apt_comp": null, "townhomes_comp": null, "condo_comp": null }, "geometry": { "type": "Point", "coordinates": [ -78.904392513193116, 35.997620414699455 ] } },
{ "type": "Feature", "properties": { "A_NUMBER": "D2100416", "DATE_open": "2021-11-22T00:00:00", "PROJECT_open": "Nova NC55", "DESCRIPTION": "83 multi-family units with 153 surface parking spaces", "sf_detached": 0.0, "sf_attached": 0.0, "duplex/triplex": 0.0, "multifamily": 83.0, "condo": 0.0, "project_itre": null, "sf_itre": null, "apt_itre": null, "duplex_itre": null, "townhouse_itre": null, "ADU_itre": null, "PROJECT_comp": "Nova NC55", "A_STATUS": "Approved", "A_STATUS_DATE": 20220816191634.0, "lots_comp": 379.0, "units_comp": null, "apt_comp": null, "townhomes_comp": null, "condo_comp": null }, "geometry": { "type": "Point", "coordinates": [ -78.889302799062378, 35.946455297560654 ] } },
{ "type": "Feature", "properties": { "A_NUMBER": "D2100421", "DATE_open": "2021-11-29T00:00:00", "PROJECT_open": "Carpenter Falls Conservation Subdivision", "DESCRIPTION": "179 single-family and 81 townhouse unit conservation subdivision", "sf_detached": 179.0, "sf_attached": 81.0, "duplex/triplex": 0.0, "multifamily": 0.0, "condo": 0.0, "project_itre": "Carpenter Falls", "sf_itre": 237.0, "apt_itre": null, "duplex_itre": null, "townhouse_itre": null, "ADU_itre": null, "PROJECT_comp": "Carpenter Falls Conservation Subdivision", "A_STATUS": "Approved", "A_STATUS_DATE": 20231108165314.0, "lots_comp": null, "units_comp": null, "apt_comp": null, "townhomes_comp": null, "condo_comp": null }, "geometry": { "type": "Point", "coordinates": [ -78.815883748669805, 36.02804507808051 ] } },
{ "type": "Feature", "properties": { "A_NUMBER": "D2100431", "DATE_open": "2021-12-06T00:00:00", "PROJECT_open": "507 Yancey", "DESCRIPTION": "55-unit multifamily residential construction (associated with D1800273)", "sf_detached": 0.0, "sf_attached": 0.0, "duplex/triplex": 0.0, "multifamily": 55.0, "condo": 0.0, "project_itre": null, "sf_itre": null, "apt_itre": null, "duplex_itre": null, "townhouse_itre": null, "ADU_itre": null, "PROJECT_comp": "507 Yancey", "A_STATUS": "Approved", "A_STATUS_DATE": 20221215124039.0, "lots_comp": 2.0, "units_comp": null, "apt_comp": null, "townhomes_comp": null, "condo_comp": null }, "geometry": { "type": "Point", "coordinates": [ -78.909483168890091, 35.993731070285087 ] } },
{ "type": "Feature", "properties": { "A_NUMBER": "D2100448", "DATE_open": "2021-12-16T00:00:00", "PROJECT_open": "Falls Village North", "DESCRIPTION": "Age Restricted 398 single family Residential community with amenities and Open Space", "sf_detached": 398.0, "sf_attached": 0.0, "duplex/triplex": 0.0, "multifamily": 0.0, "condo": 0.0, "project_itre": "Falls Village North", "sf_itre": 399.0, "apt_itre": null, "duplex_itre": null, "townhouse_itre": null, "ADU_itre": null, "PROJECT_comp": "Falls Village North", "A_STATUS": "Approved", "A_STATUS_DATE": 20230908153752.0, "lots_comp": null, "units_comp": null, "apt_comp": null, "townhomes_comp": null, "condo_comp": null }, "geometry": { "type": "Point", "coordinates": [ -78.777188455645117, 35.989444375705226 ] } },
{ "type": "Feature", "properties": { "A_NUMBER": "D2100461", "DATE_open": null, "PROJECT_open": null, "DESCRIPTION": null, "sf_detached": null, "sf_attached": null, "duplex/triplex": null, "multifamily": null, "condo": null, "project_itre": "Woodspring Suite - Lot 10 at Ellis Crossing", "sf_itre": null, "apt_itre": null, "duplex_itre": null, "townhouse_itre": null, "ADU_itre": null, "PROJECT_comp": null, "A_STATUS": null, "A_STATUS_DATE": null, "lots_comp": null, "units_comp": null, "apt_comp": null, "townhomes_comp": null, "condo_comp": null }, "geometry": null },
{ "type": "Feature", "properties": { "A_NUMBER": "D2100463", "DATE_open": "2021-12-22T00:00:00", "PROJECT_open": "K Parcel", "DESCRIPTION": "103 Single Family residential lots and 237 townhomes", "sf_detached": 103.0, "sf_attached": 237.0, "duplex/triplex": 0.0, "multifamily": 0.0, "condo": 0.0, "project_itre": "K Parcel", "sf_itre": 379.0, "apt_itre": null, "duplex_itre": null, "townhouse_itre": null, "ADU_itre": null, "PROJECT_comp": "K Parcel", "A_STATUS": "Approved", "A_STATUS_DATE": 20231005144928.0, "lots_comp": null, "units_comp": null, "apt_comp": null, "townhomes_comp": null, "condo_comp": null }, "geometry": { "type": "Point", "coordinates": [ -78.813843177151767, 35.941243890372625 ] } },
{ "type": "Feature", "properties": { "A_NUMBER": "D2100465", "DATE_open": "2021-12-22T00:00:00", "PROJECT_open": "Rollingdale", "DESCRIPTION": "33 Townhomes and 4 open spaces", "sf_detached": 0.0, "sf_attached": 33.0, "duplex/triplex": 0.0, "multifamily": 0.0, "condo": 0.0, "project_itre": null, "sf_itre": null, "apt_itre": null, "duplex_itre": null, "townhouse_itre": null, "ADU_itre": null, "PROJECT_comp": null, "A_STATUS": null, "A_STATUS_DATE": null, "lots_comp": null, "units_comp": null, "apt_comp": null, "townhomes_comp": null, "condo_comp": null }, "geometry": { "type": "Point", "coordinates": [ -78.948689949818828, 35.914821732312582 ] } },
{ "type": "Feature", "properties": { "A_NUMBER": "D2100466", "DATE_open": null, "PROJECT_open": null, "DESCRIPTION": null, "sf_detached": null, "sf_attached": null, "duplex/triplex": null, "multifamily": null, "condo": null, "project_itre": null, "sf_itre": null, "apt_itre": null, "duplex_itre": null, "townhouse_itre": null, "ADU_itre": null, "PROJECT_comp": "116 Newell Street", "A_STATUS": "Withdrawn", "A_STATUS_DATE": 20211229101219.0, "lots_comp": null, "units_comp": null, "apt_comp": null, "townhomes_comp": null, "condo_comp": null }, "geometry": null },
{ "type": "Feature", "properties": { "A_NUMBER": "D2200003", "DATE_open": null, "PROJECT_open": null, "DESCRIPTION": null, "sf_detached": null, "sf_attached": null, "duplex/triplex": null, "multifamily": null, "condo": null, "project_itre": "Dovetail Woods Subdivision", "sf_itre": 5.0, "apt_itre": null, "duplex_itre": null, "townhouse_itre": null, "ADU_itre": null, "PROJECT_comp": "Dovetail Woods Subdivision", "A_STATUS": "Withdrawn", "A_STATUS_DATE": 20240910141353.0, "lots_comp": null, "units_comp": null, "apt_comp": null, "townhomes_comp": null, "condo_comp": null }, "geometry": null },
{ "type": "Feature", "properties": { "A_NUMBER": "D2200007", "DATE_open": "2022-01-07T00:00:00", "PROJECT_open": "Washington Street Mixed - Use", "DESCRIPTION": "311 Multi -family apartments with ground floor retail, amenities, and parking garage. Existing historic City Place Garage/RetailOffice and Fire Tower", "sf_detached": 0.0, "sf_attached": 0.0, "duplex/triplex": 0.0, "multifamily": 311.0, "condo": 0.0, "project_itre": null, "sf_itre": null, "apt_itre": null, "duplex_itre": null, "townhouse_itre": null, "ADU_itre": null, "PROJECT_comp": "Washington Street Mixed - Use", "A_STATUS": "Approved", "A_STATUS_DATE": 20220923162706.0, "lots_comp": null, "units_comp": null, "apt_comp": null, "townhomes_comp": null, "condo_comp": null }, "geometry": { "type": "Point", "coordinates": [ -78.903537756628921, 36.00399799680482 ] } },
{ "type": "Feature", "properties": { "A_NUMBER": "D2200011", "DATE_open": "2022-01-19T00:00:00", "PROJECT_open": "Casa North Duke ", "DESCRIPTION": "16 affordable unit apartment building with associated site work", "sf_detached": 0.0, "sf_attached": 0.0, "duplex/triplex": 0.0, "multifamily": 16.0, "condo": 0.0, "project_itre": null, "sf_itre": null, "apt_itre": null, "duplex_itre": null, "townhouse_itre": null, "ADU_itre": null, "PROJECT_comp": "Casa North Duke ", "A_STATUS": "Approved", "A_STATUS_DATE": 20220913140517.0, "lots_comp": 12.0, "units_comp": null, "apt_comp": null, "townhomes_comp": null, "condo_comp": null }, "geometry": { "type": "Point", "coordinates": [ -78.906406153534846, 36.037260344190599 ] } },
{ "type": "Feature", "properties": { "A_NUMBER": "D2200014", "DATE_open": "2022-01-20T00:00:00", "PROJECT_open": "Green House Durham", "DESCRIPTION": "Mixed use building with residential (265 apartments) and commerical including internal parking", "sf_detached": 0.0, "sf_attached": 0.0, "duplex/triplex": 0.0, "multifamily": 265.0, "condo": 0.0, "project_itre": null, "sf_itre": null, "apt_itre": null, "duplex_itre": null, "townhouse_itre": null, "ADU_itre": null, "PROJECT_comp": "Green House Durham", "A_STATUS": "Approved", "A_STATUS_DATE": 20221220123043.0, "lots_comp": null, "units_comp": 72.0, "apt_comp": null, "townhomes_comp": "T", "condo_comp": null }, "geometry": { "type": "Point", "coordinates": [ -78.896932425607403, 36.000185503608215 ] } },
{ "type": "Feature", "properties": { "A_NUMBER": "D2200019", "DATE_open": null, "PROJECT_open": null, "DESCRIPTION": null, "sf_detached": null, "sf_attached": null, "duplex/triplex": null, "multifamily": null, "condo": null, "project_itre": null, "sf_itre": null, "apt_itre": null, "duplex_itre": null, "townhouse_itre": null, "ADU_itre": null, "PROJECT_comp": "Umstead Grove Conservation Subdivision Amendment", "A_STATUS": "Approved", "A_STATUS_DATE": 20240809091007.0, "lots_comp": null, "units_comp": null, "apt_comp": null, "townhomes_comp": null, "condo_comp": null }, "geometry": null },
{ "type": "Feature", "properties": { "A_NUMBER": "D2200021", "DATE_open": null, "PROJECT_open": null, "DESCRIPTION": null, "sf_detached": null, "sf_attached": null, "duplex/triplex": null, "multifamily": null, "condo": null, "project_itre": null, "sf_itre": null, "apt_itre": null, "duplex_itre": null, "townhouse_itre": null, "ADU_itre": null, "PROJECT_comp": "Forty and Page Amendment", "A_STATUS": "Approved", "A_STATUS_DATE": 20220623113514.0, "lots_comp": null, "units_comp": null, "apt_comp": null, "townhomes_comp": null, "condo_comp": null }, "geometry": null },
{ "type": "Feature", "properties": { "A_NUMBER": "D2200032", "DATE_open": "2022-02-10T00:00:00", "PROJECT_open": "Mineral Springs Residential North", "DESCRIPTION": "Subdividing 11 single-family residential lots, including 2 flag lots, storm water control measures and open space", "sf_detached": 11.0, "sf_attached": 0.0, "duplex/triplex": 0.0, "multifamily": 0.0, "condo": 0.0, "project_itre": "Mineral Springs Residential North", "sf_itre": 12.0, "apt_itre": null, "duplex_itre": null, "townhouse_itre": null, "ADU_itre": null, "PROJECT_comp": "Mineral Springs Residential North", "A_STATUS": "Approved", "A_STATUS_DATE": 20230907203652.0, "lots_comp": null, "units_comp": null, "apt_comp": null, "townhomes_comp": null, "condo_comp": null }, "geometry": { "type": "Point", "coordinates": [ -78.832170388702636, 35.95858965001716 ] } },
{ "type": "Feature", "properties": { "A_NUMBER": "D2200036", "DATE_open": "2022-02-11T00:00:00", "PROJECT_open": "Hinson Drive Townhomes", "DESCRIPTION": "Development of 72 town homes ", "sf_detached": 0.0, "sf_attached": 72.0, "duplex/triplex": 0.0, "multifamily": 0.0, "condo": 0.0, "project_itre": null, "sf_itre": null, "apt_itre": null, "duplex_itre": null, "townhouse_itre": null, "ADU_itre": null, "PROJECT_comp": "Hinson Drive Townhomes", "A_STATUS": "Approved", "A_STATUS_DATE": 20240423151312.0, "lots_comp": null, "units_comp": null, "apt_comp": null, "townhomes_comp": null, "condo_comp": null }, "geometry": { "type": "Point", "coordinates": [ -78.876506521368114, 36.027933602541353 ] } },
{ "type": "Feature", "properties": { "A_NUMBER": "D2200041", "DATE_open": null, "PROJECT_open": null, "DESCRIPTION": null, "sf_detached": null, "sf_attached": null, "duplex/triplex": null, "multifamily": null, "condo": null, "project_itre": null, "sf_itre": null, "apt_itre": null, "duplex_itre": null, "townhouse_itre": null, "ADU_itre": null, "PROJECT_comp": "LRRWPS Improvements (Amendment)", "A_STATUS": "Approved", "A_STATUS_DATE": 20220707140204.0, "lots_comp": null, "units_comp": null, "apt_comp": null, "townhomes_comp": null, "condo_comp": null }, "geometry": null },
{ "type": "Feature", "properties": { "A_NUMBER": "D2200044", "DATE_open": null, "PROJECT_open": null, "DESCRIPTION": null, "sf_detached": null, "sf_attached": null, "duplex/triplex": null, "multifamily": null, "condo": null, "project_itre": null, "sf_itre": null, "apt_itre": null, "duplex_itre": null, "townhouse_itre": null, "ADU_itre": null, "PROJECT_comp": "Guess Road Residential", "A_STATUS": "Withdrawn", "A_STATUS_DATE": 20240910144545.0, "lots_comp": null, "units_comp": null, "apt_comp": null, "townhomes_comp": null, "condo_comp": null }, "geometry": null },
{ "type": "Feature", "properties": { "A_NUMBER": "D2200045", "DATE_open": null, "PROJECT_open": null, "DESCRIPTION": null, "sf_detached": null, "sf_attached": null, "duplex/triplex": null, "multifamily": null, "condo": null, "project_itre": null, "sf_itre": null, "apt_itre": null, "duplex_itre": null, "townhouse_itre": null, "ADU_itre": null, "PROJECT_comp": "NC 55 and Hopson Building 3", "A_STATUS": "Approved", "A_STATUS_DATE": 20220811160725.0, "lots_comp": 180.0, "units_comp": null, "apt_comp": null, "townhomes_comp": null, "condo_comp": null }, "geometry": null },
{ "type": "Feature", "properties": { "A_NUMBER": "D2200051", "DATE_open": "2022-02-21T00:00:00", "PROJECT_open": "Copper Run South", "DESCRIPTION": "127 townhomes, 6 SF detached.", "sf_detached": 0.0, "sf_attached": 127.0, "duplex/triplex": 0.0, "multifamily": 0.0, "condo": 0.0, "project_itre": null, "sf_itre": null, "apt_itre": null, "duplex_itre": null, "townhouse_itre": null, "ADU_itre": null, "PROJECT_comp": "Copper Run South", "A_STATUS": "Approved", "A_STATUS_DATE": 20230512111027.0, "lots_comp": null, "units_comp": null, "apt_comp": null, "townhomes_comp": null, "condo_comp": null }, "geometry": { "type": "Point", "coordinates": [ -78.832500019295168, 35.942491323154293 ] } },
{ "type": "Feature", "properties": { "A_NUMBER": "D2200059", "DATE_open": "2022-03-01T00:00:00", "PROJECT_open": "Aster Ridge", "DESCRIPTION": "201 townhome units proposed as a conservation subdivision.", "sf_detached": 0.0, "sf_attached": 201.0, "duplex/triplex": 0.0, "multifamily": 0.0, "condo": 0.0, "project_itre": null, "sf_itre": null, "apt_itre": null, "duplex_itre": null, "townhouse_itre": null, "ADU_itre": null, "PROJECT_comp": "Aster Ridge", "A_STATUS": "Approved", "A_STATUS_DATE": 20221006144513.0, "lots_comp": null, "units_comp": null, "apt_comp": null, "townhomes_comp": null, "condo_comp": null }, "geometry": { "type": "Point", "coordinates": [ -78.848040076341491, 36.006283615894361 ] } },
{ "type": "Feature", "properties": { "A_NUMBER": "D2200096", "DATE_open": null, "PROJECT_open": null, "DESCRIPTION": null, "sf_detached": null, "sf_attached": null, "duplex/triplex": null, "multifamily": null, "condo": null, "project_itre": null, "sf_itre": null, "apt_itre": null, "duplex_itre": null, "townhouse_itre": null, "ADU_itre": null, "PROJECT_comp": "Ellis Road Phase 3 Amendment 2", "A_STATUS": "Approved", "A_STATUS_DATE": 20220525203540.0, "lots_comp": 17.0, "units_comp": null, "apt_comp": null, "townhomes_comp": null, "condo_comp": null }, "geometry": null },
{ "type": "Feature", "properties": { "A_NUMBER": "D2200106", "DATE_open": "2022-03-30T00:00:00", "PROJECT_open": "Latta Park Residential", "DESCRIPTION": "Subdivision of existing property and construction of a public road with associated facilities and infrastructure. 176 Townhouses, including 10 affordable units.", "sf_detached": 0.0, "sf_attached": 176.0, "duplex/triplex": 0.0, "multifamily": 0.0, "condo": 0.0, "project_itre": null, "sf_itre": null, "apt_itre": null, "duplex_itre": null, "townhouse_itre": null, "ADU_itre": null, "PROJECT_comp": "Latta Park Residential", "A_STATUS": "Approved", "A_STATUS_DATE": 20240307153946.0, "lots_comp": 11.0, "units_comp": null, "apt_comp": null, "townhomes_comp": null, "condo_comp": null }, "geometry": { "type": "Point", "coordinates": [ -78.927978018448059, 36.078511078051392 ] } },
{ "type": "Feature", "properties": { "A_NUMBER": "D2200107", "DATE_open": "2022-03-31T00:00:00", "PROJECT_open": "Downtown Durham YMCA", "DESCRIPTION": "Proposed mixed-use building with associated structured and site / Utility upgrades.", "sf_detached": 0.0, "sf_attached": 0.0, "duplex/triplex": 0.0, "multifamily": 0.0, "condo": 0.0, "project_itre": null, "sf_itre": null, "apt_itre": null, "duplex_itre": null, "townhouse_itre": null, "ADU_itre": null, "PROJECT_comp": null, "A_STATUS": null, "A_STATUS_DATE": null, "lots_comp": null, "units_comp": null, "apt_comp": null, "townhomes_comp": null, "condo_comp": null }, "geometry": { "type": "Point", "coordinates": [ -78.901053667563673, 35.998683456944384 ] } },
{ "type": "Feature", "properties": { "A_NUMBER": "D2200108", "DATE_open": "2022-03-31T00:00:00", "PROJECT_open": "Davis Park Pod G", "DESCRIPTION": "Multifamily 270 Apartments", "sf_detached": 0.0, "sf_attached": 0.0, "duplex/triplex": 0.0, "multifamily": 270.0, "condo": 0.0, "project_itre": null, "sf_itre": null, "apt_itre": null, "duplex_itre": null, "townhouse_itre": null, "ADU_itre": null, "PROJECT_comp": null, "A_STATUS": null, "A_STATUS_DATE": null, "lots_comp": null, "units_comp": null, "apt_comp": null, "townhomes_comp": null, "condo_comp": null }, "geometry": { "type": "Point", "coordinates": [ -78.856913192333849, 35.880009977092527 ] } },
{ "type": "Feature", "properties": { "A_NUMBER": "D2200125", "DATE_open": "2022-04-13T00:00:00", "PROJECT_open": "The Village at Ellis Crossing Amendment", "DESCRIPTION": "Increase in apartment units from 264 to 428, changed parking, bike parking, car wash and trash compactor moved, utilities and drainage changed. New zoning Z2000008", "sf_detached": 0.0, "sf_attached": 0.0, "duplex/triplex": 0.0, "multifamily": 264.0, "condo": 0.0, "project_itre": null, "sf_itre": null, "apt_itre": null, "duplex_itre": null, "townhouse_itre": null, "ADU_itre": null, "PROJECT_comp": "The Village at Ellis Crossing Amendment", "A_STATUS": "Approved", "A_STATUS_DATE": 20220824193612.0, "lots_comp": null, "units_comp": null, "apt_comp": null, "townhomes_comp": null, "condo_comp": null }, "geometry": { "type": "Point", "coordinates": [ -78.858187571591273, 35.942028854308269 ] } },
{ "type": "Feature", "properties": { "A_NUMBER": "D2200131", "DATE_open": "2022-04-19T00:00:00", "PROJECT_open": "Bethpage Apartments Phase 2", "DESCRIPTION": "343 mutifamily units, 9 buildings", "sf_detached": 0.0, "sf_attached": 0.0, "duplex/triplex": 0.0, "multifamily": 343.0, "condo": 0.0, "project_itre": null, "sf_itre": null, "apt_itre": null, "duplex_itre": null, "townhouse_itre": null, "ADU_itre": null, "PROJECT_comp": "Bethpage Apartments Phase 2", "A_STATUS": "Approved", "A_STATUS_DATE": 20230511153340.0, "lots_comp": null, "units_comp": null, "apt_comp": null, "townhomes_comp": null, "condo_comp": null }, "geometry": { "type": "Point", "coordinates": [ -78.830766813919126, 35.89717187839674 ] } },
{ "type": "Feature", "properties": { "A_NUMBER": "D2200139", "DATE_open": "2022-04-27T00:00:00", "PROJECT_open": "Carrington Woods", "DESCRIPTION": "17 home Single family development with public associated stormwater and utilities encompassing 8.552 acres", "sf_detached": 17.0, "sf_attached": 0.0, "duplex/triplex": 0.0, "multifamily": 0.0, "condo": 0.0, "project_itre": null, "sf_itre": null, "apt_itre": null, "duplex_itre": null, "townhouse_itre": null, "ADU_itre": null, "PROJECT_comp": "Carrington Woods", "A_STATUS": "Under Review", "A_STATUS_DATE": 20220428103337.0, "lots_comp": 1.0, "units_comp": null, "apt_comp": null, "townhomes_comp": null, "condo_comp": null }, "geometry": { "type": "Point", "coordinates": [ -78.834287485152203, 36.00128260669711 ] } },
{ "type": "Feature", "properties": { "A_NUMBER": "D2200148", "DATE_open": "2022-05-09T00:00:00", "PROJECT_open": "210 Pacific Avenue Towns", "DESCRIPTION": "10 townhome units", "sf_detached": 0.0, "sf_attached": 10.0, "duplex/triplex": 0.0, "multifamily": 0.0, "condo": 0.0, "project_itre": null, "sf_itre": null, "apt_itre": null, "duplex_itre": null, "townhouse_itre": null, "ADU_itre": null, "PROJECT_comp": "210 Pacific Avenue Towns", "A_STATUS": "Approved", "A_STATUS_DATE": 20221017131248.0, "lots_comp": null, "units_comp": null, "apt_comp": null, "townhomes_comp": null, "condo_comp": null }, "geometry": { "type": "Point", "coordinates": [ -78.899755606913985, 36.046057320162951 ] } },
{ "type": "Feature", "properties": { "A_NUMBER": "D2200149", "DATE_open": "2022-05-10T00:00:00", "PROJECT_open": "Cub Creek Station and Sandy Ridge", "DESCRIPTION": "80 single family, 159 townhomes, 384 market rate apartments & 198 affordable apartments.", "sf_detached": 80.0, "sf_attached": 159.0, "duplex/triplex": 0.0, "multifamily": 582.0, "condo": 0.0, "project_itre": null, "sf_itre": null, "apt_itre": null, "duplex_itre": null, "townhouse_itre": null, "ADU_itre": null, "PROJECT_comp": "Cub Creek Station and Sandy Ridge", "A_STATUS": "Approved", "A_STATUS_DATE": 20221102113603.0, "lots_comp": null, "units_comp": null, "apt_comp": null, "townhomes_comp": null, "condo_comp": null }, "geometry": { "type": "Point", "coordinates": [ -78.879714014757411, 36.049764406002083 ] } },
{ "type": "Feature", "properties": { "A_NUMBER": "D2200158", "DATE_open": "2022-05-12T00:00:00", "PROJECT_open": "Omega Road Townhomes", "DESCRIPTION": "12 residential townhomes on private drive.", "sf_detached": 0.0, "sf_attached": 12.0, "duplex/triplex": 0.0, "multifamily": 0.0, "condo": 0.0, "project_itre": null, "sf_itre": null, "apt_itre": null, "duplex_itre": null, "townhouse_itre": null, "ADU_itre": null, "PROJECT_comp": "Omega Road Townhomes", "A_STATUS": "Approved", "A_STATUS_DATE": 20240627111943.0, "lots_comp": null, "units_comp": null, "apt_comp": null, "townhomes_comp": null, "condo_comp": null }, "geometry": { "type": "Point", "coordinates": [ -78.908320206509813, 36.075463885589237 ] } },
{ "type": "Feature", "properties": { "A_NUMBER": "D2200160", "DATE_open": "2022-05-13T00:00:00", "PROJECT_open": "W.Club Apartments", "DESCRIPTION": "Construction of 268 multi-family units with associated amenities and infrastructure.", "sf_detached": 0.0, "sf_attached": 0.0, "duplex/triplex": 0.0, "multifamily": 268.0, "condo": 0.0, "project_itre": null, "sf_itre": null, "apt_itre": null, "duplex_itre": null, "townhouse_itre": null, "ADU_itre": null, "PROJECT_comp": "W.Club Apartments", "A_STATUS": "Approved", "A_STATUS_DATE": 20230420153925.0, "lots_comp": null, "units_comp": null, "apt_comp": null, "townhomes_comp": null, "condo_comp": null }, "geometry": { "type": "Point", "coordinates": [ -78.904289506997927, 36.017983445122219 ] } },
{ "type": "Feature", "properties": { "A_NUMBER": "D2200167", "DATE_open": "2022-05-24T00:00:00", "PROJECT_open": "Holloway Studios Amendment", "DESCRIPTION": "Site Plan Amendment - 19 town homes and 832 sf of commercial space. ", "sf_detached": 0.0, "sf_attached": 19.0, "duplex/triplex": 0.0, "multifamily": 0.0, "condo": 0.0, "project_itre": null, "sf_itre": null, "apt_itre": null, "duplex_itre": null, "townhouse_itre": null, "ADU_itre": null, "PROJECT_comp": null, "A_STATUS": null, "A_STATUS_DATE": null, "lots_comp": null, "units_comp": null, "apt_comp": null, "townhomes_comp": null, "condo_comp": null }, "geometry": { "type": "Point", "coordinates": [ -78.893659650037534, 35.993693296255152 ] } },
{ "type": "Feature", "properties": { "A_NUMBER": "D2200168", "DATE_open": "2022-05-24T00:00:00", "PROJECT_open": "Townes on Leesville", "DESCRIPTION": "104 town home development ", "sf_detached": 0.0, "sf_attached": 104.0, "duplex/triplex": 0.0, "multifamily": 0.0, "condo": 0.0, "project_itre": null, "sf_itre": null, "apt_itre": null, "duplex_itre": null, "townhouse_itre": null, "ADU_itre": null, "PROJECT_comp": "Townes on Leesville", "A_STATUS": "Approved", "A_STATUS_DATE": 20230411131554.0, "lots_comp": null, "units_comp": null, "apt_comp": null, "townhomes_comp": null, "condo_comp": null }, "geometry": { "type": "Point", "coordinates": [ -78.799420795737163, 35.937327792490201 ] } },
{ "type": "Feature", "properties": { "A_NUMBER": "D2200169", "DATE_open": "2022-05-24T00:00:00", "PROJECT_open": "Massey Chapel Townhouses", "DESCRIPTION": "24 townhome lots.", "sf_detached": 0.0, "sf_attached": 24.0, "duplex/triplex": 0.0, "multifamily": 0.0, "condo": 0.0, "project_itre": null, "sf_itre": null, "apt_itre": null, "duplex_itre": null, "townhouse_itre": null, "ADU_itre": null, "PROJECT_comp": "Massey Chapel Townhouses", "A_STATUS": "Approved", "A_STATUS_DATE": 20230117132652.0, "lots_comp": null, "units_comp": null, "apt_comp": null, "townhomes_comp": null, "condo_comp": null }, "geometry": { "type": "Point", "coordinates": [ -78.946575708272519, 35.896516970761219 ] } },
{ "type": "Feature", "properties": { "A_NUMBER": "D2200173", "DATE_open": "2022-05-25T00:00:00", "PROJECT_open": "Pineview Glen Town homes - Mass Grading", "DESCRIPTION": "Mass grading only site plan for residential townhome project.", "sf_detached": 0.0, "sf_attached": 0.0, "duplex/triplex": 0.0, "multifamily": 0.0, "condo": 0.0, "project_itre": null, "sf_itre": null, "apt_itre": null, "duplex_itre": null, "townhouse_itre": null, "ADU_itre": null, "PROJECT_comp": null, "A_STATUS": null, "A_STATUS_DATE": null, "lots_comp": null, "units_comp": null, "apt_comp": null, "townhomes_comp": null, "condo_comp": null }, "geometry": { "type": "Point", "coordinates": [ -78.810514330443155, 35.927764779760885 ] } },
{ "type": "Feature", "properties": { "A_NUMBER": "D2200177", "DATE_open": null, "PROJECT_open": null, "DESCRIPTION": null, "sf_detached": null, "sf_attached": null, "duplex/triplex": null, "multifamily": null, "condo": null, "project_itre": null, "sf_itre": null, "apt_itre": null, "duplex_itre": null, "townhouse_itre": null, "ADU_itre": null, "PROJECT_comp": "The Pauli Murray Center for History and Social Justice", "A_STATUS": "Approved", "A_STATUS_DATE": 20220824151400.0, "lots_comp": 100.0, "units_comp": null, "apt_comp": null, "townhomes_comp": null, "condo_comp": null }, "geometry": null },
{ "type": "Feature", "properties": { "A_NUMBER": "D2200181", "DATE_open": "2022-06-07T00:00:00", "PROJECT_open": "GTH Owner LLC", "DESCRIPTION": "33 new town home lots with garages and mail kiosk with parking", "sf_detached": 0.0, "sf_attached": 33.0, "duplex/triplex": 0.0, "multifamily": 0.0, "condo": 0.0, "project_itre": null, "sf_itre": null, "apt_itre": null, "duplex_itre": null, "townhouse_itre": null, "ADU_itre": null, "PROJECT_comp": "GTH Owner LLC", "A_STATUS": "Approved", "A_STATUS_DATE": 20230516083916.0, "lots_comp": null, "units_comp": null, "apt_comp": null, "townhomes_comp": null, "condo_comp": null }, "geometry": { "type": "Point", "coordinates": [ -78.892551008513863, 36.002638369109569 ] } },
{ "type": "Feature", "properties": { "A_NUMBER": "D2200182", "DATE_open": "2022-06-07T00:00:00", "PROJECT_open": "Gordon Street Towns Amendment 5", "DESCRIPTION": "Increase to 63 townhome (from 62) and 6 duplex units and make adjustments to the architectural design of the future phase.", "sf_detached": 0.0, "sf_attached": 63.0, "duplex/triplex": 62.0, "multifamily": 0.0, "condo": 0.0, "project_itre": null, "sf_itre": null, "apt_itre": null, "duplex_itre": null, "townhouse_itre": null, "ADU_itre": null, "PROJECT_comp": "Gordon Street Towns Amendment 5", "A_STATUS": "Approved", "A_STATUS_DATE": 20240923112951.0, "lots_comp": null, "units_comp": null, "apt_comp": null, "townhomes_comp": null, "condo_comp": null }, "geometry": { "type": "Point", "coordinates": [ -78.910609913124418, 35.994460742709933 ] } },
{ "type": "Feature", "properties": { "A_NUMBER": "D2200202", "DATE_open": "2022-06-15T00:00:00", "PROJECT_open": "Wesley Downs", "DESCRIPTION": "229 unit single family (101) and townhome (128) residential development.", "sf_detached": 229.0, "sf_attached": 101.0, "duplex/triplex": 0.0, "multifamily": 0.0, "condo": 0.0, "project_itre": null, "sf_itre": null, "apt_itre": null, "duplex_itre": null, "townhouse_itre": null, "ADU_itre": null, "PROJECT_comp": null, "A_STATUS": null, "A_STATUS_DATE": null, "lots_comp": null, "units_comp": null, "apt_comp": null, "townhomes_comp": null, "condo_comp": null }, "geometry": { "type": "Point", "coordinates": [ -78.82011384613439, 35.966875680168535 ] } },
{ "type": "Feature", "properties": { "A_NUMBER": "D2200203", "DATE_open": "2022-06-15T00:00:00", "PROJECT_open": "Washington Street Townhomes", "DESCRIPTION": "11,600 SF four-story 3 unit townhome project with 2600 SF/ unit for the heated space and 2550 SF for the parking garage  and at the back. ", "sf_detached": 0.0, "sf_attached": 3.0, "duplex/triplex": 0.0, "multifamily": 0.0, "condo": 0.0, "project_itre": null, "sf_itre": null, "apt_itre": null, "duplex_itre": null, "townhouse_itre": null, "ADU_itre": null, "PROJECT_comp": null, "A_STATUS": null, "A_STATUS_DATE": null, "lots_comp": null, "units_comp": null, "apt_comp": null, "townhomes_comp": null, "condo_comp": null }, "geometry": { "type": "Point", "coordinates": [ -78.902429446325542, 36.004275667676509 ] } },
{ "type": "Feature", "properties": { "A_NUMBER": "D2200204", "DATE_open": "2022-06-15T00:00:00", "PROJECT_open": "Jackson Street Condominiums", "DESCRIPTION": "61 apartment unit condos with 1st floor retail and parking garage", "sf_detached": 0.0, "sf_attached": 0.0, "duplex/triplex": 0.0, "multifamily": 61.0, "condo": 1.0, "project_itre": null, "sf_itre": null, "apt_itre": null, "duplex_itre": null, "townhouse_itre": null, "ADU_itre": null, "PROJECT_comp": null, "A_STATUS": null, "A_STATUS_DATE": null, "lots_comp": null, "units_comp": null, "apt_comp": null, "townhomes_comp": null, "condo_comp": null }, "geometry": { "type": "Point", "coordinates": [ -78.910990402560088, 35.995209866891599 ] } },
{ "type": "Feature", "properties": { "A_NUMBER": "D2200205", "DATE_open": "2022-06-15T00:00:00", "PROJECT_open": "Pinecrest", "DESCRIPTION": "46 SFD townhomes with Cobb House (historic) preservation and reuse.", "sf_detached": 0.0, "sf_attached": 0.0, "duplex/triplex": 0.0, "multifamily": 0.0, "condo": 0.0, "project_itre": null, "sf_itre": null, "apt_itre": null, "duplex_itre": null, "townhouse_itre": null, "ADU_itre": null, "PROJECT_comp": null, "A_STATUS": null, "A_STATUS_DATE": null, "lots_comp": null, "units_comp": null, "apt_comp": null, "townhomes_comp": null, "condo_comp": null }, "geometry": { "type": "Point", "coordinates": [ -78.919222051097833, 35.983120643443719 ] } },
{ "type": "Feature", "properties": { "A_NUMBER": "D2200209", "DATE_open": null, "PROJECT_open": null, "DESCRIPTION": null, "sf_detached": null, "sf_attached": null, "duplex/triplex": null, "multifamily": null, "condo": null, "project_itre": null, "sf_itre": null, "apt_itre": null, "duplex_itre": null, "townhouse_itre": null, "ADU_itre": null, "PROJECT_comp": "Wolfspeed - 100 kv Bus Tie", "A_STATUS": "Approved", "A_STATUS_DATE": 20221115135106.0, "lots_comp": null, "units_comp": null, "apt_comp": null, "townhomes_comp": null, "condo_comp": null }, "geometry": null },
{ "type": "Feature", "properties": { "A_NUMBER": "D2200226", "DATE_open": "2022-06-28T00:00:00", "PROJECT_open": "The Enclave at Garrett Grading", "DESCRIPTION": "Sewer and grading plan for single family residential on existing lots. ", "sf_detached": 0.0, "sf_attached": 0.0, "duplex/triplex": 0.0, "multifamily": 0.0, "condo": 0.0, "project_itre": null, "sf_itre": null, "apt_itre": null, "duplex_itre": null, "townhouse_itre": null, "ADU_itre": null, "PROJECT_comp": null, "A_STATUS": null, "A_STATUS_DATE": null, "lots_comp": null, "units_comp": null, "apt_comp": null, "townhomes_comp": null, "condo_comp": null }, "geometry": { "type": "Point", "coordinates": [ -78.968840330260065, 35.945213436073139 ] } },
{ "type": "Feature", "properties": { "A_NUMBER": "D2200230", "DATE_open": "2022-07-01T00:00:00", "PROJECT_open": "Panther Creek Phases C & D", "DESCRIPTION": "89 Single family lots + 4 open spaces", "sf_detached": 89.0, "sf_attached": 0.0, "duplex/triplex": 0.0, "multifamily": 0.0, "condo": 0.0, "project_itre": "Panther Creek Phases C & D", "sf_itre": 100.0, "apt_itre": null, "duplex_itre": null, "townhouse_itre": null, "ADU_itre": null, "PROJECT_comp": "Panther Creek Phases C & D", "A_STATUS": "Approved", "A_STATUS_DATE": 20250224094458.0, "lots_comp": null, "units_comp": 57.0, "apt_comp": null, "townhomes_comp": null, "condo_comp": null }, "geometry": { "type": "Point", "coordinates": [ -78.805366982885602, 36.034920744049025 ] } },
{ "type": "Feature", "properties": { "A_NUMBER": "D2200233", "DATE_open": "2022-07-01T00:00:00", "PROJECT_open": "Courtyards at Farrington", "DESCRIPTION": "Proposed 64 single family homes and amenity.", "sf_detached": 64.0, "sf_attached": 0.0, "duplex/triplex": 0.0, "multifamily": 0.0, "condo": 0.0, "project_itre": null, "sf_itre": null, "apt_itre": null, "duplex_itre": null, "townhouse_itre": null, "ADU_itre": null, "PROJECT_comp": "Courtyards at Farrington", "A_STATUS": "Approved", "A_STATUS_DATE": 20230414092302.0, "lots_comp": null, "units_comp": null, "apt_comp": null, "townhomes_comp": null, "condo_comp": null }, "geometry": { "type": "Point", "coordinates": [ -78.987875277222486, 35.924205852442206 ] } },
{ "type": "Feature", "properties": { "A_NUMBER": "D2200235", "DATE_open": null, "PROJECT_open": null, "DESCRIPTION": null, "sf_detached": null, "sf_attached": null, "duplex/triplex": null, "multifamily": null, "condo": null, "project_itre": null, "sf_itre": null, "apt_itre": null, "duplex_itre": null, "townhouse_itre": null, "ADU_itre": null, "PROJECT_comp": "Phillips Creek Subdivision Amendment", "A_STATUS": "Approved", "A_STATUS_DATE": 20220929155623.0, "lots_comp": 98.0, "units_comp": 308.0, "apt_comp": null, "townhomes_comp": "T", "condo_comp": null }, "geometry": null },
{ "type": "Feature", "properties": { "A_NUMBER": "D2200242", "DATE_open": null, "PROJECT_open": null, "DESCRIPTION": null, "sf_detached": null, "sf_attached": null, "duplex/triplex": null, "multifamily": null, "condo": null, "project_itre": "Shoccoree II", "sf_itre": 100.0, "apt_itre": null, "duplex_itre": null, "townhouse_itre": null, "ADU_itre": null, "PROJECT_comp": "Shoccoree II (SCM Change)", "A_STATUS": "Approved", "A_STATUS_DATE": 20230906171229.0, "lots_comp": 5.0, "units_comp": null, "apt_comp": null, "townhomes_comp": null, "condo_comp": null }, "geometry": null },
{ "type": "Feature", "properties": { "A_NUMBER": "D2200251", "DATE_open": "2022-07-19T00:00:00", "PROJECT_open": "Hope Crossing II - Belmont Lots Grading Plans", "DESCRIPTION": "Mass grading of existing single family lots.", "sf_detached": 0.0, "sf_attached": 0.0, "duplex/triplex": 0.0, "multifamily": 0.0, "condo": 0.0, "project_itre": null, "sf_itre": null, "apt_itre": null, "duplex_itre": null, "townhouse_itre": null, "ADU_itre": null, "PROJECT_comp": null, "A_STATUS": null, "A_STATUS_DATE": null, "lots_comp": null, "units_comp": null, "apt_comp": null, "townhomes_comp": null, "condo_comp": null }, "geometry": { "type": "Point", "coordinates": [ -78.847024515253125, 35.999574753433755 ] } },
{ "type": "Feature", "properties": { "A_NUMBER": "D2200264", "DATE_open": "2022-08-01T00:00:00", "PROJECT_open": "Nichols Village", "DESCRIPTION": "54 townhomes units", "sf_detached": 0.0, "sf_attached": 54.0, "duplex/triplex": 0.0, "multifamily": 0.0, "condo": 0.0, "project_itre": null, "sf_itre": null, "apt_itre": null, "duplex_itre": null, "townhouse_itre": null, "ADU_itre": null, "PROJECT_comp": "Nichols Village", "A_STATUS": "Approved", "A_STATUS_DATE": 20230228145015.0, "lots_comp": null, "units_comp": 67.0, "apt_comp": null, "townhomes_comp": "T", "condo_comp": null }, "geometry": { "type": "Point", "coordinates": [ -78.791433015458281, 35.952736075141289 ] } },
{ "type": "Feature", "properties": { "A_NUMBER": "D2200276", "DATE_open": "2022-08-16T00:00:00", "PROJECT_open": "Hunt Street Condominiums", "DESCRIPTION": "29 apartment condos over a parking garage", "sf_detached": 0.0, "sf_attached": 0.0, "duplex/triplex": 0.0, "multifamily": 29.0, "condo": 0.0, "project_itre": null, "sf_itre": null, "apt_itre": null, "duplex_itre": null, "townhouse_itre": null, "ADU_itre": null, "PROJECT_comp": null, "A_STATUS": null, "A_STATUS_DATE": null, "lots_comp": null, "units_comp": null, "apt_comp": null, "townhomes_comp": null, "condo_comp": null }, "geometry": { "type": "Point", "coordinates": [ -78.897786176056727, 35.999809463876765 ] } },
{ "type": "Feature", "properties": { "A_NUMBER": "D2200286", "DATE_open": "2022-08-23T00:00:00", "PROJECT_open": "Crescent Townes", "DESCRIPTION": "103 unit townhome subdivision -- associated with rezoning case (Z2200007), and associated annexation (BDG2200005)", "sf_detached": 0.0, "sf_attached": 103.0, "duplex/triplex": 0.0, "multifamily": 0.0, "condo": 0.0, "project_itre": null, "sf_itre": null, "apt_itre": null, "duplex_itre": null, "townhouse_itre": null, "ADU_itre": null, "PROJECT_comp": "Crescent Townes", "A_STATUS": "Approved", "A_STATUS_DATE": 20230628152242.0, "lots_comp": null, "units_comp": 29.0, "apt_comp": null, "townhomes_comp": "T", "condo_comp": null }, "geometry": { "type": "Point", "coordinates": [ -78.987765645180474, 35.91377635907093 ] } },
{ "type": "Feature", "properties": { "A_NUMBER": "D2200289", "DATE_open": "2022-08-31T00:00:00", "PROJECT_open": "Mica Ridge", "DESCRIPTION": "308 townhomes, 98 Single family lots, 6 stormwater ponds and associated infrastructure", "sf_detached": 98.0, "sf_attached": 308.0, "duplex/triplex": 0.0, "multifamily": 0.0, "condo": 0.0, "project_itre": null, "sf_itre": null, "apt_itre": null, "duplex_itre": null, "townhouse_itre": null, "ADU_itre": null, "PROJECT_comp": "Mica Ridge", "A_STATUS": "Approved", "A_STATUS_DATE": 20230922104802.0, "lots_comp": 1.0, "units_comp": 14.0, "apt_comp": null, "townhomes_comp": "T", "condo_comp": null }, "geometry": { "type": "Point", "coordinates": [ -78.837547004010204, 35.958413403934088 ] } },
{ "type": "Feature", "properties": { "A_NUMBER": "D2200291", "DATE_open": "2022-08-31T00:00:00", "PROJECT_open": "Glenn Crossing Amendment 2", "DESCRIPTION": "Additional design and amenity open spaces, loss of 1 lot/unit for a new total of 278 townhouses", "sf_detached": 0.0, "sf_attached": 278.0, "duplex/triplex": 0.0, "multifamily": 0.0, "condo": 0.0, "project_itre": null, "sf_itre": null, "apt_itre": null, "duplex_itre": null, "townhouse_itre": null, "ADU_itre": null, "PROJECT_comp": null, "A_STATUS": null, "A_STATUS_DATE": null, "lots_comp": null, "units_comp": null, "apt_comp": null, "townhomes_comp": null, "condo_comp": null }, "geometry": { "type": "Point", "coordinates": [ -78.842988272510112, 36.038120568981412 ] } },
{ "type": "Feature", "properties": { "A_NUMBER": "D2200292", "DATE_open": "2022-08-31T00:00:00", "PROJECT_open": "Cedar Trace Apartments", "DESCRIPTION": "180 apartment units with clubhouse", "sf_detached": 0.0, "sf_attached": 0.0, "duplex/triplex": 0.0, "multifamily": 180.0, "condo": 0.0, "project_itre": null, "sf_itre": null, "apt_itre": null, "duplex_itre": null, "townhouse_itre": null, "ADU_itre": null, "PROJECT_comp": null, "A_STATUS": null, "A_STATUS_DATE": null, "lots_comp": null, "units_comp": null, "apt_comp": null, "townhomes_comp": null, "condo_comp": null }, "geometry": { "type": "Point", "coordinates": [ -78.85256258215594, 35.979863270162184 ] } },
{ "type": "Feature", "properties": { "A_NUMBER": "D2200293", "DATE_open": "2022-08-31T00:00:00", "PROJECT_open": "Summer Meadow Phase 4A & 4B", "DESCRIPTION": "Proposed 23 single-family lots in phases 4A and 4B.", "sf_detached": 23.0, "sf_attached": 0.0, "duplex/triplex": 0.0, "multifamily": 0.0, "condo": 0.0, "project_itre": null, "sf_itre": null, "apt_itre": null, "duplex_itre": null, "townhouse_itre": null, "ADU_itre": null, "PROJECT_comp": null, "A_STATUS": null, "A_STATUS_DATE": null, "lots_comp": null, "units_comp": null, "apt_comp": null, "townhomes_comp": null, "condo_comp": null }, "geometry": { "type": "Point", "coordinates": [ -78.886158801161571, 36.065608179035031 ] } },
{ "type": "Feature", "properties": { "A_NUMBER": "D2200298", "DATE_open": null, "PROJECT_open": null, "DESCRIPTION": null, "sf_detached": null, "sf_attached": null, "duplex/triplex": null, "multifamily": null, "condo": null, "project_itre": null, "sf_itre": null, "apt_itre": null, "duplex_itre": null, "townhouse_itre": null, "ADU_itre": null, "PROJECT_comp": "2410 E Geer Street Subdivision", "A_STATUS": "Withdrawn", "A_STATUS_DATE": 20240911153843.0, "lots_comp": null, "units_comp": 156.0, "apt_comp": "T", "townhomes_comp": null, "condo_comp": null }, "geometry": null },
{ "type": "Feature", "properties": { "A_NUMBER": "D2200300", "DATE_open": "2022-09-06T00:00:00", "PROJECT_open": "Pineview Glen Townhomes", "DESCRIPTION": "Residential townhome project with associated infrastructure (67 units). Associated with rezoning case ZZ2100003 and annexation BDG2100007.", "sf_detached": 0.0, "sf_attached": 67.0, "duplex/triplex": 0.0, "multifamily": 0.0, "condo": 0.0, "project_itre": "Pineview Glen Townhomes", "sf_itre": null, "apt_itre": null, "duplex_itre": null, "townhouse_itre": 67.0, "ADU_itre": null, "PROJECT_comp": " Pineview Glen Townhomes", "A_STATUS": "Approved", "A_STATUS_DATE": 20240125163303.0, "lots_comp": null, "units_comp": 107.0, "apt_comp": "T", "townhomes_comp": "T", "condo_comp": null }, "geometry": { "type": "Point", "coordinates": [ -78.810514330443155, 35.927764779760885 ] } },
{ "type": "Feature", "properties": { "A_NUMBER": "D2200301", "DATE_open": "2022-09-06T00:00:00", "PROJECT_open": "102 W Morgan Street", "DESCRIPTION": "Construction of 228 multifamily units with associated amenities and infrastructure.", "sf_detached": 0.0, "sf_attached": 0.0, "duplex/triplex": 0.0, "multifamily": 228.0, "condo": 0.0, "project_itre": null, "sf_itre": null, "apt_itre": null, "duplex_itre": null, "townhouse_itre": null, "ADU_itre": null, "PROJECT_comp": null, "A_STATUS": null, "A_STATUS_DATE": null, "lots_comp": null, "units_comp": null, "apt_comp": null, "townhomes_comp": null, "condo_comp": null }, "geometry": { "type": "Point", "coordinates": [ -78.899505420676761, 35.998520714397756 ] } },
{ "type": "Feature", "properties": { "A_NUMBER": "D2200310", "DATE_open": "2022-09-09T00:00:00", "PROJECT_open": "Everton", "DESCRIPTION": "308-unit multifamily townhome development, associated with rezoning case Z2100027.", "sf_detached": 0.0, "sf_attached": 0.0, "duplex/triplex": 0.0, "multifamily": 308.0, "condo": 0.0, "project_itre": null, "sf_itre": null, "apt_itre": null, "duplex_itre": null, "townhouse_itre": null, "ADU_itre": null, "PROJECT_comp": null, "A_STATUS": null, "A_STATUS_DATE": null, "lots_comp": null, "units_comp": null, "apt_comp": null, "townhomes_comp": null, "condo_comp": null }, "geometry": { "type": "Point", "coordinates": [ -78.783602733961843, 35.942794494868373 ] } },
{ "type": "Feature", "properties": { "A_NUMBER": "D2200322", "DATE_open": "2022-09-20T00:00:00", "PROJECT_open": "West Village Courtyard Renovation", "DESCRIPTION": "Project is to renovate and update the residential interior courtyards at the West Village community in downtown Durham. The scope of work will include updates to hardscape and planting materials, site furnishings, etc.", "sf_detached": 0.0, "sf_attached": 0.0, "duplex/triplex": 0.0, "multifamily": 0.0, "condo": 0.0, "project_itre": null, "sf_itre": null, "apt_itre": null, "duplex_itre": null, "townhouse_itre": null, "ADU_itre": null, "PROJECT_comp": null, "A_STATUS": null, "A_STATUS_DATE": null, "lots_comp": null, "units_comp": null, "apt_comp": null, "townhomes_comp": null, "condo_comp": null }, "geometry": { "type": "Point", "coordinates": [ -78.906450771409993, 36.000128100649803 ] } },
{ "type": "Feature", "properties": { "A_NUMBER": "D2200330", "DATE_open": "2022-09-26T00:00:00", "PROJECT_open": "1109 W Chapel Hill Street", "DESCRIPTION": "Propose 12 multifamily apartments with 399 square feet of commercial space. \r\n", "sf_detached": 0.0, "sf_attached": 0.0, "duplex/triplex": 0.0, "multifamily": 12.0, "condo": 0.0, "project_itre": null, "sf_itre": null, "apt_itre": null, "duplex_itre": null, "townhouse_itre": null, "ADU_itre": null, "PROJECT_comp": null, "A_STATUS": null, "A_STATUS_DATE": null, "lots_comp": null, "units_comp": null, "apt_comp": null, "townhomes_comp": null, "condo_comp": null }, "geometry": { "type": "Point", "coordinates": [ -78.916424163955341, 35.996439762824977 ] } },
{ "type": "Feature", "properties": { "A_NUMBER": "D2200332", "DATE_open": "2022-09-29T00:00:00", "PROJECT_open": "Glennstone Annex", "DESCRIPTION": "17 Single family lots extending from ex. Chimney Stone Road.", "sf_detached": 17.0, "sf_attached": 0.0, "duplex/triplex": 0.0, "multifamily": 0.0, "condo": 0.0, "project_itre": null, "sf_itre": null, "apt_itre": null, "duplex_itre": null, "townhouse_itre": null, "ADU_itre": null, "PROJECT_comp": null, "A_STATUS": null, "A_STATUS_DATE": null, "lots_comp": null, "units_comp": null, "apt_comp": null, "townhomes_comp": null, "condo_comp": null }, "geometry": { "type": "Point", "coordinates": [ -78.835282919947815, 36.054363095631437 ] } },
{ "type": "Feature", "properties": { "A_NUMBER": "D2200335", "DATE_open": null, "PROJECT_open": null, "DESCRIPTION": null, "sf_detached": null, "sf_attached": null, "duplex/triplex": null, "multifamily": null, "condo": null, "project_itre": "Pinecrest Townhome Development", "sf_itre": null, "apt_itre": null, "duplex_itre": null, "townhouse_itre": 29.0, "ADU_itre": null, "PROJECT_comp": "Pinecrest Townhome Development", "A_STATUS": "Withdrawn", "A_STATUS_DATE": 20250210175805.0, "lots_comp": 102.0, "units_comp": 64.0, "apt_comp": null, "townhomes_comp": "T", "condo_comp": null }, "geometry": null },
{ "type": "Feature", "properties": { "A_NUMBER": "D2200347", "DATE_open": "2022-10-11T00:00:00", "PROJECT_open": "2012 Ward Street", "DESCRIPTION": "Proposed 14 townhomes and 1 single-family home with an accessory dwelling unit.", "sf_detached": 1.0, "sf_attached": 14.0, "duplex/triplex": 0.0, "multifamily": 0.0, "condo": 0.0, "project_itre": "2012 Ward Street ", "sf_itre": 1.0, "apt_itre": null, "duplex_itre": null, "townhouse_itre": 14.0, "ADU_itre": 1.0, "PROJECT_comp": "2012 Ward Street", "A_STATUS": "Approved", "A_STATUS_DATE": 20240923114250.0, "lots_comp": null, "units_comp": 70.0, "apt_comp": null, "townhomes_comp": "T", "condo_comp": null }, "geometry": { "type": "Point", "coordinates": [ -78.928490729749427, 35.98287148085285 ] } },
{ "type": "Feature", "properties": { "A_NUMBER": "D2200348", "DATE_open": "2022-10-11T00:00:00", "PROJECT_open": "Dearborn Multifamily", "DESCRIPTION": "156 multifamily units and amenity space", "sf_detached": 0.0, "sf_attached": 0.0, "duplex/triplex": 0.0, "multifamily": 156.0, "condo": 0.0, "project_itre": "Dearborn Multifamily", "sf_itre": null, "apt_itre": 156.0, "duplex_itre": null, "townhouse_itre": null, "ADU_itre": null, "PROJECT_comp": "Dearborn Multifamily", "A_STATUS": "Approved", "A_STATUS_DATE": 20231129115319.0, "lots_comp": 186.0, "units_comp": null, "apt_comp": null, "townhomes_comp": null, "condo_comp": null }, "geometry": { "type": "Point", "coordinates": [ -78.88433822618299, 36.037724238593064 ] } },
{ "type": "Feature", "properties": { "A_NUMBER": "D2200349", "DATE_open": "2022-10-11T00:00:00", "PROJECT_open": "Commerce Street Apartments PH2 & PH 3", "DESCRIPTION": "172 unit multifamily apartments", "sf_detached": 0.0, "sf_attached": 0.0, "duplex/triplex": 0.0, "multifamily": 172.0, "condo": 0.0, "project_itre": null, "sf_itre": null, "apt_itre": null, "duplex_itre": null, "townhouse_itre": null, "ADU_itre": null, "PROJECT_comp": null, "A_STATUS": null, "A_STATUS_DATE": null, "lots_comp": null, "units_comp": null, "apt_comp": null, "townhomes_comp": null, "condo_comp": null }, "geometry": { "type": "Point", "coordinates": [ -78.892627071611017, 35.992253498456854 ] } },
{ "type": "Feature", "properties": { "A_NUMBER": "D2200350", "DATE_open": null, "PROJECT_open": null, "DESCRIPTION": null, "sf_detached": null, "sf_attached": null, "duplex/triplex": null, "multifamily": null, "condo": null, "project_itre": "Cresent Drive Assemblage", "sf_itre": null, "apt_itre": 92.0, "duplex_itre": null, "townhouse_itre": 15.0, "ADU_itre": null, "PROJECT_comp": "Cresent Drive Assemblage", "A_STATUS": "Withdrawn", "A_STATUS_DATE": 20240229152230.0, "lots_comp": null, "units_comp": 210.0, "apt_comp": "T", "townhomes_comp": "T", "condo_comp": null }, "geometry": null },
{ "type": "Feature", "properties": { "A_NUMBER": "D2200351", "DATE_open": "2022-10-12T00:00:00", "PROJECT_open": "Courtyards at Doc Nichols", "DESCRIPTION": "102 Single family detached lots with 64 townhome lots with supporting open space.", "sf_detached": 102.0, "sf_attached": 64.0, "duplex/triplex": 0.0, "multifamily": 0.0, "condo": 0.0, "project_itre": "Courtyards at Doc Nichols", "sf_itre": 102.0, "apt_itre": null, "duplex_itre": null, "townhouse_itre": 64.0, "ADU_itre": null, "PROJECT_comp": "Courtyards at Doc Nichols", "A_STATUS": "Approved", "A_STATUS_DATE": 20240112111528.0, "lots_comp": 99.0, "units_comp": null, "apt_comp": null, "townhomes_comp": null, "condo_comp": null }, "geometry": { "type": "Point", "coordinates": [ -78.795195965564844, 35.945873008342382 ] } },
{ "type": "Feature", "properties": { "A_NUMBER": "D2200356", "DATE_open": "2022-10-12T00:00:00", "PROJECT_open": "Grace Place Apartments", "DESCRIPTION": "201 Multifamily apartments with -9,346 sf commerical space", "sf_detached": 0.0, "sf_attached": 0.0, "duplex/triplex": 0.0, "multifamily": 201.0, "condo": 0.0, "project_itre": null, "sf_itre": null, "apt_itre": null, "duplex_itre": null, "townhouse_itre": null, "ADU_itre": null, "PROJECT_comp": null, "A_STATUS": null, "A_STATUS_DATE": null, "lots_comp": null, "units_comp": null, "apt_comp": null, "townhomes_comp": null, "condo_comp": null }, "geometry": { "type": "Point", "coordinates": [ -78.891558866109989, 35.993475453881857 ] } },
{ "type": "Feature", "properties": { "A_NUMBER": "D2200359", "DATE_open": "2022-10-14T00:00:00", "PROJECT_open": "Page Road Parcels", "DESCRIPTION": "70 townhomes with associated streets, sidewalks, grading, water, sewer, stormwater management & landscaping,", "sf_detached": 0.0, "sf_attached": 70.0, "duplex/triplex": 0.0, "multifamily": 0.0, "condo": 0.0, "project_itre": "Page Road Parcels", "sf_itre": null, "apt_itre": null, "duplex_itre": null, "townhouse_itre": 70.0, "ADU_itre": null, "PROJECT_comp": "Page Road Parcels", "A_STATUS": "Approved", "A_STATUS_DATE": 20240923114912.0, "lots_comp": null, "units_comp": 100.0, "apt_comp": "T", "townhomes_comp": null, "condo_comp": null }, "geometry": { "type": "Point", "coordinates": [ -78.819688176572129, 35.909608458815541 ] } },
{ "type": "Feature", "properties": { "A_NUMBER": "D2200363", "DATE_open": "2022-10-17T00:00:00", "PROJECT_open": "1011 Andrews Road", "DESCRIPTION": "Coliving in townhomes style apartments - 56 units (244 bedrooms)", "sf_detached": 0.0, "sf_attached": 0.0, "duplex/triplex": 0.0, "multifamily": 56.0, "condo": 0.0, "project_itre": null, "sf_itre": null, "apt_itre": null, "duplex_itre": null, "townhouse_itre": null, "ADU_itre": null, "PROJECT_comp": null, "A_STATUS": null, "A_STATUS_DATE": null, "lots_comp": null, "units_comp": null, "apt_comp": null, "townhomes_comp": null, "condo_comp": null }, "geometry": { "type": "Point", "coordinates": [ -78.953959487888895, 36.014651844688984 ] } },
{ "type": "Feature", "properties": { "A_NUMBER": "D2200368", "DATE_open": "2022-10-20T00:00:00", "PROJECT_open": "Stella View", "DESCRIPTION": "Residential subdivision with 107 townhomes and 102 single-family lots and open space, pending approval of associated rezoning (Z2100008) and annexation (BDG2100003)", "sf_detached": 102.0, "sf_attached": 107.0, "duplex/triplex": 0.0, "multifamily": 0.0, "condo": 0.0, "project_itre": null, "sf_itre": null, "apt_itre": null, "duplex_itre": null, "townhouse_itre": null, "ADU_itre": null, "PROJECT_comp": null, "A_STATUS": null, "A_STATUS_DATE": null, "lots_comp": null, "units_comp": null, "apt_comp": null, "townhomes_comp": null, "condo_comp": null }, "geometry": { "type": "Point", "coordinates": [ -78.812502844914349, 35.958517771575849 ] } },
{ "type": "Feature", "properties": { "A_NUMBER": "D2200371", "DATE_open": "2022-10-24T00:00:00", "PROJECT_open": "311 W Corporation", "DESCRIPTION": "45 units multifamily residential apartments", "sf_detached": 0.0, "sf_attached": 0.0, "duplex/triplex": 0.0, "multifamily": 45.0, "condo": 0.0, "project_itre": null, "sf_itre": null, "apt_itre": null, "duplex_itre": null, "townhouse_itre": null, "ADU_itre": null, "PROJECT_comp": null, "A_STATUS": null, "A_STATUS_DATE": null, "lots_comp": null, "units_comp": null, "apt_comp": null, "townhomes_comp": null, "condo_comp": null }, "geometry": { "type": "Point", "coordinates": [ -78.898906603353623, 36.001690204971091 ] } },
{ "type": "Feature", "properties": { "A_NUMBER": "D2200379", "DATE_open": "2022-11-02T00:00:00", "PROJECT_open": "Chapel Hill Tire", "DESCRIPTION": "Chapel Hill Tire & associated infrastructure on existing lot within existing Homestead Market development.", "sf_detached": 0.0, "sf_attached": 0.0, "duplex/triplex": 0.0, "multifamily": 0.0, "condo": 0.0, "project_itre": null, "sf_itre": null, "apt_itre": null, "duplex_itre": null, "townhouse_itre": null, "ADU_itre": null, "PROJECT_comp": null, "A_STATUS": null, "A_STATUS_DATE": null, "lots_comp": null, "units_comp": null, "apt_comp": null, "townhomes_comp": null, "condo_comp": null }, "geometry": { "type": "Point", "coordinates": [ -78.940251793350242, 35.910734168328368 ] } },
{ "type": "Feature", "properties": { "A_NUMBER": "D2200386", "DATE_open": "2022-11-03T00:00:00", "PROJECT_open": "3851 Hope Valley Road", "DESCRIPTION": "Duplexes and single family subdivision. 40 total units, 3 open space lots.", "sf_detached": 0.0, "sf_attached": 0.0, "duplex/triplex": 0.0, "multifamily": 0.0, "condo": 0.0, "project_itre": null, "sf_itre": null, "apt_itre": null, "duplex_itre": null, "townhouse_itre": null, "ADU_itre": null, "PROJECT_comp": null, "A_STATUS": null, "A_STATUS_DATE": null, "lots_comp": null, "units_comp": null, "apt_comp": null, "townhomes_comp": null, "condo_comp": null }, "geometry": { "type": "Point", "coordinates": [ -78.941755320358411, 35.94067663199769 ] } },
{ "type": "Feature", "properties": { "A_NUMBER": "D2200390", "DATE_open": "2022-11-07T00:00:00", "PROJECT_open": "Sweetbrier Phase 3", "DESCRIPTION": "Level 4 Site Plan for 186 single family homes, phase 3 of development.", "sf_detached": 4.0, "sf_attached": 0.0, "duplex/triplex": 0.0, "multifamily": 0.0, "condo": 0.0, "project_itre": null, "sf_itre": null, "apt_itre": null, "duplex_itre": null, "townhouse_itre": null, "ADU_itre": null, "PROJECT_comp": "Sweetbrier Phase 3", "A_STATUS": "Approved", "A_STATUS_DATE": 20240424155346.0, "lots_comp": 11.0, "units_comp": 9.0, "apt_comp": null, "townhomes_comp": "T", "condo_comp": null }, "geometry": { "type": "Point", "coordinates": [ -78.778358165533461, 35.95277637173357 ] } },
{ "type": "Feature", "properties": { "A_NUMBER": "D2200422", "DATE_open": null, "PROJECT_open": null, "DESCRIPTION": null, "sf_detached": null, "sf_attached": null, "duplex/triplex": null, "multifamily": null, "condo": null, "project_itre": null, "sf_itre": null, "apt_itre": null, "duplex_itre": null, "townhouse_itre": null, "ADU_itre": null, "PROJECT_comp": "Brier Creek ACT", "A_STATUS": "Withdrawn", "A_STATUS_DATE": 20240911154628.0, "lots_comp": null, "units_comp": 33.0, "apt_comp": "T", "townhomes_comp": null, "condo_comp": null }, "geometry": null },
{ "type": "Feature", "properties": { "A_NUMBER": "D2200428", "DATE_open": "2022-12-20T00:00:00", "PROJECT_open": "Alpaca Chicken", "DESCRIPTION": "The proposed development combines two existing lots. A multi-tenant commercial building including a restaurant and retail is proposed.", "sf_detached": 0.0, "sf_attached": 0.0, "duplex/triplex": 0.0, "multifamily": 0.0, "condo": 0.0, "project_itre": null, "sf_itre": null, "apt_itre": null, "duplex_itre": null, "townhouse_itre": null, "ADU_itre": null, "PROJECT_comp": null, "A_STATUS": null, "A_STATUS_DATE": null, "lots_comp": null, "units_comp": null, "apt_comp": null, "townhomes_comp": null, "condo_comp": null }, "geometry": { "type": "Point", "coordinates": [ -78.840180355442556, 35.940887671216551 ] } },
{ "type": "Feature", "properties": { "A_NUMBER": "D2200429", "DATE_open": null, "PROJECT_open": null, "DESCRIPTION": null, "sf_detached": null, "sf_attached": null, "duplex/triplex": null, "multifamily": null, "condo": null, "project_itre": "Sweetbrier (1001 Olive Branch Road) - Phase 1", "sf_itre": 99.0, "apt_itre": null, "duplex_itre": null, "townhouse_itre": null, "ADU_itre": null, "PROJECT_comp": "Sweetbrier (1001 Olive Branch Road) - Phase 1 Amendment", "A_STATUS": "Approved", "A_STATUS_DATE": 20231004120008.0, "lots_comp": null, "units_comp": 3.0, "apt_comp": "T", "townhomes_comp": null, "condo_comp": null }, "geometry": null },
{ "type": "Feature", "properties": { "A_NUMBER": "D2200430", "DATE_open": "2022-12-20T00:00:00", "PROJECT_open": "Southside East Phases 3 & 4", "DESCRIPTION": "Construction of 100 residential apartment units in 12 buildings.", "sf_detached": 0.0, "sf_attached": 0.0, "duplex/triplex": 0.0, "multifamily": 100.0, "condo": 0.0, "project_itre": "Southside East Phases 3 & 4", "sf_itre": null, "apt_itre": 100.0, "duplex_itre": null, "townhouse_itre": null, "ADU_itre": null, "PROJECT_comp": "Southside East Phases 3 & 4", "A_STATUS": "Approved", "A_STATUS_DATE": 20230817155842.0, "lots_comp": null, "units_comp": 178.0, "apt_comp": "T", "townhomes_comp": null, "condo_comp": null }, "geometry": { "type": "Point", "coordinates": [ -78.901788982109835, 35.984662158522916 ] } },
{ "type": "Feature", "properties": { "A_NUMBER": "D2200433", "DATE_open": null, "PROJECT_open": null, "DESCRIPTION": null, "sf_detached": null, "sf_attached": null, "duplex/triplex": null, "multifamily": null, "condo": null, "project_itre": null, "sf_itre": null, "apt_itre": null, "duplex_itre": null, "townhouse_itre": null, "ADU_itre": null, "PROJECT_comp": "Broad Street Townes", "A_STATUS": "Withdrawn", "A_STATUS_DATE": 20240529143327.0, "lots_comp": null, "units_comp": 2.0, "apt_comp": "T", "townhomes_comp": "F", "condo_comp": null }, "geometry": null },
{ "type": "Feature", "properties": { "A_NUMBER": "D2300003", "DATE_open": null, "PROJECT_open": null, "DESCRIPTION": null, "sf_detached": null, "sf_attached": null, "duplex/triplex": null, "multifamily": null, "condo": null, "project_itre": null, "sf_itre": null, "apt_itre": null, "duplex_itre": null, "townhouse_itre": null, "ADU_itre": null, "PROJECT_comp": "106 Broadway", "A_STATUS": "Withdrawn", "A_STATUS_DATE": 20240711094551.0, "lots_comp": 12.0, "units_comp": null, "apt_comp": null, "townhomes_comp": null, "condo_comp": null }, "geometry": null },
{ "type": "Feature", "properties": { "A_NUMBER": "D2300010", "DATE_open": "2023-01-18T00:00:00", "PROJECT_open": "Caring House", "DESCRIPTION": "Addition of temporary care housing for cancer patients.", "sf_detached": 0.0, "sf_attached": 0.0, "duplex/triplex": 0.0, "multifamily": 0.0, "condo": 0.0, "project_itre": null, "sf_itre": null, "apt_itre": null, "duplex_itre": null, "townhouse_itre": null, "ADU_itre": null, "PROJECT_comp": null, "A_STATUS": null, "A_STATUS_DATE": null, "lots_comp": null, "units_comp": null, "apt_comp": null, "townhomes_comp": null, "condo_comp": null }, "geometry": { "type": "Point", "coordinates": [ -78.944443159100587, 35.973880550290929 ] } },
{ "type": "Feature", "properties": { "A_NUMBER": "D2300033", "DATE_open": null, "PROJECT_open": null, "DESCRIPTION": null, "sf_detached": null, "sf_attached": null, "duplex/triplex": null, "multifamily": null, "condo": null, "project_itre": "1300 Broad St. Multiplex", "sf_itre": null, "apt_itre": 3.0, "duplex_itre": null, "townhouse_itre": null, "ADU_itre": null, "PROJECT_comp": "1300 Broad St. Multiplex", "A_STATUS": "Approved", "A_STATUS_DATE": 20231031114527.0, "lots_comp": 5.0, "units_comp": 10.0, "apt_comp": "F", "townhomes_comp": "T", "condo_comp": "T" }, "geometry": null },
{ "type": "Feature", "properties": { "A_NUMBER": "D2300035", "DATE_open": "2023-02-08T00:00:00", "PROJECT_open": "715-719 Rigsbee", "DESCRIPTION": "178 multi-family units with ground floor retail.", "sf_detached": 0.0, "sf_attached": 0.0, "duplex/triplex": 0.0, "multifamily": 178.0, "condo": 0.0, "project_itre": "715-719 Rigsbee", "sf_itre": null, "apt_itre": 178.0, "duplex_itre": null, "townhouse_itre": null, "ADU_itre": null, "PROJECT_comp": "715-719 Rigsbee", "A_STATUS": "Approved", "A_STATUS_DATE": 20230725111642.0, "lots_comp": 7.0, "units_comp": 6.0, "apt_comp": null, "townhomes_comp": "T", "condo_comp": null }, "geometry": { "type": "Point", "coordinates": [ -78.900394074148196, 36.00274306393527 ] } },
{ "type": "Feature", "properties": { "A_NUMBER": "D2300050", "DATE_open": null, "PROJECT_open": null, "DESCRIPTION": null, "sf_detached": null, "sf_attached": null, "duplex/triplex": null, "multifamily": null, "condo": null, "project_itre": "500 East Main Street", "sf_itre": null, "apt_itre": 2.0, "duplex_itre": null, "townhouse_itre": null, "ADU_itre": null, "PROJECT_comp": "500 East Main Street Amendment", "A_STATUS": "Approved", "A_STATUS_DATE": 20240327111400.0, "lots_comp": null, "units_comp": 40.0, "apt_comp": "T", "townhomes_comp": null, "condo_comp": null }, "geometry": null },
{ "type": "Feature", "properties": { "A_NUMBER": "D2300059", "DATE_open": null, "PROJECT_open": null, "DESCRIPTION": null, "sf_detached": null, "sf_attached": null, "duplex/triplex": null, "multifamily": null, "condo": null, "project_itre": null, "sf_itre": null, "apt_itre": null, "duplex_itre": null, "townhouse_itre": null, "ADU_itre": null, "PROJECT_comp": "Garcia Avenue Subdivision", "A_STATUS": "Withdrawn", "A_STATUS_DATE": 20250211144120.0, "lots_comp": null, "units_comp": 456.0, "apt_comp": "T", "townhomes_comp": "F", "condo_comp": null }, "geometry": null },
{ "type": "Feature", "properties": { "A_NUMBER": "D2300060", "DATE_open": "2023-02-27T00:00:00", "PROJECT_open": "310 W Corporation St", "DESCRIPTION": "6 units + 4 ADU's and 974 s.f. of commercial space. 5 lots proposed.", "sf_detached": 0.0, "sf_attached": 0.0, "duplex/triplex": 0.0, "multifamily": 0.0, "condo": 0.0, "project_itre": "310 W Corporation St", "sf_itre": null, "apt_itre": 6.0, "duplex_itre": null, "townhouse_itre": null, "ADU_itre": 4.0, "PROJECT_comp": "310 W Corporation St", "A_STATUS": "Approved", "A_STATUS_DATE": 20230705140233.0, "lots_comp": null, "units_comp": 2.0, "apt_comp": null, "townhomes_comp": "T", "condo_comp": null }, "geometry": { "type": "Point", "coordinates": [ -78.898854263626674, 36.00221136466147 ] } },
{ "type": "Feature", "properties": { "A_NUMBER": "D2300062", "DATE_open": "2023-03-03T00:00:00", "PROJECT_open": "5202 Garrett Road", "DESCRIPTION": "6 townhouses with small parking lot, dog park, and passive open space.", "sf_detached": 0.0, "sf_attached": 6.0, "duplex/triplex": 0.0, "multifamily": 0.0, "condo": 0.0, "project_itre": "5202 Garrett Road", "sf_itre": null, "apt_itre": null, "duplex_itre": null, "townhouse_itre": 6.0, "ADU_itre": null, "PROJECT_comp": "5202 Garrett Road", "A_STATUS": "Approved", "A_STATUS_DATE": 20231207162758.0, "lots_comp": null, "units_comp": 183.0, "apt_comp": null, "townhomes_comp": "T", "condo_comp": null }, "geometry": { "type": "Point", "coordinates": [ -78.969743910344263, 35.948994800721692 ] } },
{ "type": "Feature", "properties": { "A_NUMBER": "D2300082", "DATE_open": "2023-03-17T00:00:00", "PROJECT_open": "Blocks B & C at Hub RTP", "DESCRIPTION": "Addition of new building on block A2-3 and associated infrastructure. Increasing overall units from 366 to 406.", "sf_detached": 366.0, "sf_attached": 0.0, "duplex/triplex": 0.0, "multifamily": 0.0, "condo": 0.0, "project_itre": "Blocks B & C at Hub RTP", "sf_itre": null, "apt_itre": 40.0, "duplex_itre": null, "townhouse_itre": null, "ADU_itre": null, "PROJECT_comp": "Blocks B & C at Hub RTP", "A_STATUS": "Approved", "A_STATUS_DATE": 20230725163922.0, "lots_comp": null, "units_comp": 400.0, "apt_comp": "T", "townhomes_comp": "T", "condo_comp": null }, "geometry": { "type": "Point", "coordinates": [ -78.862622011888178, 35.891856216644399 ] } },
{ "type": "Feature", "properties": { "A_NUMBER": "D2300084", "DATE_open": "2023-03-21T00:00:00", "PROJECT_open": "New Hope Commons Multifamily", "DESCRIPTION": "Demolish one of the existing buildings and a parking area onsite to facilitate two multifamily buildings (460 units across two phases) with integrated structured parking.", "sf_detached": 0.0, "sf_attached": 0.0, "duplex/triplex": 0.0, "multifamily": 460.0, "condo": 0.0, "project_itre": "New Hope Commons Multifamily", "sf_itre": null, "apt_itre": 456.0, "duplex_itre": null, "townhouse_itre": null, "ADU_itre": null, "PROJECT_comp": "New Hope Commons Multifamily", "A_STATUS": "Approved", "A_STATUS_DATE": 20240117215147.0, "lots_comp": null, "units_comp": 180.0, "apt_comp": "T", "townhomes_comp": null, "condo_comp": null }, "geometry": { "type": "Point", "coordinates": [ -78.997636564457935, 35.954830127913809 ] } },
{ "type": "Feature", "properties": { "A_NUMBER": "D2300091", "DATE_open": null, "PROJECT_open": null, "DESCRIPTION": null, "sf_detached": null, "sf_attached": null, "duplex/triplex": null, "multifamily": null, "condo": null, "project_itre": null, "sf_itre": null, "apt_itre": null, "duplex_itre": null, "townhouse_itre": null, "ADU_itre": null, "PROJECT_comp": "Brightleaf - Cottages Amendment", "A_STATUS": "Approved", "A_STATUS_DATE": 20240809125201.0, "lots_comp": 15.0, "units_comp": 14.0, "apt_comp": null, "townhomes_comp": "T", "condo_comp": null }, "geometry": null },
{ "type": "Feature", "properties": { "A_NUMBER": "D2300094", "DATE_open": "2023-04-05T00:00:00", "PROJECT_open": "The Advantage", "DESCRIPTION": "183 Townhomes, 188 proposed lots.", "sf_detached": 0.0, "sf_attached": 183.0, "duplex/triplex": 0.0, "multifamily": 0.0, "condo": 0.0, "project_itre": "The Advantage", "sf_itre": null, "apt_itre": null, "duplex_itre": null, "townhouse_itre": 183.0, "ADU_itre": null, "PROJECT_comp": "The Advantage", "A_STATUS": "Approved", "A_STATUS_DATE": 20240212122446.0, "lots_comp": null, "units_comp": 208.0, "apt_comp": "T", "townhomes_comp": null, "condo_comp": null }, "geometry": { "type": "Point", "coordinates": [ -78.775698802724762, 35.947256335103994 ] } },
{ "type": "Feature", "properties": { "A_NUMBER": "D2300103", "DATE_open": "2023-04-13T00:00:00", "PROJECT_open": "NOVEL UHill", "DESCRIPTION": "A 448,537 square foot (sf) multifamily building (400 units) with a 2,566 sf commercial business, a 178,018 sf garage, and associated infrastructure with off-site improvements on 2 existing lots.", "sf_detached": 0.0, "sf_attached": 0.0, "duplex/triplex": 0.0, "multifamily": 400.0, "condo": 0.0, "project_itre": "NOVEL UHill", "sf_itre": null, "apt_itre": 381.0, "duplex_itre": null, "townhouse_itre": 19.0, "ADU_itre": null, "PROJECT_comp": "NOVEL UHill", "A_STATUS": "Approved", "A_STATUS_DATE": 20231130134740.0, "lots_comp": null, "units_comp": 90.0, "apt_comp": "T", "townhomes_comp": null, "condo_comp": null }, "geometry": { "type": "Point", "coordinates": [ -78.952865138665587, 35.969797681780996 ] } },
{ "type": "Feature", "properties": { "A_NUMBER": "D2300114", "DATE_open": "2023-04-24T00:00:00", "PROJECT_open": "MLK Apartments", "DESCRIPTION": "180 apartments in 6 buildings totaling 64,530 square feet on 9.651 acres", "sf_detached": 0.0, "sf_attached": 0.0, "duplex/triplex": 0.0, "multifamily": 180.0, "condo": 0.0, "project_itre": null, "sf_itre": null, "apt_itre": null, "duplex_itre": null, "townhouse_itre": null, "ADU_itre": null, "PROJECT_comp": "MLK Apartments", "A_STATUS": "Approved", "A_STATUS_DATE": 20240709172529.0, "lots_comp": 85.0, "units_comp": 80.0, "apt_comp": null, "townhomes_comp": "T", "condo_comp": null }, "geometry": { "type": "Point", "coordinates": [ -78.904825506788058, 35.940252034543995 ] } },
{ "type": "Feature", "properties": { "A_NUMBER": "D2300118", "DATE_open": null, "PROJECT_open": null, "DESCRIPTION": null, "sf_detached": null, "sf_attached": null, "duplex/triplex": null, "multifamily": null, "condo": null, "project_itre": null, "sf_itre": null, "apt_itre": null, "duplex_itre": null, "townhouse_itre": null, "ADU_itre": null, "PROJECT_comp": "1900 Hillandale", "A_STATUS": "Withdrawn", "A_STATUS_DATE": 20240506142556.0, "lots_comp": null, "units_comp": 930.0, "apt_comp": "T", "townhomes_comp": null, "condo_comp": null }, "geometry": null },
{ "type": "Feature", "properties": { "A_NUMBER": "D2300122", "DATE_open": "2023-05-03T00:00:00", "PROJECT_open": "East Geer Street Apartments", "DESCRIPTION": "208 apartments totaling 60,576 square feet.", "sf_detached": 0.0, "sf_attached": 0.0, "duplex/triplex": 0.0, "multifamily": 208.0, "condo": 0.0, "project_itre": "East Geer Street Apartments", "sf_itre": null, "apt_itre": 208.0, "duplex_itre": null, "townhouse_itre": null, "ADU_itre": null, "PROJECT_comp": "East Geer Street Apartments", "A_STATUS": "Approved", "A_STATUS_DATE": 20231129134554.0, "lots_comp": 32.0, "units_comp": 23.0, "apt_comp": null, "townhomes_comp": "T", "condo_comp": null }, "geometry": { "type": "Point", "coordinates": [ -78.842474546172681, 36.025919367056247 ] } },
{ "type": "Feature", "properties": { "A_NUMBER": "D2300140", "DATE_open": "2023-05-22T00:00:00", "PROJECT_open": "2201 Cornwallis Land", "DESCRIPTION": "103,000 sq. ft. of multifamily residential building area with 90 units plus open space lots.", "sf_detached": 0.0, "sf_attached": 0.0, "duplex/triplex": 0.0, "multifamily": 90.0, "condo": 0.0, "project_itre": "2201 Cornwallis Land", "sf_itre": null, "apt_itre": 90.0, "duplex_itre": null, "townhouse_itre": null, "ADU_itre": null, "PROJECT_comp": "2201 Cornwallis Land", "A_STATUS": "Approved", "A_STATUS_DATE": 20240630125715.0, "lots_comp": null, "units_comp": 72.0, "apt_comp": "T", "townhomes_comp": null, "condo_comp": null }, "geometry": { "type": "Point", "coordinates": [ -78.959082141237886, 35.98249965787047 ] } },
{ "type": "Feature", "properties": { "A_NUMBER": "D2300141", "DATE_open": "2023-05-25T00:00:00", "PROJECT_open": "Copper Run North", "DESCRIPTION": "80 Townhomes with public infrastructure.", "sf_detached": 0.0, "sf_attached": 80.0, "duplex/triplex": 0.0, "multifamily": 0.0, "condo": 0.0, "project_itre": "Copper Run North", "sf_itre": null, "apt_itre": null, "duplex_itre": null, "townhouse_itre": 80.0, "ADU_itre": null, "PROJECT_comp": "Copper Run North", "A_STATUS": "Approved", "A_STATUS_DATE": 20240813090459.0, "lots_comp": null, "units_comp": 195.0, "apt_comp": "T", "townhomes_comp": null, "condo_comp": null }, "geometry": { "type": "Point", "coordinates": [ -78.827987617020781, 35.947727065892337 ] } },
{ "type": "Feature", "properties": { "A_NUMBER": "D2300145", "DATE_open": "2023-06-02T00:00:00", "PROJECT_open": "Oakridge Residential", "DESCRIPTION": "930 Multifamily units with structured parking.", "sf_detached": 0.0, "sf_attached": 0.0, "duplex/triplex": 0.0, "multifamily": 930.0, "condo": 0.0, "project_itre": "Oakridge Residential", "sf_itre": null, "apt_itre": 930.0, "duplex_itre": null, "townhouse_itre": null, "ADU_itre": null, "PROJECT_comp": "Oakridge Residential", "A_STATUS": "Approved", "A_STATUS_DATE": 20240716121245.0, "lots_comp": null, "units_comp": 197.0, "apt_comp": "T", "townhomes_comp": null, "condo_comp": null }, "geometry": { "type": "Point", "coordinates": [ -78.987975290059879, 35.959691646073644 ] } },
{ "type": "Feature", "properties": { "A_NUMBER": "D2300150", "DATE_open": "2023-06-07T00:00:00", "PROJECT_open": "Hope Crossing II", "DESCRIPTION": "32 single family units on small lots and 23 townhomes with associated streets, sidewalks, grading, water, sewer, stormwater management and landscaping.", "sf_detached": 32.0, "sf_attached": 23.0, "duplex/triplex": 0.0, "multifamily": 0.0, "condo": 0.0, "project_itre": null, "sf_itre": null, "apt_itre": null, "duplex_itre": null, "townhouse_itre": null, "ADU_itre": null, "PROJECT_comp": "Hope Crossing II", "A_STATUS": "Approved", "A_STATUS_DATE": 20241022152731.0, "lots_comp": 149.0, "units_comp": null, "apt_comp": null, "townhomes_comp": "F", "condo_comp": null }, "geometry": { "type": "Point", "coordinates": [ -78.845043003065641, 35.998832634320436 ] } },
{ "type": "Feature", "properties": { "A_NUMBER": "D2300155", "DATE_open": null, "PROJECT_open": null, "DESCRIPTION": null, "sf_detached": null, "sf_attached": null, "duplex/triplex": null, "multifamily": null, "condo": null, "project_itre": "R.P. Residential Studio Apartments", "sf_itre": null, "apt_itre": 72.0, "duplex_itre": null, "townhouse_itre": null, "ADU_itre": null, "PROJECT_comp": "R.P. Residential Studio Apartments", "A_STATUS": "Approved", "A_STATUS_DATE": 20231115124519.0, "lots_comp": 2.0, "units_comp": 219.0, "apt_comp": "T", "townhomes_comp": null, "condo_comp": null }, "geometry": null },
{ "type": "Feature", "properties": { "A_NUMBER": "D2300156", "DATE_open": "2023-06-13T00:00:00", "PROJECT_open": "Parkwood Family Fare", "DESCRIPTION": "Remove existing commercial use and rebuild a Family Fare gas and convenience store.", "sf_detached": 0.0, "sf_attached": 0.0, "duplex/triplex": 0.0, "multifamily": 0.0, "condo": 0.0, "project_itre": null, "sf_itre": null, "apt_itre": null, "duplex_itre": null, "townhouse_itre": null, "ADU_itre": null, "PROJECT_comp": null, "A_STATUS": null, "A_STATUS_DATE": null, "lots_comp": null, "units_comp": null, "apt_comp": null, "townhomes_comp": null, "condo_comp": null }, "geometry": { "type": "Point", "coordinates": [ -78.897129777456598, 35.889386247623271 ] } },
{ "type": "Feature", "properties": { "A_NUMBER": "D2300159", "DATE_open": "2023-06-16T00:00:00", "PROJECT_open": "501 Ramseur Street", "DESCRIPTION": "New 195-unit apartment building totaling 196,500 sq. ft. on existing parking lot.", "sf_detached": 0.0, "sf_attached": 0.0, "duplex/triplex": 0.0, "multifamily": 195.0, "condo": 0.0, "project_itre": null, "sf_itre": null, "apt_itre": null, "duplex_itre": null, "townhouse_itre": null, "ADU_itre": null, "PROJECT_comp": "501 Ramseur Street", "A_STATUS": "Approved", "A_STATUS_DATE": 20241014110843.0, "lots_comp": 5.0, "units_comp": null, "apt_comp": null, "townhomes_comp": "T", "condo_comp": null }, "geometry": { "type": "Point", "coordinates": [ -78.895946889709649, 35.991001307873681 ] } },
{ "type": "Feature", "properties": { "A_NUMBER": "D2300170", "DATE_open": "2023-06-30T00:00:00", "PROJECT_open": "Sandy Ridge Amendment", "DESCRIPTION": "197 units of affordable apartments and accessory uses.", "sf_detached": 0.0, "sf_attached": 0.0, "duplex/triplex": 0.0, "multifamily": 197.0, "condo": 0.0, "project_itre": "Sandy Ridge", "sf_itre": null, "apt_itre": 197.0, "duplex_itre": null, "townhouse_itre": null, "ADU_itre": null, "PROJECT_comp": "Sandy Ridge Amendment", "A_STATUS": "Approved", "A_STATUS_DATE": 20231212114810.0, "lots_comp": 29.0, "units_comp": 33.0, "apt_comp": null, "townhomes_comp": "T", "condo_comp": null }, "geometry": { "type": "Point", "coordinates": [ -78.879468740523194, 36.049667858421572 ] } },
{ "type": "Feature", "properties": { "A_NUMBER": "D2300173", "DATE_open": "2023-07-13T00:00:00", "PROJECT_open": "Goodwin Crossing", "DESCRIPTION": "149 single family detached lots with supporting open space in 4 lots.", "sf_detached": 149.0, "sf_attached": 0.0, "duplex/triplex": 0.0, "multifamily": 0.0, "condo": 0.0, "project_itre": "Goodwin Crossing", "sf_itre": 149.0, "apt_itre": null, "duplex_itre": null, "townhouse_itre": null, "ADU_itre": null, "PROJECT_comp": "Goodwin Crossing", "A_STATUS": "Approved", "A_STATUS_DATE": 20250211152809.0, "lots_comp": 53.0, "units_comp": 50.0, "apt_comp": null, "townhomes_comp": "T", "condo_comp": null }, "geometry": { "type": "Point", "coordinates": [ -78.881752708704823, 36.090889063489051 ] } },
{ "type": "Feature", "properties": { "A_NUMBER": "D2300180", "DATE_open": "2023-07-20T00:00:00", "PROJECT_open": "Meridian Forty54", "DESCRIPTION": "219 multifamily units totaling at 304,673 sq. ft. with surface parking.", "sf_detached": 0.0, "sf_attached": 0.0, "duplex/triplex": 0.0, "multifamily": 219.0, "condo": 0.0, "project_itre": "Meridian Forty54", "sf_itre": null, "apt_itre": 219.0, "duplex_itre": null, "townhouse_itre": null, "ADU_itre": null, "PROJECT_comp": "Meridian Forty54", "A_STATUS": "Approved", "A_STATUS_DATE": 20240703125250.0, "lots_comp": 8.0, "units_comp": null, "apt_comp": null, "townhomes_comp": null, "condo_comp": null }, "geometry": { "type": "Point", "coordinates": [ -78.987783918130916, 35.91921104384835 ] } },
{ "type": "Feature", "properties": { "A_NUMBER": "D2300184", "DATE_open": null, "PROJECT_open": null, "DESCRIPTION": null, "sf_detached": null, "sf_attached": null, "duplex/triplex": null, "multifamily": null, "condo": null, "project_itre": "New Townhome Units", "sf_itre": null, "apt_itre": null, "duplex_itre": null, "townhouse_itre": 5.0, "ADU_itre": null, "PROJECT_comp": "New Townhome Units", "A_STATUS": "Withdrawn", "A_STATUS_DATE": 20240916135844.0, "lots_comp": null, "units_comp": 328.0, "apt_comp": "T", "townhomes_comp": null, "condo_comp": null }, "geometry": null },
{ "type": "Feature", "properties": { "A_NUMBER": "D2300186", "DATE_open": "2023-07-24T00:00:00", "PROJECT_open": "901-903 Sherron Rd", "DESCRIPTION": "Proposed 29 single-family and 33 residential townhouse lots with 4 open space lots.", "sf_detached": 29.0, "sf_attached": 33.0, "duplex/triplex": 0.0, "multifamily": 0.0, "condo": 0.0, "project_itre": "901-903 Sherron Rd", "sf_itre": 29.0, "apt_itre": null, "duplex_itre": null, "townhouse_itre": 33.0, "ADU_itre": null, "PROJECT_comp": "901-903 Sherron Rd", "A_STATUS": "Approved", "A_STATUS_DATE": 20250414083802.0, "lots_comp": 67.0, "units_comp": null, "apt_comp": null, "townhomes_comp": "F", "condo_comp": null }, "geometry": { "type": "Point", "coordinates": [ -78.807311527109491, 35.96053814224998 ] } },
{ "type": "Feature", "properties": { "A_NUMBER": "D2300187", "DATE_open": "2023-07-26T00:00:00", "PROJECT_open": "751 Watercolors Townhomes", "DESCRIPTION": "50 townhouses on 3.75-acre parcel.", "sf_detached": 0.0, "sf_attached": 50.0, "duplex/triplex": 0.0, "multifamily": 0.0, "condo": 0.0, "project_itre": "751 Watercolors Townhomes", "sf_itre": null, "apt_itre": null, "duplex_itre": null, "townhouse_itre": 50.0, "ADU_itre": null, "PROJECT_comp": "751 Watercolors Townhomes", "A_STATUS": "Approved", "A_STATUS_DATE": 20240208133109.0, "lots_comp": 1.0, "units_comp": 28.0, "apt_comp": "T", "townhomes_comp": "F", "condo_comp": null }, "geometry": { "type": "Point", "coordinates": [ -78.957581936748042, 35.879390540727073 ] } },
{ "type": "Feature", "properties": { "A_NUMBER": "D2300192", "DATE_open": null, "PROJECT_open": null, "DESCRIPTION": null, "sf_detached": null, "sf_attached": null, "duplex/triplex": null, "multifamily": null, "condo": null, "project_itre": "Harlowe Point", "sf_itre": 8.0, "apt_itre": null, "duplex_itre": null, "townhouse_itre": null, "ADU_itre": null, "PROJECT_comp": "Harlowe Point Amendment 3", "A_STATUS": "Approved", "A_STATUS_DATE": 20240628102732.0, "lots_comp": 1.0, "units_comp": 220.0, "apt_comp": "T", "townhomes_comp": null, "condo_comp": null }, "geometry": null },
{ "type": "Feature", "properties": { "A_NUMBER": "D2300195", "DATE_open": "2023-08-14T00:00:00", "PROJECT_open": "Heritage Square - Phase One", "DESCRIPTION": "Phase one of a Mixed-Use Project consisting of multifamily residential (323 units), commercial retail, office, and structured parking.", "sf_detached": 0.0, "sf_attached": 0.0, "duplex/triplex": 0.0, "multifamily": 323.0, "condo": 0.0, "project_itre": null, "sf_itre": null, "apt_itre": null, "duplex_itre": null, "townhouse_itre": null, "ADU_itre": null, "PROJECT_comp": "Heritage Square - Phase One", "A_STATUS": "Approved", "A_STATUS_DATE": 20240430162501.0, "lots_comp": 75.0, "units_comp": 305.0, "apt_comp": null, "townhomes_comp": "T", "condo_comp": null }, "geometry": { "type": "Point", "coordinates": [ -78.899538214419337, 35.987549265280911 ] } },
{ "type": "Feature", "properties": { "A_NUMBER": "D2300198", "DATE_open": "2023-08-17T00:00:00", "PROJECT_open": "Woodlands Preserve Phase 2 Cluster Subdivision", "DESCRIPTION": "Proposed 67 single-family lots and construction of associated public infrastructure in Woodlands Preserve Phase 2 development.", "sf_detached": 67.0, "sf_attached": 0.0, "duplex/triplex": 0.0, "multifamily": 0.0, "condo": 0.0, "project_itre": "Woodlands Preserve Phase 2", "sf_itre": 87.0, "apt_itre": null, "duplex_itre": null, "townhouse_itre": null, "ADU_itre": null, "PROJECT_comp": "Woodlands Preserve Phase 2 Cluster Subdivision", "A_STATUS": "Approved", "A_STATUS_DATE": 20250207135322.0, "lots_comp": 114.0, "units_comp": 108.0, "apt_comp": null, "townhomes_comp": "T", "condo_comp": null }, "geometry": { "type": "Point", "coordinates": [ -78.871429223218414, 36.099468495541849 ] } },
{ "type": "Feature", "properties": { "A_NUMBER": "D2300211", "DATE_open": "2023-09-06T00:00:00", "PROJECT_open": "1402 Holloway TPW Apartments", "DESCRIPTION": "10,809 sq. ft. multifamily apartment facility with 28 units.", "sf_detached": 0.0, "sf_attached": 0.0, "duplex/triplex": 0.0, "multifamily": 28.0, "condo": 0.0, "project_itre": "1402 Holloway TPW Apartments", "sf_itre": null, "apt_itre": 28.0, "duplex_itre": null, "townhouse_itre": null, "ADU_itre": null, "PROJECT_comp": "1402 Holloway TPW Apartments", "A_STATUS": "Approved", "A_STATUS_DATE": 20250410114538.0, "lots_comp": 120.0, "units_comp": 300.0, "apt_comp": null, "townhomes_comp": "T", "condo_comp": null }, "geometry": { "type": "Point", "coordinates": [ -78.876548318822628, 35.994031789581086 ] } },
{ "type": "Feature", "properties": { "A_NUMBER": "D2300216", "DATE_open": "2023-09-25T00:00:00", "PROJECT_open": "Aura 501", "DESCRIPTION": "Construction of 220 multi-family units with associated amenities and infrastructure totaling in 354,955 sq. ft.", "sf_detached": 0.0, "sf_attached": 0.0, "duplex/triplex": 0.0, "multifamily": 220.0, "condo": 0.0, "project_itre": "Aura 501", "sf_itre": null, "apt_itre": 220.0, "duplex_itre": null, "townhouse_itre": null, "ADU_itre": null, "PROJECT_comp": "Aura 501", "A_STATUS": "Approved", "A_STATUS_DATE": 20240815124323.0, "lots_comp": null, "units_comp": 400.0, "apt_comp": "T", "townhomes_comp": "T", "condo_comp": null }, "geometry": { "type": "Point", "coordinates": [ -78.898080496814444, 35.998611471461892 ] } },
{ "type": "Feature", "properties": { "A_NUMBER": "D2300222", "DATE_open": "2023-09-29T00:00:00", "PROJECT_open": "Bourdon Highlands", "DESCRIPTION": "Construction of 75 single-family and 305 townhome lots and associated infrastructure. 389 lots being created.", "sf_detached": 75.0, "sf_attached": 305.0, "duplex/triplex": 0.0, "multifamily": 0.0, "condo": 0.0, "project_itre": "Bourdon Highlands", "sf_itre": 75.0, "apt_itre": null, "duplex_itre": null, "townhouse_itre": 305.0, "ADU_itre": null, "PROJECT_comp": "Bourdon Highlands", "A_STATUS": "Corrections Required", "A_STATUS_DATE": 20250304154504.0, "lots_comp": null, "units_comp": 10.0, "apt_comp": null, "townhomes_comp": "T", "condo_comp": null }, "geometry": { "type": "Point", "coordinates": [ -78.80778608285209, 35.945452262299561 ] } },
{ "type": "Feature", "properties": { "A_NUMBER": "D2300223", "DATE_open": "2023-09-29T00:00:00", "PROJECT_open": "Sherron Creek", "DESCRIPTION": "New 108-unit townhome development including amenities and associated infrastructure. 114 new lots.", "sf_detached": 0.0, "sf_attached": 108.0, "duplex/triplex": 0.0, "multifamily": 0.0, "condo": 0.0, "project_itre": "Sherron Creek", "sf_itre": null, "apt_itre": null, "duplex_itre": null, "townhouse_itre": 108.0, "ADU_itre": null, "PROJECT_comp": "Sherron Creek", "A_STATUS": "Under Review", "A_STATUS_DATE": 20250411093022.0, "lots_comp": null, "units_comp": 24.0, "apt_comp": null, "townhomes_comp": null, "condo_comp": "T" }, "geometry": { "type": "Point", "coordinates": [ -78.823390773360813, 35.960733025843282 ] } },
{ "type": "Feature", "properties": { "A_NUMBER": "D2300224", "DATE_open": "2023-09-29T00:00:00", "PROJECT_open": "Shady Grove Assemblage", "DESCRIPTION": "120 Single-family, 300 Townhouse Residential, and a Public Park.", "sf_detached": 120.0, "sf_attached": 300.0, "duplex/triplex": 0.0, "multifamily": 0.0, "condo": 0.0, "project_itre": "Shady Grove Assemblage", "sf_itre": 120.0, "apt_itre": null, "duplex_itre": null, "townhouse_itre": 300.0, "ADU_itre": null, "PROJECT_comp": "Shady Grove Assemblage", "A_STATUS": "Approved", "A_STATUS_DATE": 20241031115317.0, "lots_comp": 80.0, "units_comp": null, "apt_comp": null, "townhomes_comp": "T", "condo_comp": null }, "geometry": { "type": "Point", "coordinates": [ -78.760809649265624, 35.93082478624337 ] } },
{ "type": "Feature", "properties": { "A_NUMBER": "D2300230", "DATE_open": "2023-10-06T00:00:00", "PROJECT_open": "Lumley Multifamily", "DESCRIPTION": "400 multifamily units comprised of 74 townhouse and 326 apartment units and associated amenity space.", "sf_detached": 0.0, "sf_attached": 74.0, "duplex/triplex": 0.0, "multifamily": 726.0, "condo": 0.0, "project_itre": "Lumley Multifamily", "sf_itre": null, "apt_itre": 326.0, "duplex_itre": null, "townhouse_itre": 74.0, "ADU_itre": null, "PROJECT_comp": "Lumley Multifamily", "A_STATUS": "Approved", "A_STATUS_DATE": 20250214150658.0, "lots_comp": 1.0, "units_comp": 437.0, "apt_comp": "T", "townhomes_comp": null, "condo_comp": null }, "geometry": { "type": "Point", "coordinates": [ -78.807229493171036, 35.926759722435833 ] } },
{ "type": "Feature", "properties": { "A_NUMBER": "D2300240", "DATE_open": "2023-10-19T00:00:00", "PROJECT_open": "206 N Dillard St", "DESCRIPTION": "10 Townhomes + Existing office Building (3918 SF).", "sf_detached": 0.0, "sf_attached": 10.0, "duplex/triplex": 0.0, "multifamily": 0.0, "condo": 0.0, "project_itre": "206 N Dillard St", "sf_itre": null, "apt_itre": null, "duplex_itre": null, "townhouse_itre": 10.0, "ADU_itre": null, "PROJECT_comp": "206 N Dillard St", "A_STATUS": "Approved", "A_STATUS_DATE": 20240805134356.0, "lots_comp": 43.0, "units_comp": 17.0, "apt_comp": "T", "townhomes_comp": "T", "condo_comp": null }, "geometry": { "type": "Point", "coordinates": [ -78.894034039710704, 35.993450079704552 ] } },
{ "type": "Feature", "properties": { "A_NUMBER": "D2300255", "DATE_open": "2023-11-13T00:00:00", "PROJECT_open": "Hood Street Condos", "DESCRIPTION": "24-unit apartment building totaling in 44,564 sf.", "sf_detached": 0.0, "sf_attached": 0.0, "duplex/triplex": 0.0, "multifamily": 24.0, "condo": 0.0, "project_itre": null, "sf_itre": null, "apt_itre": null, "duplex_itre": null, "townhouse_itre": null, "ADU_itre": null, "PROJECT_comp": "Hood Street Condos", "A_STATUS": "Approved", "A_STATUS_DATE": 20240510134158.0, "lots_comp": 147.0, "units_comp": 240.0, "apt_comp": "T", "townhomes_comp": "T", "condo_comp": null }, "geometry": { "type": "Point", "coordinates": [ -78.89492122149278, 35.989670517463168 ] } },
{ "type": "Feature", "properties": { "A_NUMBER": "D2300256", "DATE_open": "2023-11-13T00:00:00", "PROJECT_open": "Fletcher Crossing Townhomes", "DESCRIPTION": "Site plan and related infrastructure for 80 residential townhomes, including roadway, utility, grading, and stormwater.", "sf_detached": 0.0, "sf_attached": 80.0, "duplex/triplex": 0.0, "multifamily": 0.0, "condo": 0.0, "project_itre": "Fletcher Crossing Townhomes", "sf_itre": null, "apt_itre": null, "duplex_itre": null, "townhouse_itre": 80.0, "ADU_itre": null, "PROJECT_comp": "Fletcher Crossing Townhomes", "A_STATUS": "Approved", "A_STATUS_DATE": 20250421125624.0, "lots_comp": 22.0, "units_comp": 20.0, "apt_comp": null, "townhomes_comp": "F", "condo_comp": null }, "geometry": { "type": "Point", "coordinates": [ -78.82818757320031, 35.971587283413676 ] } },
{ "type": "Feature", "properties": { "A_NUMBER": "D2300271", "DATE_open": null, "PROJECT_open": null, "DESCRIPTION": null, "sf_detached": null, "sf_attached": null, "duplex/triplex": null, "multifamily": null, "condo": null, "project_itre": null, "sf_itre": null, "apt_itre": null, "duplex_itre": null, "townhouse_itre": null, "ADU_itre": null, "PROJECT_comp": "Aura Green Hill", "A_STATUS": "Complete", "A_STATUS_DATE": 20250214120728.0, "lots_comp": 1.0, "units_comp": 176.0, "apt_comp": "T", "townhomes_comp": null, "condo_comp": null }, "geometry": null },
{ "type": "Feature", "properties": { "A_NUMBER": "D2300275", "DATE_open": "2023-12-07T00:00:00", "PROJECT_open": "The Shannon at Old Chapel Hill", "DESCRIPTION": "Development of 43 townhouses, a mixed-use building with 17 apartments and 3,500 sq. ft. retail space.", "sf_detached": 0.0, "sf_attached": 43.0, "duplex/triplex": 0.0, "multifamily": 17.0, "condo": 0.0, "project_itre": null, "sf_itre": null, "apt_itre": null, "duplex_itre": null, "townhouse_itre": null, "ADU_itre": null, "PROJECT_comp": "The Shannon at Old Chapel Hill", "A_STATUS": "Approved", "A_STATUS_DATE": 20250302142645.0, "lots_comp": 1.0, "units_comp": 314.0, "apt_comp": "T", "townhomes_comp": null, "condo_comp": null }, "geometry": { "type": "Point", "coordinates": [ -78.954984685548808, 35.956831635572513 ] } },
{ "type": "Feature", "properties": { "A_NUMBER": "D2300278", "DATE_open": "2023-12-14T00:00:00", "PROJECT_open": "Eno Village", "DESCRIPTION": "Residential project consisting of a 142 townhomes and 240 multifamily units (297,000 SF) and the associated infrastructure.", "sf_detached": 0.0, "sf_attached": 142.0, "duplex/triplex": 0.0, "multifamily": 240.0, "condo": 0.0, "project_itre": "Eno Village", "sf_itre": null, "apt_itre": 240.0, "duplex_itre": null, "townhouse_itre": 142.0, "ADU_itre": null, "PROJECT_comp": "Eno Village", "A_STATUS": "Approved", "A_STATUS_DATE": 20240613115409.0, "lots_comp": null, "units_comp": null, "apt_comp": null, "townhomes_comp": null, "condo_comp": null }, "geometry": { "type": "Point", "coordinates": [ -78.913735648431967, 36.064607757945524 ] } },
{ "type": "Feature", "properties": { "A_NUMBER": "D2400003", "DATE_open": "2024-01-08T00:00:00", "PROJECT_open": "Preston Avenue Cluster Subdivision", "DESCRIPTION": "20 Single family detached cluster subdivision with total 22 lots( including open space lots) being created.", "sf_detached": 20.0, "sf_attached": 0.0, "duplex/triplex": 0.0, "multifamily": 0.0, "condo": 0.0, "project_itre": "Preston Avenue Cluster Subdivision", "sf_itre": 20.0, "apt_itre": null, "duplex_itre": null, "townhouse_itre": null, "ADU_itre": null, "PROJECT_comp": "Preston Avenue Cluster Subdivision", "A_STATUS": "Approved", "A_STATUS_DATE": 20240815120843.0, "lots_comp": 360.0, "units_comp": 113.0, "apt_comp": null, "townhomes_comp": "T", "condo_comp": null }, "geometry": { "type": "Point", "coordinates": [ -78.925470983179252, 36.040274726749047 ] } },
{ "type": "Feature", "properties": { "A_NUMBER": "D2400006", "DATE_open": "2024-01-16T00:00:00", "PROJECT_open": "Alexander Crossing (new)", "DESCRIPTION": "Apartments (176 units) with club house and dog park.", "sf_detached": 0.0, "sf_attached": 0.0, "duplex/triplex": 0.0, "multifamily": 176.0, "condo": 0.0, "project_itre": "Alexander Crossing.", "sf_itre": null, "apt_itre": 176.0, "duplex_itre": null, "townhouse_itre": null, "ADU_itre": null, "PROJECT_comp": "Alexander Crossing (new)", "A_STATUS": "Approved", "A_STATUS_DATE": 20240710152207.0, "lots_comp": null, "units_comp": 61.0, "apt_comp": "F", "townhomes_comp": null, "condo_comp": null }, "geometry": { "type": "Point", "coordinates": [ -78.887093127124956, 35.880760910250352 ] } },
{ "type": "Feature", "properties": { "A_NUMBER": "D2400010", "DATE_open": "2024-01-22T00:00:00", "PROJECT_open": "1414 Carpenter Fletcher Rd", "DESCRIPTION": "Three-story building with 314 apartments wrapped around a parking structure totaling in 205,459 square feet.", "sf_detached": 0.0, "sf_attached": 0.0, "duplex/triplex": 0.0, "multifamily": 314.0, "condo": 0.0, "project_itre": "1414 Carpenter Fletcher Rd", "sf_itre": null, "apt_itre": 314.0, "duplex_itre": null, "townhouse_itre": null, "ADU_itre": null, "PROJECT_comp": "1414 Carpenter Fletcher Rd", "A_STATUS": "Under Review", "A_STATUS_DATE": 20240122084352.0, "lots_comp": null, "units_comp": 183.0, "apt_comp": "T", "townhomes_comp": null, "condo_comp": null }, "geometry": { "type": "Point", "coordinates": [ -78.894994364689865, 35.913848682111087 ] } },
{ "type": "Feature", "properties": { "A_NUMBER": "D2400012", "DATE_open": null, "PROJECT_open": null, "DESCRIPTION": null, "sf_detached": null, "sf_attached": null, "duplex/triplex": null, "multifamily": null, "condo": null, "project_itre": null, "sf_itre": null, "apt_itre": null, "duplex_itre": null, "townhouse_itre": null, "ADU_itre": null, "PROJECT_comp": "Ovation at Sweetbrier - Phase 1", "A_STATUS": "Approved", "A_STATUS_DATE": 20250513134522.0, "lots_comp": null, "units_comp": null, "apt_comp": null, "townhomes_comp": null, "condo_comp": null }, "geometry": null },
{ "type": "Feature", "properties": { "A_NUMBER": "D2400015", "DATE_open": "2024-01-24T00:00:00", "PROJECT_open": "Ovation at Sweetbrier - Phase 2 & 3", "DESCRIPTION": "360 Single family Detached lots and 114 Townhome lots with supporting open space.", "sf_detached": 360.0, "sf_attached": 114.0, "duplex/triplex": 0.0, "multifamily": 0.0, "condo": 0.0, "project_itre": "Ovation at Sweetbrier - Phase 2 & 3", "sf_itre": 360.0, "apt_itre": null, "duplex_itre": null, "townhouse_itre": 113.0, "ADU_itre": null, "PROJECT_comp": "Ovation at Sweetbrier - Phase 2 & 3", "A_STATUS": "Approved", "A_STATUS_DATE": 20250205161438.0, "lots_comp": null, "units_comp": 399.0, "apt_comp": "T", "townhomes_comp": null, "condo_comp": null }, "geometry": { "type": "Point", "coordinates": [ -78.784020891977065, 35.95684113561029 ] } },
{ "type": "Feature", "properties": { "A_NUMBER": "D2400022", "DATE_open": null, "PROJECT_open": null, "DESCRIPTION": null, "sf_detached": null, "sf_attached": null, "duplex/triplex": null, "multifamily": null, "condo": null, "project_itre": "Calyx Durham RTP", "sf_itre": null, "apt_itre": 61.0, "duplex_itre": null, "townhouse_itre": null, "ADU_itre": null, "PROJECT_comp": "Calyx Durham RTP", "A_STATUS": "Approved", "A_STATUS_DATE": 20240613163644.0, "lots_comp": null, "units_comp": 260.0, "apt_comp": null, "townhomes_comp": "T", "condo_comp": null }, "geometry": null },
{ "type": "Feature", "properties": { "A_NUMBER": "D2400030", "DATE_open": null, "PROJECT_open": null, "DESCRIPTION": null, "sf_detached": null, "sf_attached": null, "duplex/triplex": null, "multifamily": null, "condo": null, "project_itre": "Vivo Luving Durham, LLC", "sf_itre": null, "apt_itre": 183.0, "duplex_itre": null, "townhouse_itre": null, "ADU_itre": null, "PROJECT_comp": "Vivo Living Durham, LLC (2517 Guess Rd.)", "A_STATUS": "Approved", "A_STATUS_DATE": 20240415144433.0, "lots_comp": null, "units_comp": 1.0, "apt_comp": null, "townhomes_comp": null, "condo_comp": null }, "geometry": null },
{ "type": "Feature", "properties": { "A_NUMBER": "D2400032", "DATE_open": null, "PROJECT_open": null, "DESCRIPTION": null, "sf_detached": null, "sf_attached": null, "duplex/triplex": null, "multifamily": null, "condo": null, "project_itre": null, "sf_itre": null, "apt_itre": null, "duplex_itre": null, "townhouse_itre": null, "ADU_itre": null, "PROJECT_comp": "Olive Branch Reserve SP Amendment #2", "A_STATUS": "Approved", "A_STATUS_DATE": 20240402132543.0, "lots_comp": 384.0, "units_comp": null, "apt_comp": null, "townhomes_comp": null, "condo_comp": null }, "geometry": null },
{ "type": "Feature", "properties": { "A_NUMBER": "D2400050", "DATE_open": "2024-03-04T00:00:00", "PROJECT_open": "Hopson Road Multi-Family", "DESCRIPTION": "Construction of 399 multi-family units with associated amenities and infrastructure totaling in 498,495 SF.", "sf_detached": 0.0, "sf_attached": 0.0, "duplex/triplex": 0.0, "multifamily": 399.0, "condo": 0.0, "project_itre": "Hopson Road Multi-Family", "sf_itre": 0.0, "apt_itre": 399.0, "duplex_itre": 0.0, "townhouse_itre": 0.0, "ADU_itre": 0.0, "PROJECT_comp": "Hopson Road Multi-Family", "A_STATUS": "Approved", "A_STATUS_DATE": 20250430101754.0, "lots_comp": 3.0, "units_comp": null, "apt_comp": null, "townhomes_comp": null, "condo_comp": null }, "geometry": { "type": "Point", "coordinates": [ -78.857084601795407, 35.876012391157765 ] } },
{ "type": "Feature", "properties": { "A_NUMBER": "D2400054", "DATE_open": null, "PROJECT_open": null, "DESCRIPTION": null, "sf_detached": null, "sf_attached": null, "duplex/triplex": null, "multifamily": null, "condo": null, "project_itre": null, "sf_itre": null, "apt_itre": null, "duplex_itre": null, "townhouse_itre": null, "ADU_itre": null, "PROJECT_comp": "Amavi Olive Branch", "A_STATUS": "Withdrawn", "A_STATUS_DATE": 20241122105653.0, "lots_comp": 3.0, "units_comp": null, "apt_comp": null, "townhomes_comp": "F", "condo_comp": null }, "geometry": null },
{ "type": "Feature", "properties": { "A_NUMBER": "D2400058", "DATE_open": null, "PROJECT_open": null, "DESCRIPTION": null, "sf_detached": null, "sf_attached": null, "duplex/triplex": null, "multifamily": null, "condo": null, "project_itre": null, "sf_itre": null, "apt_itre": null, "duplex_itre": null, "townhouse_itre": null, "ADU_itre": null, "PROJECT_comp": "1307 W Knox St", "A_STATUS": "Approved", "A_STATUS_DATE": 20241118191732.0, "lots_comp": null, "units_comp": null, "apt_comp": null, "townhomes_comp": null, "condo_comp": null }, "geometry": null },
{ "type": "Feature", "properties": { "A_NUMBER": "D2400060", "DATE_open": null, "PROJECT_open": null, "DESCRIPTION": null, "sf_detached": null, "sf_attached": null, "duplex/triplex": null, "multifamily": null, "condo": null, "project_itre": null, "sf_itre": null, "apt_itre": null, "duplex_itre": null, "townhouse_itre": null, "ADU_itre": null, "PROJECT_comp": "Triple Crown Amendment", "A_STATUS": "Approved", "A_STATUS_DATE": 20240923150938.0, "lots_comp": 25.0, "units_comp": 390.0, "apt_comp": "T", "townhomes_comp": "T", "condo_comp": null }, "geometry": null },
{ "type": "Feature", "properties": { "A_NUMBER": "D2400062", "DATE_open": null, "PROJECT_open": null, "DESCRIPTION": null, "sf_detached": null, "sf_attached": null, "duplex/triplex": null, "multifamily": null, "condo": null, "project_itre": null, "sf_itre": null, "apt_itre": null, "duplex_itre": null, "townhouse_itre": null, "ADU_itre": null, "PROJECT_comp": "Dovetail Woods", "A_STATUS": "Under Review", "A_STATUS_DATE": 20240314084421.0, "lots_comp": null, "units_comp": 406.0, "apt_comp": "T", "townhomes_comp": null, "condo_comp": null }, "geometry": null },
{ "type": "Feature", "properties": { "A_NUMBER": "D2400073", "DATE_open": null, "PROJECT_open": null, "DESCRIPTION": null, "sf_detached": null, "sf_attached": null, "duplex/triplex": null, "multifamily": null, "condo": null, "project_itre": null, "sf_itre": null, "apt_itre": null, "duplex_itre": null, "townhouse_itre": null, "ADU_itre": null, "PROJECT_comp": "Rhododendron Subdivision Sewer & Lots", "A_STATUS": "Approved", "A_STATUS_DATE": 20250331142944.0, "lots_comp": null, "units_comp": null, "apt_comp": null, "townhomes_comp": null, "condo_comp": null }, "geometry": null },
{ "type": "Feature", "properties": { "A_NUMBER": "D2400075", "DATE_open": null, "PROJECT_open": null, "DESCRIPTION": null, "sf_detached": null, "sf_attached": null, "duplex/triplex": null, "multifamily": null, "condo": null, "project_itre": null, "sf_itre": null, "apt_itre": null, "duplex_itre": null, "townhouse_itre": null, "ADU_itre": null, "PROJECT_comp": "Olive Branch Reserve SP Amendment 3", "A_STATUS": "Approved", "A_STATUS_DATE": 20250224092809.0, "lots_comp": 17.0, "units_comp": null, "apt_comp": null, "townhomes_comp": "F", "condo_comp": null }, "geometry": null },
{ "type": "Feature", "properties": { "A_NUMBER": "D2400080", "DATE_open": "2024-04-09T00:00:00", "PROJECT_open": "Westside Bottling", "DESCRIPTION": "Redevelopment of old Coca Cola Bottling plant into mixed use with retail, apartment, and townhomes.", "sf_detached": 0.0, "sf_attached": 0.0, "duplex/triplex": 0.0, "multifamily": 0.0, "condo": 0.0, "project_itre": "Westside Bottling", "sf_itre": 0.0, "apt_itre": 370.0, "duplex_itre": 0.0, "townhouse_itre": 35.0, "ADU_itre": 0.0, "PROJECT_comp": "Westside Bottling", "A_STATUS": "Approved", "A_STATUS_DATE": 20250204193002.0, "lots_comp": 22.0, "units_comp": null, "apt_comp": null, "townhomes_comp": "T", "condo_comp": null }, "geometry": { "type": "Point", "coordinates": [ -78.943153345475281, 36.019603906671598 ] } },
{ "type": "Feature", "properties": { "A_NUMBER": "D2400081", "DATE_open": null, "PROJECT_open": null, "DESCRIPTION": null, "sf_detached": null, "sf_attached": null, "duplex/triplex": null, "multifamily": null, "condo": null, "project_itre": null, "sf_itre": null, "apt_itre": null, "duplex_itre": null, "townhouse_itre": null, "ADU_itre": null, "PROJECT_comp": "Blocks B & C at Hub RTP Amendment", "A_STATUS": "Approved", "A_STATUS_DATE": 20240821113253.0, "lots_comp": 9.0, "units_comp": 8.0, "apt_comp": "F", "townhomes_comp": "T", "condo_comp": null }, "geometry": null },
{ "type": "Feature", "properties": { "A_NUMBER": "D2400082", "DATE_open": null, "PROJECT_open": null, "DESCRIPTION": null, "sf_detached": null, "sf_attached": null, "duplex/triplex": null, "multifamily": null, "condo": null, "project_itre": null, "sf_itre": null, "apt_itre": null, "duplex_itre": null, "townhouse_itre": null, "ADU_itre": null, "PROJECT_comp": "The Forest at Duke Expansion Amendment 2", "A_STATUS": "Approved", "A_STATUS_DATE": 20240806122344.0, "lots_comp": null, "units_comp": 48.0, "apt_comp": "T", "townhomes_comp": null, "condo_comp": "F" }, "geometry": null },
{ "type": "Feature", "properties": { "A_NUMBER": "D2400083", "DATE_open": "2024-04-11T00:00:00", "PROJECT_open": "751 Excelsior Grand Residential", "DESCRIPTION": "208 Single-family, 186 townhouses, 8 apartments residential development. 402 Total Units\r\n", "sf_detached": 208.0, "sf_attached": 186.0, "duplex/triplex": 0.0, "multifamily": 8.0, "condo": 0.0, "project_itre": "751 Excelsior Grand Residential", "sf_itre": 208.0, "apt_itre": 8.0, "duplex_itre": 0.0, "townhouse_itre": 186.0, "ADU_itre": 0.0, "PROJECT_comp": "751 Excelsior Grand Residential", "A_STATUS": "Approved", "A_STATUS_DATE": 20250505151135.0, "lots_comp": null, "units_comp": 90.0, "apt_comp": "T", "townhomes_comp": null, "condo_comp": null }, "geometry": { "type": "Point", "coordinates": [ -78.954691768533152, 35.878904229653017 ] } },
{ "type": "Feature", "properties": { "A_NUMBER": "D2400084", "DATE_open": "2024-04-11T00:00:00", "PROJECT_open": "Tocqueville Townes", "DESCRIPTION": "22 proposed townhome units, playground, trail, and two bio-retention ponds.", "sf_detached": 0.0, "sf_attached": 22.0, "duplex/triplex": 0.0, "multifamily": 0.0, "condo": 0.0, "project_itre": "Tocqueville Townes", "sf_itre": 0.0, "apt_itre": 0.0, "duplex_itre": 0.0, "townhouse_itre": 22.0, "ADU_itre": 0.0, "PROJECT_comp": "Tocqueville Townes", "A_STATUS": "On Hold", "A_STATUS_DATE": 20250430151645.0, "lots_comp": 18.0, "units_comp": 107.0, "apt_comp": "T", "townhomes_comp": "T", "condo_comp": null }, "geometry": { "type": "Point", "coordinates": [ -78.890665600017456, 36.047068534259061 ] } },
{ "type": "Feature", "properties": { "A_NUMBER": "D2400088", "DATE_open": null, "PROJECT_open": null, "DESCRIPTION": null, "sf_detached": null, "sf_attached": null, "duplex/triplex": null, "multifamily": null, "condo": null, "project_itre": "Cityscape 8", "sf_itre": 0.0, "apt_itre": 0.0, "duplex_itre": 0.0, "townhouse_itre": 8.0, "ADU_itre": 0.0, "PROJECT_comp": "Cityscape 8", "A_STATUS": "Corrections Required", "A_STATUS_DATE": 20250402131656.0, "lots_comp": null, "units_comp": 308.0, "apt_comp": null, "townhomes_comp": "T", "condo_comp": null }, "geometry": null },
{ "type": "Feature", "properties": { "A_NUMBER": "D2400093", "DATE_open": null, "PROJECT_open": null, "DESCRIPTION": null, "sf_detached": null, "sf_attached": null, "duplex/triplex": null, "multifamily": null, "condo": null, "project_itre": null, "sf_itre": null, "apt_itre": null, "duplex_itre": null, "townhouse_itre": null, "ADU_itre": null, "PROJECT_comp": "Dillard St Apartments (Phase 4A)", "A_STATUS": "Approved", "A_STATUS_DATE": 20240912115446.0, "lots_comp": null, "units_comp": null, "apt_comp": null, "townhomes_comp": null, "condo_comp": null }, "geometry": null },
{ "type": "Feature", "properties": { "A_NUMBER": "D2400094", "DATE_open": null, "PROJECT_open": null, "DESCRIPTION": null, "sf_detached": null, "sf_attached": null, "duplex/triplex": null, "multifamily": null, "condo": null, "project_itre": null, "sf_itre": null, "apt_itre": null, "duplex_itre": null, "townhouse_itre": null, "ADU_itre": null, "PROJECT_comp": "Trellis", "A_STATUS": "Approved", "A_STATUS_DATE": 20240801105414.0, "lots_comp": null, "units_comp": 124.0, "apt_comp": "T", "townhomes_comp": null, "condo_comp": null }, "geometry": null },
{ "type": "Feature", "properties": { "A_NUMBER": "D2400099", "DATE_open": "2024-04-25T00:00:00", "PROJECT_open": "Crescent Drive Development", "DESCRIPTION": "Phased development consisting of 90 multifamily units and 17 townhomes and the associated infrastructure.", "sf_detached": 0.0, "sf_attached": 17.0, "duplex/triplex": 0.0, "multifamily": 90.0, "condo": 0.0, "project_itre": "Crescent Drive Development", "sf_itre": 0.0, "apt_itre": 90.0, "duplex_itre": 0.0, "townhouse_itre": 17.0, "ADU_itre": 0.0, "PROJECT_comp": "Crescent Drive Development", "A_STATUS": "Under Review", "A_STATUS_DATE": 20240730084303.0, "lots_comp": null, "units_comp": null, "apt_comp": null, "townhomes_comp": null, "condo_comp": null }, "geometry": { "type": "Point", "coordinates": [ -78.996992543220287, 35.921129269026423 ] } },
{ "type": "Feature", "properties": { "A_NUMBER": "D2400100", "DATE_open": null, "PROJECT_open": null, "DESCRIPTION": null, "sf_detached": null, "sf_attached": null, "duplex/triplex": null, "multifamily": null, "condo": null, "project_itre": null, "sf_itre": null, "apt_itre": null, "duplex_itre": null, "townhouse_itre": null, "ADU_itre": null, "PROJECT_comp": "Everton Site Plan Amendment", "A_STATUS": "Approved", "A_STATUS_DATE": 20240923152734.0, "lots_comp": null, "units_comp": null, "apt_comp": null, "townhomes_comp": "T", "condo_comp": null }, "geometry": null },
{ "type": "Feature", "properties": { "A_NUMBER": "D2400104", "DATE_open": null, "PROJECT_open": null, "DESCRIPTION": null, "sf_detached": null, "sf_attached": null, "duplex/triplex": null, "multifamily": null, "condo": null, "project_itre": null, "sf_itre": null, "apt_itre": null, "duplex_itre": null, "townhouse_itre": null, "ADU_itre": null, "PROJECT_comp": "Hebron Village Amendment 2", "A_STATUS": "Approved", "A_STATUS_DATE": 20240923153538.0, "lots_comp": null, "units_comp": null, "apt_comp": null, "townhomes_comp": "T", "condo_comp": null }, "geometry": null },
{ "type": "Feature", "properties": { "A_NUMBER": "D2400105", "DATE_open": "2024-05-03T00:00:00", "PROJECT_open": "902 S Briggs Ave Affordable Housing", "DESCRIPTION": "The proposed affordable housing project includes the development of two multifamily apartment buildings with 124 units.", "sf_detached": 0.0, "sf_attached": 0.0, "duplex/triplex": 0.0, "multifamily": 124.0, "condo": 0.0, "project_itre": "902 S Briggs Ave Affordable Housing", "sf_itre": 0.0, "apt_itre": 124.0, "duplex_itre": 0.0, "townhouse_itre": 0.0, "ADU_itre": 0.0, "PROJECT_comp": "902 S Briggs Ave Affordable Housing", "A_STATUS": "Approved", "A_STATUS_DATE": 20250421170644.0, "lots_comp": 20.0, "units_comp": null, "apt_comp": null, "townhomes_comp": "F", "condo_comp": null }, "geometry": { "type": "Point", "coordinates": [ -78.877633390165215, 35.970569627366828 ] } },
{ "type": "Feature", "properties": { "A_NUMBER": "D2400108", "DATE_open": null, "PROJECT_open": null, "DESCRIPTION": null, "sf_detached": null, "sf_attached": null, "duplex/triplex": null, "multifamily": null, "condo": null, "project_itre": null, "sf_itre": null, "apt_itre": null, "duplex_itre": null, "townhouse_itre": null, "ADU_itre": null, "PROJECT_comp": "Highland View Amendment 4", "A_STATUS": "Approved", "A_STATUS_DATE": 20241113122236.0, "lots_comp": null, "units_comp": 66.0, "apt_comp": "T", "townhomes_comp": null, "condo_comp": null }, "geometry": null },
{ "type": "Feature", "properties": { "A_NUMBER": "D2400110", "DATE_open": null, "PROJECT_open": null, "DESCRIPTION": null, "sf_detached": null, "sf_attached": null, "duplex/triplex": null, "multifamily": null, "condo": null, "project_itre": null, "sf_itre": null, "apt_itre": null, "duplex_itre": null, "townhouse_itre": null, "ADU_itre": null, "PROJECT_comp": "2012 Ward St", "A_STATUS": "Approved", "A_STATUS_DATE": 20250113141434.0, "lots_comp": null, "units_comp": null, "apt_comp": null, "townhomes_comp": null, "condo_comp": null }, "geometry": null },
{ "type": "Feature", "properties": { "A_NUMBER": "D2400111", "DATE_open": null, "PROJECT_open": null, "DESCRIPTION": null, "sf_detached": null, "sf_attached": null, "duplex/triplex": null, "multifamily": null, "condo": null, "project_itre": null, "sf_itre": null, "apt_itre": null, "duplex_itre": null, "townhouse_itre": null, "ADU_itre": null, "PROJECT_comp": "Massey Chapel Townhouses Amendment", "A_STATUS": "Withdrawn", "A_STATUS_DATE": 20250110093554.0, "lots_comp": null, "units_comp": null, "apt_comp": null, "townhomes_comp": "T", "condo_comp": null }, "geometry": null },
{ "type": "Feature", "properties": { "A_NUMBER": "D2400112", "DATE_open": "2024-05-13T00:00:00", "PROJECT_open": "Wildlife Trail Conservation Subdivision", "DESCRIPTION": "Subdividing property for 19 single family lots that will be septic and well lots. Construction of main access drive.", "sf_detached": 19.0, "sf_attached": 0.0, "duplex/triplex": 0.0, "multifamily": 0.0, "condo": 0.0, "project_itre": "Wildlife Trail Conservation Subdivision", "sf_itre": 19.0, "apt_itre": 0.0, "duplex_itre": 0.0, "townhouse_itre": 0.0, "ADU_itre": 0.0, "PROJECT_comp": "Wildlife Trail Conservation Subdivision", "A_STATUS": "Under Review", "A_STATUS_DATE": 20241105125325.0, "lots_comp": null, "units_comp": null, "apt_comp": "T", "townhomes_comp": null, "condo_comp": null }, "geometry": { "type": "Point", "coordinates": [ -78.734886821836241, 35.962352526056854 ] } },
{ "type": "Feature", "properties": { "A_NUMBER": "D2400116", "DATE_open": "2024-05-16T00:00:00", "PROJECT_open": "East Geer St Apartments", "DESCRIPTION": "66 apartment units with clubhouse.", "sf_detached": 0.0, "sf_attached": 0.0, "duplex/triplex": 0.0, "multifamily": 66.0, "condo": 0.0, "project_itre": "East Geer St Apartments", "sf_itre": 0.0, "apt_itre": 66.0, "duplex_itre": 0.0, "townhouse_itre": 0.0, "ADU_itre": 0.0, "PROJECT_comp": "East Geer St Apartments", "A_STATUS": "Under Review", "A_STATUS_DATE": 20240516102807.0, "lots_comp": null, "units_comp": null, "apt_comp": null, "townhomes_comp": "T", "condo_comp": null }, "geometry": { "type": "Point", "coordinates": [ -78.845730138129269, 36.022757373041813 ] } },
{ "type": "Feature", "properties": { "A_NUMBER": "D2400119", "DATE_open": null, "PROJECT_open": null, "DESCRIPTION": null, "sf_detached": null, "sf_attached": null, "duplex/triplex": null, "multifamily": null, "condo": null, "project_itre": null, "sf_itre": null, "apt_itre": null, "duplex_itre": null, "townhouse_itre": null, "ADU_itre": null, "PROJECT_comp": "500 E. Main St", "A_STATUS": "Approved", "A_STATUS_DATE": 20241017102846.0, "lots_comp": null, "units_comp": null, "apt_comp": null, "townhomes_comp": null, "condo_comp": null }, "geometry": null },
{ "type": "Feature", "properties": { "A_NUMBER": "D2400123", "DATE_open": "2024-05-24T00:00:00", "PROJECT_open": "Cresta Cottages", "DESCRIPTION": "22 small lot single family residential development.", "sf_detached": 22.0, "sf_attached": 0.0, "duplex/triplex": 0.0, "multifamily": 0.0, "condo": 0.0, "project_itre": "Cresta Cottages", "sf_itre": 22.0, "apt_itre": 0.0, "duplex_itre": 0.0, "townhouse_itre": 0.0, "ADU_itre": 0.0, "PROJECT_comp": null, "A_STATUS": null, "A_STATUS_DATE": null, "lots_comp": null, "units_comp": null, "apt_comp": null, "townhomes_comp": null, "condo_comp": null }, "geometry": { "type": "Point", "coordinates": [ -78.92380589087773, 35.961940488606984 ] } },
{ "type": "Feature", "properties": { "A_NUMBER": "D2400137", "DATE_open": null, "PROJECT_open": null, "DESCRIPTION": null, "sf_detached": null, "sf_attached": null, "duplex/triplex": null, "multifamily": null, "condo": null, "project_itre": null, "sf_itre": null, "apt_itre": null, "duplex_itre": null, "townhouse_itre": null, "ADU_itre": null, "PROJECT_comp": "Crescent Townes Amendment", "A_STATUS": "Approved", "A_STATUS_DATE": 20240826161828.0, "lots_comp": null, "units_comp": null, "apt_comp": null, "townhomes_comp": null, "condo_comp": null }, "geometry": null },
{ "type": "Feature", "properties": { "A_NUMBER": "D2400138", "DATE_open": null, "PROJECT_open": null, "DESCRIPTION": null, "sf_detached": null, "sf_attached": null, "duplex/triplex": null, "multifamily": null, "condo": null, "project_itre": null, "sf_itre": null, "apt_itre": null, "duplex_itre": null, "townhouse_itre": null, "ADU_itre": null, "PROJECT_comp": "The Village at Ellis Crossing Amendment 3", "A_STATUS": "Approvals Received", "A_STATUS_DATE": 20240809153526.0, "lots_comp": null, "units_comp": 384.0, "apt_comp": "T", "townhomes_comp": null, "condo_comp": null }, "geometry": null },
{ "type": "Feature", "properties": { "A_NUMBER": "D2400141", "DATE_open": "2024-06-12T00:00:00", "PROJECT_open": "1028 Lynn Road Townhouses", "DESCRIPTION": "36 proposed townhomes.", "sf_detached": 0.0, "sf_attached": 36.0, "duplex/triplex": 0.0, "multifamily": 0.0, "condo": 0.0, "project_itre": "1028 Lynn Road Townhouses", "sf_itre": 0.0, "apt_itre": 0.0, "duplex_itre": 0.0, "townhouse_itre": 36.0, "ADU_itre": 0.0, "PROJECT_comp": "1028 Lynn Road Townhouses", "A_STATUS": "Under Review", "A_STATUS_DATE": 20250515112540.0, "lots_comp": null, "units_comp": 225.0, "apt_comp": "T", "townhomes_comp": null, "condo_comp": null }, "geometry": { "type": "Point", "coordinates": [ -78.849638695608931, 35.97320521654413 ] } },
{ "type": "Feature", "properties": { "A_NUMBER": "D2400143", "DATE_open": null, "PROJECT_open": null, "DESCRIPTION": null, "sf_detached": null, "sf_attached": null, "duplex/triplex": null, "multifamily": null, "condo": null, "project_itre": null, "sf_itre": null, "apt_itre": null, "duplex_itre": null, "townhouse_itre": null, "ADU_itre": null, "PROJECT_comp": "Latta Park Residential Amendment", "A_STATUS": "Under Review", "A_STATUS_DATE": 20240618144440.0, "lots_comp": 9.0, "units_comp": null, "apt_comp": null, "townhomes_comp": null, "condo_comp": null }, "geometry": null },
{ "type": "Feature", "properties": { "A_NUMBER": "D2400144", "DATE_open": null, "PROJECT_open": null, "DESCRIPTION": null, "sf_detached": null, "sf_attached": null, "duplex/triplex": null, "multifamily": null, "condo": null, "project_itre": null, "sf_itre": null, "apt_itre": null, "duplex_itre": null, "townhouse_itre": null, "ADU_itre": null, "PROJECT_comp": "Trellis Amendment", "A_STATUS": "Approved", "A_STATUS_DATE": 20250207110400.0, "lots_comp": 22.0, "units_comp": null, "apt_comp": null, "townhomes_comp": "T", "condo_comp": null }, "geometry": null },
{ "type": "Feature", "properties": { "A_NUMBER": "D2400148", "DATE_open": "2024-06-28T00:00:00", "PROJECT_open": "Harris Farm", "DESCRIPTION": "New development of multi-family apartments to include a total of 385 residential units on two lots.", "sf_detached": 0.0, "sf_attached": 0.0, "duplex/triplex": 0.0, "multifamily": 0.0, "condo": 0.0, "project_itre": "Harris Farm", "sf_itre": 0.0, "apt_itre": 385.0, "duplex_itre": 0.0, "townhouse_itre": 0.0, "ADU_itre": 0.0, "PROJECT_comp": "Harris Farm", "A_STATUS": "Under Review", "A_STATUS_DATE": 20240628084724.0, "lots_comp": null, "units_comp": null, "apt_comp": null, "townhomes_comp": null, "condo_comp": null }, "geometry": { "type": "Point", "coordinates": [ -78.94937464477151, 35.883045897736899 ] } },
{ "type": "Feature", "properties": { "A_NUMBER": "D2400150", "DATE_open": "2024-07-02T00:00:00", "PROJECT_open": "RTP Block H1", "DESCRIPTION": "Development of multi-story apartment building (226 units), wrapped around a parking deck for the building and related infrastructure.\r\n", "sf_detached": 0.0, "sf_attached": 0.0, "duplex/triplex": 0.0, "multifamily": 226.0, "condo": 0.0, "project_itre": "RTP Block H1", "sf_itre": 0.0, "apt_itre": 226.0, "duplex_itre": 0.0, "townhouse_itre": 0.0, "ADU_itre": 0.0, "PROJECT_comp": "RTP Block H1", "A_STATUS": "Approved", "A_STATUS_DATE": 20250217084124.0, "lots_comp": 383.0, "units_comp": null, "apt_comp": null, "townhomes_comp": "T", "condo_comp": null }, "geometry": { "type": "Point", "coordinates": [ -78.865764143037538, 35.893348040111398 ] } },
{ "type": "Feature", "properties": { "A_NUMBER": "D2400151", "DATE_open": "2024-07-02T00:00:00", "PROJECT_open": "Russell Road Subdivision", "DESCRIPTION": "Subdividing property for 9 single-family lots that will be served by septic and well. Construction of main access drive. \r\n", "sf_detached": 9.0, "sf_attached": 0.0, "duplex/triplex": 0.0, "multifamily": 0.0, "condo": 0.0, "project_itre": "Russell Road Subdivision", "sf_itre": 9.0, "apt_itre": 0.0, "duplex_itre": 0.0, "townhouse_itre": 0.0, "ADU_itre": 0.0, "PROJECT_comp": "Russell Road Subdivision", "A_STATUS": "Under Review", "A_STATUS_DATE": 20240702144705.0, "lots_comp": null, "units_comp": null, "apt_comp": null, "townhomes_comp": null, "condo_comp": null }, "geometry": { "type": "Point", "coordinates": [ -78.943314827659549, 36.118436199844773 ] } },
{ "type": "Feature", "properties": { "A_NUMBER": "D2400160", "DATE_open": "2024-07-15T00:00:00", "PROJECT_open": "Doc Nichols Towns", "DESCRIPTION": "21 Townhome community.", "sf_detached": 0.0, "sf_attached": 21.0, "duplex/triplex": 0.0, "multifamily": 0.0, "condo": 0.0, "project_itre": "Doc Nichols Towns", "sf_itre": 0.0, "apt_itre": 0.0, "duplex_itre": 0.0, "townhouse_itre": 21.0, "ADU_itre": 0.0, "PROJECT_comp": "Doc Nichols Towns", "A_STATUS": "Under Review", "A_STATUS_DATE": 20250221091837.0, "lots_comp": null, "units_comp": null, "apt_comp": null, "townhomes_comp": null, "condo_comp": null }, "geometry": { "type": "Point", "coordinates": [ -78.791909189321601, 35.954678990118097 ] } },
{ "type": "Feature", "properties": { "A_NUMBER": "D2400161", "DATE_open": null, "PROJECT_open": null, "DESCRIPTION": null, "sf_detached": null, "sf_attached": null, "duplex/triplex": null, "multifamily": null, "condo": null, "project_itre": null, "sf_itre": null, "apt_itre": null, "duplex_itre": null, "townhouse_itre": null, "ADU_itre": null, "PROJECT_comp": "The Novus Amendment 2", "A_STATUS": "Approved", "A_STATUS_DATE": 20250103091011.0, "lots_comp": null, "units_comp": null, "apt_comp": null, "townhomes_comp": null, "condo_comp": null }, "geometry": null },
{ "type": "Feature", "properties": { "A_NUMBER": "D2400166", "DATE_open": null, "PROJECT_open": null, "DESCRIPTION": null, "sf_detached": null, "sf_attached": null, "duplex/triplex": null, "multifamily": null, "condo": null, "project_itre": null, "sf_itre": null, "apt_itre": null, "duplex_itre": null, "townhouse_itre": null, "ADU_itre": null, "PROJECT_comp": "Bourdon Woods", "A_STATUS": "Corrections Required", "A_STATUS_DATE": 20250115104611.0, "lots_comp": null, "units_comp": null, "apt_comp": null, "townhomes_comp": null, "condo_comp": null }, "geometry": null },
{ "type": "Feature", "properties": { "A_NUMBER": "D2400172", "DATE_open": null, "PROJECT_open": null, "DESCRIPTION": null, "sf_detached": null, "sf_attached": null, "duplex/triplex": null, "multifamily": null, "condo": null, "project_itre": null, "sf_itre": null, "apt_itre": null, "duplex_itre": null, "townhouse_itre": null, "ADU_itre": null, "PROJECT_comp": "NCCU Baynes Hall Grading Plan", "A_STATUS": "Complete", "A_STATUS_DATE": 20240923105225.0, "lots_comp": null, "units_comp": 252.0, "apt_comp": "T", "townhomes_comp": null, "condo_comp": null }, "geometry": null },
{ "type": "Feature", "properties": { "A_NUMBER": "D2400176", "DATE_open": "2024-08-13T00:00:00", "PROJECT_open": "Fox Crossing II", "DESCRIPTION": "320 apartment units with 4800 sq ft of commercial space", "sf_detached": 0.0, "sf_attached": 0.0, "duplex/triplex": 0.0, "multifamily": 320.0, "condo": 0.0, "project_itre": "Fox Crossing II", "sf_itre": 0.0, "apt_itre": 320.0, "duplex_itre": 0.0, "townhouse_itre": 0.0, "ADU_itre": 0.0, "PROJECT_comp": null, "A_STATUS": null, "A_STATUS_DATE": null, "lots_comp": null, "units_comp": null, "apt_comp": null, "townhomes_comp": null, "condo_comp": null }, "geometry": { "type": "Point", "coordinates": [ -78.852263132688023, 35.970853542440366 ] } },
{ "type": "Feature", "properties": { "A_NUMBER": "D2400191", "DATE_open": null, "PROJECT_open": null, "DESCRIPTION": null, "sf_detached": null, "sf_attached": null, "duplex/triplex": null, "multifamily": null, "condo": null, "project_itre": null, "sf_itre": null, "apt_itre": null, "duplex_itre": null, "townhouse_itre": null, "ADU_itre": null, "PROJECT_comp": "Mica Ridge Amendment", "A_STATUS": "Approved", "A_STATUS_DATE": 20250513074627.0, "lots_comp": null, "units_comp": null, "apt_comp": null, "townhomes_comp": null, "condo_comp": null }, "geometry": null },
{ "type": "Feature", "properties": { "A_NUMBER": "D2400193", "DATE_open": "2024-08-27T00:00:00", "PROJECT_open": "Durham Summit", "DESCRIPTION": "312 multi-family apartment units with surface parking.", "sf_detached": 0.0, "sf_attached": 0.0, "duplex/triplex": 0.0, "multifamily": 312.0, "condo": 0.0, "project_itre": "Durham Summit", "sf_itre": 0.0, "apt_itre": 312.0, "duplex_itre": 0.0, "townhouse_itre": 0.0, "ADU_itre": 0.0, "PROJECT_comp": "Durham Summit", "A_STATUS": "Approved", "A_STATUS_DATE": 20250131112430.0, "lots_comp": null, "units_comp": null, "apt_comp": null, "townhomes_comp": null, "condo_comp": null }, "geometry": { "type": "Point", "coordinates": [ -78.903793589889091, 36.046505523196032 ] } },
{ "type": "Feature", "properties": { "A_NUMBER": "D2400194", "DATE_open": null, "PROJECT_open": null, "DESCRIPTION": null, "sf_detached": null, "sf_attached": null, "duplex/triplex": null, "multifamily": null, "condo": null, "project_itre": null, "sf_itre": null, "apt_itre": null, "duplex_itre": null, "townhouse_itre": null, "ADU_itre": null, "PROJECT_comp": "Oakridge Residential (Phase B) Amendment", "A_STATUS": "Withdrawn", "A_STATUS_DATE": 20250224090202.0, "lots_comp": null, "units_comp": null, "apt_comp": null, "townhomes_comp": null, "condo_comp": null }, "geometry": null },
{ "type": "Feature", "properties": { "A_NUMBER": "D2400201", "DATE_open": "2024-09-06T00:00:00", "PROJECT_open": "Trinity Park Townhomes", "DESCRIPTION": "20 townhomes with ADU's and a commercial parking lot to serve the adjacent hotel.", "sf_detached": 0.0, "sf_attached": 20.0, "duplex/triplex": 0.0, "multifamily": 0.0, "condo": 0.0, "project_itre": "Trinity Park Townhomes", "sf_itre": 0.0, "apt_itre": 0.0, "duplex_itre": 0.0, "townhouse_itre": 20.0, "ADU_itre": 0.0, "PROJECT_comp": null, "A_STATUS": null, "A_STATUS_DATE": null, "lots_comp": null, "units_comp": null, "apt_comp": null, "townhomes_comp": null, "condo_comp": null }, "geometry": { "type": "Point", "coordinates": [ -78.910588609760822, 36.001933323150155 ] } },
{ "type": "Feature", "properties": { "A_NUMBER": "D2400205", "DATE_open": "2024-09-11T00:00:00", "PROJECT_open": "Fayette Place Ph 1", "DESCRIPTION": "252 affordable unit apartment complex.", "sf_detached": 0.0, "sf_attached": 0.0, "duplex/triplex": 0.0, "multifamily": 252.0, "condo": 0.0, "project_itre": "Fayette Place Ph 1", "sf_itre": 0.0, "apt_itre": 252.0, "duplex_itre": 0.0, "townhouse_itre": 0.0, "ADU_itre": 0.0, "PROJECT_comp": "Fayette Place Ph 1", "A_STATUS": "Approved", "A_STATUS_DATE": 20250430102135.0, "lots_comp": null, "units_comp": null, "apt_comp": null, "townhomes_comp": null, "condo_comp": null }, "geometry": { "type": "Point", "coordinates": [ -78.895567603353072, 35.98387871743072 ] } },
{ "type": "Feature", "properties": { "A_NUMBER": "D2400209", "DATE_open": null, "PROJECT_open": null, "DESCRIPTION": null, "sf_detached": null, "sf_attached": null, "duplex/triplex": null, "multifamily": null, "condo": null, "project_itre": null, "sf_itre": null, "apt_itre": null, "duplex_itre": null, "townhouse_itre": null, "ADU_itre": null, "PROJECT_comp": "Duke 97 Townhomes Amendment", "A_STATUS": "Approved", "A_STATUS_DATE": 20241127172709.0, "lots_comp": null, "units_comp": 126.0, "apt_comp": null, "townhomes_comp": null, "condo_comp": null }, "geometry": null },
{ "type": "Feature", "properties": { "A_NUMBER": "D2400211", "DATE_open": "2024-09-17T00:00:00", "PROJECT_open": "High Good - 106 Watts", "DESCRIPTION": "25 MF residential units with ground floor commercial and under building parking.", "sf_detached": 0.0, "sf_attached": 0.0, "duplex/triplex": 0.0, "multifamily": 0.0, "condo": 0.0, "project_itre": "High Good - 106 Watts", "sf_itre": 0.0, "apt_itre": 25.0, "duplex_itre": 0.0, "townhouse_itre": 0.0, "ADU_itre": 0.0, "PROJECT_comp": "High Good - 106 Watts", "A_STATUS": "Under Review", "A_STATUS_DATE": 20250321122411.0, "lots_comp": 100.0, "units_comp": null, "apt_comp": null, "townhomes_comp": "T", "condo_comp": null }, "geometry": { "type": "Point", "coordinates": [ -78.910844311487295, 36.001616162687107 ] } },
{ "type": "Feature", "properties": { "A_NUMBER": "D2400225", "DATE_open": null, "PROJECT_open": null, "DESCRIPTION": null, "sf_detached": null, "sf_attached": null, "duplex/triplex": null, "multifamily": null, "condo": null, "project_itre": null, "sf_itre": null, "apt_itre": null, "duplex_itre": null, "townhouse_itre": null, "ADU_itre": null, "PROJECT_comp": "206 N Dillard St", "A_STATUS": "Approved", "A_STATUS_DATE": 20250107141727.0, "lots_comp": null, "units_comp": null, "apt_comp": null, "townhomes_comp": null, "condo_comp": null }, "geometry": null },
{ "type": "Feature", "properties": { "A_NUMBER": "D2400227", "DATE_open": null, "PROJECT_open": null, "DESCRIPTION": null, "sf_detached": null, "sf_attached": null, "duplex/triplex": null, "multifamily": null, "condo": null, "project_itre": null, "sf_itre": null, "apt_itre": null, "duplex_itre": null, "townhouse_itre": null, "ADU_itre": null, "PROJECT_comp": "Sweetbrier Phase 2", "A_STATUS": "Approved", "A_STATUS_DATE": 20250228114712.0, "lots_comp": null, "units_comp": null, "apt_comp": null, "townhomes_comp": null, "condo_comp": null }, "geometry": null },
{ "type": "Feature", "properties": { "A_NUMBER": "D2400232", "DATE_open": null, "PROJECT_open": null, "DESCRIPTION": null, "sf_detached": null, "sf_attached": null, "duplex/triplex": null, "multifamily": null, "condo": null, "project_itre": null, "sf_itre": null, "apt_itre": null, "duplex_itre": null, "townhouse_itre": null, "ADU_itre": null, "PROJECT_comp": "Vivo Living Durham", "A_STATUS": "Approved", "A_STATUS_DATE": 20250409160543.0, "lots_comp": null, "units_comp": null, "apt_comp": null, "townhomes_comp": null, "condo_comp": null }, "geometry": null },
{ "type": "Feature", "properties": { "A_NUMBER": "D2400233", "DATE_open": "2024-10-21T00:00:00", "PROJECT_open": "Greenleaf Townes", "DESCRIPTION": "100 townhomes with public water and sewer, private roads, and associated infrastructure.", "sf_detached": 0.0, "sf_attached": 100.0, "duplex/triplex": 0.0, "multifamily": 0.0, "condo": 0.0, "project_itre": "Greenleaf Townes", "sf_itre": 0.0, "apt_itre": 0.0, "duplex_itre": 0.0, "townhouse_itre": 100.0, "ADU_itre": 0.0, "PROJECT_comp": "Greenleaf Townes", "A_STATUS": "Corrections Required", "A_STATUS_DATE": 20250422141840.0, "lots_comp": null, "units_comp": 339.0, "apt_comp": "T", "townhomes_comp": null, "condo_comp": null }, "geometry": { "type": "Point", "coordinates": [ -78.801584218066395, 35.967866968003179 ] } },
{ "type": "Feature", "properties": { "A_NUMBER": "D2400237", "DATE_open": null, "PROJECT_open": null, "DESCRIPTION": null, "sf_detached": null, "sf_attached": null, "duplex/triplex": null, "multifamily": null, "condo": null, "project_itre": null, "sf_itre": null, "apt_itre": null, "duplex_itre": null, "townhouse_itre": null, "ADU_itre": null, "PROJECT_comp": "Wesley Downs Amendment 4", "A_STATUS": "Approved", "A_STATUS_DATE": 20250313172516.0, "lots_comp": null, "units_comp": null, "apt_comp": null, "townhomes_comp": null, "condo_comp": null }, "geometry": null },
{ "type": "Feature", "properties": { "A_NUMBER": "D2400239", "DATE_open": null, "PROJECT_open": null, "DESCRIPTION": null, "sf_detached": null, "sf_attached": null, "duplex/triplex": null, "multifamily": null, "condo": null, "project_itre": null, "sf_itre": null, "apt_itre": null, "duplex_itre": null, "townhouse_itre": null, "ADU_itre": null, "PROJECT_comp": "Sweetbrier - Phase 2 OS Labels", "A_STATUS": "Approved", "A_STATUS_DATE": 20250228110914.0, "lots_comp": null, "units_comp": null, "apt_comp": null, "townhomes_comp": null, "condo_comp": null }, "geometry": null },
{ "type": "Feature", "properties": { "A_NUMBER": "D2400240", "DATE_open": null, "PROJECT_open": null, "DESCRIPTION": null, "sf_detached": null, "sf_attached": null, "duplex/triplex": null, "multifamily": null, "condo": null, "project_itre": null, "sf_itre": null, "apt_itre": null, "duplex_itre": null, "townhouse_itre": null, "ADU_itre": null, "PROJECT_comp": "Bethpage Apartments Phase II Amendment 2", "A_STATUS": "Approved", "A_STATUS_DATE": 20250409102502.0, "lots_comp": null, "units_comp": 260.0, "apt_comp": "T", "townhomes_comp": null, "condo_comp": null }, "geometry": null },
{ "type": "Feature", "properties": { "A_NUMBER": "D2400246", "DATE_open": "2024-11-08T00:00:00", "PROJECT_open": "Aura 751", "DESCRIPTION": "339 multifamily units and associated amenity space.", "sf_detached": 0.0, "sf_attached": 0.0, "duplex/triplex": 0.0, "multifamily": 339.0, "condo": 0.0, "project_itre": "Aura 751", "sf_itre": 0.0, "apt_itre": 339.0, "duplex_itre": 0.0, "townhouse_itre": 0.0, "ADU_itre": 0.0, "PROJECT_comp": "Aura 751", "A_STATUS": "Under Review", "A_STATUS_DATE": 20241108100253.0, "lots_comp": null, "units_comp": 270.0, "apt_comp": "T", "townhomes_comp": null, "condo_comp": null }, "geometry": { "type": "Point", "coordinates": [ -78.960092836781214, 35.895812322788764 ] } },
{ "type": "Feature", "properties": { "A_NUMBER": "D2400248", "DATE_open": null, "PROJECT_open": null, "DESCRIPTION": null, "sf_detached": null, "sf_attached": null, "duplex/triplex": null, "multifamily": null, "condo": null, "project_itre": null, "sf_itre": null, "apt_itre": null, "duplex_itre": null, "townhouse_itre": null, "ADU_itre": null, "PROJECT_comp": "Griffin Place North Amendment", "A_STATUS": "Approved", "A_STATUS_DATE": 20241209173222.0, "lots_comp": null, "units_comp": null, "apt_comp": null, "townhomes_comp": null, "condo_comp": null }, "geometry": null },
{ "type": "Feature", "properties": { "A_NUMBER": "D2400257", "DATE_open": null, "PROJECT_open": null, "DESCRIPTION": null, "sf_detached": null, "sf_attached": null, "duplex/triplex": null, "multifamily": null, "condo": null, "project_itre": null, "sf_itre": null, "apt_itre": null, "duplex_itre": null, "townhouse_itre": null, "ADU_itre": null, "PROJECT_comp": "Griffin Townhomes Amendment", "A_STATUS": "Under Review", "A_STATUS_DATE": 20241120084504.0, "lots_comp": null, "units_comp": null, "apt_comp": "T", "townhomes_comp": null, "condo_comp": null }, "geometry": null },
{ "type": "Feature", "properties": { "A_NUMBER": "D2400261", "DATE_open": "2024-11-21T00:00:00", "PROJECT_open": "Pointe Grand Durham", "DESCRIPTION": "Apartment development with a maximum of 260 units. DU/AC 10.455.", "sf_detached": 0.0, "sf_attached": 0.0, "duplex/triplex": 0.0, "multifamily": 0.0, "condo": 0.0, "project_itre": "Pointe Grand Durham", "sf_itre": 0.0, "apt_itre": 260.0, "duplex_itre": 0.0, "townhouse_itre": 0.0, "ADU_itre": 0.0, "PROJECT_comp": "Pointe Grand Durham", "A_STATUS": "Under Review", "A_STATUS_DATE": 20241121090211.0, "lots_comp": null, "units_comp": null, "apt_comp": null, "townhomes_comp": null, "condo_comp": null }, "geometry": { "type": "Point", "coordinates": [ -78.798215689269242, 35.975819656435881 ] } },
{ "type": "Feature", "properties": { "A_NUMBER": "D2400268", "DATE_open": "2024-12-02T00:00:00", "PROJECT_open": "Miami Blvd Multifamily", "DESCRIPTION": "4-Multifamily apartment buildings (270 units), clubhouse, amenity area and related infrastructure.", "sf_detached": 0.0, "sf_attached": 0.0, "duplex/triplex": 0.0, "multifamily": 274.0, "condo": 0.0, "project_itre": "Miami Blvd Multifamily", "sf_itre": 0.0, "apt_itre": 274.0, "duplex_itre": 0.0, "townhouse_itre": 0.0, "ADU_itre": 0.0, "PROJECT_comp": "Miami Blvd Multifamily", "A_STATUS": "Under Review", "A_STATUS_DATE": 20241202104620.0, "lots_comp": null, "units_comp": null, "apt_comp": null, "townhomes_comp": null, "condo_comp": null }, "geometry": { "type": "Point", "coordinates": [ -78.845642919519307, 35.931876940895187 ] } },
{ "type": "Feature", "properties": { "A_NUMBER": "D2400269", "DATE_open": null, "PROJECT_open": null, "DESCRIPTION": null, "sf_detached": null, "sf_attached": null, "duplex/triplex": null, "multifamily": null, "condo": null, "project_itre": null, "sf_itre": null, "apt_itre": null, "duplex_itre": null, "townhouse_itre": null, "ADU_itre": null, "PROJECT_comp": "Washington St Mixed-Use (The Wye) Amendment", "A_STATUS": "Approved", "A_STATUS_DATE": 20250502160108.0, "lots_comp": null, "units_comp": null, "apt_comp": null, "townhomes_comp": null, "condo_comp": null }, "geometry": null },
{ "type": "Feature", "properties": { "A_NUMBER": "D2400270", "DATE_open": "2024-12-03T00:00:00", "PROJECT_open": "Dillard St Apartments (Ph 4BC)", "DESCRIPTION": "2-4 story, residential buildings with 98 affordable apartment units and accessories, 1 with retail space, and surface parking.", "sf_detached": 0.0, "sf_attached": 0.0, "duplex/triplex": 0.0, "multifamily": 98.0, "condo": 0.0, "project_itre": "Dillard St Apartments (Ph 4BC)", "sf_itre": 0.0, "apt_itre": 98.0, "duplex_itre": 0.0, "townhouse_itre": 0.0, "ADU_itre": 0.0, "PROJECT_comp": "Dillard St Apartments (Ph 4BC)", "A_STATUS": "Under Review", "A_STATUS_DATE": 20241203105945.0, "lots_comp": null, "units_comp": null, "apt_comp": "T", "townhomes_comp": null, "condo_comp": null }, "geometry": { "type": "Point", "coordinates": [ -78.89405405055625, 35.99261732845833 ] } },
{ "type": "Feature", "properties": { "A_NUMBER": "D2400272", "DATE_open": null, "PROJECT_open": null, "DESCRIPTION": null, "sf_detached": null, "sf_attached": null, "duplex/triplex": null, "multifamily": null, "condo": null, "project_itre": null, "sf_itre": null, "apt_itre": null, "duplex_itre": null, "townhouse_itre": null, "ADU_itre": null, "PROJECT_comp": "Shoccoree II Amendment", "A_STATUS": "Approved", "A_STATUS_DATE": 20250122135648.0, "lots_comp": null, "units_comp": null, "apt_comp": null, "townhomes_comp": null, "condo_comp": null }, "geometry": null },
{ "type": "Feature", "properties": { "A_NUMBER": "D2400273", "DATE_open": null, "PROJECT_open": null, "DESCRIPTION": null, "sf_detached": null, "sf_attached": null, "duplex/triplex": null, "multifamily": null, "condo": null, "project_itre": null, "sf_itre": null, "apt_itre": null, "duplex_itre": null, "townhouse_itre": null, "ADU_itre": null, "PROJECT_comp": "Pinecrest Amendment", "A_STATUS": "Approved", "A_STATUS_DATE": 20250109153416.0, "lots_comp": null, "units_comp": null, "apt_comp": "T", "townhomes_comp": null, "condo_comp": "T" }, "geometry": null },
{ "type": "Feature", "properties": { "A_NUMBER": "D2400279", "DATE_open": null, "PROJECT_open": null, "DESCRIPTION": null, "sf_detached": null, "sf_attached": null, "duplex/triplex": null, "multifamily": null, "condo": null, "project_itre": null, "sf_itre": null, "apt_itre": null, "duplex_itre": null, "townhouse_itre": null, "ADU_itre": null, "PROJECT_comp": "Southside East Ph 3 & 4 Amendment", "A_STATUS": "Under Review", "A_STATUS_DATE": 20241206140719.0, "lots_comp": null, "units_comp": null, "apt_comp": null, "townhomes_comp": null, "condo_comp": null }, "geometry": null },
{ "type": "Feature", "properties": { "A_NUMBER": "D2400280", "DATE_open": "2024-12-06T00:00:00", "PROJECT_open": "Croasdaile Village Phase IV", "DESCRIPTION": "Construction of 21 cottages and 4 multifamily buildings.", "sf_detached": 0.0, "sf_attached": 0.0, "duplex/triplex": 0.0, "multifamily": 21.0, "condo": 0.0, "project_itre": "Croasdaile Village Phase IV", "sf_itre": 0.0, "apt_itre": 0.0, "duplex_itre": 0.0, "townhouse_itre": 0.0, "ADU_itre": 0.0, "PROJECT_comp": "Croasdaile Village Phase IV", "A_STATUS": "Under Review", "A_STATUS_DATE": 20241206153915.0, "lots_comp": null, "units_comp": null, "apt_comp": null, "townhomes_comp": null, "condo_comp": null }, "geometry": { "type": "Point", "coordinates": [ -78.939049069662488, 36.046641874202763 ] } },
{ "type": "Feature", "properties": { "A_NUMBER": "D2400284", "DATE_open": null, "PROJECT_open": null, "DESCRIPTION": null, "sf_detached": null, "sf_attached": null, "duplex/triplex": null, "multifamily": null, "condo": null, "project_itre": null, "sf_itre": null, "apt_itre": null, "duplex_itre": null, "townhouse_itre": null, "ADU_itre": null, "PROJECT_comp": "Carpenter falls Amendment 3", "A_STATUS": "Complete", "A_STATUS_DATE": 20250131101800.0, "lots_comp": 44.0, "units_comp": null, "apt_comp": null, "townhomes_comp": "T", "condo_comp": null }, "geometry": null },
{ "type": "Feature", "properties": { "A_NUMBER": "D2400289", "DATE_open": "2024-12-18T00:00:00", "PROJECT_open": "Tribute Rising", "DESCRIPTION": "Proposed 4 Multifamily apartment buildings (348 units) and 16 live work townhome units with supplemental retail.", "sf_detached": 0.0, "sf_attached": 16.0, "duplex/triplex": 0.0, "multifamily": 352.0, "condo": 0.0, "project_itre": "Tribute Rising", "sf_itre": 0.0, "apt_itre": 352.0, "duplex_itre": 0.0, "townhouse_itre": 16.0, "ADU_itre": 0.0, "PROJECT_comp": "Tribute Rising", "A_STATUS": "Under Review", "A_STATUS_DATE": 20241218080926.0, "lots_comp": null, "units_comp": null, "apt_comp": null, "townhomes_comp": null, "condo_comp": null }, "geometry": { "type": "Point", "coordinates": [ -78.905175617192953, 35.988682185115962 ] } },
{ "type": "Feature", "properties": { "A_NUMBER": "D2400291", "DATE_open": "2024-12-18T00:00:00", "PROJECT_open": "Oakridge Residential Phase C", "DESCRIPTION": "181 Multi-family units with surface parking.", "sf_detached": 0.0, "sf_attached": 0.0, "duplex/triplex": 0.0, "multifamily": 181.0, "condo": 0.0, "project_itre": "Oakridge Residential Phase C", "sf_itre": 0.0, "apt_itre": 181.0, "duplex_itre": 0.0, "townhouse_itre": 0.0, "ADU_itre": 0.0, "PROJECT_comp": null, "A_STATUS": null, "A_STATUS_DATE": null, "lots_comp": null, "units_comp": null, "apt_comp": null, "townhomes_comp": null, "condo_comp": null }, "geometry": { "type": "Point", "coordinates": [ -78.990314769260252, 35.956929293095804 ] } },
{ "type": "Feature", "properties": { "A_NUMBER": "D2500002", "DATE_open": null, "PROJECT_open": null, "DESCRIPTION": null, "sf_detached": null, "sf_attached": null, "duplex/triplex": null, "multifamily": null, "condo": null, "project_itre": null, "sf_itre": null, "apt_itre": null, "duplex_itre": null, "townhouse_itre": null, "ADU_itre": null, "PROJECT_comp": "Eno Village Phase 3", "A_STATUS": "Under Review", "A_STATUS_DATE": 20250509072725.0, "lots_comp": 52.0, "units_comp": null, "apt_comp": null, "townhomes_comp": "T", "condo_comp": null }, "geometry": null },
{ "type": "Feature", "properties": { "A_NUMBER": "D2500004", "DATE_open": null, "PROJECT_open": null, "DESCRIPTION": null, "sf_detached": null, "sf_attached": null, "duplex/triplex": null, "multifamily": null, "condo": null, "project_itre": null, "sf_itre": null, "apt_itre": null, "duplex_itre": null, "townhouse_itre": null, "ADU_itre": null, "PROJECT_comp": "NC55 & Hopson Building 3 Phase 1", "A_STATUS": "Corrections Required", "A_STATUS_DATE": 20250217143758.0, "lots_comp": null, "units_comp": null, "apt_comp": null, "townhomes_comp": null, "condo_comp": null }, "geometry": null },
{ "type": "Feature", "properties": { "A_NUMBER": "D2500009", "DATE_open": "2025-01-21T00:00:00", "PROJECT_open": "Celebrity Rocky Hill Subdivision", "DESCRIPTION": "Residential subdivision with 42 townhouse lots.", "sf_detached": 0.0, "sf_attached": 42.0, "duplex/triplex": 0.0, "multifamily": 0.0, "condo": 0.0, "project_itre": "Celebrity Rocky Hill Subdivision", "sf_itre": 0.0, "apt_itre": 0.0, "duplex_itre": 0.0, "townhouse_itre": 42.0, "ADU_itre": 0.0, "PROJECT_comp": "Celebrity Rocky Hill Subdivision", "A_STATUS": "Corrections Required", "A_STATUS_DATE": 20250304135803.0, "lots_comp": null, "units_comp": null, "apt_comp": null, "townhomes_comp": null, "condo_comp": null }, "geometry": { "type": "Point", "coordinates": [ -78.904786636004289, 36.081275128095527 ] } },
{ "type": "Feature", "properties": { "A_NUMBER": "D2500015", "DATE_open": null, "PROJECT_open": null, "DESCRIPTION": null, "sf_detached": null, "sf_attached": null, "duplex/triplex": null, "multifamily": null, "condo": null, "project_itre": null, "sf_itre": null, "apt_itre": null, "duplex_itre": null, "townhouse_itre": null, "ADU_itre": null, "PROJECT_comp": "Renaissance RTP", "A_STATUS": "Under Review", "A_STATUS_DATE": 20250123084240.0, "lots_comp": 160.0, "units_comp": null, "apt_comp": "T", "townhomes_comp": null, "condo_comp": null }, "geometry": null },
{ "type": "Feature", "properties": { "A_NUMBER": "D2500026", "DATE_open": "2025-02-04T00:00:00", "PROJECT_open": "Smallwood", "DESCRIPTION": "52 townhomes with associated streets, sidewalks, grading, water, sewer, stormwater management and landscaping.", "sf_detached": 0.0, "sf_attached": 52.0, "duplex/triplex": 0.0, "multifamily": 0.0, "condo": 0.0, "project_itre": "Smallwood", "sf_itre": 0.0, "apt_itre": 0.0, "duplex_itre": 0.0, "townhouse_itre": 52.0, "ADU_itre": 0.0, "PROJECT_comp": "Smallwood", "A_STATUS": "Under Review", "A_STATUS_DATE": 20250204135935.0, "lots_comp": null, "units_comp": null, "apt_comp": null, "townhomes_comp": null, "condo_comp": null }, "geometry": { "type": "Point", "coordinates": [ -78.817247660577436, 35.913861856972211 ] } },
{ "type": "Feature", "properties": { "A_NUMBER": "D2500031", "DATE_open": "2025-02-11T00:00:00", "PROJECT_open": "Block F at HUB RTP", "DESCRIPTION": "Development of multi-story apartment and related infrastructure.", "sf_detached": 0.0, "sf_attached": 0.0, "duplex/triplex": 0.0, "multifamily": 0.0, "condo": 0.0, "project_itre": "Block F at HUB RTP", "sf_itre": 0.0, "apt_itre": 0.0, "duplex_itre": 0.0, "townhouse_itre": 0.0, "ADU_itre": 0.0, "PROJECT_comp": null, "A_STATUS": null, "A_STATUS_DATE": null, "lots_comp": null, "units_comp": null, "apt_comp": null, "townhomes_comp": null, "condo_comp": null }, "geometry": { "type": "Point", "coordinates": [ -78.865444846106328, 35.8944860772719 ] } },
{ "type": "Feature", "properties": { "A_NUMBER": "D2500034", "DATE_open": null, "PROJECT_open": null, "DESCRIPTION": null, "sf_detached": null, "sf_attached": null, "duplex/triplex": null, "multifamily": null, "condo": null, "project_itre": null, "sf_itre": null, "apt_itre": null, "duplex_itre": null, "townhouse_itre": null, "ADU_itre": null, "PROJECT_comp": "Charlestowne Apartments Stream Stabilization", "A_STATUS": "Under Review", "A_STATUS_DATE": 20250428112529.0, "lots_comp": 274.0, "units_comp": null, "apt_comp": null, "townhomes_comp": null, "condo_comp": null }, "geometry": null },
{ "type": "Feature", "properties": { "A_NUMBER": "D2500036", "DATE_open": null, "PROJECT_open": null, "DESCRIPTION": null, "sf_detached": null, "sf_attached": null, "duplex/triplex": null, "multifamily": null, "condo": null, "project_itre": null, "sf_itre": null, "apt_itre": null, "duplex_itre": null, "townhouse_itre": null, "ADU_itre": null, "PROJECT_comp": "2201 Cornwallis Land", "A_STATUS": "Approved", "A_STATUS_DATE": 20250312130347.0, "lots_comp": null, "units_comp": null, "apt_comp": null, "townhomes_comp": "T", "condo_comp": null }, "geometry": null },
{ "type": "Feature", "properties": { "A_NUMBER": "D2500038", "DATE_open": "2025-02-17T00:00:00", "PROJECT_open": "Page Corners", "DESCRIPTION": "160 unit affordable apartment.", "sf_detached": 0.0, "sf_attached": 0.0, "duplex/triplex": 0.0, "multifamily": 160.0, "condo": 0.0, "project_itre": "Page Corners", "sf_itre": 0.0, "apt_itre": 160.0, "duplex_itre": 0.0, "townhouse_itre": 0.0, "ADU_itre": 0.0, "PROJECT_comp": "Page Corners", "A_STATUS": "Corrections Required", "A_STATUS_DATE": 20250507135032.0, "lots_comp": null, "units_comp": null, "apt_comp": null, "townhomes_comp": null, "condo_comp": null }, "geometry": { "type": "Point", "coordinates": [ -78.824793202670278, 35.892263741820813 ] } },
{ "type": "Feature", "properties": { "A_NUMBER": "D2500039", "DATE_open": null, "PROJECT_open": null, "DESCRIPTION": null, "sf_detached": null, "sf_attached": null, "duplex/triplex": null, "multifamily": null, "condo": null, "project_itre": null, "sf_itre": null, "apt_itre": null, "duplex_itre": null, "townhouse_itre": null, "ADU_itre": null, "PROJECT_comp": "The Advantage-Amendment", "A_STATUS": "Under Review", "A_STATUS_DATE": 20250217130948.0, "lots_comp": null, "units_comp": null, "apt_comp": "T", "townhomes_comp": null, "condo_comp": null }, "geometry": null },
{ "type": "Feature", "properties": { "A_NUMBER": "D2500046", "DATE_open": "2025-02-24T00:00:00", "PROJECT_open": "Oxford Ridge", "DESCRIPTION": "Development including market rate townhouses with for sale affordable single-family units.", "sf_detached": 0.0, "sf_attached": 0.0, "duplex/triplex": 0.0, "multifamily": 0.0, "condo": 0.0, "project_itre": "Oxford Ridge", "sf_itre": 0.0, "apt_itre": 0.0, "duplex_itre": 0.0, "townhouse_itre": 58.0, "ADU_itre": 0.0, "PROJECT_comp": "Oxford Ridge", "A_STATUS": "Under Review", "A_STATUS_DATE": 20250224102455.0, "lots_comp": null, "units_comp": null, "apt_comp": null, "townhomes_comp": null, "condo_comp": null }, "geometry": { "type": "Point", "coordinates": [ -78.875945478316822, 36.050940189114868 ] } },
{ "type": "Feature", "properties": { "A_NUMBER": "D2500050", "DATE_open": "2025-02-28T00:00:00", "PROJECT_open": "803 Sherron Road Townhomes", "DESCRIPTION": "New townhome development with 53 units and new right of way, in association with Z2300045", "sf_detached": 0.0, "sf_attached": 53.0, "duplex/triplex": 0.0, "multifamily": 0.0, "condo": 0.0, "project_itre": "803 Sherron Road Townhomes", "sf_itre": 0.0, "apt_itre": 0.0, "duplex_itre": 0.0, "townhouse_itre": 53.0, "ADU_itre": 0.0, "PROJECT_comp": "803 Sherron Road Townhomes", "A_STATUS": "Under Review", "A_STATUS_DATE": 20250508103646.0, "lots_comp": null, "units_comp": null, "apt_comp": null, "townhomes_comp": "T", "condo_comp": null }, "geometry": { "type": "Point", "coordinates": [ -78.80732563979366, 35.962458443611894 ] } },
{ "type": "Feature", "properties": { "A_NUMBER": "D2500057", "DATE_open": null, "PROJECT_open": null, "DESCRIPTION": null, "sf_detached": null, "sf_attached": null, "duplex/triplex": null, "multifamily": null, "condo": null, "project_itre": null, "sf_itre": null, "apt_itre": null, "duplex_itre": null, "townhouse_itre": null, "ADU_itre": null, "PROJECT_comp": "Courtyards at Oak Grove-Amendment", "A_STATUS": "Corrections Required", "A_STATUS_DATE": 20250318082223.0, "lots_comp": null, "units_comp": null, "apt_comp": null, "townhomes_comp": null, "condo_comp": null }, "geometry": null },
{ "type": "Feature", "properties": { "A_NUMBER": "D2500072", "DATE_open": "2025-03-18T00:00:00", "PROJECT_open": "Leigh Valley", "DESCRIPTION": "Apartment development to include 324 units.", "sf_detached": 0.0, "sf_attached": 0.0, "duplex/triplex": 0.0, "multifamily": 324.0, "condo": 0.0, "project_itre": "Leigh Valley", "sf_itre": 0.0, "apt_itre": 324.0, "duplex_itre": 0.0, "townhouse_itre": 0.0, "ADU_itre": 0.0, "PROJECT_comp": "Leigh Valley", "A_STATUS": "Under Review", "A_STATUS_DATE": 20250318084410.0, "lots_comp": 33.0, "units_comp": null, "apt_comp": null, "townhomes_comp": "T", "condo_comp": null }, "geometry": { "type": "Point", "coordinates": [ -78.991414856115767, 35.918989172906642 ] } },
{ "type": "Feature", "properties": { "A_NUMBER": "D2500073", "DATE_open": null, "PROJECT_open": null, "DESCRIPTION": null, "sf_detached": null, "sf_attached": null, "duplex/triplex": null, "multifamily": null, "condo": null, "project_itre": null, "sf_itre": null, "apt_itre": null, "duplex_itre": null, "townhouse_itre": null, "ADU_itre": null, "PROJECT_comp": "751 Watercolors Townhomes-Amendment", "A_STATUS": "Under Review", "A_STATUS_DATE": 20250318132822.0, "lots_comp": null, "units_comp": null, "apt_comp": null, "townhomes_comp": null, "condo_comp": null }, "geometry": null },
{ "type": "Feature", "properties": { "A_NUMBER": "D2500084", "DATE_open": null, "PROJECT_open": null, "DESCRIPTION": null, "sf_detached": null, "sf_attached": null, "duplex/triplex": null, "multifamily": null, "condo": null, "project_itre": null, "sf_itre": null, "apt_itre": null, "duplex_itre": null, "townhouse_itre": null, "ADU_itre": null, "PROJECT_comp": "Solana Site Plan-Amendment 7", "A_STATUS": "Under Review", "A_STATUS_DATE": 20250331083646.0, "lots_comp": null, "units_comp": null, "apt_comp": null, "townhomes_comp": null, "condo_comp": null }, "geometry": null },
{ "type": "Feature", "properties": { "A_NUMBER": "D2500087", "DATE_open": null, "PROJECT_open": null, "DESCRIPTION": null, "sf_detached": null, "sf_attached": null, "duplex/triplex": null, "multifamily": null, "condo": null, "project_itre": null, "sf_itre": null, "apt_itre": null, "duplex_itre": null, "townhouse_itre": null, "ADU_itre": null, "PROJECT_comp": "1432 Ellis Road-Amendment", "A_STATUS": "Approved", "A_STATUS_DATE": 20250414162324.0, "lots_comp": null, "units_comp": null, "apt_comp": null, "townhomes_comp": null, "condo_comp": null }, "geometry": null },
{ "type": "Feature", "properties": { "A_NUMBER": "D2500088", "DATE_open": "2025-04-01T00:00:00", "PROJECT_open": "Cornwallis Townhomes", "DESCRIPTION": "Create 33 townhome site.", "sf_detached": 0.0, "sf_attached": 33.0, "duplex/triplex": 0.0, "multifamily": 0.0, "condo": 0.0, "project_itre": "Cornwallis Townhomes", "sf_itre": 0.0, "apt_itre": 0.0, "duplex_itre": 0.0, "townhouse_itre": 33.0, "ADU_itre": 0.0, "PROJECT_comp": "Cornwallis Townhomes", "A_STATUS": "Under Review", "A_STATUS_DATE": 20250401131121.0, "lots_comp": null, "units_comp": null, "apt_comp": null, "townhomes_comp": null, "condo_comp": null }, "geometry": { "type": "Point", "coordinates": [ -78.89310245585763, 35.937672412288514 ] } },
{ "type": "Feature", "properties": { "A_NUMBER": "D2500090", "DATE_open": null, "PROJECT_open": null, "DESCRIPTION": null, "sf_detached": null, "sf_attached": null, "duplex/triplex": null, "multifamily": null, "condo": null, "project_itre": null, "sf_itre": null, "apt_itre": null, "duplex_itre": null, "townhouse_itre": null, "ADU_itre": null, "PROJECT_comp": "Shoccoree II Monument-Amendment", "A_STATUS": "Under Review", "A_STATUS_DATE": 20250407152543.0, "lots_comp": null, "units_comp": null, "apt_comp": null, "townhomes_comp": null, "condo_comp": null }, "geometry": null },
{ "type": "Feature", "properties": { "A_NUMBER": "D2500093", "DATE_open": null, "PROJECT_open": null, "DESCRIPTION": null, "sf_detached": null, "sf_attached": null, "duplex/triplex": null, "multifamily": null, "condo": null, "project_itre": null, "sf_itre": null, "apt_itre": null, "duplex_itre": null, "townhouse_itre": null, "ADU_itre": null, "PROJECT_comp": "Panther Creek-Amendment", "A_STATUS": "Under Review", "A_STATUS_DATE": 20250414123720.0, "lots_comp": null, "units_comp": null, "apt_comp": null, "townhomes_comp": null, "condo_comp": null }, "geometry": null },
{ "type": "Feature", "properties": { "A_NUMBER": "D2500095", "DATE_open": "2025-04-17T00:00:00", "PROJECT_open": "4702 Farrington Rd - Grading Only", "DESCRIPTION": "Grading only site plan for future residential development.", "sf_detached": 0.0, "sf_attached": 0.0, "duplex/triplex": 0.0, "multifamily": 0.0, "condo": 0.0, "project_itre": "4702 Farrington Rd - Grading Only", "sf_itre": 0.0, "apt_itre": 0.0, "duplex_itre": 0.0, "townhouse_itre": 0.0, "ADU_itre": 0.0, "PROJECT_comp": null, "A_STATUS": null, "A_STATUS_DATE": null, "lots_comp": null, "units_comp": null, "apt_comp": null, "townhomes_comp": null, "condo_comp": null }, "geometry": { "type": "Point", "coordinates": [ -78.990774598961963, 35.933680155725966 ] } },
{ "type": "Feature", "properties": { "A_NUMBER": "D2500096", "DATE_open": null, "PROJECT_open": null, "DESCRIPTION": null, "sf_detached": null, "sf_attached": null, "duplex/triplex": null, "multifamily": null, "condo": null, "project_itre": null, "sf_itre": null, "apt_itre": null, "duplex_itre": null, "townhouse_itre": null, "ADU_itre": null, "PROJECT_comp": "Griffin Place North-Amendment", "A_STATUS": "Under Review", "A_STATUS_DATE": 20250421100223.0, "lots_comp": null, "units_comp": null, "apt_comp": null, "townhomes_comp": null, "condo_comp": null }, "geometry": null },
{ "type": "Feature", "properties": { "A_NUMBER": "D2500097", "DATE_open": null, "PROJECT_open": null, "DESCRIPTION": null, "sf_detached": null, "sf_attached": null, "duplex/triplex": null, "multifamily": null, "condo": null, "project_itre": null, "sf_itre": null, "apt_itre": null, "duplex_itre": null, "townhouse_itre": null, "ADU_itre": null, "PROJECT_comp": "Avalon Place-Amendment 2", "A_STATUS": "Under Review", "A_STATUS_DATE": 20250421101756.0, "lots_comp": 88.0, "units_comp": null, "apt_comp": null, "townhomes_comp": "T", "condo_comp": null }, "geometry": null },
{ "type": "Feature", "properties": { "A_NUMBER": "D2500099", "DATE_open": null, "PROJECT_open": null, "DESCRIPTION": null, "sf_detached": null, "sf_attached": null, "duplex/triplex": null, "multifamily": null, "condo": null, "project_itre": null, "sf_itre": null, "apt_itre": null, "duplex_itre": null, "townhouse_itre": null, "ADU_itre": null, "PROJECT_comp": "Trails at Twin Lakes-Amendment", "A_STATUS": "Under Review", "A_STATUS_DATE": 20250430141311.0, "lots_comp": null, "units_comp": null, "apt_comp": null, "townhomes_comp": null, "condo_comp": null }, "geometry": null },
{ "type": "Feature", "properties": { "A_NUMBER": "D2500101", "DATE_open": null, "PROJECT_open": null, "DESCRIPTION": null, "sf_detached": null, "sf_attached": null, "duplex/triplex": null, "multifamily": null, "condo": null, "project_itre": null, "sf_itre": null, "apt_itre": null, "duplex_itre": null, "townhouse_itre": null, "ADU_itre": null, "PROJECT_comp": "Copper Run South-Amendment", "A_STATUS": "Under Review", "A_STATUS_DATE": 20250423083546.0, "lots_comp": null, "units_comp": null, "apt_comp": null, "townhomes_comp": null, "condo_comp": null }, "geometry": null },
{ "type": "Feature", "properties": { "A_NUMBER": "D2500102", "DATE_open": null, "PROJECT_open": null, "DESCRIPTION": null, "sf_detached": null, "sf_attached": null, "duplex/triplex": null, "multifamily": null, "condo": null, "project_itre": null, "sf_itre": null, "apt_itre": null, "duplex_itre": null, "townhouse_itre": null, "ADU_itre": null, "PROJECT_comp": "Courtyards at Oak Grove-Amendment", "A_STATUS": "Under Review", "A_STATUS_DATE": 20250423084312.0, "lots_comp": null, "units_comp": null, "apt_comp": null, "townhomes_comp": null, "condo_comp": null }, "geometry": null },
{ "type": "Feature", "properties": { "A_NUMBER": "D2500103", "DATE_open": "2025-04-25T00:00:00", "PROJECT_open": "Fayetteville Road MultiFamily", "DESCRIPTION": "Phase one of overall development - single family detached lots and townhomes (88 units).", "sf_detached": 88.0, "sf_attached": 0.0, "duplex/triplex": 0.0, "multifamily": 0.0, "condo": 0.0, "project_itre": "Fayetteville Road MultiFamily", "sf_itre": 88.0, "apt_itre": 0.0, "duplex_itre": 0.0, "townhouse_itre": 0.0, "ADU_itre": 0.0, "PROJECT_comp": "Fayetteville Road MultiFamily", "A_STATUS": "Under Review", "A_STATUS_DATE": 20250425103028.0, "lots_comp": null, "units_comp": null, "apt_comp": null, "townhomes_comp": null, "condo_comp": null }, "geometry": { "type": "Point", "coordinates": [ -78.949755922943666, 35.878769075361987 ] } },
{ "type": "Feature", "properties": { "A_NUMBER": "D2500104", "DATE_open": null, "PROJECT_open": null, "DESCRIPTION": null, "sf_detached": null, "sf_attached": null, "duplex/triplex": null, "multifamily": null, "condo": null, "project_itre": null, "sf_itre": null, "apt_itre": null, "duplex_itre": null, "townhouse_itre": null, "ADU_itre": null, "PROJECT_comp": "Windhaven Crossing", "A_STATUS": "Under Review", "A_STATUS_DATE": 20250425104258.0, "lots_comp": null, "units_comp": null, "apt_comp": null, "townhomes_comp": null, "condo_comp": null }, "geometry": null },
{ "type": "Feature", "properties": { "A_NUMBER": "D2500114", "DATE_open": null, "PROJECT_open": null, "DESCRIPTION": null, "sf_detached": null, "sf_attached": null, "duplex/triplex": null, "multifamily": null, "condo": null, "project_itre": null, "sf_itre": null, "apt_itre": null, "duplex_itre": null, "townhouse_itre": null, "ADU_itre": null, "PROJECT_comp": "Shoccoree II MAY Amenities Amendment", "A_STATUS": "Under Review", "A_STATUS_DATE": 20250508100110.0, "lots_comp": null, "units_comp": null, "apt_comp": null, "townhomes_comp": null, "condo_comp": null }, "geometry": null },
{ "type": "Feature", "properties": { "A_NUMBER": "D2500115", "DATE_open": null, "PROJECT_open": null, "DESCRIPTION": null, "sf_detached": null, "sf_attached": null, "duplex/triplex": null, "multifamily": null, "condo": null, "project_itre": null, "sf_itre": null, "apt_itre": null, "duplex_itre": null, "townhouse_itre": null, "ADU_itre": null, "PROJECT_comp": "Leesville Road Assemblage-Amendment", "A_STATUS": "Under Review", "A_STATUS_DATE": 20250508100834.0, "lots_comp": null, "units_comp": null, "apt_comp": null, "townhomes_comp": null, "condo_comp": null }, "geometry": null },
{ "type": "Feature", "properties": { "A_NUMBER": "D2500120", "DATE_open": "2025-05-19T00:00:00", "PROJECT_open": "Courtyards at Oak Grove II", "DESCRIPTION": "36 Single Family Detached dwellings, 31 town homes and all supporting open space and infrastructure.", "sf_detached": 36.0, "sf_attached": 31.0, "duplex/triplex": 0.0, "multifamily": 0.0, "condo": 0.0, "project_itre": "Courtyards at Oak Grove II", "sf_itre": 36.0, "apt_itre": 0.0, "duplex_itre": 0.0, "townhouse_itre": 31.0, "ADU_itre": 0.0, "PROJECT_comp": null, "A_STATUS": null, "A_STATUS_DATE": null, "lots_comp": null, "units_comp": null, "apt_comp": null, "townhomes_comp": null, "condo_comp": null }, "geometry": { "type": "Point", "coordinates": [ -78.796535049832741, 35.950900601673922 ] } },
{ "type": "Feature", "properties": { "A_NUMBER": "D2500133", "DATE_open": "2025-06-04T00:00:00", "PROJECT_open": "AMH Brier Creek", "DESCRIPTION": "Townhome and multifamily duplex development with permitted accessory uses.", "sf_detached": 0.0, "sf_attached": 0.0, "duplex/triplex": 0.0, "multifamily": 0.0, "condo": 0.0, "project_itre": null, "sf_itre": null, "apt_itre": null, "duplex_itre": null, "townhouse_itre": null, "ADU_itre": null, "PROJECT_comp": null, "A_STATUS": null, "A_STATUS_DATE": null, "lots_comp": null, "units_comp": null, "apt_comp": null, "townhomes_comp": null, "condo_comp": null }, "geometry": { "type": "Point", "coordinates": [ -78.771613203424593, 35.95485048313099 ] } },
{ "type": "Feature", "properties": { "A_NUMBER": "D2500146", "DATE_open": "2025-06-18T00:00:00", "PROJECT_open": "Sterling", "DESCRIPTION": "Single family detached home subdivision with NCDOT streets, community water and individual septic systems.", "sf_detached": 0.0, "sf_attached": 0.0, "duplex/triplex": 0.0, "multifamily": 0.0, "condo": 0.0, "project_itre": null, "sf_itre": null, "apt_itre": null, "duplex_itre": null, "townhouse_itre": null, "ADU_itre": null, "PROJECT_comp": null, "A_STATUS": null, "A_STATUS_DATE": null, "lots_comp": null, "units_comp": null, "apt_comp": null, "townhomes_comp": null, "condo_comp": null }, "geometry": { "type": "Point", "coordinates": [ -78.97259988113575, 36.091164095773543 ] } },
{ "type": "Feature", "properties": { "A_NUMBER": "D2500149", "DATE_open": "2025-06-23T00:00:00", "PROJECT_open": "Mt. Moriah II-By Right", "DESCRIPTION": "156 Units, totaling approximately 65,594 sq. ft.", "sf_detached": 0.0, "sf_attached": 0.0, "duplex/triplex": 0.0, "multifamily": 0.0, "condo": 0.0, "project_itre": null, "sf_itre": null, "apt_itre": null, "duplex_itre": null, "townhouse_itre": null, "ADU_itre": null, "PROJECT_comp": null, "A_STATUS": null, "A_STATUS_DATE": null, "lots_comp": null, "units_comp": null, "apt_comp": null, "townhomes_comp": null, "condo_comp": null }, "geometry": { "type": "Point", "coordinates": [ -78.991265012546904, 35.945271980492755 ] } },
{ "type": "Feature", "properties": { "A_NUMBER": "D2500150", "DATE_open": "2025-06-23T00:00:00", "PROJECT_open": "Mt. Moriah II-Affordable", "DESCRIPTION": "152 Units, totaling approximately 59,136 sq. ft.", "sf_detached": 0.0, "sf_attached": 0.0, "duplex/triplex": 0.0, "multifamily": 0.0, "condo": 0.0, "project_itre": null, "sf_itre": null, "apt_itre": null, "duplex_itre": null, "townhouse_itre": null, "ADU_itre": null, "PROJECT_comp": null, "A_STATUS": null, "A_STATUS_DATE": null, "lots_comp": null, "units_comp": null, "apt_comp": null, "townhomes_comp": null, "condo_comp": null }, "geometry": { "type": "Point", "coordinates": [ -78.991960045232219, 35.945943338196152 ] } },
{ "type": "Feature", "properties": { "A_NUMBER": "D2500158", "DATE_open": "2025-06-30T00:00:00", "PROJECT_open": "5802 S Miami Blvd Multi-Family", "DESCRIPTION": "369-unit multi-family building with structured parking deck and additional utility improvements.", "sf_detached": 0.0, "sf_attached": 0.0, "duplex/triplex": 0.0, "multifamily": 369.0, "condo": 0.0, "project_itre": null, "sf_itre": null, "apt_itre": null, "duplex_itre": null, "townhouse_itre": null, "ADU_itre": null, "PROJECT_comp": null, "A_STATUS": null, "A_STATUS_DATE": null, "lots_comp": null, "units_comp": null, "apt_comp": null, "townhomes_comp": null, "condo_comp": null }, "geometry": { "type": "Point", "coordinates": [ -78.851817838605797, 35.871373188234905 ] } },
{ "type": "Feature", "properties": { "A_NUMBER": "D2500159", "DATE_open": "2025-06-30T00:00:00", "PROJECT_open": "Mineral Springs Road Towns", "DESCRIPTION": "46 townhome lots with 3 open space lots with associated public infrastructure.", "sf_detached": 0.0, "sf_attached": 46.0, "duplex/triplex": 0.0, "multifamily": 0.0, "condo": 0.0, "project_itre": null, "sf_itre": null, "apt_itre": null, "duplex_itre": null, "townhouse_itre": null, "ADU_itre": null, "PROJECT_comp": null, "A_STATUS": null, "A_STATUS_DATE": null, "lots_comp": null, "units_comp": null, "apt_comp": null, "townhomes_comp": null, "condo_comp": null }, "geometry": { "type": "Point", "coordinates": [ -78.83615064340286, 35.960641538464195 ] } },
{ "type": "Feature", "properties": { "A_NUMBER": "D2500164", "DATE_open": "2025-07-08T00:00:00", "PROJECT_open": "Farrington Road Multi-Family Development", "DESCRIPTION": "371 multi-family units with surface/garage parking.", "sf_detached": 0.0, "sf_attached": 0.0, "duplex/triplex": 0.0, "multifamily": 371.0, "condo": 0.0, "project_itre": null, "sf_itre": null, "apt_itre": null, "duplex_itre": null, "townhouse_itre": null, "ADU_itre": null, "PROJECT_comp": null, "A_STATUS": null, "A_STATUS_DATE": null, "lots_comp": null, "units_comp": null, "apt_comp": null, "townhomes_comp": null, "condo_comp": null }, "geometry": { "type": "Point", "coordinates": [ -78.992186714320027, 35.922736352322445 ] } },
{ "type": "Feature", "properties": { "A_NUMBER": "D2500187", "DATE_open": "2025-07-30T00:00:00", "PROJECT_open": "Beamon Street", "DESCRIPTION": "26 single family lot subdivision comprised of 14 town homes and 12 duplexes as well as all associated infrastructure.", "sf_detached": 26.0, "sf_attached": 14.0, "duplex/triplex": 12.0, "multifamily": 0.0, "condo": 0.0, "project_itre": null, "sf_itre": null, "apt_itre": null, "duplex_itre": null, "townhouse_itre": null, "ADU_itre": null, "PROJECT_comp": null, "A_STATUS": null, "A_STATUS_DATE": null, "lots_comp": null, "units_comp": null, "apt_comp": null, "townhomes_comp": null, "condo_comp": null }, "geometry": { "type": "Point", "coordinates": [ -78.903954359269676, 35.985035768531297 ] } },
{ "type": "Feature", "properties": { "A_NUMBER": "D2500188", "DATE_open": "2025-08-04T00:00:00", "PROJECT_open": "Virgil Rd Assemblage", "DESCRIPTION": "230 unit residential subdivision with a pump station.", "sf_detached": 0.0, "sf_attached": 0.0, "duplex/triplex": 0.0, "multifamily": 0.0, "condo": 0.0, "project_itre": null, "sf_itre": null, "apt_itre": null, "duplex_itre": null, "townhouse_itre": null, "ADU_itre": null, "PROJECT_comp": null, "A_STATUS": null, "A_STATUS_DATE": null, "lots_comp": null, "units_comp": null, "apt_comp": null, "townhomes_comp": null, "condo_comp": null }, "geometry": { "type": "Point", "coordinates": [ -78.754285545474232, 35.937875013724664 ] } },
{ "type": "Feature", "properties": { "A_NUMBER": "D2500190", "DATE_open": "2025-08-04T00:00:00", "PROJECT_open": "Mason Farms Conservation Subdivision (new version)", "DESCRIPTION": "Residential subdivision with 141 proposed lots, wastewater collection and treatment system, and well water system.", "sf_detached": 0.0, "sf_attached": 0.0, "duplex/triplex": 0.0, "multifamily": 0.0, "condo": 0.0, "project_itre": null, "sf_itre": null, "apt_itre": null, "duplex_itre": null, "townhouse_itre": null, "ADU_itre": null, "PROJECT_comp": null, "A_STATUS": null, "A_STATUS_DATE": null, "lots_comp": null, "units_comp": null, "apt_comp": null, "townhomes_comp": null, "condo_comp": null }, "geometry": { "type": "Point", "coordinates": [ -78.901710398731538, 36.124324030260475 ] } },
{ "type": "Feature", "properties": { "A_NUMBER": "D2500199", "DATE_open": "2025-08-11T00:00:00", "PROJECT_open": "Howard's Place", "DESCRIPTION": "Mixed use multi-family development with accessory commercial space housing to include single-family housing.", "sf_detached": 0.0, "sf_attached": 0.0, "duplex/triplex": 0.0, "multifamily": 0.0, "condo": 0.0, "project_itre": null, "sf_itre": null, "apt_itre": null, "duplex_itre": null, "townhouse_itre": null, "ADU_itre": null, "PROJECT_comp": null, "A_STATUS": null, "A_STATUS_DATE": null, "lots_comp": null, "units_comp": null, "apt_comp": null, "townhomes_comp": null, "condo_comp": null }, "geometry": { "type": "Point", "coordinates": [ -78.766575500805956, 35.975693631104015 ] } },
{ "type": "Feature", "properties": { "A_NUMBER": "D2500202", "DATE_open": "2025-08-14T00:00:00", "PROJECT_open": "443 Infinity Rd", "DESCRIPTION": "28 unit townhouse community.", "sf_detached": 0.0, "sf_attached": 28.0, "duplex/triplex": 0.0, "multifamily": 0.0, "condo": 0.0, "project_itre": null, "sf_itre": null, "apt_itre": null, "duplex_itre": null, "townhouse_itre": null, "ADU_itre": null, "PROJECT_comp": null, "A_STATUS": null, "A_STATUS_DATE": null, "lots_comp": null, "units_comp": null, "apt_comp": null, "townhomes_comp": null, "condo_comp": null }, "geometry": { "type": "Point", "coordinates": [ -78.900875404164466, 36.079002620770353 ] } },
{ "type": "Feature", "properties": { "A_NUMBER": "D2500218", "DATE_open": "2025-09-02T00:00:00", "PROJECT_open": "Green Hill", "DESCRIPTION": "Construction of 440 multi-family units with associated amenities and infrastructure.", "sf_detached": 0.0, "sf_attached": 0.0, "duplex/triplex": 0.0, "multifamily": 440.0, "condo": 0.0, "project_itre": null, "sf_itre": null, "apt_itre": null, "duplex_itre": null, "townhouse_itre": null, "ADU_itre": null, "PROJECT_comp": null, "A_STATUS": null, "A_STATUS_DATE": null, "lots_comp": null, "units_comp": null, "apt_comp": null, "townhomes_comp": null, "condo_comp": null }, "geometry": { "type": "Point", "coordinates": [ -78.947009268557167, 36.021562819454147 ] } },
{ "type": "Feature", "properties": { "A_NUMBER": "D2500219", "DATE_open": "2025-09-04T00:00:00", "PROJECT_open": "Pearson Flats", "DESCRIPTION": "Multi-family development to be multiple apartment buildings with surface level parking. No retail or commercial.", "sf_detached": 0.0, "sf_attached": 0.0, "duplex/triplex": 0.0, "multifamily": 0.0, "condo": 0.0, "project_itre": null, "sf_itre": null, "apt_itre": null, "duplex_itre": null, "townhouse_itre": null, "ADU_itre": null, "PROJECT_comp": null, "A_STATUS": null, "A_STATUS_DATE": null, "lots_comp": null, "units_comp": null, "apt_comp": null, "townhomes_comp": null, "condo_comp": null }, "geometry": { "type": "Point", "coordinates": [ -78.905307007430594, 35.955070940119292 ] } },
{ "type": "Feature", "properties": { "A_NUMBER": "D2500226", "DATE_open": "2025-09-12T00:00:00", "PROJECT_open": "Glennstone Annex", "DESCRIPTION": "17 single family lots extending from ex. Chimney Stone Road.", "sf_detached": 17.0, "sf_attached": 0.0, "duplex/triplex": 0.0, "multifamily": 0.0, "condo": 0.0, "project_itre": null, "sf_itre": null, "apt_itre": null, "duplex_itre": null, "townhouse_itre": null, "ADU_itre": null, "PROJECT_comp": null, "A_STATUS": null, "A_STATUS_DATE": null, "lots_comp": null, "units_comp": null, "apt_comp": null, "townhomes_comp": null, "condo_comp": null }, "geometry": { "type": "Point", "coordinates": [ -78.835273882501113, 36.054361760329613 ] } },
{ "type": "Feature", "properties": { "A_NUMBER": "M1800003", "DATE_open": "2018-10-03T00:00:00", "PROJECT_open": "DPS Elementary School C MSUP", "DESCRIPTION": "MSUP for an elementary school within a residential zoning district. To be approved by governing body in conjunction with required TSUP.", "sf_detached": 0.0, "sf_attached": 0.0, "duplex/triplex": 0.0, "multifamily": 0.0, "condo": 0.0, "project_itre": null, "sf_itre": null, "apt_itre": null, "duplex_itre": null, "townhouse_itre": null, "ADU_itre": null, "PROJECT_comp": null, "A_STATUS": null, "A_STATUS_DATE": null, "lots_comp": null, "units_comp": null, "apt_comp": null, "townhomes_comp": null, "condo_comp": null }, "geometry": { "type": "Point", "coordinates": [ -78.920572538140007, 35.874307123995315 ] } },
{ "type": "Feature", "properties": { "A_NUMBER": "M1900001", "DATE_open": "2019-01-14T00:00:00", "PROJECT_open": "NCCU Student Center MSUP", "DESCRIPTION": "Major special use permit (MSUP) to allow a college/university student center within a residential (RU-5(2)) zoning district.", "sf_detached": 0.0, "sf_attached": 0.0, "duplex/triplex": 0.0, "multifamily": 0.0, "condo": 0.0, "project_itre": null, "sf_itre": null, "apt_itre": null, "duplex_itre": null, "townhouse_itre": null, "ADU_itre": null, "PROJECT_comp": null, "A_STATUS": null, "A_STATUS_DATE": null, "lots_comp": null, "units_comp": null, "apt_comp": null, "townhomes_comp": null, "condo_comp": null }, "geometry": { "type": "Point", "coordinates": [ -78.899770932752403, 35.971469065488854 ] } },
{ "type": "Feature", "properties": { "A_NUMBER": null, "DATE_open": null, "PROJECT_open": null, "DESCRIPTION": null, "sf_detached": null, "sf_attached": null, "duplex/triplex": null, "multifamily": null, "condo": null, "project_itre": null, "sf_itre": null, "apt_itre": null, "duplex_itre": null, "townhouse_itre": null, "ADU_itre": null, "PROJECT_comp": null, "A_STATUS": null, "A_STATUS_DATE": null, "lots_comp": 175.0, "units_comp": null, "apt_comp": null, "townhomes_comp": null, "condo_comp": null }, "geometry": null },
{ "type": "Feature", "properties": { "A_NUMBER": null, "DATE_open": null, "PROJECT_open": null, "DESCRIPTION": null, "sf_detached": null, "sf_attached": null, "duplex/triplex": null, "multifamily": null, "condo": null, "project_itre": null, "sf_itre": null, "apt_itre": null, "duplex_itre": null, "townhouse_itre": null, "ADU_itre": null, "PROJECT_comp": null, "A_STATUS": null, "A_STATUS_DATE": null, "lots_comp": 81.0, "units_comp": null, "apt_comp": null, "townhomes_comp": null, "condo_comp": null }, "geometry": null },
{ "type": "Feature", "properties": { "A_NUMBER": null, "DATE_open": null, "PROJECT_open": null, "DESCRIPTION": null, "sf_detached": null, "sf_attached": null, "duplex/triplex": null, "multifamily": null, "condo": null, "project_itre": null, "sf_itre": null, "apt_itre": null, "duplex_itre": null, "townhouse_itre": null, "ADU_itre": null, "PROJECT_comp": null, "A_STATUS": null, "A_STATUS_DATE": null, "lots_comp": 52.0, "units_comp": null, "apt_comp": null, "townhomes_comp": null, "condo_comp": null }, "geometry": null },
{ "type": "Feature", "properties": { "A_NUMBER": null, "DATE_open": null, "PROJECT_open": null, "DESCRIPTION": null, "sf_detached": null, "sf_attached": null, "duplex/triplex": null, "multifamily": null, "condo": null, "project_itre": null, "sf_itre": null, "apt_itre": null, "duplex_itre": null, "townhouse_itre": null, "ADU_itre": null, "PROJECT_comp": null, "A_STATUS": null, "A_STATUS_DATE": null, "lots_comp": 38.0, "units_comp": null, "apt_comp": null, "townhomes_comp": null, "condo_comp": null }, "geometry": null }
]
}
