{
"type": "FeatureCollection",
"name": "resdev_filtered",
"crs": { "type": "name", "properties": { "name": "urn:ogc:def:crs:EPSG::3857" } },
"features": [
{ "type": "Feature", "properties": { "A_NUMBER": "D2000291", "A_TYPE": "PL_MINSP", "A_DATE": "2020-12-02T00:00:00", "A_STATUS": "APP", "A_STATUS_D": "2021-09-03T00:00:00", "A_PROJECT_": "Umstead Grove Conservation Subdivision", "A_DESCRIPT": "50 Single - family lots, 1 stormwater pond, ad associated infrastructure", "A_USER_ID": "JESSICADO", "A_CASE_PLA": "COURTNEYMC", "StatCode": "APP", "AppStatus": "Approved", "AppCode": "PL_MINSP", "AppType": "Level 4 - Administrative Site Plan", "CasePlanne": "Courtney McQueen", "EMAIL": "Courtney.McQueen@durhamnc.gov", "ORIG_FID": 91, "CreationDa": "2025-09-20T00:00:00", "Creator": "gisproc_sys", "EditDate": "2025-09-20T00:00:00", "Editor": "gisproc_sys", "match_results": "[(50, None, 'single family', 'lots')]", "sf_detached": 50, "sf_attached": 0, "duplex/triplex": 0, "multifamily": 0, "condo": 0 }, "geometry": { "type": "Point", "coordinates": [ -8788185.009999163448811, 4310948.193323536776006 ] } },
{ "type": "Feature", "properties": { "A_NUMBER": "D2200173", "A_TYPE": "PL_MINSP", "A_DATE": "2022-05-25T00:00:00", "A_STATUS": "APP", "A_STATUS_D": "2023-02-01T00:00:00", "A_PROJECT_": "Pineview Glen Town homes - Mass Grading", "A_DESCRIPT": "Mass grading only site plan for residential townhome project.", "A_USER_ID": "JUSTINH", "A_CASE_PLA": "KEAGANSA", "StatCode": "APP", "AppStatus": "Approved", "AppCode": "PL_MINSP", "AppType": "Level 4 - Administrative Site Plan", "CasePlanne": "Keagan Sacripanti", "EMAIL": "Keagan.Sacripanti@durhamnc.gov", "ORIG_FID": 140, "CreationDa": "2025-09-20T00:00:00", "Creator": "gisproc_sys", "EditDate": "2025-09-20T00:00:00", "Editor": "gisproc_sys", "match_results": [ ], "sf_detached": 0, "sf_attached": 0, "duplex/triplex": 0, "multifamily": 0, "condo": 0 }, "geometry": { "type": "Point", "coordinates": [ -8773146.324420921504498, 4290686.46391539555043 ] } },
{ "type": "Feature", "properties": { "A_NUMBER": "D1800099", "A_TYPE": "PL_MINSP", "A_DATE": "2018-04-03T00:00:00", "A_STATUS": "APP", "A_STATUS_D": "2018-08-09T00:00:00", "A_PROJECT_": "Snikroc", "A_DESCRIPT": "Townhome Residential Development", "A_USER_ID": "KARENPA", "A_CASE_PLA": "TREYFI", "StatCode": "APP", "AppStatus": "Approved", "AppCode": "PL_MINSP", "AppType": "Level 4 - Administrative Site Plan", "CasePlanne": "Trey Figueroa", "EMAIL": "Trey.Figueroa@durhamnc.gov", "ORIG_FID": 182, "CreationDa": "2025-09-20T00:00:00", "Creator": "gisproc_sys", "EditDate": "2025-09-20T00:00:00", "Editor": "gisproc_sys", "match_results": [ ], "sf_detached": 0, "sf_attached": 0, "duplex/triplex": 0, "multifamily": 0, "condo": 0 }, "geometry": { "type": "Point", "coordinates": [ -8770897.492268091067672, 4296947.926144262775779 ] } },
{ "type": "Feature", "properties": { "A_NUMBER": "D1800378", "A_TYPE": "PL_MINSP", "A_DATE": "2018-11-28T00:00:00", "A_STATUS": "APP", "A_STATUS_D": "2020-04-14T00:00:00", "A_PROJECT_": "Elan Innovation District", "A_DESCRIPT": "Mixe of uses including retail and residential. Zoned DD-C", "A_USER_ID": "JOHNRA", "A_CASE_PLA": "TREYFI", "StatCode": "APP", "AppStatus": "Approved", "AppCode": "PL_MINSP", "AppType": "Level 4 - Administrative Site Plan", "CasePlanne": "Trey Figueroa", "EMAIL": "Trey.Figueroa@durhamnc.gov", "ORIG_FID": 225, "CreationDa": "2025-09-20T00:00:00", "Creator": "gisproc_sys", "EditDate": "2025-09-20T00:00:00", "Editor": "gisproc_sys", "match_results": [ ], "sf_detached": 0, "sf_attached": 0, "duplex/triplex": 0, "multifamily": 0, "condo": 0 }, "geometry": { "type": "Point", "coordinates": [ -8783576.413828946650028, 4300609.070760956965387 ] } },
{ "type": "Feature", "properties": { "A_NUMBER": "D2100156", "A_TYPE": "PL_MINSP", "A_DATE": "2021-06-04T00:00:00", "A_STATUS": "APP", "A_STATUS_D": "2022-02-02T00:00:00", "A_PROJECT_": "ALTA Rutherford", "A_DESCRIPT": "Multifamily Apartments", "A_USER_ID": "KIMRO", "A_CASE_PLA": "TREYFI", "StatCode": "APP", "AppStatus": "Approved", "AppCode": "PL_MINSP", "AppType": "Level 4 - Administrative Site Plan", "CasePlanne": "Trey Figueroa", "EMAIL": "Trey.Figueroa@durhamnc.gov", "ORIG_FID": 243, "CreationDa": "2025-09-20T00:00:00", "Creator": "gisproc_sys", "EditDate": "2025-09-20T00:00:00", "Editor": "gisproc_sys", "match_results": [ ], "sf_detached": 0, "sf_attached": 0, "duplex/triplex": 0, "multifamily": 0, "condo": 0 }, "geometry": { "type": "Point", "coordinates": [ -8786437.413974836468697, 4302004.46744498796761 ] } },
{ "type": "Feature", "properties": { "A_NUMBER": "D1900171", "A_TYPE": "PL_MINSP", "A_DATE": "2019-05-30T00:00:00", "A_STATUS": "APP", "A_STATUS_D": "2020-04-03T00:00:00", "A_PROJECT_": "Ellis Road Phase 3", "A_DESCRIPT": "37 Townhome units, 102 Attached S-F units (called Duplex), 146 Detached S-F lots", "A_USER_ID": "ROBINSH", "A_CASE_PLA": "COLERE", "StatCode": "APP", "AppStatus": "Approved", "AppCode": "PL_MINSP", "AppType": "Level 4 - Administrative Site Plan", "CasePlanne": "Cole Renigar", "EMAIL": "Cole.Renigar@durhamnc.gov", "ORIG_FID": 266, "CreationDa": "2025-09-20T00:00:00", "Creator": "gisproc_sys", "EditDate": "2025-09-20T00:00:00", "Editor": "gisproc_sys", "match_results": "[(37, None, 'townhouse', 'units'), (102, None, 'single family', 'units'), (146, None, 'single family', 'lots')]", "sf_detached": 248, "sf_attached": 37, "duplex/triplex": 0, "multifamily": 0, "condo": 0 }, "geometry": { "type": "Point", "coordinates": [ -8778840.664791572839022, 4294005.315588487312198 ] } },
{ "type": "Feature", "properties": { "A_NUMBER": "D1600223", "A_TYPE": "PL_MINSP", "A_DATE": "2016-08-09T00:00:00", "A_STATUS": "APP", "A_STATUS_D": "2017-03-31T00:00:00", "A_PROJECT_": "Farrington Road Mixed Use", "A_DESCRIPT": "298 apartment units and 555 SF of office space with associate frontage and offsite improvements.", "A_USER_ID": "DACIARE", "A_CASE_PLA": "TREYFI", "StatCode": "APP", "AppStatus": "Approved", "AppCode": "PL_MINSP", "AppType": "Level 4 - Administrative Site Plan", "CasePlanne": "Trey Figueroa", "EMAIL": "Trey.Figueroa@durhamnc.gov", "ORIG_FID": 284, "CreationDa": "2025-09-20T00:00:00", "Creator": "gisproc_sys", "EditDate": "2025-09-20T00:00:00", "Editor": "gisproc_sys", "match_results": "[(298, None, 'apartment', 'units')]", "sf_detached": 0, "sf_attached": 0, "duplex/triplex": 0, "multifamily": 298, "condo": 0 }, "geometry": { "type": "Point", "coordinates": [ -8792672.829093089327216, 4288925.786590518429875 ] } },
{ "type": "Feature", "properties": { "A_NUMBER": "A1900003", "A_TYPE": "PL_CPAA", "A_DATE": "2019-02-14T00:00:00", "A_STATUS": "COM", "A_STATUS_D": "2020-08-17T00:00:00", "A_PROJECT_": "Cole Property", "A_DESCRIPT": "From Rural Density Residential (RDR, 0.5DU/acre or less) to Very Low Density Residential (VLDR, 2DU/acre or less); Tier change from Rural Tier to Suburban Tier", "A_USER_ID": "DCULTRA", "A_CASE_PLA": "EMILYST", "StatCode": "COM", "AppStatus": "Complete", "AppCode": "PL_CPAA", "AppType": "Comprehensive Plan Map or Plan Amendment", "CasePlanne": "Emily Struthers", "EMAIL": "Emily.Struthers@durhamnc.gov", "ORIG_FID": 291, "CreationDa": "2025-09-20T00:00:00", "Creator": "gisproc_sys", "EditDate": "2025-09-20T00:00:00", "Editor": "gisproc_sys", "match_results": [ ], "sf_detached": 0, "sf_attached": 0, "duplex/triplex": 0, "multifamily": 0, "condo": 0 }, "geometry": { "type": "Point", "coordinates": [ -8769436.434657720848918, 4299168.74370798189193 ] } },
{ "type": "Feature", "properties": { "A_NUMBER": "D2200181", "A_TYPE": "PL_MINSP", "A_DATE": "2022-06-07T00:00:00", "A_STATUS": "APP", "A_STATUS_D": "2023-05-16T00:00:00", "A_PROJECT_": "GTH Owner LLC", "A_DESCRIPT": "33 new town home lots with garages and mail kiosk with parking", "A_USER_ID": "COLERE", "A_CASE_PLA": "COLERE", "StatCode": "APP", "AppStatus": "Approved", "AppCode": "PL_MINSP", "AppType": "Level 4 - Administrative Site Plan", "CasePlanne": "Cole Renigar", "EMAIL": "Cole.Renigar@durhamnc.gov", "ORIG_FID": 309, "CreationDa": "2025-09-20T00:00:00", "Creator": "gisproc_sys", "EditDate": "2025-09-20T00:00:00", "Editor": "gisproc_sys", "match_results": "[(33, None, 'townhouse', 'lots')]", "sf_detached": 0, "sf_attached": 33, "duplex/triplex": 0, "multifamily": 0, "condo": 0 }, "geometry": { "type": "Point", "coordinates": [ -8782278.605650125071406, 4300984.413638085126877 ] } },
{ "type": "Feature", "properties": { "A_NUMBER": "D2300150", "A_TYPE": "PL_MINSP", "A_DATE": "2023-06-07T00:00:00", "A_STATUS": "APP", "A_STATUS_D": "2024-10-22T00:00:00", "A_PROJECT_": "Hope Crossing II", "A_DESCRIPT": "32 single family units on small lots and 23 townhomes with associated streets, sidewalks, grading, water, sewer, stormwater management and landscaping.", "A_USER_ID": "TREYFI", "A_CASE_PLA": "TREYFI", "StatCode": "APP", "AppStatus": "Approved", "AppCode": "PL_MINSP", "AppType": "Level 4 - Administrative Site Plan", "CasePlanne": "Trey Figueroa", "EMAIL": "Trey.Figueroa@durhamnc.gov", "ORIG_FID": 337, "CreationDa": "2025-09-20T00:00:00", "Creator": "gisproc_sys", "EditDate": "2025-09-20T00:00:00", "Editor": "gisproc_sys", "match_results": "[(32, None, 'single family', 'units'), (23, None, 'townhouse', None)]", "sf_detached": 32, "sf_attached": 23, "duplex/triplex": 0, "multifamily": 0, "condo": 0 }, "geometry": { "type": "Point", "coordinates": [ -8776990.038675025105476, 4300460.74551587831229 ] } },
{ "type": "Feature", "properties": { "A_NUMBER": "D1700040", "A_TYPE": "PL_MINSP", "A_DATE": "2017-02-07T00:00:00", "A_STATUS": "APP", "A_STATUS_D": "2017-07-21T00:00:00", "A_PROJECT_": "Garrett Ridge Multifamily Community Access Drive", "A_DESCRIPT": "Add a driveway connection between the residential developments.", "A_USER_ID": "LEEDA", "A_CASE_PLA": "AWOLFF", "StatCode": "APP", "AppStatus": "Approved", "AppCode": "PL_MINSP", "AppType": "Level 4 - Administrative Site Plan", "CasePlanne": "Amy Wolff", "EMAIL": "Amy.Wolff@durhamnc.gov", "ORIG_FID": 446, "CreationDa": "2025-09-20T00:00:00", "Creator": "gisproc_sys", "EditDate": "2025-09-20T00:00:00", "Editor": "gisproc_sys", "match_results": [ ], "sf_detached": 0, "sf_attached": 0, "duplex/triplex": 0, "multifamily": 0, "condo": 0 }, "geometry": { "type": "Point", "coordinates": [ -8791050.806699048727751, 4293845.944690548814833 ] } },
{ "type": "Feature", "properties": { "A_NUMBER": "D1700033", "A_TYPE": "PL_MINSP", "A_DATE": "2017-01-31T00:00:00", "A_STATUS": "APP", "A_STATUS_D": "2017-07-06T00:00:00", "A_PROJECT_": "The Town at Southpoint", "A_DESCRIPT": "48 townhomes.", "A_USER_ID": "LEEDA", "A_CASE_PLA": "DCULTRA", "StatCode": "APP", "AppStatus": "Approved", "AppCode": "PL_MINSP", "AppType": "Level 4 - Administrative Site Plan", "CasePlanne": "Danny Cultra", "EMAIL": "Danny.Cultra@durhamnc.gov", "ORIG_FID": 471, "CreationDa": "2025-09-20T00:00:00", "Creator": "gisproc_sys", "EditDate": "2025-09-20T00:00:00", "Editor": "gisproc_sys", "match_results": "[(48, None, 'townhouse', None)]", "sf_detached": 0, "sf_attached": 48, "duplex/triplex": 0, "multifamily": 0, "condo": 0 }, "geometry": { "type": "Point", "coordinates": [ -8785082.42760906368494, 4288283.424120453186333 ] } },
{ "type": "Feature", "properties": { "A_NUMBER": "D1900363", "A_TYPE": "PL_MINSP", "A_DATE": "2019-10-09T00:00:00", "A_STATUS": "APP", "A_STATUS_D": "2021-07-21T00:00:00", "A_PROJECT_": "Olive Branch West", "A_DESCRIPT": "108 Single - Family lots, 2 stormwater ponds, and associated infrastructure. Pending Annexation Petition", "A_USER_ID": "LROBERTSON", "A_CASE_PLA": "COLERE", "StatCode": "APP", "AppStatus": "Approved", "AppCode": "PL_MINSP", "AppType": "Level 4 - Administrative Site Plan", "CasePlanne": "Cole Renigar", "EMAIL": "Cole.Renigar@durhamnc.gov", "ORIG_FID": 479, "CreationDa": "2025-09-20T00:00:00", "Creator": "gisproc_sys", "EditDate": "2025-09-20T00:00:00", "Editor": "gisproc_sys", "match_results": "[(108, None, 'single family', 'lots')]", "sf_detached": 108, "sf_attached": 0, "duplex/triplex": 0, "multifamily": 0, "condo": 0 }, "geometry": { "type": "Point", "coordinates": [ -8770483.527973061427474, 4295628.733855094760656 ] } },
{ "type": "Feature", "properties": { "A_NUMBER": "D1700294", "A_TYPE": "PL_MINSP", "A_DATE": "2017-08-29T00:00:00", "A_STATUS": "APP", "A_STATUS_D": "2018-04-25T00:00:00", "A_PROJECT_": "751 South Phase 1 Amendment", "A_DESCRIPT": "Residential single family homes, attached townhomes, a small office and apartment building with a clubhouse.", "A_USER_ID": "ADDMGR", "A_CASE_PLA": "EMILYST", "StatCode": "APP", "AppStatus": "Approved", "AppCode": "PL_MINSP", "AppType": "Level 4 - Administrative Site Plan", "CasePlanne": "Emily Struthers", "EMAIL": "Emily.Struthers@durhamnc.gov", "ORIG_FID": 485, "CreationDa": "2025-09-20T00:00:00", "Creator": "gisproc_sys", "EditDate": "2025-09-20T00:00:00", "Editor": "gisproc_sys", "match_results": [ ], "sf_detached": 0, "sf_attached": 0, "duplex/triplex": 0, "multifamily": 0, "condo": 0 }, "geometry": { "type": "Point", "coordinates": [ -8789517.815613757818937, 4284038.361964736133814 ] } },
{ "type": "Feature", "properties": { "A_NUMBER": "D2100205", "A_TYPE": "PL_MINSP", "A_DATE": "2021-07-15T00:00:00", "A_STATUS": "APP", "A_STATUS_D": "2021-11-29T00:00:00", "A_PROJECT_": "The Village at Ellis Crossing", "A_DESCRIPT": "397,000 Total SF: Apartments (264 units), Accessory Uses, Retail uses.  Per D-Plan Z1500007", "A_USER_ID": "KIMRO", "A_CASE_PLA": "ROBINSH", "StatCode": "APP", "AppStatus": "Approved", "AppCode": "PL_MINSP", "AppType": "Level 4 - Administrative Site Plan", "CasePlanne": "Robin Schultze", "EMAIL": "Robin.Schultze@durhamnc.gov", "ORIG_FID": 546, "CreationDa": "2025-09-20T00:00:00", "Creator": "gisproc_sys", "EditDate": "2025-09-20T00:00:00", "Editor": "gisproc_sys", "match_results": "[(264, None, 'apartment', 'units')]", "sf_detached": 0, "sf_attached": 0, "duplex/triplex": 0, "multifamily": 264, "condo": 0 }, "geometry": { "type": "Point", "coordinates": [ -8778453.089394275099039, 4292646.935725909657776 ] } },
{ "type": "Feature", "properties": { "A_NUMBER": "D1700334", "A_TYPE": "PL_MINSP", "A_DATE": "2017-10-24T00:00:00", "A_STATUS": "APP", "A_STATUS_D": "2018-04-30T00:00:00", "A_PROJECT_": "Lumley Road Townhomes", "A_DESCRIPT": "New townhome development. 93 lots.", "A_USER_ID": "AMANDAHO", "A_CASE_PLA": "EMILYST", "StatCode": "APP", "AppStatus": "Approved", "AppCode": "PL_MINSP", "AppType": "Level 4 - Administrative Site Plan", "CasePlanne": "Emily Struthers", "EMAIL": "Emily.Struthers@durhamnc.gov", "ORIG_FID": 548, "CreationDa": "2025-09-20T00:00:00", "Creator": "gisproc_sys", "EditDate": "2025-09-20T00:00:00", "Editor": "gisproc_sys", "match_results": [ ], "sf_detached": 0, "sf_attached": 0, "duplex/triplex": 0, "multifamily": 0, "condo": 0 }, "geometry": { "type": "Point", "coordinates": [ -8772900.867013072595, 4290183.105216400697827 ] } },
{ "type": "Feature", "properties": { "A_NUMBER": "D2100111", "A_TYPE": "PL_MINSP", "A_DATE": "2021-04-12T00:00:00", "A_STATUS": "APP", "A_STATUS_D": "2024-03-15T00:00:00", "A_PROJECT_": "Vintage Hill Subdivision", "A_DESCRIPT": "This is a residential subdivision of a 20.96 acre tract to a 49 single-family unit subdivision.", "A_USER_ID": "JESSICADO", "A_CASE_PLA": "COLERE", "StatCode": "APP", "AppStatus": "Approved", "AppCode": "PL_MINSP", "AppType": "Level 4 - Administrative Site Plan", "CasePlanne": "Cole Renigar", "EMAIL": "Cole.Renigar@durhamnc.gov", "ORIG_FID": 555, "CreationDa": "2025-09-20T00:00:00", "Creator": "gisproc_sys", "EditDate": "2025-09-20T00:00:00", "Editor": "gisproc_sys", "match_results": "[(49, None, 'single family', None)]", "sf_detached": 49, "sf_attached": 0, "duplex/triplex": 0, "multifamily": 0, "condo": 0 }, "geometry": { "type": "Point", "coordinates": [ -8779403.361961351707578, 4315687.717106088995934 ] } },
{ "type": "Feature", "properties": { "A_NUMBER": "D1900335", "A_TYPE": "PL_MINSP", "A_DATE": "2019-09-18T00:00:00", "A_STATUS": "APP", "A_STATUS_D": "2020-02-18T00:00:00", "A_PROJECT_": "308 w Corporation St", "A_DESCRIPT": "2 New townhouses on vacant infill lot", "A_USER_ID": "WBLALOCK", "A_CASE_PLA": "TREYFI", "StatCode": "APP", "AppStatus": "Approved", "AppCode": "PL_MINSP", "AppType": "Level 4 - Administrative Site Plan", "CasePlanne": "Trey Figueroa", "EMAIL": "Trey.Figueroa@durhamnc.gov", "ORIG_FID": 556, "CreationDa": "2025-09-20T00:00:00", "Creator": "gisproc_sys", "EditDate": "2025-09-20T00:00:00", "Editor": "gisproc_sys", "match_results": "[(2, None, 'townhouse', None)]", "sf_detached": 0, "sf_attached": 2, "duplex/triplex": 0, "multifamily": 0, "condo": 0 }, "geometry": { "type": "Point", "coordinates": [ -8782964.118754684925079, 4300925.704107123427093 ] } },
{ "type": "Feature", "properties": { "A_NUMBER": "D1900127", "A_TYPE": "PL_MINSP", "A_DATE": "2019-05-02T00:00:00", "A_STATUS": "APP", "A_STATUS_D": "2021-09-14T00:00:00", "A_PROJECT_": "Oakridge", "A_DESCRIPT": "100,000 SF mixed use development with associated surface parking. Office, retail and restaurant.", "A_USER_ID": "TREYFI", "A_CASE_PLA": "TREYFI", "StatCode": "APP", "AppStatus": "Approved", "AppCode": "PL_MINSP", "AppType": "Level 4 - Administrative Site Plan", "CasePlanne": "Trey Figueroa", "EMAIL": "Trey.Figueroa@durhamnc.gov", "ORIG_FID": 582, "CreationDa": "2025-09-20T00:00:00", "Creator": "gisproc_sys", "EditDate": "2025-09-20T00:00:00", "Editor": "gisproc_sys", "match_results": [ ], "sf_detached": 0, "sf_attached": 0, "duplex/triplex": 0, "multifamily": 0, "condo": 0 }, "geometry": { "type": "Point", "coordinates": [ -8792849.197115879505873, 4295141.496633960865438 ] } },
{ "type": "Feature", "properties": { "A_NUMBER": "D2100144", "A_TYPE": "PL_MINSP", "A_DATE": "2021-05-25T00:00:00", "A_STATUS": "APP", "A_STATUS_D": "2022-07-20T00:00:00", "A_PROJECT_": "American Tobacco Mixed Use Phase 1", "A_DESCRIPT": "Mixed used development with office, retail, residential (343 apartment units), parking", "A_USER_ID": "JESSICADO", "A_CASE_PLA": "TREYFI", "StatCode": "APP", "AppStatus": "Approved", "AppCode": "PL_MINSP", "AppType": "Level 4 - Administrative Site Plan", "CasePlanne": "Trey Figueroa", "EMAIL": "Trey.Figueroa@durhamnc.gov", "ORIG_FID": 594, "CreationDa": "2025-09-20T00:00:00", "Creator": "gisproc_sys", "EditDate": "2025-09-20T00:00:00", "Editor": "gisproc_sys", "match_results": "[(343, None, 'apartment', 'units')]", "sf_detached": 0, "sf_attached": 0, "duplex/triplex": 0, "multifamily": 343, "condo": 0 }, "geometry": { "type": "Point", "coordinates": [ -8783832.634506849572062, 4299761.101938367821276 ] } },
{ "type": "Feature", "properties": { "A_NUMBER": "D2100100", "A_TYPE": "PL_MINSP", "A_DATE": "2021-04-05T00:00:00", "A_STATUS": "APP", "A_STATUS_D": "2021-11-08T00:00:00", "A_PROJECT_": "Crescent Multi-Family", "A_DESCRIPT": "82 unit affordable housing apartment", "A_USER_ID": "TREYFI", "A_CASE_PLA": "TREYFI", "StatCode": "APP", "AppStatus": "Approved", "AppCode": "PL_MINSP", "AppType": "Level 4 - Administrative Site Plan", "CasePlanne": "Trey Figueroa", "EMAIL": "Trey.Figueroa@durhamnc.gov", "ORIG_FID": 629, "CreationDa": "2025-09-20T00:00:00", "Creator": "gisproc_sys", "EditDate": "2025-09-20T00:00:00", "Editor": "gisproc_sys", "match_results": "[(82, None, 'apartment', None)]", "sf_detached": 0, "sf_attached": 0, "duplex/triplex": 0, "multifamily": 82, "condo": 0 }, "geometry": { "type": "Point", "coordinates": [ -8792817.624974086880684, 4289249.510873727500439 ] } },
{ "type": "Feature", "properties": { "A_NUMBER": "D1900146", "A_TYPE": "PL_MINSP", "A_DATE": "2019-05-14T00:00:00", "A_STATUS": "APP", "A_STATUS_D": "2021-10-13T00:00:00", "A_PROJECT_": "Pinecrest", "A_DESCRIPT": "Proposed 25 S-F lots, 11 Townhomes lots, 2 condo units in existing  mansion, 2 open space lots providing associated private drives and common access easements", "A_USER_ID": "TREYFI", "A_CASE_PLA": "DCULTRA", "StatCode": "APP", "AppStatus": "Approved", "AppCode": "PL_MINSP", "AppType": "Level 4 - Administrative Site Plan", "CasePlanne": "Danny Cultra", "EMAIL": "Danny.Cultra@durhamnc.gov", "ORIG_FID": 639, "CreationDa": "2025-09-20T00:00:00", "Creator": "gisproc_sys", "EditDate": "2025-09-20T00:00:00", "Editor": "gisproc_sys", "match_results": "[(25, None, 'single family', 'lots'), (11, None, 'townhouse', None), (2, None, 'condo', 'units')]", "sf_detached": 25, "sf_attached": 11, "duplex/triplex": 0, "multifamily": 0, "condo": 2 }, "geometry": { "type": "Point", "coordinates": [ -8785278.038413103669882, 4298260.827477900311351 ] } },
{ "type": "Feature", "properties": { "A_NUMBER": "D2300010", "A_TYPE": "PL_MINSP", "A_DATE": "2023-01-18T00:00:00", "A_STATUS": "APP", "A_STATUS_D": "2025-08-17T00:00:00", "A_PROJECT_": "Caring House", "A_DESCRIPT": "Addition of temporary care housing for cancer patients.", "A_USER_ID": "TREYFI", "A_CASE_PLA": "TREYFI", "StatCode": "APP", "AppStatus": "Approved", "AppCode": "PL_MINSP", "AppType": "Level 4 - Administrative Site Plan", "CasePlanne": "Trey Figueroa", "EMAIL": "Trey.Figueroa@durhamnc.gov", "ORIG_FID": 762, "CreationDa": "2025-09-20T00:00:00", "Creator": "gisproc_sys", "EditDate": "2025-09-20T00:00:00", "Editor": "gisproc_sys", "match_results": [ ], "sf_detached": 0, "sf_attached": 0, "duplex/triplex": 0, "multifamily": 0, "condo": 0 }, "geometry": { "type": "Point", "coordinates": [ -8788055.213429605588317, 4297027.970971148461103 ] } },
{ "type": "Feature", "properties": { "A_NUMBER": "D2200347", "A_TYPE": "PL_MINSP", "A_DATE": "2022-10-11T00:00:00", "A_STATUS": "APP", "A_STATUS_D": "2024-09-23T00:00:00", "A_PROJECT_": "2012 Ward Street", "A_DESCRIPT": "Proposed 14 townhomes and 1 single-family home with an accessory dwelling unit.", "A_USER_ID": "COLERE", "A_CASE_PLA": "COLERE", "StatCode": "APP", "AppStatus": "Approved", "AppCode": "PL_MINSP", "AppType": "Level 4 - Administrative Site Plan", "CasePlanne": "Cole Renigar", "EMAIL": "Cole.Renigar@durhamnc.gov", "ORIG_FID": 840, "CreationDa": "2025-09-20T00:00:00", "Creator": "gisproc_sys", "EditDate": "2025-09-20T00:00:00", "Editor": "gisproc_sys", "match_results": "[(14, None, 'townhouse', None), (1, None, 'single family', None)]", "sf_detached": 1, "sf_attached": 14, "duplex/triplex": 0, "multifamily": 0, "condo": 0 }, "geometry": { "type": "Point", "coordinates": [ -8786279.39711732044816, 4298264.7701061880216 ] } },
{ "type": "Feature", "properties": { "A_NUMBER": "D2200203", "A_TYPE": "PL_MINSP", "A_DATE": "2022-06-15T00:00:00", "A_STATUS": "APP", "A_STATUS_D": "2023-08-02T00:00:00", "A_PROJECT_": "Washington Street Townhomes", "A_DESCRIPT": "11,600 SF four-story 3 unit townhome project with 2600 SF/ unit for the heated space and 2550 SF for the parking garage  and at the back. ", "A_USER_ID": "JESSICADO", "A_CASE_PLA": "ROBINSH", "StatCode": "APP", "AppStatus": "Approved", "AppCode": "PL_MINSP", "AppType": "Level 4 - Administrative Site Plan", "CasePlanne": "Robin Schultze", "EMAIL": "Robin.Schultze@durhamnc.gov", "ORIG_FID": 860, "CreationDa": "2025-09-20T00:00:00", "Creator": "gisproc_sys", "EditDate": "2025-09-20T00:00:00", "Editor": "gisproc_sys", "match_results": "[(3, None, 'townhouse', None)]", "sf_detached": 0, "sf_attached": 3, "duplex/triplex": 0, "multifamily": 0, "condo": 0 }, "geometry": { "type": "Point", "coordinates": [ -8783378.268317153677344, 4301209.713272791355848 ] } },
{ "type": "Feature", "properties": { "A_NUMBER": "D1600249", "A_TYPE": "PL_MINSP", "A_DATE": "2016-08-30T00:00:00", "A_STATUS": "APP", "A_STATUS_D": "2017-04-27T00:00:00", "A_PROJECT_": "Western Bypass Senior Apartments", "A_DESCRIPT": "127 Unit Senior Apartments on 15.7 acres", "A_USER_ID": "ADDMGR", "A_CASE_PLA": "DCULTRA", "StatCode": "APP", "AppStatus": "Approved", "AppCode": "PL_MINSP", "AppType": "Level 4 - Administrative Site Plan", "CasePlanne": "Danny Cultra", "EMAIL": "Danny.Cultra@durhamnc.gov", "ORIG_FID": 941, "CreationDa": "2025-09-20T00:00:00", "Creator": "gisproc_sys", "EditDate": "2025-09-20T00:00:00", "Editor": "gisproc_sys", "match_results": "[(127, None, 'apartment', None)]", "sf_detached": 0, "sf_attached": 0, "duplex/triplex": 0, "multifamily": 127, "condo": 0 }, "geometry": { "type": "Point", "coordinates": [ -8789480.82813517190516, 4297755.057378861121833 ] } },
{ "type": "Feature", "properties": { "A_NUMBER": "D2200106", "A_TYPE": "PL_MINSP", "A_DATE": "2022-03-30T00:00:00", "A_STATUS": "APP", "A_STATUS_D": "2024-03-07T00:00:00", "A_PROJECT_": "Latta Park Residential", "A_DESCRIPT": "Subdivision of existing property and construction of a public road with associated facilities and infrastructure. 176 Townhouses, including 10 affordable units.", "A_USER_ID": "JESSICADO", "A_CASE_PLA": "ROBINSH", "StatCode": "APP", "AppStatus": "Approved", "AppCode": "PL_MINSP", "AppType": "Level 4 - Administrative Site Plan", "CasePlanne": "Robin Schultze", "EMAIL": "Robin.Schultze@durhamnc.gov", "ORIG_FID": 957, "CreationDa": "2025-09-20T00:00:00", "Creator": "gisproc_sys", "EditDate": "2025-09-20T00:00:00", "Editor": "gisproc_sys", "match_results": "[(176, None, 'townhouse', None)]", "sf_detached": 0, "sf_attached": 176, "duplex/triplex": 0, "multifamily": 0, "condo": 0 }, "geometry": { "type": "Point", "coordinates": [ -8786222.322356328368187, 4311429.759806936606765 ] } },
{ "type": "Feature", "properties": { "A_NUMBER": "D1600065", "A_TYPE": "PL_MINSP", "A_DATE": "2016-03-01T00:00:00", "A_STATUS": "APP", "A_STATUS_D": "2016-09-02T00:00:00", "A_PROJECT_": "515 North Mangum", "A_DESCRIPT": "New MF building, 14,507 SF, 22 units on 0.333 acre site, five stories plus basement parking. Subdividing parcel to allow for future single family residence on 0.455 acre flag lot.", "A_USER_ID": "LEEDA", "A_CASE_PLA": "NIARO", "StatCode": "APP", "AppStatus": "Approved", "AppCode": "PL_MINSP", "AppType": "Level 4 - Administrative Site Plan", "CasePlanne": "Nia Rodgers", "EMAIL": "nia.rodgers@durhamnc.gov", "ORIG_FID": 967, "CreationDa": "2025-09-20T00:00:00", "Creator": "gisproc_sys", "EditDate": "2025-09-20T00:00:00", "Editor": "gisproc_sys", "match_results": "[(0, None, 'single family', None)]", "sf_detached": 0, "sf_attached": 0, "duplex/triplex": 0, "multifamily": 0, "condo": 0 }, "geometry": { "type": "Point", "coordinates": [ -8782810.1871253605932, 4300535.174559386447072 ] } },
{ "type": "Feature", "properties": { "A_NUMBER": "D2200230", "A_TYPE": "PL_MINSP", "A_DATE": "2022-07-01T00:00:00", "A_STATUS": "APP", "A_STATUS_D": "2025-02-24T00:00:00", "A_PROJECT_": "Panther Creek Phases C & D", "A_DESCRIPT": "89 Single family lots + 4 open spaces", "A_USER_ID": "KASIMAZ", "A_CASE_PLA": "COLERE", "StatCode": "APP", "AppStatus": "Approved", "AppCode": "PL_MINSP", "AppType": "Level 4 - Administrative Site Plan", "CasePlanne": "Cole Renigar", "EMAIL": "Cole.Renigar@durhamnc.gov", "ORIG_FID": 1000, "CreationDa": "2025-09-20T00:00:00", "Creator": "gisproc_sys", "EditDate": "2025-09-20T00:00:00", "Editor": "gisproc_sys", "match_results": "[(89, None, 'single family', 'lots')]", "sf_detached": 89, "sf_attached": 0, "duplex/triplex": 0, "multifamily": 0, "condo": 0 }, "geometry": { "type": "Point", "coordinates": [ -8772573.324311878532171, 4305427.477054867893457 ] } },
{ "type": "Feature", "properties": { "A_NUMBER": "D1500220", "A_TYPE": "PL_MINSP", "A_DATE": "2015-08-11T00:00:00", "A_STATUS": "APP", "A_STATUS_D": "2016-03-21T00:00:00", "A_PROJECT_": "Meadows North", "A_DESCRIPT": "175 Townhomes, 6 Open Space Lots, 2000 SF Clubhouse on 25 acres", "A_USER_ID": "DACIARE", "A_CASE_PLA": "DCULTRA", "StatCode": "APP", "AppStatus": "Approved", "AppCode": "PL_MINSP", "AppType": "Level 4 - Administrative Site Plan", "CasePlanne": "Danny Cultra", "EMAIL": "Danny.Cultra@durhamnc.gov", "ORIG_FID": 1090, "CreationDa": "2025-09-20T00:00:00", "Creator": "gisproc_sys", "EditDate": "2025-09-20T00:00:00", "Editor": "gisproc_sys", "match_results": "[(175, None, 'townhouse', None), (25, None, 'home', None)]", "sf_detached": 25, "sf_attached": 175, "duplex/triplex": 0, "multifamily": 0, "condo": 0 }, "geometry": { "type": "Point", "coordinates": [ -8784802.063237616792321, 4287624.782995440997183 ] } },
{ "type": "Feature", "properties": { "A_NUMBER": "A2000004", "A_TYPE": "PL_CPAA", "A_DATE": "2020-01-13T00:00:00", "A_STATUS": "APP", "A_STATUS_D": "2021-03-10T00:00:00", "A_PROJECT_": "Gillings Tract", "A_DESCRIPT": "Industrial to Low-Medium Density Residential. Associated with Z2000005.", "A_USER_ID": "ADDMGR", "A_CASE_PLA": "JAMIESUN", "StatCode": "APP", "AppStatus": "Approved", "AppCode": "PL_CPAA", "AppType": "Comprehensive Plan Map or Plan Amendment", "CasePlanne": null, "EMAIL": null, "ORIG_FID": 1095, "CreationDa": "2025-09-20T00:00:00", "Creator": "gisproc_sys", "EditDate": "2025-09-20T00:00:00", "Editor": "gisproc_sys", "match_results": [ ], "sf_detached": 0, "sf_attached": 0, "duplex/triplex": 0, "multifamily": 0, "condo": 0 }, "geometry": { "type": "Point", "coordinates": [ -8774568.47605437785387, 4285512.397363729774952 ] } },
{ "type": "Feature", "properties": { "A_NUMBER": "D1900240", "A_TYPE": "PL_MINSP", "A_DATE": "2019-07-18T00:00:00", "A_STATUS": "APP", "A_STATUS_D": "2020-05-28T00:00:00", "A_PROJECT_": "Junction Road Subdivison", "A_DESCRIPT": "Single Family Residential", "A_USER_ID": "JOHNRA", "A_CASE_PLA": "JOHNRA", "StatCode": "APP", "AppStatus": "Approved", "AppCode": "PL_MINSP", "AppType": "Level 4 - Administrative Site Plan", "CasePlanne": "John Rabon", "EMAIL": "John.Rabon@durhamnc.gov", "ORIG_FID": 1352, "CreationDa": "2025-09-20T00:00:00", "Creator": "gisproc_sys", "EditDate": "2025-09-20T00:00:00", "Editor": "gisproc_sys", "match_results": [ ], "sf_detached": 0, "sf_attached": 0, "duplex/triplex": 0, "multifamily": 0, "condo": 0 }, "geometry": { "type": "Point", "coordinates": [ -8776816.523326953873038, 4303578.960563643835485 ] } },
{ "type": "Feature", "properties": { "A_NUMBER": "D2200160", "A_TYPE": "PL_MINSP", "A_DATE": "2022-05-13T00:00:00", "A_STATUS": "APP", "A_STATUS_D": "2023-04-20T00:00:00", "A_PROJECT_": "W.Club Apartments", "A_DESCRIPT": "Construction of 268 multi-family units with associated amenities and infrastructure.", "A_USER_ID": "ROBINSH", "A_CASE_PLA": "ROBINSH", "StatCode": "APP", "AppStatus": "Approved", "AppCode": "PL_MINSP", "AppType": "Level 4 - Administrative Site Plan", "CasePlanne": "Robin Schultze", "EMAIL": "Robin.Schultze@durhamnc.gov", "ORIG_FID": 1433, "CreationDa": "2025-09-20T00:00:00", "Creator": "gisproc_sys", "EditDate": "2025-09-20T00:00:00", "Editor": "gisproc_sys", "match_results": "[(268, None, 'multifamily', 'units')]", "sf_detached": 0, "sf_attached": 0, "duplex/triplex": 0, "multifamily": 268, "condo": 0 }, "geometry": { "type": "Point", "coordinates": [ -8783585.329324048012495, 4303096.148585317656398 ] } },
{ "type": "Feature", "properties": { "A_NUMBER": "D2200059", "A_TYPE": "PL_MINSP", "A_DATE": "2022-03-01T00:00:00", "A_STATUS": "APP", "A_STATUS_D": "2022-10-06T00:00:00", "A_PROJECT_": "Aster Ridge", "A_DESCRIPT": "201 townhome units proposed as a conservation subdivision.", "A_USER_ID": "TDANNER", "A_CASE_PLA": "ROBINSH", "StatCode": "APP", "AppStatus": "Approved", "AppCode": "PL_MINSP", "AppType": "Level 4 - Administrative Site Plan", "CasePlanne": "Robin Schultze", "EMAIL": "Robin.Schultze@durhamnc.gov", "ORIG_FID": 1473, "CreationDa": "2025-09-20T00:00:00", "Creator": "gisproc_sys", "EditDate": "2025-09-20T00:00:00", "Editor": "gisproc_sys", "match_results": "[(201, None, 'townhouse', 'units')]", "sf_detached": 0, "sf_attached": 201, "duplex/triplex": 0, "multifamily": 0, "condo": 0 }, "geometry": { "type": "Point", "coordinates": [ -8777323.67134596221149, 4301486.022350758314133 ] } },
{ "type": "Feature", "properties": { "A_NUMBER": "D1800220", "A_TYPE": "PL_MINSP", "A_DATE": "2018-06-26T00:00:00", "A_STATUS": "APP", "A_STATUS_D": "2018-12-13T00:00:00", "A_PROJECT_": "Bethpage Village Multi-family Amendment", "A_DESCRIPT": "Amend approved site plan to remove fitness building and add 18 residential units, propose phasing, new elevations for residential and maintenance buildings, revise residential building alignments, sewer alignment, landscaping, and tree coverage.", "A_USER_ID": "TERRIEL", "A_CASE_PLA": "DCULTRA", "StatCode": "APP", "AppStatus": "Approved", "AppCode": "PL_MINSP", "AppType": "Level 4 - Administrative Site Plan", "CasePlanne": "Danny Cultra", "EMAIL": "Danny.Cultra@durhamnc.gov", "ORIG_FID": 1547, "CreationDa": "2025-09-20T00:00:00", "Creator": "gisproc_sys", "EditDate": "2025-09-20T00:00:00", "Editor": "gisproc_sys", "match_results": [ ], "sf_detached": 0, "sf_attached": 0, "duplex/triplex": 0, "multifamily": 0, "condo": 0 }, "geometry": { "type": "Point", "coordinates": [ -8774478.992156436666846, 4286429.169665116816759 ] } },
{ "type": "Feature", "properties": { "A_NUMBER": "M1800003", "A_TYPE": "PL_MAJSUP", "A_DATE": "2018-10-03T00:00:00", "A_STATUS": "APP", "A_STATUS_D": "2019-01-28T00:00:00", "A_PROJECT_": "DPS Elementary School C MSUP", "A_DESCRIPT": "MSUP for an elementary school within a residential zoning district. To be approved by governing body in conjunction with required TSUP.", "A_USER_ID": "LEIGHALA", "A_CASE_PLA": "DCULTRA", "StatCode": "APP", "AppStatus": "Approved", "AppCode": "PL_MAJSUP", "AppType": "Major Special Use Permit", "CasePlanne": "Danny Cultra", "EMAIL": "Danny.Cultra@durhamnc.gov", "ORIG_FID": 1589, "CreationDa": "2025-09-20T00:00:00", "Creator": "gisproc_sys", "EditDate": "2025-09-20T00:00:00", "Editor": "gisproc_sys", "match_results": [ ], "sf_detached": 0, "sf_attached": 0, "duplex/triplex": 0, "multifamily": 0, "condo": 0 }, "geometry": { "type": "Point", "coordinates": [ -8785397.948059355840087, 4283339.980657470412552 ] } },
{ "type": "Feature", "properties": { "A_NUMBER": "D2300060", "A_TYPE": "PL_MINSP", "A_DATE": "2023-02-27T00:00:00", "A_STATUS": "APP", "A_STATUS_D": "2023-07-05T00:00:00", "A_PROJECT_": "310 W Corporation St", "A_DESCRIPT": "6 units + 4 ADU's and 974 s.f. of commercial space. 5 lots proposed.", "A_USER_ID": "KEAGANSA", "A_CASE_PLA": "ROBINSH", "StatCode": "APP", "AppStatus": "Approved", "AppCode": "PL_MINSP", "AppType": "Level 4 - Administrative Site Plan", "CasePlanne": "Robin Schultze", "EMAIL": "Robin.Schultze@durhamnc.gov", "ORIG_FID": 1743, "CreationDa": "2025-09-20T00:00:00", "Creator": "gisproc_sys", "EditDate": "2025-09-20T00:00:00", "Editor": "gisproc_sys", "match_results": [ ], "sf_detached": 0, "sf_attached": 0, "duplex/triplex": 0, "multifamily": 0, "condo": 0 }, "geometry": { "type": "Point", "coordinates": [ -8782980.280799623578787, 4300925.656677783466876 ] } },
{ "type": "Feature", "properties": { "A_NUMBER": "D2100401", "A_TYPE": "PL_MINSP", "A_DATE": "2021-11-08T00:00:00", "A_STATUS": "APP", "A_STATUS_D": "2022-08-02T00:00:00", "A_PROJECT_": "The Novus", "A_DESCRIPT": "Residential high rise building with parking and 1st floor retail. 242 apartments/condos", "A_USER_ID": "JESSICADO", "A_CASE_PLA": "TREYFI", "StatCode": "APP", "AppStatus": "Approved", "AppCode": "PL_MINSP", "AppType": "Level 4 - Administrative Site Plan", "CasePlanne": "Trey Figueroa", "EMAIL": "Trey.Figueroa@durhamnc.gov", "ORIG_FID": 1897, "CreationDa": "2025-09-20T00:00:00", "Creator": "gisproc_sys", "EditDate": "2025-09-20T00:00:00", "Editor": "gisproc_sys", "match_results": "[(242, None, 'apartment', None)]", "sf_detached": 0, "sf_attached": 0, "duplex/triplex": 0, "multifamily": 242, "condo": 0 }, "geometry": { "type": "Point", "coordinates": [ -8783596.795921245589852, 4300293.949716393835843 ] } },
{ "type": "Feature", "properties": { "A_NUMBER": "A1800011", "A_TYPE": "PL_CPAA", "A_DATE": "2018-12-14T00:00:00", "A_STATUS": "APP", "A_STATUS_D": "2021-03-10T00:00:00", "A_PROJECT_": "1432 Ellis Road", "A_DESCRIPT": "Rezoning from RR/RS-20 to PDR 5.943 to allow for up to 200 townhouse development (case Z1800035).  Associated FLUM and Annexation.", "A_USER_ID": "KEAGANSA", "A_CASE_PLA": "ALEXCA", "StatCode": "APP", "AppStatus": "Approved", "AppCode": "PL_CPAA", "AppType": "Comprehensive Plan Map or Plan Amendment", "CasePlanne": "Alex Cahill", "EMAIL": "Alex.Cahill@durhamnc.gov", "ORIG_FID": 1942, "CreationDa": "2025-09-20T00:00:00", "Creator": "gisproc_sys", "EditDate": "2025-09-20T00:00:00", "Editor": "gisproc_sys", "match_results": "[(200, None, 'townhouse', None)]", "sf_detached": 0, "sf_attached": 200, "duplex/triplex": 0, "multifamily": 0, "condo": 0 }, "geometry": { "type": "Point", "coordinates": [ -8779839.95388213917613, 4293482.276832926087081 ] } },
{ "type": "Feature", "properties": { "A_NUMBER": "D2000226", "A_TYPE": "PL_MINSP", "A_DATE": "2020-09-23T00:00:00", "A_STATUS": "APP", "A_STATUS_D": "2021-07-14T00:00:00", "A_PROJECT_": "Bethpage Apartments", "A_DESCRIPT": "228 Multi - Family Apartment units and associated amenity spaces", "A_USER_ID": "ADDMGR", "A_CASE_PLA": "COURTNEYMC", "StatCode": "APP", "AppStatus": "Approved", "AppCode": "PL_MINSP", "AppType": "Level 4 - Administrative Site Plan", "CasePlanne": "Courtney McQueen", "EMAIL": "Courtney.McQueen@durhamnc.gov", "ORIG_FID": 2010, "CreationDa": "2025-09-20T00:00:00", "Creator": "gisproc_sys", "EditDate": "2025-09-20T00:00:00", "Editor": "gisproc_sys", "match_results": "[(228, None, 'multifamily', None)]", "sf_detached": 0, "sf_attached": 0, "duplex/triplex": 0, "multifamily": 228, "condo": 0 }, "geometry": { "type": "Point", "coordinates": [ -8774957.571340627968311, 4286258.799417413771152 ] } },
{ "type": "Feature", "properties": { "A_NUMBER": "D2100048", "A_TYPE": "PL_MINSP", "A_DATE": "2021-02-16T00:00:00", "A_STATUS": "APP", "A_STATUS_D": "2021-12-21T00:00:00", "A_PROJECT_": "Selby Avenue Homes", "A_DESCRIPT": "14 Attached homes w/ cul-de-sac road and utilities. Site plan cannot be an amendment due to pending rezoning case D2000018.\r\n", "A_USER_ID": "KEAGANSA", "A_CASE_PLA": "ELIZAMO", "StatCode": "APP", "AppStatus": "Approved", "AppCode": "PL_MINSP", "AppType": "Level 4 - Administrative Site Plan", "CasePlanne": "Eliza Monroe", "EMAIL": "Eliza.Monroe@durhamnc.gov", "ORIG_FID": 2106, "CreationDa": "2025-09-20T00:00:00", "Creator": "gisproc_sys", "EditDate": "2025-09-20T00:00:00", "Editor": "gisproc_sys", "match_results": "[(14, None, 'home', None)]", "sf_detached": 14, "sf_attached": 0, "duplex/triplex": 0, "multifamily": 0, "condo": 0 }, "geometry": { "type": "Point", "coordinates": [ -8782591.421399768441916, 4294182.0271255094558 ] } },
{ "type": "Feature", "properties": { "A_NUMBER": "D2200168", "A_TYPE": "PL_MINSP", "A_DATE": "2022-05-24T00:00:00", "A_STATUS": "APP", "A_STATUS_D": "2023-04-11T00:00:00", "A_PROJECT_": "Townes on Leesville", "A_DESCRIPT": "104 town home development ", "A_USER_ID": "JESSICADO", "A_CASE_PLA": "TREYFI", "StatCode": "APP", "AppStatus": "Approved", "AppCode": "PL_MINSP", "AppType": "Level 4 - Administrative Site Plan", "CasePlanne": "Trey Figueroa", "EMAIL": "Trey.Figueroa@durhamnc.gov", "ORIG_FID": 2162, "CreationDa": "2025-09-20T00:00:00", "Creator": "gisproc_sys", "EditDate": "2025-09-20T00:00:00", "Editor": "gisproc_sys", "match_results": "[(104, None, 'townhouse', None)]", "sf_detached": 0, "sf_attached": 104, "duplex/triplex": 0, "multifamily": 0, "condo": 0 }, "geometry": { "type": "Point", "coordinates": [ -8771911.397786354646087, 4292001.196076544933021 ] } },
{ "type": "Feature", "properties": { "A_NUMBER": "D2000100", "A_TYPE": "PL_MINSP", "A_DATE": "2020-04-30T00:00:00", "A_STATUS": "APP", "A_STATUS_D": "2021-06-24T00:00:00", "A_PROJECT_": "Sweetbrier (1001 Olive Branch Road) - Phase 1", "A_DESCRIPT": "Level 4 Site Plan for 50 Single - Family & 49 Townhouse Lots, part of Phase 1 of Development", "A_USER_ID": "KIMRO", "A_CASE_PLA": "COURTNEYMC", "StatCode": "APP", "AppStatus": "Approved", "AppCode": "PL_MINSP", "AppType": "Level 4 - Administrative Site Plan", "CasePlanne": "Courtney McQueen", "EMAIL": "Courtney.McQueen@durhamnc.gov", "ORIG_FID": 2177, "CreationDa": "2025-09-20T00:00:00", "Creator": "gisproc_sys", "EditDate": "2025-09-20T00:00:00", "Editor": "gisproc_sys", "match_results": "[(4, None, 'single family', None), (49, None, 'townhouse', 'lots')]", "sf_detached": 4, "sf_attached": 49, "duplex/triplex": 0, "multifamily": 0, "condo": 0 }, "geometry": { "type": "Point", "coordinates": [ -8769566.711530262604356, 4294125.413951551541686 ] } },
{ "type": "Feature", "properties": { "A_NUMBER": "D2300255", "A_TYPE": "PL_MINSP", "A_DATE": "2023-11-13T00:00:00", "A_STATUS": "APP", "A_STATUS_D": "2024-05-10T00:00:00", "A_PROJECT_": "Hood Street Condos", "A_DESCRIPT": "24-unit apartment building totaling in 44,564 sf.", "A_USER_ID": "COLERE", "A_CASE_PLA": "COLERE", "StatCode": "APP", "AppStatus": "Approved", "AppCode": "PL_MINSP", "AppType": "Level 4 - Administrative Site Plan", "CasePlanne": "Cole Renigar", "EMAIL": "Cole.Renigar@durhamnc.gov", "ORIG_FID": 2183, "CreationDa": "2025-09-20T00:00:00", "Creator": "gisproc_sys", "EditDate": "2025-09-20T00:00:00", "Editor": "gisproc_sys", "match_results": "[(24, None, 'apartment', None)]", "sf_detached": 0, "sf_attached": 0, "duplex/triplex": 0, "multifamily": 24, "condo": 0 }, "geometry": { "type": "Point", "coordinates": [ -8782542.456552010029554, 4299200.144245953299105 ] } },
{ "type": "Feature", "properties": { "A_NUMBER": "D1600261", "A_TYPE": "PL_MINSP", "A_DATE": "2016-09-13T00:00:00", "A_STATUS": "APP", "A_STATUS_D": "2017-05-12T00:00:00", "A_PROJECT_": "Solis Brightleaf", "A_DESCRIPT": "Construction of 200 unit apartment complex with underneath parking.", "A_USER_ID": "KYLETA", "A_CASE_PLA": "EMILYST", "StatCode": "APP", "AppStatus": "Approved", "AppCode": "PL_MINSP", "AppType": "Level 4 - Administrative Site Plan", "CasePlanne": "Emily Struthers", "EMAIL": "Emily.Struthers@durhamnc.gov", "ORIG_FID": 2199, "CreationDa": "2025-09-20T00:00:00", "Creator": "gisproc_sys", "EditDate": "2025-09-20T00:00:00", "Editor": "gisproc_sys", "match_results": "[(200, None, 'apartment', None)]", "sf_detached": 0, "sf_attached": 0, "duplex/triplex": 0, "multifamily": 200, "condo": 0 }, "geometry": { "type": "Point", "coordinates": [ -8784329.145734338089824, 4300654.247129209339619 ] } },
{ "type": "Feature", "properties": { "A_NUMBER": "D1800173", "A_TYPE": "PL_MINSP", "A_DATE": "2018-05-29T00:00:00", "A_STATUS": "APP", "A_STATUS_D": "2019-08-28T00:00:00", "A_PROJECT_": "Townes at Courtney Creek", "A_DESCRIPT": "12 single family residential units 253 townehouse units", "A_USER_ID": "JESSICADO", "A_CASE_PLA": "COURTNEYMC", "StatCode": "APP", "AppStatus": "Approved", "AppCode": "PL_MINSP", "AppType": "Level 4 - Administrative Site Plan", "CasePlanne": "Courtney McQueen", "EMAIL": "Courtney.McQueen@durhamnc.gov", "ORIG_FID": 2285, "CreationDa": "2025-09-20T00:00:00", "Creator": "gisproc_sys", "EditDate": "2025-09-20T00:00:00", "Editor": "gisproc_sys", "match_results": "[(12, None, 'single family', None), (253, None, 'home', 'units')]", "sf_detached": 265, "sf_attached": 0, "duplex/triplex": 0, "multifamily": 0, "condo": 0 }, "geometry": { "type": "Point", "coordinates": [ -8782051.623934304341674, 4293769.726580020040274 ] } },
{ "type": "Feature", "properties": { "A_NUMBER": "D1600280", "A_TYPE": "PL_MINSP", "A_DATE": "2016-09-27T00:00:00", "A_STATUS": "APP", "A_STATUS_D": "2018-01-22T00:00:00", "A_PROJECT_": "Sagewood Subdivision (formerly Heatherwood)", "A_DESCRIPT": "Single family detached (139) lots within conservation subdivision. Pending annexation.", "A_USER_ID": "JESSICADO", "A_CASE_PLA": "DCULTRA", "StatCode": "APP", "AppStatus": "Approved", "AppCode": "PL_MINSP", "AppType": "Level 4 - Administrative Site Plan", "CasePlanne": "Danny Cultra", "EMAIL": "Danny.Cultra@durhamnc.gov", "ORIG_FID": 2335, "CreationDa": "2025-09-20T00:00:00", "Creator": "gisproc_sys", "EditDate": "2025-09-20T00:00:00", "Editor": "gisproc_sys", "match_results": "[(139, None, 'single family', 'lots')]", "sf_detached": 139, "sf_attached": 0, "duplex/triplex": 0, "multifamily": 0, "condo": 0 }, "geometry": { "type": "Point", "coordinates": [ -8771416.774912118911743, 4295207.9189662784338 ] } },
{ "type": "Feature", "properties": { "A_NUMBER": "D1900274", "A_TYPE": "PL_MINSP", "A_DATE": "2019-08-09T00:00:00", "A_STATUS": "APP", "A_STATUS_D": "2022-12-29T00:00:00", "A_PROJECT_": "Windhaven Crossing (New Haven) Townhouses", "A_DESCRIPT": "Proposed Townhouse development with associated site improvements", "A_USER_ID": "JOHNRA", "A_CASE_PLA": "JOHNRA", "StatCode": "APP", "AppStatus": "Approved", "AppCode": "PL_MINSP", "AppType": "Level 4 - Administrative Site Plan", "CasePlanne": "John Rabon", "EMAIL": "John.Rabon@durhamnc.gov", "ORIG_FID": 2401, "CreationDa": "2025-09-20T00:00:00", "Creator": "gisproc_sys", "EditDate": "2025-09-20T00:00:00", "Editor": "gisproc_sys", "match_results": [ ], "sf_detached": 0, "sf_attached": 0, "duplex/triplex": 0, "multifamily": 0, "condo": 0 }, "geometry": { "type": "Point", "coordinates": [ -8777194.587557328864932, 4292009.345404891297221 ] } },
{ "type": "Feature", "properties": { "A_NUMBER": "A1500005", "A_TYPE": "PL_CPAA", "A_DATE": "2015-03-05T00:00:00", "A_STATUS": "APP", "A_STATUS_D": "2015-08-24T00:00:00", "A_PROJECT_": "2512 Vesson Avenue", "A_DESCRIPT": "Request to amend FLUM from Low-Medium Density Residential to medium Density residential in order to accommodate construction of duplexes.", "A_USER_ID": "LWOODS", "A_CASE_PLA": "LWOODS", "StatCode": "APP", "AppStatus": "Approved", "AppCode": "PL_CPAA", "AppType": "Comprehensive Plan Map or Plan Amendment", "CasePlanne": null, "EMAIL": null, "ORIG_FID": 2435, "CreationDa": "2025-09-20T00:00:00", "Creator": "gisproc_sys", "EditDate": "2025-09-20T00:00:00", "Editor": "gisproc_sys", "match_results": [ ], "sf_detached": 0, "sf_attached": 0, "duplex/triplex": 0, "multifamily": 0, "condo": 0 }, "geometry": { "type": "Point", "coordinates": [ -8786928.235300879925489, 4298277.707453794777393 ] } },
{ "type": "Feature", "properties": { "A_NUMBER": "D1900104", "A_TYPE": "PL_MINSP", "A_DATE": "2019-04-15T00:00:00", "A_STATUS": "APP", "A_STATUS_D": "2019-10-24T00:00:00", "A_PROJECT_": "Central Campus Parking Facilities", "A_DESCRIPT": "Remove existing student housing and associated infrastructure to construct parking lots", "A_USER_ID": "COLERE", "A_CASE_PLA": "DCULTRA", "StatCode": "APP", "AppStatus": "Approved", "AppCode": "PL_MINSP", "AppType": "Level 4 - Administrative Site Plan", "CasePlanne": "Danny Cultra", "EMAIL": "Danny.Cultra@durhamnc.gov", "ORIG_FID": 2448, "CreationDa": "2025-09-20T00:00:00", "Creator": "gisproc_sys", "EditDate": "2025-09-20T00:00:00", "Editor": "gisproc_sys", "match_results": [ ], "sf_detached": 0, "sf_attached": 0, "duplex/triplex": 0, "multifamily": 0, "condo": 0 }, "geometry": { "type": "Point", "coordinates": [ -8786057.863829452544451, 4301388.856452924199402 ] } },
{ "type": "Feature", "properties": { "A_NUMBER": "D2200289", "A_TYPE": "PL_MINSP", "A_DATE": "2022-08-31T00:00:00", "A_STATUS": "APP", "A_STATUS_D": "2023-09-22T00:00:00", "A_PROJECT_": "Mica Ridge", "A_DESCRIPT": "308 townhomes, 98 Single family lots, 6 stormwater ponds and associated infrastructure", "A_USER_ID": "COLERE", "A_CASE_PLA": "COLERE", "StatCode": "APP", "AppStatus": "Approved", "AppCode": "PL_MINSP", "AppType": "Level 4 - Administrative Site Plan", "CasePlanne": "Cole Renigar", "EMAIL": "Cole.Renigar@durhamnc.gov", "ORIG_FID": 2460, "CreationDa": "2025-09-20T00:00:00", "Creator": "gisproc_sys", "EditDate": "2025-09-20T00:00:00", "Editor": "gisproc_sys", "match_results": "[(308, None, 'townhouse', None), (98, None, 'single family', 'lots')]", "sf_detached": 98, "sf_attached": 308, "duplex/triplex": 0, "multifamily": 0, "condo": 0 }, "geometry": { "type": "Point", "coordinates": [ -8776155.587877186015248, 4294900.628316174261272 ] } },
{ "type": "Feature", "properties": { "A_NUMBER": "D2100313", "A_TYPE": "PL_MINSP", "A_DATE": "2021-09-15T00:00:00", "A_STATUS": "APP", "A_STATUS_D": "2022-07-07T00:00:00", "A_PROJECT_": "Chandler Run", "A_DESCRIPT": "59 Single Family residential lots", "A_USER_ID": "TALIAP", "A_CASE_PLA": "JOHNRA", "StatCode": "APP", "AppStatus": "Approved", "AppCode": "PL_MINSP", "AppType": "Level 4 - Administrative Site Plan", "CasePlanne": "John Rabon", "EMAIL": "John.Rabon@durhamnc.gov", "ORIG_FID": 2489, "CreationDa": "2025-09-20T00:00:00", "Creator": "gisproc_sys", "EditDate": "2025-09-20T00:00:00", "Editor": "gisproc_sys", "match_results": "[(59, None, 'single family', None)]", "sf_detached": 59, "sf_attached": 0, "duplex/triplex": 0, "multifamily": 0, "condo": 0 }, "geometry": { "type": "Point", "coordinates": [ -8776138.618783846497536, 4299393.089005126617849 ] } },
{ "type": "Feature", "properties": { "A_NUMBER": "D2000269", "A_TYPE": "PL_MINSP", "A_DATE": "2020-11-02T00:00:00", "A_STATUS": "APP", "A_STATUS_D": "2021-04-07T00:00:00", "A_PROJECT_": "509 North Mangum", "A_DESCRIPT": "182 multi - story multi-family building", "A_USER_ID": "KIMRO", "A_CASE_PLA": "COLERE", "StatCode": "APP", "AppStatus": "Approved", "AppCode": "PL_MINSP", "AppType": "Level 4 - Administrative Site Plan", "CasePlanne": "Cole Renigar", "EMAIL": "Cole.Renigar@durhamnc.gov", "ORIG_FID": 2508, "CreationDa": "2025-09-20T00:00:00", "Creator": "gisproc_sys", "EditDate": "2025-09-20T00:00:00", "Editor": "gisproc_sys", "match_results": [ ], "sf_detached": 0, "sf_attached": 0, "duplex/triplex": 0, "multifamily": 0, "condo": 0 }, "geometry": { "type": "Point", "coordinates": [ -8782871.959126638248563, 4300498.441195275634527 ] } },
{ "type": "Feature", "properties": { "A_NUMBER": "D1700147", "A_TYPE": "PL_MINSP", "A_DATE": "2017-05-09T00:00:00", "A_STATUS": "APP", "A_STATUS_D": "2017-11-30T00:00:00", "A_PROJECT_": "Foster on the Park", "A_DESCRIPT": "164 residential units, 1600 SF of retail and under building parking.", "A_USER_ID": "EESBRI", "A_CASE_PLA": "EMILYST", "StatCode": "APP", "AppStatus": "Approved", "AppCode": "PL_MINSP", "AppType": "Level 4 - Administrative Site Plan", "CasePlanne": "Emily Struthers", "EMAIL": "Emily.Struthers@durhamnc.gov", "ORIG_FID": 2521, "CreationDa": "2025-09-20T00:00:00", "Creator": "gisproc_sys", "EditDate": "2025-09-20T00:00:00", "Editor": "gisproc_sys", "match_results": [ ], "sf_detached": 0, "sf_attached": 0, "duplex/triplex": 0, "multifamily": 0, "condo": 0 }, "geometry": { "type": "Point", "coordinates": [ -8783312.807093482464552, 4300837.391548415645957 ] } },
{ "type": "Feature", "properties": { "A_NUMBER": "D2300170", "A_TYPE": "PL_MINSP", "A_DATE": "2023-06-30T00:00:00", "A_STATUS": "APP", "A_STATUS_D": "2023-12-12T00:00:00", "A_PROJECT_": "Sandy Ridge Amendment", "A_DESCRIPT": "197 units of affordable apartments and accessory uses.", "A_USER_ID": "JESSICADO", "A_CASE_PLA": "TREYFI", "StatCode": "APP", "AppStatus": "Approved", "AppCode": "PL_MINSP", "AppType": "Level 4 - Administrative Site Plan", "CasePlanne": "Trey Figueroa", "EMAIL": "Trey.Figueroa@durhamnc.gov", "ORIG_FID": 2559, "CreationDa": "2025-09-20T00:00:00", "Creator": "gisproc_sys", "EditDate": "2025-09-20T00:00:00", "Editor": "gisproc_sys", "match_results": "[(197, None, 'apartment', None)]", "sf_detached": 0, "sf_attached": 0, "duplex/triplex": 0, "multifamily": 197, "condo": 0 }, "geometry": { "type": "Point", "coordinates": [ -8780822.294238982722163, 4307457.746679574251175 ] } },
{ "type": "Feature", "properties": { "A_NUMBER": "D2300173", "A_TYPE": "PL_MINSP", "A_DATE": "2023-07-13T00:00:00", "A_STATUS": "APP", "A_STATUS_D": "2025-02-11T00:00:00", "A_PROJECT_": "Goodwin Crossing", "A_DESCRIPT": "149 single family detached lots with supporting open space in 4 lots.", "A_USER_ID": "TREYFI", "A_CASE_PLA": "TREYFI", "StatCode": "APP", "AppStatus": "Approved", "AppCode": "PL_MINSP", "AppType": "Level 4 - Administrative Site Plan", "CasePlanne": "Trey Figueroa", "EMAIL": "Trey.Figueroa@durhamnc.gov", "ORIG_FID": 2601, "CreationDa": "2025-09-20T00:00:00", "Creator": "gisproc_sys", "EditDate": "2025-09-20T00:00:00", "Editor": "gisproc_sys", "match_results": "[(149, None, 'single family', 'lots')]", "sf_detached": 149, "sf_attached": 0, "duplex/triplex": 0, "multifamily": 0, "condo": 0 }, "geometry": { "type": "Point", "coordinates": [ -8781076.544413948431611, 4313134.784655710682273 ] } },
{ "type": "Feature", "properties": { "A_NUMBER": "D2300159", "A_TYPE": "PL_MINSP", "A_DATE": "2023-06-16T00:00:00", "A_STATUS": "APP", "A_STATUS_D": "2024-10-14T00:00:00", "A_PROJECT_": "501 Ramseur Street", "A_DESCRIPT": "New 195-unit apartment building totaling 196,500 sq. ft. on existing parking lot.", "A_USER_ID": "KEAGANSA", "A_CASE_PLA": "KEAGANSA", "StatCode": "APP", "AppStatus": "Approved", "AppCode": "PL_MINSP", "AppType": "Level 4 - Administrative Site Plan", "CasePlanne": "Keagan Sacripanti", "EMAIL": "Keagan.Sacripanti@durhamnc.gov", "ORIG_FID": 2849, "CreationDa": "2025-09-20T00:00:00", "Creator": "gisproc_sys", "EditDate": "2025-09-20T00:00:00", "Editor": "gisproc_sys", "match_results": "[(195, None, 'apartment', None)]", "sf_detached": 0, "sf_attached": 0, "duplex/triplex": 0, "multifamily": 195, "condo": 0 }, "geometry": { "type": "Point", "coordinates": [ -8782656.633415633812547, 4299383.236519531346858 ] } },
{ "type": "Feature", "properties": { "A_NUMBER": "A1700004", "A_TYPE": "PL_CPAA", "A_DATE": "2017-02-17T00:00:00", "A_STATUS": "APP", "A_STATUS_D": "2017-12-04T00:00:00", "A_PROJECT_": "Ellis Road Townhouses Phase 2", "A_DESCRIPT": "PA request associated with annexation (BDG1700004) and ZMC (Z1700008). Request LDR to LMD Residential", "A_USER_ID": "COLERE", "A_CASE_PLA": "JWIGGINS", "StatCode": "APP", "AppStatus": "Approved", "AppCode": "PL_CPAA", "AppType": "Comprehensive Plan Map or Plan Amendment", "CasePlanne": "Jacob Wiggins", "EMAIL": "jacob.wiggins@durhamnc.gov", "ORIG_FID": 2854, "CreationDa": "2025-09-20T00:00:00", "Creator": "gisproc_sys", "EditDate": "2025-09-20T00:00:00", "Editor": "gisproc_sys", "match_results": [ ], "sf_detached": 0, "sf_attached": 0, "duplex/triplex": 0, "multifamily": 0, "condo": 0 }, "geometry": { "type": "Point", "coordinates": [ -8777078.550182586535811, 4292565.665771564468741 ] } },
{ "type": "Feature", "properties": { "A_NUMBER": "D2000077", "A_TYPE": "PL_MINSP", "A_DATE": "2020-04-09T00:00:00", "A_STATUS": "APP", "A_STATUS_D": "2020-10-21T00:00:00", "A_PROJECT_": "Summer Meadows Apartments", "A_DESCRIPT": "Proposed three apartment buildings (83 units) with associated parking,sidewalks,utilities & site grading", "A_USER_ID": "JESSICADO", "A_CASE_PLA": "COLERE", "StatCode": "APP", "AppStatus": "Approved", "AppCode": "PL_MINSP", "AppType": "Level 4 - Administrative Site Plan", "CasePlanne": "Cole Renigar", "EMAIL": "Cole.Renigar@durhamnc.gov", "ORIG_FID": 2931, "CreationDa": "2025-09-20T00:00:00", "Creator": "gisproc_sys", "EditDate": "2025-09-20T00:00:00", "Editor": "gisproc_sys", "match_results": "[(83, None, 'apartment', 'units')]", "sf_detached": 0, "sf_attached": 0, "duplex/triplex": 0, "multifamily": 83, "condo": 0 }, "geometry": { "type": "Point", "coordinates": [ -8782002.415531752631068, 4308841.691570744849741 ] } },
{ "type": "Feature", "properties": { "A_NUMBER": "D1500192", "A_TYPE": "PL_MINSP", "A_DATE": "2015-07-14T00:00:00", "A_STATUS": "APP", "A_STATUS_D": "2015-12-18T00:00:00", "A_PROJECT_": "Southside East Ph 2", "A_DESCRIPT": "85 apartment units in 12 new structures on 17 acres", "A_USER_ID": "LEEDA", "A_CASE_PLA": "EMILYST", "StatCode": "APP", "AppStatus": "Approved", "AppCode": "PL_MINSP", "AppType": "Level 4 - Administrative Site Plan", "CasePlanne": "Emily Struthers", "EMAIL": "Emily.Struthers@durhamnc.gov", "ORIG_FID": 2969, "CreationDa": "2025-09-20T00:00:00", "Creator": "gisproc_sys", "EditDate": "2025-09-20T00:00:00", "Editor": "gisproc_sys", "match_results": "[(85, None, 'apartment', 'units')]", "sf_detached": 0, "sf_attached": 0, "duplex/triplex": 0, "multifamily": 85, "condo": 0 }, "geometry": { "type": "Point", "coordinates": [ -8783302.52826277539134, 4298673.430606170557439 ] } },
{ "type": "Feature", "properties": { "A_NUMBER": "D1600059", "A_TYPE": "PL_MINSP", "A_DATE": "2016-02-23T00:00:00", "A_STATUS": "APP", "A_STATUS_D": "2016-09-16T00:00:00", "A_PROJECT_": "4806 Garrett Apartments", "A_DESCRIPT": "47 unit apartment building on 2.856 acres\r\n", "A_USER_ID": "LEEDA", "A_CASE_PLA": "NIARO", "StatCode": "APP", "AppStatus": "Approved", "AppCode": "PL_MINSP", "AppType": "Level 4 - Administrative Site Plan", "CasePlanne": "Nia Rodgers", "EMAIL": "nia.rodgers@durhamnc.gov", "ORIG_FID": 3219, "CreationDa": "2025-09-20T00:00:00", "Creator": "gisproc_sys", "EditDate": "2025-09-20T00:00:00", "Editor": "gisproc_sys", "match_results": "[(47, None, 'apartment', None)]", "sf_detached": 0, "sf_attached": 0, "duplex/triplex": 0, "multifamily": 47, "condo": 0 }, "geometry": { "type": "Point", "coordinates": [ -8791174.661260453984141, 4294098.010535514913499 ] } },
{ "type": "Feature", "properties": { "A_NUMBER": "D2200322", "A_TYPE": "PL_MINSP", "A_DATE": "2022-09-20T00:00:00", "A_STATUS": "APP", "A_STATUS_D": "2023-09-08T00:00:00", "A_PROJECT_": "West Village Courtyard Renovation", "A_DESCRIPT": "Project is to renovate and update the residential interior courtyards at the West Village community in downtown Durham. The scope of work will include updates to hardscape and planting materials, site furnishings, etc.", "A_USER_ID": "ROBINSH", "A_CASE_PLA": "ROBINSH", "StatCode": "APP", "AppStatus": "Approved", "AppCode": "PL_MINSP", "AppType": "Level 4 - Administrative Site Plan", "CasePlanne": "Robin Schultze", "EMAIL": "Robin.Schultze@durhamnc.gov", "ORIG_FID": 3221, "CreationDa": "2025-09-20T00:00:00", "Creator": "gisproc_sys", "EditDate": "2025-09-20T00:00:00", "Editor": "gisproc_sys", "match_results": [ ], "sf_detached": 0, "sf_attached": 0, "duplex/triplex": 0, "multifamily": 0, "condo": 0 }, "geometry": { "type": "Point", "coordinates": [ -8783825.92017786949873, 4300638.998510448262095 ] } },
{ "type": "Feature", "properties": { "A_NUMBER": "D2000073", "A_TYPE": "PL_MINSP", "A_DATE": "2020-04-01T00:00:00", "A_STATUS": "APP", "A_STATUS_D": "2022-07-01T00:00:00", "A_PROJECT_": "Griffin Townhomes", "A_DESCRIPT": "280 townhome units plus 9 open space lots", "A_USER_ID": "JOHNRA", "A_CASE_PLA": "JOHNRA", "StatCode": "APP", "AppStatus": "Approved", "AppCode": "PL_MINSP", "AppType": "Level 4 - Administrative Site Plan", "CasePlanne": "John Rabon", "EMAIL": "John.Rabon@durhamnc.gov", "ORIG_FID": 3318, "CreationDa": "2025-09-20T00:00:00", "Creator": "gisproc_sys", "EditDate": "2025-09-20T00:00:00", "Editor": "gisproc_sys", "match_results": "[(280, None, 'townhouse', 'units')]", "sf_detached": 0, "sf_attached": 280, "duplex/triplex": 0, "multifamily": 0, "condo": 0 }, "geometry": { "type": "Point", "coordinates": [ -8775623.001346684992313, 4303789.639010804705322 ] } },
{ "type": "Feature", "properties": { "A_NUMBER": "D2100097", "A_TYPE": "PL_MINSP", "A_DATE": "2021-03-31T00:00:00", "A_STATUS": "APP", "A_STATUS_D": "2021-10-01T00:00:00", "A_PROJECT_": "Signature Elevate at the Park", "A_DESCRIPT": "336 apartment unit development with amenities, road improvements to NC 55 per Z1800013", "A_USER_ID": "JESSICADO", "A_CASE_PLA": "JOHNRA", "StatCode": "APP", "AppStatus": "Approved", "AppCode": "PL_MINSP", "AppType": "Level 4 - Administrative Site Plan", "CasePlanne": "John Rabon", "EMAIL": "John.Rabon@durhamnc.gov", "ORIG_FID": 3538, "CreationDa": "2025-09-20T00:00:00", "Creator": "gisproc_sys", "EditDate": "2025-09-20T00:00:00", "Editor": "gisproc_sys", "match_results": "[(336, None, 'apartment', None)]", "sf_detached": 0, "sf_attached": 0, "duplex/triplex": 0, "multifamily": 336, "condo": 0 }, "geometry": { "type": "Point", "coordinates": [ -8782201.134835610166192, 4290061.238447830080986 ] } },
{ "type": "Feature", "properties": { "A_NUMBER": "D2100002", "A_TYPE": "PL_MINSP", "A_DATE": "2021-01-05T00:00:00", "A_STATUS": "APP", "A_STATUS_D": "2021-07-01T00:00:00", "A_PROJECT_": "Parmer RTP Campus Improvements Amendment", "A_DESCRIPT": "Retrofit campus from single tenant use to multi- tenant use", "A_USER_ID": "TREYFI", "A_CASE_PLA": "TREYFI", "StatCode": "APP", "AppStatus": "Approved", "AppCode": "PL_MINSP", "AppType": "Level 4 - Administrative Site Plan", "CasePlanne": "Trey Figueroa", "EMAIL": "Trey.Figueroa@durhamnc.gov", "ORIG_FID": 3556, "CreationDa": "2025-09-20T00:00:00", "Creator": "gisproc_sys", "EditDate": "2025-09-20T00:00:00", "Editor": "gisproc_sys", "match_results": [ ], "sf_detached": 0, "sf_attached": 0, "duplex/triplex": 0, "multifamily": 0, "condo": 0 }, "geometry": { "type": "Point", "coordinates": [ -8778908.124968314543366, 4291605.903383171185851 ] } },
{ "type": "Feature", "properties": { "A_NUMBER": "D1800305", "A_TYPE": "PL_MINSP", "A_DATE": "2018-09-18T00:00:00", "A_STATUS": "APP", "A_STATUS_D": "2019-03-20T00:00:00", "A_PROJECT_": "5321 Page Road", "A_DESCRIPT": "Mixed-Use Development containing approximately 277 units; amenities and 1200 sf of commercial", "A_USER_ID": "COLERE", "A_CASE_PLA": "COLERE", "StatCode": "APP", "AppStatus": "Approved", "AppCode": "PL_MINSP", "AppType": "Level 4 - Administrative Site Plan", "CasePlanne": "Cole Renigar", "EMAIL": "Cole.Renigar@durhamnc.gov", "ORIG_FID": 3559, "CreationDa": "2025-09-20T00:00:00", "Creator": "gisproc_sys", "EditDate": "2025-09-20T00:00:00", "Editor": "gisproc_sys", "match_results": [ ], "sf_detached": 0, "sf_attached": 0, "duplex/triplex": 0, "multifamily": 0, "condo": 0 }, "geometry": { "type": "Point", "coordinates": [ -8776931.481275714933872, 4283970.135017404332757 ] } },
{ "type": "Feature", "properties": { "A_NUMBER": "D1600318", "A_TYPE": "PL_MINSP", "A_DATE": "2016-11-01T00:00:00", "A_STATUS": "APP", "A_STATUS_D": "2018-03-15T00:00:00", "A_PROJECT_": "Vincent Avenue Parcels", "A_DESCRIPT": "34 unit duplexes.", "A_USER_ID": "JOHNRA", "A_CASE_PLA": "DCULTRA", "StatCode": "APP", "AppStatus": "Approved", "AppCode": "PL_MINSP", "AppType": "Level 4 - Administrative Site Plan", "CasePlanne": "Danny Cultra", "EMAIL": "Danny.Cultra@durhamnc.gov", "ORIG_FID": 3560, "CreationDa": "2025-09-20T00:00:00", "Creator": "gisproc_sys", "EditDate": "2025-09-20T00:00:00", "Editor": "gisproc_sys", "match_results": "[(34, None, 'duplex', None)]", "sf_detached": 0, "sf_attached": 0, "duplex/triplex": 34, "multifamily": 0, "condo": 0 }, "geometry": { "type": "Point", "coordinates": [ -8789244.588132958859205, 4303463.165209233760834 ] } },
{ "type": "Feature", "properties": { "A_NUMBER": "D2100011", "A_TYPE": "PL_MINSP", "A_DATE": "2021-01-20T00:00:00", "A_STATUS": "APP", "A_STATUS_D": "2021-07-19T00:00:00", "A_PROJECT_": "Angier Townhomes", "A_DESCRIPT": "115 townhome units. four private roadways, sanitary pump,and associated amenities", "A_USER_ID": "KIMRO", "A_CASE_PLA": "TREYFI", "StatCode": "APP", "AppStatus": "Approved", "AppCode": "PL_MINSP", "AppType": "Level 4 - Administrative Site Plan", "CasePlanne": "Trey Figueroa", "EMAIL": "Trey.Figueroa@durhamnc.gov", "ORIG_FID": 3603, "CreationDa": "2025-09-20T00:00:00", "Creator": "gisproc_sys", "EditDate": "2025-09-20T00:00:00", "Editor": "gisproc_sys", "match_results": "[(115, None, 'townhouse', 'units')]", "sf_detached": 0, "sf_attached": 115, "duplex/triplex": 0, "multifamily": 0, "condo": 0 }, "geometry": { "type": "Point", "coordinates": [ -8775815.464079227298498, 4293063.667648826725781 ] } },
{ "type": "Feature", "properties": { "A_NUMBER": "A1600004", "A_TYPE": "PL_CPAA", "A_DATE": "2016-03-14T00:00:00", "A_STATUS": "APP", "A_STATUS_D": "2016-10-04T00:00:00", "A_PROJECT_": "Bethpage Village IV", "A_DESCRIPT": "Industrial to Low-Medium Density Residential (4-8 DU/Ac.)", "A_USER_ID": "LWOODS", "A_CASE_PLA": "LWOODS", "StatCode": "APP", "AppStatus": "Approved", "AppCode": "PL_CPAA", "AppType": "Comprehensive Plan Map or Plan Amendment", "CasePlanne": null, "EMAIL": null, "ORIG_FID": 3636, "CreationDa": "2025-09-20T00:00:00", "Creator": "gisproc_sys", "EditDate": "2025-09-20T00:00:00", "Editor": "gisproc_sys", "match_results": [ ], "sf_detached": 0, "sf_attached": 0, "duplex/triplex": 0, "multifamily": 0, "condo": 0 }, "geometry": { "type": "Point", "coordinates": [ -8775498.306035028770566, 4287159.889840482734144 ] } },
{ "type": "Feature", "properties": { "A_NUMBER": "D1900359", "A_TYPE": "PL_MINSP", "A_DATE": "2019-10-07T00:00:00", "A_STATUS": "APP", "A_STATUS_D": "2020-04-16T00:00:00", "A_PROJECT_": "Croasdaile Village Heritage Hall", "A_DESCRIPT": "Replace existing building with new building for loss of 2 units", "A_USER_ID": "TREYFI", "A_CASE_PLA": "TREYFI", "StatCode": "APP", "AppStatus": "Approved", "AppCode": "PL_MINSP", "AppType": "Level 4 - Administrative Site Plan", "CasePlanne": "Trey Figueroa", "EMAIL": "Trey.Figueroa@durhamnc.gov", "ORIG_FID": 3669, "CreationDa": "2025-09-20T00:00:00", "Creator": "gisproc_sys", "EditDate": "2025-09-20T00:00:00", "Editor": "gisproc_sys", "match_results": [ ], "sf_detached": 0, "sf_attached": 0, "duplex/triplex": 0, "multifamily": 0, "condo": 0 }, "geometry": { "type": "Point", "coordinates": [ -8787454.74628715403378, 4307041.12136631179601 ] } },
{ "type": "Feature", "properties": { "A_NUMBER": "D2100034", "A_TYPE": "PL_MINSP", "A_DATE": "2021-02-08T00:00:00", "A_STATUS": "APP", "A_STATUS_D": "2023-11-27T00:00:00", "A_PROJECT_": "Wabash Parcels", "A_DESCRIPT": "This project includes 40 townhome lots with associated streets, sidewalks, utilities, grading, stormwater, and landscaping", "A_USER_ID": "KENNETHCA", "A_CASE_PLA": "TREYFI", "StatCode": "APP", "AppStatus": "Approved", "AppCode": "PL_MINSP", "AppType": "Level 4 - Administrative Site Plan", "CasePlanne": "Trey Figueroa", "EMAIL": "Trey.Figueroa@durhamnc.gov", "ORIG_FID": 3674, "CreationDa": "2025-09-20T00:00:00", "Creator": "gisproc_sys", "EditDate": "2025-09-20T00:00:00", "Editor": "gisproc_sys", "match_results": "[(40, None, 'townhouse', 'lots')]", "sf_detached": 0, "sf_attached": 40, "duplex/triplex": 0, "multifamily": 0, "condo": 0 }, "geometry": { "type": "Point", "coordinates": [ -8781879.495707811787724, 4296470.393208228051662 ] } },
{ "type": "Feature", "properties": { "A_NUMBER": "D2100307", "A_TYPE": "PL_MINSP", "A_DATE": "2021-09-10T00:00:00", "A_STATUS": "APP", "A_STATUS_D": "2022-03-14T00:00:00", "A_PROJECT_": "The Villas at Carpenter Woods", "A_DESCRIPT": "34 Single Family Conservation Subdivision", "A_USER_ID": "JESSICADO", "A_CASE_PLA": "TREYFI", "StatCode": "APP", "AppStatus": "Approved", "AppCode": "PL_MINSP", "AppType": "Level 4 - Administrative Site Plan", "CasePlanne": "Trey Figueroa", "EMAIL": "Trey.Figueroa@durhamnc.gov", "ORIG_FID": 3735, "CreationDa": "2025-09-20T00:00:00", "Creator": "gisproc_sys", "EditDate": "2025-09-20T00:00:00", "Editor": "gisproc_sys", "match_results": "[(34, None, 'single family', None)]", "sf_detached": 34, "sf_attached": 0, "duplex/triplex": 0, "multifamily": 0, "condo": 0 }, "geometry": { "type": "Point", "coordinates": [ -8774240.533361231908202, 4304276.02092363499105 ] } },
{ "type": "Feature", "properties": { "A_NUMBER": "D2000176", "A_TYPE": "PL_MINSP", "A_DATE": "2020-07-23T00:00:00", "A_STATUS": "APP", "A_STATUS_D": "2021-04-27T00:00:00", "A_PROJECT_": "The Piedmont at Patterson Place Apartments", "A_DESCRIPT": "3 Apartment buildings (299 units) in 2 Phases and Associated parking and utilities", "A_USER_ID": "COLERE", "A_CASE_PLA": "COLERE", "StatCode": "APP", "AppStatus": "Approved", "AppCode": "PL_MINSP", "AppType": "Level 4 - Administrative Site Plan", "CasePlanne": "Cole Renigar", "EMAIL": "Cole.Renigar@durhamnc.gov", "ORIG_FID": 3772, "CreationDa": "2025-09-20T00:00:00", "Creator": "gisproc_sys", "EditDate": "2025-09-20T00:00:00", "Editor": "gisproc_sys", "match_results": "[(3, None, 'apartment', None)]", "sf_detached": 0, "sf_attached": 0, "duplex/triplex": 0, "multifamily": 3, "condo": 0 }, "geometry": { "type": "Point", "coordinates": [ -8793160.329436250030994, 4293975.214297021739185 ] } },
{ "type": "Feature", "properties": { "A_NUMBER": "D1600178", "A_TYPE": "PL_MINSP", "A_DATE": "2016-06-28T00:00:00", "A_STATUS": "APP", "A_STATUS_D": "2017-03-03T00:00:00", "A_PROJECT_": "Andrews Chapel Amendment", "A_DESCRIPT": "180 single family lots, 231 townhome lots and open space.", "A_USER_ID": "JESSICADO", "A_CASE_PLA": "EMILYST", "StatCode": "APP", "AppStatus": "Approved", "AppCode": "PL_MINSP", "AppType": "Level 4 - Administrative Site Plan", "CasePlanne": "Emily Struthers", "EMAIL": "Emily.Struthers@durhamnc.gov", "ORIG_FID": 3826, "CreationDa": "2025-09-20T00:00:00", "Creator": "gisproc_sys", "EditDate": "2025-09-20T00:00:00", "Editor": "gisproc_sys", "match_results": "[(180, None, 'single family', 'lots'), (231, None, 'townhouse', 'lots')]", "sf_detached": 180, "sf_attached": 231, "duplex/triplex": 0, "multifamily": 0, "condo": 0 }, "geometry": { "type": "Point", "coordinates": [ -8769269.84940448962152, 4290806.277812363579869 ] } },
{ "type": "Feature", "properties": { "A_NUMBER": "D2100274", "A_TYPE": "PL_MINSP", "A_DATE": "2021-08-25T00:00:00", "A_STATUS": "APP", "A_STATUS_D": "2022-04-11T00:00:00", "A_PROJECT_": "Ascend Brightleaf Apartments", "A_DESCRIPT": "336  unit apartment development with the associated parking, utilities, and stormwater management.", "A_USER_ID": "KIMRO", "A_CASE_PLA": "TREYFI", "StatCode": "APP", "AppStatus": "Approved", "AppCode": "PL_MINSP", "AppType": "Level 4 - Administrative Site Plan", "CasePlanne": "Trey Figueroa", "EMAIL": "Trey.Figueroa@durhamnc.gov", "ORIG_FID": 3838, "CreationDa": "2025-09-20T00:00:00", "Creator": "gisproc_sys", "EditDate": "2025-09-20T00:00:00", "Editor": "gisproc_sys", "match_results": "[(336, None, 'apartment', None)]", "sf_detached": 0, "sf_attached": 0, "duplex/triplex": 0, "multifamily": 336, "condo": 0 }, "geometry": { "type": "Point", "coordinates": [ -8774435.976583665236831, 4292825.488740200176835 ] } },
{ "type": "Feature", "properties": { "A_NUMBER": "D1700388", "A_TYPE": "PL_MINSP", "A_DATE": "2017-12-19T00:00:00", "A_STATUS": "APP", "A_STATUS_D": "2018-10-01T00:00:00", "A_PROJECT_": "North Duke Street Mixed Use", "A_DESCRIPT": "Mixed use development with commercial and residential.", "A_USER_ID": "MICHAELKL", "A_CASE_PLA": "EMILYST", "StatCode": "APP", "AppStatus": "Approved", "AppCode": "PL_MINSP", "AppType": "Level 4 - Administrative Site Plan", "CasePlanne": "Emily Struthers", "EMAIL": "Emily.Struthers@durhamnc.gov", "ORIG_FID": 3879, "CreationDa": "2025-09-20T00:00:00", "Creator": "gisproc_sys", "EditDate": "2025-09-20T00:00:00", "Editor": "gisproc_sys", "match_results": [ ], "sf_detached": 0, "sf_attached": 0, "duplex/triplex": 0, "multifamily": 0, "condo": 0 }, "geometry": { "type": "Point", "coordinates": [ -8783686.493824884295464, 4306583.910190331749618 ] } },
{ "type": "Feature", "properties": { "A_NUMBER": "D2200226", "A_TYPE": "PL_MINSP", "A_DATE": "2022-06-28T00:00:00", "A_STATUS": "APP", "A_STATUS_D": "2022-11-23T00:00:00", "A_PROJECT_": "The Enclave at Garrett Grading", "A_DESCRIPT": "Sewer and grading plan for single family residential on existing lots. ", "A_USER_ID": "JESSICADO", "A_CASE_PLA": "ROBINSH", "StatCode": "APP", "AppStatus": "Approved", "AppCode": "PL_MINSP", "AppType": "Level 4 - Administrative Site Plan", "CasePlanne": "Robin Schultze", "EMAIL": "Robin.Schultze@durhamnc.gov", "ORIG_FID": 3935, "CreationDa": "2025-09-20T00:00:00", "Creator": "gisproc_sys", "EditDate": "2025-09-20T00:00:00", "Editor": "gisproc_sys", "match_results": [ ], "sf_detached": 0, "sf_attached": 0, "duplex/triplex": 0, "multifamily": 0, "condo": 0 }, "geometry": { "type": "Point", "coordinates": [ -8790771.094099875539541, 4293085.44158323854208 ] } },
{ "type": "Feature", "properties": { "A_NUMBER": "D1900025", "A_TYPE": "PL_MINSP", "A_DATE": "2019-02-05T00:00:00", "A_STATUS": "APP", "A_STATUS_D": "2019-06-18T00:00:00", "A_PROJECT_": "Gateway Center Building 2", "A_DESCRIPT": "112 Multi-Family Development", "A_USER_ID": "AMANDAHO", "A_CASE_PLA": "COURTNEYMC", "StatCode": "APP", "AppStatus": "Approved", "AppCode": "PL_MINSP", "AppType": "Level 4 - Administrative Site Plan", "CasePlanne": "Courtney McQueen", "EMAIL": "Courtney.McQueen@durhamnc.gov", "ORIG_FID": 4029, "CreationDa": "2025-09-20T00:00:00", "Creator": "gisproc_sys", "EditDate": "2025-09-20T00:00:00", "Editor": "gisproc_sys", "match_results": "[(112, None, 'multifamily', None)]", "sf_detached": 0, "sf_attached": 0, "duplex/triplex": 0, "multifamily": 112, "condo": 0 }, "geometry": { "type": "Point", "coordinates": [ -8783155.471418520435691, 4299245.641138390637934 ] } },
{ "type": "Feature", "properties": { "A_NUMBER": "D2200007", "A_TYPE": "PL_MINSP", "A_DATE": "2022-01-07T00:00:00", "A_STATUS": "APP", "A_STATUS_D": "2022-09-23T00:00:00", "A_PROJECT_": "Washington Street Mixed - Use", "A_DESCRIPT": "311 Multi -family apartments with ground floor retail, amenities, and parking garage. Existing historic City Place Garage/RetailOffice and Fire Tower", "A_USER_ID": "JESSICADO", "A_CASE_PLA": "ROBINSH", "StatCode": "APP", "AppStatus": "Approved", "AppCode": "PL_MINSP", "AppType": "Level 4 - Administrative Site Plan", "CasePlanne": "Robin Schultze", "EMAIL": "Robin.Schultze@durhamnc.gov", "ORIG_FID": 4108, "CreationDa": "2025-09-20T00:00:00", "Creator": "gisproc_sys", "EditDate": "2025-09-20T00:00:00", "Editor": "gisproc_sys", "match_results": "[(311, None, 'multifamily', None)]", "sf_detached": 0, "sf_attached": 0, "duplex/triplex": 0, "multifamily": 311, "condo": 0 }, "geometry": { "type": "Point", "coordinates": [ -8783501.64485576748848, 4301171.504184612073004 ] } },
{ "type": "Feature", "properties": { "A_NUMBER": "D2100045", "A_TYPE": "PL_MINSP", "A_DATE": "2021-02-15T00:00:00", "A_STATUS": "APP", "A_STATUS_D": "2021-11-05T00:00:00", "A_PROJECT_": "Alexander Crossing", "A_DESCRIPT": "3 apartment buildings  ( 176 units ) and an amenity center", "A_USER_ID": "JESSICADO", "A_CASE_PLA": "ROBINSH", "StatCode": "APP", "AppStatus": "Approved", "AppCode": "PL_MINSP", "AppType": "Level 4 - Administrative Site Plan", "CasePlanne": "Robin Schultze", "EMAIL": "Robin.Schultze@durhamnc.gov", "ORIG_FID": 4140, "CreationDa": "2025-09-20T00:00:00", "Creator": "gisproc_sys", "EditDate": "2025-09-20T00:00:00", "Editor": "gisproc_sys", "match_results": "[(3, None, 'apartment', None)]", "sf_detached": 0, "sf_attached": 0, "duplex/triplex": 0, "multifamily": 3, "condo": 0 }, "geometry": { "type": "Point", "coordinates": [ -8781670.013729099184275, 4284227.481331031769514 ] } },
{ "type": "Feature", "properties": { "A_NUMBER": "D1500132", "A_TYPE": "PL_MINSP", "A_DATE": "2015-05-26T00:00:00", "A_STATUS": "APP", "A_STATUS_D": "2016-04-19T00:00:00", "A_PROJECT_": "Blacknall Church Off-site Parking Lot", "A_DESCRIPT": "Removal of existing dwellings and construction 43 space parking lot", "A_USER_ID": "DACIARE", "A_CASE_PLA": "NIARO", "StatCode": "APP", "AppStatus": "Approved", "AppCode": "PL_MINSP", "AppType": "Level 4 - Administrative Site Plan", "CasePlanne": "Nia Rodgers", "EMAIL": "nia.rodgers@durhamnc.gov", "ORIG_FID": 4167, "CreationDa": "2025-09-20T00:00:00", "Creator": "gisproc_sys", "EditDate": "2025-09-20T00:00:00", "Editor": "gisproc_sys", "match_results": [ ], "sf_detached": 0, "sf_attached": 0, "duplex/triplex": 0, "multifamily": 0, "condo": 0 }, "geometry": { "type": "Point", "coordinates": [ -8785393.417053615674376, 4301826.416919829323888 ] } },
{ "type": "Feature", "properties": { "A_NUMBER": "D2400006", "A_TYPE": "PL_MINSP", "A_DATE": "2024-01-16T00:00:00", "A_STATUS": "APP", "A_STATUS_D": "2024-07-10T00:00:00", "A_PROJECT_": "Alexander Crossing (new)", "A_DESCRIPT": "Apartments (176 units) with club house and dog park.", "A_USER_ID": "JUSTINH", "A_CASE_PLA": "COLERE", "StatCode": "APP", "AppStatus": "Approved", "AppCode": "PL_MINSP", "AppType": "Level 4 - Administrative Site Plan", "CasePlanne": "Cole Renigar", "EMAIL": "Cole.Renigar@durhamnc.gov", "ORIG_FID": 4281, "CreationDa": "2025-09-20T00:00:00", "Creator": "gisproc_sys", "EditDate": "2025-09-20T00:00:00", "Editor": "gisproc_sys", "match_results": "[(176, None, 'apartment', 'units')]", "sf_detached": 0, "sf_attached": 0, "duplex/triplex": 0, "multifamily": 176, "condo": 0 }, "geometry": { "type": "Point", "coordinates": [ -8781671.037073101848364, 4284226.636799542233348 ] } },
{ "type": "Feature", "properties": { "A_NUMBER": "D1500338", "A_TYPE": "PL_SSP_SM", "A_DATE": "2015-11-17T00:00:00", "A_STATUS": "APP", "A_STATUS_D": "2016-03-29T00:00:00", "A_PROJECT_": "Creekside at Bethpage Townhome Amendment", "A_DESCRIPT": "Convert a group of single-family lots in phase 3 to townhomes. No change to roads, add building elevations, add sub-phases, modifications to tree coverage to match construction drawings, revisions to special notes.", "A_USER_ID": "TDANNER", "A_CASE_PLA": "DCULTRA", "StatCode": "APP", "AppStatus": "Approved", "AppCode": "PL_SSP_SM", "AppType": "Level 3 - Administrative Site Plan", "CasePlanne": "Danny Cultra", "EMAIL": "Danny.Cultra@durhamnc.gov", "ORIG_FID": 4329, "CreationDa": "2025-09-20T00:00:00", "Creator": "gisproc_sys", "EditDate": "2025-09-20T00:00:00", "Editor": "gisproc_sys", "match_results": "[(3, None, 'single family', None)]", "sf_detached": 3, "sf_attached": 0, "duplex/triplex": 0, "multifamily": 0, "condo": 0 }, "geometry": { "type": "Point", "coordinates": [ -8775498.306035028770566, 4287159.889840482734144 ] } },
{ "type": "Feature", "properties": { "A_NUMBER": "D1500044", "A_TYPE": "PL_MINSP", "A_DATE": "2015-03-03T00:00:00", "A_STATUS": "APP", "A_STATUS_D": "2015-09-01T00:00:00", "A_PROJECT_": "Whitted School", "A_DESCRIPT": "Adaptive re-use of the historic Whitted School. Project involves the renovation of the existing building and a new building to incorporate 79 residential units and a pre-K program", "A_USER_ID": "DACIARE", "A_CASE_PLA": "BDOBRZENSKI", "StatCode": "APP", "AppStatus": "Approved", "AppCode": "PL_MINSP", "AppType": "Level 4 - Administrative Site Plan", "CasePlanne": "Bo Dobrzenski", "EMAIL": "Bo.Dobrzenski@durhamnc.gov", "ORIG_FID": 4332, "CreationDa": "2025-09-20T00:00:00", "Creator": "gisproc_sys", "EditDate": "2025-09-20T00:00:00", "Editor": "gisproc_sys", "match_results": [ ], "sf_detached": 0, "sf_attached": 0, "duplex/triplex": 0, "multifamily": 0, "condo": 0 }, "geometry": { "type": "Point", "coordinates": [ -8783398.187089685350657, 4298163.09741507191211 ] } },
{ "type": "Feature", "properties": { "A_NUMBER": "D1900221", "A_TYPE": "PL_MINSP", "A_DATE": "2019-07-10T00:00:00", "A_STATUS": "APP", "A_STATUS_D": "2019-12-30T00:00:00", "A_PROJECT_": "The Landings at Southpoint Phase 2", "A_DESCRIPT": "25 Condo Units", "A_USER_ID": "JWEIST", "A_CASE_PLA": "TREYFI", "StatCode": "APP", "AppStatus": "Approved", "AppCode": "PL_MINSP", "AppType": "Level 4 - Administrative Site Plan", "CasePlanne": "Trey Figueroa", "EMAIL": "Trey.Figueroa@durhamnc.gov", "ORIG_FID": 4335, "CreationDa": "2025-09-20T00:00:00", "Creator": "gisproc_sys", "EditDate": "2025-09-20T00:00:00", "Editor": "gisproc_sys", "match_results": "[(25, None, 'condo', 'units')]", "sf_detached": 0, "sf_attached": 0, "duplex/triplex": 0, "multifamily": 0, "condo": 25 }, "geometry": { "type": "Point", "coordinates": [ -8790373.815009970217943, 4288855.567883206531405 ] } },
{ "type": "Feature", "properties": { "A_NUMBER": "D2300145", "A_TYPE": "PL_MINSP", "A_DATE": "2023-06-02T00:00:00", "A_STATUS": "APP", "A_STATUS_D": "2024-07-16T00:00:00", "A_PROJECT_": "Oakridge Residential", "A_DESCRIPT": "930 Multifamily units with structured parking.", "A_USER_ID": "COLERE", "A_CASE_PLA": "COLERE", "StatCode": "APP", "AppStatus": "Approved", "AppCode": "PL_MINSP", "AppType": "Level 4 - Administrative Site Plan", "CasePlanne": "Cole Renigar", "EMAIL": "Cole.Renigar@durhamnc.gov", "ORIG_FID": 4367, "CreationDa": "2025-09-20T00:00:00", "Creator": "gisproc_sys", "EditDate": "2025-09-20T00:00:00", "Editor": "gisproc_sys", "match_results": "[(930, None, 'multifamily', 'units')]", "sf_detached": 0, "sf_attached": 0, "duplex/triplex": 0, "multifamily": 930, "condo": 0 }, "geometry": { "type": "Point", "coordinates": [ -8792901.18808114156127, 4295076.421230068430305 ] } },
{ "type": "Feature", "properties": { "A_NUMBER": "D1900050", "A_TYPE": "PL_MINSP", "A_DATE": "2019-02-25T00:00:00", "A_STATUS": "APP", "A_STATUS_D": "2020-06-30T00:00:00", "A_PROJECT_": "Corporation Street Townhomes", "A_DESCRIPT": "3 Townhome Units", "A_USER_ID": "KRISTINEMU", "A_CASE_PLA": "COURTNEYMC", "StatCode": "APP", "AppStatus": "Approved", "AppCode": "PL_MINSP", "AppType": "Level 4 - Administrative Site Plan", "CasePlanne": "Courtney McQueen", "EMAIL": "Courtney.McQueen@durhamnc.gov", "ORIG_FID": 4392, "CreationDa": "2025-09-20T00:00:00", "Creator": "gisproc_sys", "EditDate": "2025-09-20T00:00:00", "Editor": "gisproc_sys", "match_results": "[(3, None, 'townhouse', 'units')]", "sf_detached": 0, "sf_attached": 3, "duplex/triplex": 0, "multifamily": 0, "condo": 0 }, "geometry": { "type": "Point", "coordinates": [ -8782773.341275462880731, 4300877.929861011914909 ] } },
{ "type": "Feature", "properties": { "A_NUMBER": "D2100040", "A_TYPE": "PL_MINSP", "A_DATE": "2021-02-10T00:00:00", "A_STATUS": "APP", "A_STATUS_D": "2021-09-24T00:00:00", "A_PROJECT_": "Townhome Development(1432 Ellis Rd)", "A_DESCRIPT": "192 townhome units and associated amenities", "A_USER_ID": "KIMRO", "A_CASE_PLA": "COLERE", "StatCode": "APP", "AppStatus": "Approved", "AppCode": "PL_MINSP", "AppType": "Level 4 - Administrative Site Plan", "CasePlanne": "Cole Renigar", "EMAIL": "Cole.Renigar@durhamnc.gov", "ORIG_FID": 4547, "CreationDa": "2025-09-20T00:00:00", "Creator": "gisproc_sys", "EditDate": "2025-09-20T00:00:00", "Editor": "gisproc_sys", "match_results": "[(192, None, 'townhouse', 'units')]", "sf_detached": 0, "sf_attached": 192, "duplex/triplex": 0, "multifamily": 0, "condo": 0 }, "geometry": { "type": "Point", "coordinates": [ -8779839.95388213917613, 4293482.276832926087081 ] } },
{ "type": "Feature", "properties": { "A_NUMBER": "D2300180", "A_TYPE": "PL_MINSP", "A_DATE": "2023-07-20T00:00:00", "A_STATUS": "APP", "A_STATUS_D": "2024-07-03T00:00:00", "A_PROJECT_": "Meridian Forty54", "A_DESCRIPT": "219 multifamily units totaling at 304,673 sq. ft. with surface parking.", "A_USER_ID": "EDWARDFR", "A_CASE_PLA": "TREYFI", "StatCode": "APP", "AppStatus": "Approved", "AppCode": "PL_MINSP", "AppType": "Level 4 - Administrative Site Plan", "CasePlanne": "Trey Figueroa", "EMAIL": "Trey.Figueroa@durhamnc.gov", "ORIG_FID": 4579, "CreationDa": "2025-09-20T00:00:00", "Creator": "gisproc_sys", "EditDate": "2025-09-20T00:00:00", "Editor": "gisproc_sys", "match_results": "[(219, None, 'multifamily', 'units')]", "sf_detached": 0, "sf_attached": 0, "duplex/triplex": 0, "multifamily": 219, "condo": 0 }, "geometry": { "type": "Point", "coordinates": [ -8792879.884655456990004, 4289510.622813986614347 ] } },
{ "type": "Feature", "properties": { "A_NUMBER": "D2200107", "A_TYPE": "PL_MINSP", "A_DATE": "2022-03-31T00:00:00", "A_STATUS": "APP", "A_STATUS_D": "2023-05-10T00:00:00", "A_PROJECT_": "Downtown Durham YMCA", "A_DESCRIPT": "Proposed mixed-use building with associated structured and site / Utility upgrades.", "A_USER_ID": "TREYFI", "A_CASE_PLA": "TREYFI", "StatCode": "APP", "AppStatus": "Approved", "AppCode": "PL_MINSP", "AppType": "Level 4 - Administrative Site Plan", "CasePlanne": "Trey Figueroa", "EMAIL": "Trey.Figueroa@durhamnc.gov", "ORIG_FID": 4593, "CreationDa": "2025-09-20T00:00:00", "Creator": "gisproc_sys", "EditDate": "2025-09-20T00:00:00", "Editor": "gisproc_sys", "match_results": [ ], "sf_detached": 0, "sf_attached": 0, "duplex/triplex": 0, "multifamily": 0, "condo": 0 }, "geometry": { "type": "Point", "coordinates": [ -8783225.117325939238071, 4300440.219262244179845 ] } },
{ "type": "Feature", "properties": { "A_NUMBER": "D2000225", "A_TYPE": "PL_MINSP", "A_DATE": "2020-09-23T00:00:00", "A_STATUS": "APP", "A_STATUS_D": "2022-02-08T00:00:00", "A_PROJECT_": "Harlowe Point (formerly S. Mineral and Pleasant)", "A_DESCRIPT": "174 single family residential lots + 7 Open Space lots", "A_USER_ID": "COLERE", "A_CASE_PLA": "COLERE", "StatCode": "APP", "AppStatus": "Approved", "AppCode": "PL_MINSP", "AppType": "Level 4 - Administrative Site Plan", "CasePlanne": "Cole Renigar", "EMAIL": "Cole.Renigar@durhamnc.gov", "ORIG_FID": 4671, "CreationDa": "2025-09-20T00:00:00", "Creator": "gisproc_sys", "EditDate": "2025-09-20T00:00:00", "Editor": "gisproc_sys", "match_results": "[(174, None, 'single family', None)]", "sf_detached": 174, "sf_attached": 0, "duplex/triplex": 0, "multifamily": 0, "condo": 0 }, "geometry": { "type": "Point", "coordinates": [ -8775339.158213093876839, 4296148.862712564878166 ] } },
{ "type": "Feature", "properties": { "A_NUMBER": "D1700200", "A_TYPE": "PL_MINSP", "A_DATE": "2017-06-13T00:00:00", "A_STATUS": "APP", "A_STATUS_D": "2018-02-15T00:00:00", "A_PROJECT_": "Elliott Square Townhomes", "A_DESCRIPT": "37-unit townhome development.", "A_USER_ID": "DACIARE", "A_CASE_PLA": "EMILYST", "StatCode": "APP", "AppStatus": "Approved", "AppCode": "PL_MINSP", "AppType": "Level 4 - Administrative Site Plan", "CasePlanne": "Emily Struthers", "EMAIL": "Emily.Struthers@durhamnc.gov", "ORIG_FID": 4695, "CreationDa": "2025-09-20T00:00:00", "Creator": "gisproc_sys", "EditDate": "2025-09-20T00:00:00", "Editor": "gisproc_sys", "match_results": "[(37, None, 'townhouse', None)]", "sf_detached": 0, "sf_attached": 37, "duplex/triplex": 0, "multifamily": 0, "condo": 0 }, "geometry": { "type": "Point", "coordinates": [ -8782575.738659679889679, 4300245.644212683662772 ] } },
{ "type": "Feature", "properties": { "A_NUMBER": "D2100293", "A_TYPE": "PL_MINSP", "A_DATE": "2021-09-03T00:00:00", "A_STATUS": "APP", "A_STATUS_D": "2022-03-30T00:00:00", "A_PROJECT_": "Bethpage Apartments Amendment", "A_DESCRIPT": "Increase in unit number from 228 to 240 Multi-Family Apartment units and associated amenity spaces", "A_USER_ID": "KIMRO", "A_CASE_PLA": "JOHNRA", "StatCode": "APP", "AppStatus": "Approved", "AppCode": "PL_MINSP", "AppType": "Level 4 - Administrative Site Plan", "CasePlanne": "John Rabon", "EMAIL": "John.Rabon@durhamnc.gov", "ORIG_FID": 4780, "CreationDa": "2025-09-20T00:00:00", "Creator": "gisproc_sys", "EditDate": "2025-09-20T00:00:00", "Editor": "gisproc_sys", "match_results": "[(228, None, 'multifamily', None)]", "sf_detached": 0, "sf_attached": 0, "duplex/triplex": 0, "multifamily": 228, "condo": 0 }, "geometry": { "type": "Point", "coordinates": [ -8774957.571193814277649, 4286258.799417152069509 ] } },
{ "type": "Feature", "properties": { "A_NUMBER": "D1900218", "A_TYPE": "PL_PPA", "A_DATE": "2019-07-08T00:00:00", "A_STATUS": "APP", "A_STATUS_D": "2020-02-26T00:00:00", "A_PROJECT_": "HUB RTP", "A_DESCRIPT": "Infrastructure Constructure for Future Mixed Use Development", "A_USER_ID": "EARLENETHO", "A_CASE_PLA": "COLERE", "StatCode": "APP", "AppStatus": "Approved", "AppCode": "PL_PPA", "AppType": "Preliminary Plat Amendment", "CasePlanne": "Cole Renigar", "EMAIL": "Cole.Renigar@durhamnc.gov", "ORIG_FID": 4828, "CreationDa": "2025-09-20T00:00:00", "Creator": "gisproc_sys", "EditDate": "2025-09-20T00:00:00", "Editor": "gisproc_sys", "match_results": [ ], "sf_detached": 0, "sf_attached": 0, "duplex/triplex": 0, "multifamily": 0, "condo": 0 }, "geometry": { "type": "Point", "coordinates": [ -8779264.884253930300474, 4286126.820363512262702 ] } },
{ "type": "Feature", "properties": { "A_NUMBER": "D2300141", "A_TYPE": "PL_MINSP", "A_DATE": "2023-05-25T00:00:00", "A_STATUS": "APP", "A_STATUS_D": "2024-08-13T00:00:00", "A_PROJECT_": "Copper Run North", "A_DESCRIPT": "80 Townhomes with public infrastructure.", "A_USER_ID": "COLERE", "A_CASE_PLA": "COLERE", "StatCode": "APP", "AppStatus": "Approved", "AppCode": "PL_MINSP", "AppType": "Level 4 - Administrative Site Plan", "CasePlanne": "Cole Renigar", "EMAIL": "Cole.Renigar@durhamnc.gov", "ORIG_FID": 4865, "CreationDa": "2025-09-20T00:00:00", "Creator": "gisproc_sys", "EditDate": "2025-09-20T00:00:00", "Editor": "gisproc_sys", "match_results": "[(80, None, 'townhouse', None)]", "sf_detached": 0, "sf_attached": 80, "duplex/triplex": 0, "multifamily": 0, "condo": 0 }, "geometry": { "type": "Point", "coordinates": [ -8775091.441785229369998, 4293431.078706841915846 ] } },
{ "type": "Feature", "properties": { "A_NUMBER": "D2300186", "A_TYPE": "PL_MINSP", "A_DATE": "2023-07-24T00:00:00", "A_STATUS": "APP", "A_STATUS_D": "2025-04-14T00:00:00", "A_PROJECT_": "901-903 Sherron Rd", "A_DESCRIPT": "Proposed 29 single-family and 33 residential townhouse lots with 4 open space lots.", "A_USER_ID": "COLERE", "A_CASE_PLA": "COLERE", "StatCode": "APP", "AppStatus": "Approved", "AppCode": "PL_MINSP", "AppType": "Level 4 - Administrative Site Plan", "CasePlanne": "Cole Renigar", "EMAIL": "Cole.Renigar@durhamnc.gov", "ORIG_FID": 4923, "CreationDa": "2025-09-20T00:00:00", "Creator": "gisproc_sys", "EditDate": "2025-09-20T00:00:00", "Editor": "gisproc_sys", "match_results": "[(29, None, 'single family', None), (33, None, 'townhouse', 'lots')]", "sf_detached": 29, "sf_attached": 33, "duplex/triplex": 0, "multifamily": 0, "condo": 0 }, "geometry": { "type": "Point", "coordinates": [ -8772789.789984706789255, 4295192.838946657255292 ] } },
{ "type": "Feature", "properties": { "A_NUMBER": "D1500212", "A_TYPE": "PL_MINSP", "A_DATE": "2015-08-04T00:00:00", "A_STATUS": "APP", "A_STATUS_D": "2016-09-22T00:00:00", "A_PROJECT_": "Miami Blvd Car Lot", "A_DESCRIPT": "Conversion of existing dwelling and lot to vehicle sales use", "A_USER_ID": "DDOTY", "A_CASE_PLA": "NIARO", "StatCode": "APP", "AppStatus": "Approved", "AppCode": "PL_MINSP", "AppType": "Level 4 - Administrative Site Plan", "CasePlanne": "Nia Rodgers", "EMAIL": "nia.rodgers@durhamnc.gov", "ORIG_FID": 4934, "CreationDa": "2025-09-20T00:00:00", "Creator": "gisproc_sys", "EditDate": "2025-09-20T00:00:00", "Editor": "gisproc_sys", "match_results": [ ], "sf_detached": 0, "sf_attached": 0, "duplex/triplex": 0, "multifamily": 0, "condo": 0 }, "geometry": { "type": "Point", "coordinates": [ -8776960.030301870778203, 4290565.357210927642882 ] } },
{ "type": "Feature", "properties": { "A_NUMBER": "D2300103", "A_TYPE": "PL_MINSP", "A_DATE": "2023-04-13T00:00:00", "A_STATUS": "APP", "A_STATUS_D": "2023-11-30T00:00:00", "A_PROJECT_": "NOVEL UHill", "A_DESCRIPT": "A 448,537 square foot (sf) multifamily building (400 units) with a 2,566 sf commercial business, a 178,018 sf garage, and associated infrastructure with off-site improvements on 2 existing lots.", "A_USER_ID": "JESSICADO", "A_CASE_PLA": "ROBINSH", "StatCode": "APP", "AppStatus": "Approved", "AppCode": "PL_MINSP", "AppType": "Level 4 - Administrative Site Plan", "CasePlanne": "Robin Schultze", "EMAIL": "Robin.Schultze@durhamnc.gov", "ORIG_FID": 4963, "CreationDa": "2025-09-20T00:00:00", "Creator": "gisproc_sys", "EditDate": "2025-09-20T00:00:00", "Editor": "gisproc_sys", "match_results": "[(400, None, 'multifamily', 'units')]", "sf_detached": 0, "sf_attached": 0, "duplex/triplex": 0, "multifamily": 400, "condo": 0 }, "geometry": { "type": "Point", "coordinates": [ -8788992.743906253948808, 4296466.375036055222154 ] } },
{ "type": "Feature", "properties": { "A_NUMBER": "D2200300", "A_TYPE": "PL_MINSP", "A_DATE": "2022-09-06T00:00:00", "A_STATUS": "APP", "A_STATUS_D": "2024-01-25T00:00:00", "A_PROJECT_": "Pineview Glen Townhomes", "A_DESCRIPT": "Residential townhome project with associated infrastructure (67 units). Associated with rezoning case ZZ2100003 and annexation BDG2100007.", "A_USER_ID": "KYLETA", "A_CASE_PLA": "ROBINSH", "StatCode": "APP", "AppStatus": "Approved", "AppCode": "PL_MINSP", "AppType": "Level 4 - Administrative Site Plan", "CasePlanne": "Robin Schultze", "EMAIL": "Robin.Schultze@durhamnc.gov", "ORIG_FID": 5126, "CreationDa": "2025-09-20T00:00:00", "Creator": "gisproc_sys", "EditDate": "2025-09-20T00:00:00", "Editor": "gisproc_sys", "match_results": "[(67, None, 'townhouse', 'units')]", "sf_detached": 0, "sf_attached": 67, "duplex/triplex": 0, "multifamily": 0, "condo": 0 }, "geometry": { "type": "Point", "coordinates": [ -8773146.324420921504498, 4290686.46391539555043 ] } },
{ "type": "Feature", "properties": { "A_NUMBER": "D1700138", "A_TYPE": "PL_MINSP", "A_DATE": "2017-05-02T00:00:00", "A_STATUS": "APP", "A_STATUS_D": "2017-12-01T00:00:00", "A_PROJECT_": "Morehead Hills Townhomes", "A_DESCRIPT": "25 unit townhome development zoned DD-S2 and located at 411 Cobb Street", "A_USER_ID": "ROBINSH", "A_CASE_PLA": "AWOLFF", "StatCode": "APP", "AppStatus": "Approved", "AppCode": "PL_MINSP", "AppType": "Level 4 - Administrative Site Plan", "CasePlanne": "Amy Wolff", "EMAIL": "Amy.Wolff@durhamnc.gov", "ORIG_FID": 5203, "CreationDa": "2025-09-20T00:00:00", "Creator": "gisproc_sys", "EditDate": "2025-09-20T00:00:00", "Editor": "gisproc_sys", "match_results": "[(25, None, 'townhouse', None)]", "sf_detached": 0, "sf_attached": 25, "duplex/triplex": 0, "multifamily": 0, "condo": 0 }, "geometry": { "type": "Point", "coordinates": [ -8783994.29955323971808, 4299035.240840264596045 ] } },
{ "type": "Feature", "properties": { "A_NUMBER": "D1700358", "A_TYPE": "PL_MINSP", "A_DATE": "2017-11-21T00:00:00", "A_STATUS": "APP", "A_STATUS_D": "2018-05-30T00:00:00", "A_PROJECT_": "Colvard Farms Phase 10", "A_DESCRIPT": "15 single family lots.", "A_USER_ID": "JESSICADO", "A_CASE_PLA": "EMILYST", "StatCode": "APP", "AppStatus": "Approved", "AppCode": "PL_MINSP", "AppType": "Level 4 - Administrative Site Plan", "CasePlanne": "Emily Struthers", "EMAIL": "Emily.Struthers@durhamnc.gov", "ORIG_FID": 5205, "CreationDa": "2025-09-20T00:00:00", "Creator": "gisproc_sys", "EditDate": "2025-09-20T00:00:00", "Editor": "gisproc_sys", "match_results": "[(15, None, 'single family', 'lots')]", "sf_detached": 15, "sf_attached": 0, "duplex/triplex": 0, "multifamily": 0, "condo": 0 }, "geometry": { "type": "Point", "coordinates": [ -8789347.748615216463804, 4282651.253119952976704 ] } },
{ "type": "Feature", "properties": { "A_NUMBER": "D1900225", "A_TYPE": "PL_MINSP", "A_DATE": "2019-07-11T00:00:00", "A_STATUS": "APP", "A_STATUS_D": "2022-01-14T00:00:00", "A_PROJECT_": "Westpoint", "A_DESCRIPT": "Proposed residential subdivison that includes single family and townhomes and the associated infrastructure", "A_USER_ID": "AMANDAHO", "A_CASE_PLA": "ROBINSH", "StatCode": "APP", "AppStatus": "Approved", "AppCode": "PL_MINSP", "AppType": "Level 4 - Administrative Site Plan", "CasePlanne": "Robin Schultze", "EMAIL": "Robin.Schultze@durhamnc.gov", "ORIG_FID": 5219, "CreationDa": "2025-09-20T00:00:00", "Creator": "gisproc_sys", "EditDate": "2025-09-20T00:00:00", "Editor": "gisproc_sys", "match_results": [ ], "sf_detached": 0, "sf_attached": 0, "duplex/triplex": 0, "multifamily": 0, "condo": 0 }, "geometry": { "type": "Point", "coordinates": [ -8784790.244990864768624, 4309499.727387095801532 ] } },
{ "type": "Feature", "properties": { "A_NUMBER": "D2100317", "A_TYPE": "PL_MINSP", "A_DATE": "2021-09-20T00:00:00", "A_STATUS": "APP", "A_STATUS_D": "2022-11-21T00:00:00", "A_PROJECT_": "Fowler Tract - Phase 1", "A_DESCRIPT": "65 Single -Family & 86 Townhouse lots. Includes some grading over the future phase.", "A_USER_ID": "JESSICADO", "A_CASE_PLA": "ROBINSH", "StatCode": "APP", "AppStatus": "Approved", "AppCode": "PL_MINSP", "AppType": "Level 4 - Administrative Site Plan", "CasePlanne": "Robin Schultze", "EMAIL": "Robin.Schultze@durhamnc.gov", "ORIG_FID": 5252, "CreationDa": "2025-09-20T00:00:00", "Creator": "gisproc_sys", "EditDate": "2025-09-20T00:00:00", "Editor": "gisproc_sys", "match_results": "[(65, None, 'single family', None), (86, None, 'townhouse', 'lots')]", "sf_detached": 65, "sf_attached": 86, "duplex/triplex": 0, "multifamily": 0, "condo": 0 }, "geometry": { "type": "Point", "coordinates": [ -8770383.925379740074277, 4294363.077029128558934 ] } },
{ "type": "Feature", "properties": { "A_NUMBER": "D2400083", "A_TYPE": "PL_MINSP", "A_DATE": "2024-04-11T00:00:00", "A_STATUS": "APP", "A_STATUS_D": "2025-05-05T00:00:00", "A_PROJECT_": "751 Excelsior Grand Residential", "A_DESCRIPT": "208 Single-family, 186 townhouses, 8 apartments residential development. 402 Total Units\r\n", "A_USER_ID": "ADDMGR", "A_CASE_PLA": "COLERE", "StatCode": "APP", "AppStatus": "Approved", "AppCode": "PL_MINSP", "AppType": "Level 4 - Administrative Site Plan", "CasePlanne": "Cole Renigar", "EMAIL": "Cole.Renigar@durhamnc.gov", "ORIG_FID": 5265, "CreationDa": "2025-09-20T00:00:00", "Creator": "gisproc_sys", "EditDate": "2025-09-20T00:00:00", "Editor": "gisproc_sys", "match_results": "[(208, None, 'single family', None), (186, None, 'townhouse', None), (8, None, 'apartment', None)]", "sf_detached": 208, "sf_attached": 186, "duplex/triplex": 0, "multifamily": 8, "condo": 0 }, "geometry": { "type": "Point", "coordinates": [ -8789196.083412978798151, 4283971.548552281223238 ] } },
{ "type": "Feature", "properties": { "A_NUMBER": "D2400084", "A_TYPE": "PL_MINSP", "A_DATE": "2024-04-11T00:00:00", "A_STATUS": "ON_HOLD", "A_STATUS_D": "2025-04-30T00:00:00", "A_PROJECT_": "Tocqueville Townes", "A_DESCRIPT": "22 proposed townhome units, playground, trail, and two bio-retention ponds.", "A_USER_ID": "MICHAELIR", "A_CASE_PLA": "TREYFI", "StatCode": "ON_HOLD", "AppStatus": "On Hold", "AppCode": "PL_MINSP", "AppType": "Level 4 - Administrative Site Plan", "CasePlanne": "Trey Figueroa", "EMAIL": "Trey.Figueroa@durhamnc.gov", "ORIG_FID": 5268, "CreationDa": "2025-09-20T00:00:00", "Creator": "gisproc_sys", "EditDate": "2025-09-20T00:00:00", "Editor": "gisproc_sys", "match_results": "[(22, None, 'townhouse', 'units')]", "sf_detached": 0, "sf_attached": 22, "duplex/triplex": 0, "multifamily": 0, "condo": 0 }, "geometry": { "type": "Point", "coordinates": [ -8782068.722936367616057, 4307099.864053604193032 ] } },
{ "type": "Feature", "properties": { "A_NUMBER": "D1900084", "A_TYPE": "PL_MINSP", "A_DATE": "2019-03-28T00:00:00", "A_STATUS": "APP", "A_STATUS_D": "2019-12-02T00:00:00", "A_PROJECT_": "Venable Center Multi-Family", "A_DESCRIPT": "Multifamily building with structured parking - 244 units", "A_USER_ID": "TDANNER", "A_CASE_PLA": "COURTNEYMC", "StatCode": "APP", "AppStatus": "Approved", "AppCode": "PL_MINSP", "AppType": "Level 4 - Administrative Site Plan", "CasePlanne": "Courtney McQueen", "EMAIL": "Courtney.McQueen@durhamnc.gov", "ORIG_FID": 5314, "CreationDa": "2025-09-20T00:00:00", "Creator": "gisproc_sys", "EditDate": "2025-09-20T00:00:00", "Editor": "gisproc_sys", "match_results": [ ], "sf_detached": 0, "sf_attached": 0, "duplex/triplex": 0, "multifamily": 0, "condo": 0 }, "geometry": { "type": "Point", "coordinates": [ -8782922.632605357095599, 4299352.54445378575474 ] } },
{ "type": "Feature", "properties": { "A_NUMBER": "D2400105", "A_TYPE": "PL_MINSP", "A_DATE": "2024-05-03T00:00:00", "A_STATUS": "APP", "A_STATUS_D": "2025-04-21T00:00:00", "A_PROJECT_": "902 S Briggs Ave Affordable Housing", "A_DESCRIPT": "The proposed affordable housing project includes the development of two multifamily apartment buildings with 124 units.", "A_USER_ID": "TREYFI", "A_CASE_PLA": "TREYFI", "StatCode": "APP", "AppStatus": "Approved", "AppCode": "PL_MINSP", "AppType": "Level 4 - Administrative Site Plan", "CasePlanne": "Trey Figueroa", "EMAIL": "Trey.Figueroa@durhamnc.gov", "ORIG_FID": 5326, "CreationDa": "2025-09-20T00:00:00", "Creator": "gisproc_sys", "EditDate": "2025-09-20T00:00:00", "Editor": "gisproc_sys", "match_results": "[(124, None, 'multifamily', 'units')]", "sf_detached": 0, "sf_attached": 0, "duplex/triplex": 0, "multifamily": 124, "condo": 0 }, "geometry": { "type": "Point", "coordinates": [ -8780617.983971705660224, 4296572.553427814505994 ] } },
{ "type": "Feature", "properties": { "A_NUMBER": "D1500120", "A_TYPE": "PL_MINSP", "A_DATE": "2015-05-12T00:00:00", "A_STATUS": "APP", "A_STATUS_D": "2016-09-28T00:00:00", "A_PROJECT_": "Brightleaf at the Park Tract 12", "A_DESCRIPT": "62 Single family lots and 4 open space lots on 35 acres", "A_USER_ID": "SWINDSOR", "A_CASE_PLA": "DCULTRA", "StatCode": "APP", "AppStatus": "Approved", "AppCode": "PL_MINSP", "AppType": "Level 4 - Administrative Site Plan", "CasePlanne": "Danny Cultra", "EMAIL": "Danny.Cultra@durhamnc.gov", "ORIG_FID": 5368, "CreationDa": "2025-09-20T00:00:00", "Creator": "gisproc_sys", "EditDate": "2025-09-20T00:00:00", "Editor": "gisproc_sys", "match_results": "[(62, None, 'single family', 'lots')]", "sf_detached": 62, "sf_attached": 0, "duplex/triplex": 0, "multifamily": 0, "condo": 0 }, "geometry": { "type": "Point", "coordinates": [ -8773008.532414324581623, 4293555.415891867130995 ] } },
{ "type": "Feature", "properties": { "A_NUMBER": "D1800148", "A_TYPE": "PL_MINSP", "A_DATE": "2018-05-08T00:00:00", "A_STATUS": "APP", "A_STATUS_D": "2018-12-19T00:00:00", "A_PROJECT_": "Croasdaile Village Campus Improvements Amendment", "A_DESCRIPT": "Demolition and site work associated with building renovations, expansions, and new living units", "A_USER_ID": "JESSICADO", "A_CASE_PLA": "JESSICADO", "StatCode": "APP", "AppStatus": "Approved", "AppCode": "PL_MINSP", "AppType": "Level 4 - Administrative Site Plan", "CasePlanne": "Jessica Dockery", "EMAIL": "Jessica.Dockery@durhamnc.gov", "ORIG_FID": 5468, "CreationDa": "2025-09-20T00:00:00", "Creator": "gisproc_sys", "EditDate": "2025-09-20T00:00:00", "Editor": "gisproc_sys", "match_results": [ ], "sf_detached": 0, "sf_attached": 0, "duplex/triplex": 0, "multifamily": 0, "condo": 0 }, "geometry": { "type": "Point", "coordinates": [ -8787454.74628715403378, 4307041.12136631179601 ] } },
{ "type": "Feature", "properties": { "A_NUMBER": "D1900337", "A_TYPE": "PL_MINSP", "A_DATE": "2019-09-18T00:00:00", "A_STATUS": "APP", "A_STATUS_D": "2021-10-05T00:00:00", "A_PROJECT_": "The Corners at Brier Creek Townhomes - North", "A_DESCRIPT": "55 townhomes and associated infrastructure", "A_USER_ID": "COLERE", "A_CASE_PLA": "COLERE", "StatCode": "APP", "AppStatus": "Approved", "AppCode": "PL_MINSP", "AppType": "Level 4 - Administrative Site Plan", "CasePlanne": "Cole Renigar", "EMAIL": "Cole.Renigar@durhamnc.gov", "ORIG_FID": 5479, "CreationDa": "2025-09-20T00:00:00", "Creator": "gisproc_sys", "EditDate": "2025-09-20T00:00:00", "Editor": "gisproc_sys", "match_results": "[(55, None, 'townhouse', None)]", "sf_detached": 0, "sf_attached": 55, "duplex/triplex": 0, "multifamily": 0, "condo": 0 }, "geometry": { "type": "Point", "coordinates": [ -8770605.109876792877913, 4290084.335927232168615 ] } },
{ "type": "Feature", "properties": { "A_NUMBER": "A1700008", "A_TYPE": "PL_CPAA", "A_DATE": "2017-05-31T00:00:00", "A_STATUS": "APP", "A_STATUS_D": "2018-04-17T00:00:00", "A_PROJECT_": "410 Crutchfield Street", "A_DESCRIPT": "PA request associated with Z1700019. Medium-High Density Residential to Commercial", "A_USER_ID": "EARLENETHO", "A_CASE_PLA": "JWIGGINS", "StatCode": "APP", "AppStatus": "Approved", "AppCode": "PL_CPAA", "AppType": "Comprehensive Plan Map or Plan Amendment", "CasePlanne": "Jacob Wiggins", "EMAIL": "jacob.wiggins@durhamnc.gov", "ORIG_FID": 5480, "CreationDa": "2025-09-20T00:00:00", "Creator": "gisproc_sys", "EditDate": "2025-09-20T00:00:00", "Editor": "gisproc_sys", "match_results": [ ], "sf_detached": 0, "sf_attached": 0, "duplex/triplex": 0, "multifamily": 0, "condo": 0 }, "geometry": { "type": "Point", "coordinates": [ -8783655.290658073499799, 4306024.524926263839006 ] } },
{ "type": "Feature", "properties": { "A_NUMBER": "D2000217", "A_TYPE": "PL_MINSP", "A_DATE": "2020-09-14T00:00:00", "A_STATUS": "APP", "A_STATUS_D": "2020-12-29T00:00:00", "A_PROJECT_": "Venable Center - Multi - Family (Amendment)", "A_DESCRIPT": "Construction of apartment building and associated infrastructure and utility improvements", "A_USER_ID": "KIMRO", "A_CASE_PLA": "TREYFI", "StatCode": "APP", "AppStatus": "Approved", "AppCode": "PL_MINSP", "AppType": "Level 4 - Administrative Site Plan", "CasePlanne": "Trey Figueroa", "EMAIL": "Trey.Figueroa@durhamnc.gov", "ORIG_FID": 5489, "CreationDa": "2025-09-20T00:00:00", "Creator": "gisproc_sys", "EditDate": "2025-09-20T00:00:00", "Editor": "gisproc_sys", "match_results": [ ], "sf_detached": 0, "sf_attached": 0, "duplex/triplex": 0, "multifamily": 0, "condo": 0 }, "geometry": { "type": "Point", "coordinates": [ -8782922.632605357095599, 4299352.54445378575474 ] } },
{ "type": "Feature", "properties": { "A_NUMBER": "D2100463", "A_TYPE": "PL_MINSP", "A_DATE": "2021-12-22T00:00:00", "A_STATUS": "APP", "A_STATUS_D": "2023-10-05T00:00:00", "A_PROJECT_": "K Parcel", "A_DESCRIPT": "103 Single Family residential lots and 237 townhomes", "A_USER_ID": "JESSICADO", "A_CASE_PLA": "TREYFI", "StatCode": "APP", "AppStatus": "Approved", "AppCode": "PL_MINSP", "AppType": "Level 4 - Administrative Site Plan", "CasePlanne": "Trey Figueroa", "EMAIL": "Trey.Figueroa@durhamnc.gov", "ORIG_FID": 5563, "CreationDa": "2025-09-20T00:00:00", "Creator": "gisproc_sys", "EditDate": "2025-09-20T00:00:00", "Editor": "gisproc_sys", "match_results": "[(103, None, 'single family', None), (237, None, 'townhouse', None)]", "sf_detached": 103, "sf_attached": 237, "duplex/triplex": 0, "multifamily": 0, "condo": 0 }, "geometry": { "type": "Point", "coordinates": [ -8773516.889941453933716, 4292539.63087322562933 ] } },
{ "type": "Feature", "properties": { "A_NUMBER": "D2200368", "A_TYPE": "PL_MINSP", "A_DATE": "2022-10-20T00:00:00", "A_STATUS": "APP", "A_STATUS_D": "2023-07-25T00:00:00", "A_PROJECT_": "Stella View", "A_DESCRIPT": "Residential subdivision with 107 townhomes and 102 single-family lots and open space, pending approval of associated rezoning (Z2100008) and annexation (BDG2100003)", "A_USER_ID": "KIMRO", "A_CASE_PLA": "TREYFI", "StatCode": "APP", "AppStatus": "Approved", "AppCode": "PL_MINSP", "AppType": "Level 4 - Administrative Site Plan", "CasePlanne": "Trey Figueroa", "EMAIL": "Trey.Figueroa@durhamnc.gov", "ORIG_FID": 5592, "CreationDa": "2025-09-20T00:00:00", "Creator": "gisproc_sys", "EditDate": "2025-09-20T00:00:00", "Editor": "gisproc_sys", "match_results": "[(107, None, 'townhouse', None), (102, None, 'single family', 'lots')]", "sf_detached": 102, "sf_attached": 107, "duplex/triplex": 0, "multifamily": 0, "condo": 0 }, "geometry": { "type": "Point", "coordinates": [ -8773367.68483928963542, 4294914.981586925685406 ] } },
{ "type": "Feature", "properties": { "A_NUMBER": "D2200390", "A_TYPE": "PL_MINSP", "A_DATE": "2022-11-07T00:00:00", "A_STATUS": "APP", "A_STATUS_D": "2024-04-24T00:00:00", "A_PROJECT_": "Sweetbrier Phase 3", "A_DESCRIPT": "Level 4 Site Plan for 186 single family homes, phase 3 of development.", "A_USER_ID": "JESSICADO", "A_CASE_PLA": "TREYFI", "StatCode": "APP", "AppStatus": "Approved", "AppCode": "PL_MINSP", "AppType": "Level 4 - Administrative Site Plan", "CasePlanne": "Trey Figueroa", "EMAIL": "Trey.Figueroa@durhamnc.gov", "ORIG_FID": 5646, "CreationDa": "2025-09-20T00:00:00", "Creator": "gisproc_sys", "EditDate": "2025-09-20T00:00:00", "Editor": "gisproc_sys", "match_results": "[(4, None, 'single family', 'homes')]", "sf_detached": 4, "sf_attached": 0, "duplex/triplex": 0, "multifamily": 0, "condo": 0 }, "geometry": { "type": "Point", "coordinates": [ -8769566.716517310589552, 4294125.417651985771954 ] } },
{ "type": "Feature", "properties": { "A_NUMBER": "D2200356", "A_TYPE": "PL_MINSP", "A_DATE": "2022-10-12T00:00:00", "A_STATUS": "APP", "A_STATUS_D": "2023-05-25T00:00:00", "A_PROJECT_": "Grace Place Apartments", "A_DESCRIPT": "201 Multifamily apartments with -9,346 sf commerical space", "A_USER_ID": "JOHNRA", "A_CASE_PLA": "TREYFI", "StatCode": "APP", "AppStatus": "Approved", "AppCode": "PL_MINSP", "AppType": "Level 4 - Administrative Site Plan", "CasePlanne": "Trey Figueroa", "EMAIL": "Trey.Figueroa@durhamnc.gov", "ORIG_FID": 5647, "CreationDa": "2025-09-20T00:00:00", "Creator": "gisproc_sys", "EditDate": "2025-09-20T00:00:00", "Editor": "gisproc_sys", "match_results": "[(201, None, 'multifamily', None)]", "sf_detached": 0, "sf_attached": 0, "duplex/triplex": 0, "multifamily": 201, "condo": 0 }, "geometry": { "type": "Point", "coordinates": [ -8782168.160862931981683, 4299723.641694661229849 ] } },
{ "type": "Feature", "properties": { "A_NUMBER": "D2100421", "A_TYPE": "PL_MINSP", "A_DATE": "2021-11-29T00:00:00", "A_STATUS": "APP", "A_STATUS_D": "2023-11-08T00:00:00", "A_PROJECT_": "Carpenter Falls Conservation Subdivision", "A_DESCRIPT": "179 single-family and 81 townhouse unit conservation subdivision", "A_USER_ID": "KIMRO", "A_CASE_PLA": "TREYFI", "StatCode": "APP", "AppStatus": "Approved", "AppCode": "PL_MINSP", "AppType": "Level 4 - Administrative Site Plan", "CasePlanne": "Trey Figueroa", "EMAIL": "Trey.Figueroa@durhamnc.gov", "ORIG_FID": 5679, "CreationDa": "2025-09-20T00:00:00", "Creator": "gisproc_sys", "EditDate": "2025-09-20T00:00:00", "Editor": "gisproc_sys", "match_results": "[(179, None, 'single family', None), (81, None, 'townhouse', None)]", "sf_detached": 179, "sf_attached": 81, "duplex/triplex": 0, "multifamily": 0, "condo": 0 }, "geometry": { "type": "Point", "coordinates": [ -8773744.045323768630624, 4304481.018030696548522 ] } },
{ "type": "Feature", "properties": { "A_NUMBER": "D1600207", "A_TYPE": "PL_MINSP", "A_DATE": "2016-07-26T00:00:00", "A_STATUS": "APP", "A_STATUS_D": "2016-12-27T00:00:00", "A_PROJECT_": "Sherron Road Tract Horseshoe", "A_DESCRIPT": "Additon of 35 single family lots and an amenity center to the sherron farms conservation subdivision.", "A_USER_ID": "LEEDA", "A_CASE_PLA": "DCULTRA", "StatCode": "APP", "AppStatus": "Approved", "AppCode": "PL_MINSP", "AppType": "Level 4 - Administrative Site Plan", "CasePlanne": "Danny Cultra", "EMAIL": "Danny.Cultra@durhamnc.gov", "ORIG_FID": 5711, "CreationDa": "2025-09-20T00:00:00", "Creator": "gisproc_sys", "EditDate": "2025-09-20T00:00:00", "Editor": "gisproc_sys", "match_results": "[(35, None, 'single family', 'lots')]", "sf_detached": 35, "sf_attached": 0, "duplex/triplex": 0, "multifamily": 0, "condo": 0 }, "geometry": { "type": "Point", "coordinates": [ -8771675.087285989895463, 4296066.127286692149937 ] } },
{ "type": "Feature", "properties": { "A_NUMBER": "D1800061", "A_TYPE": "PL_MINSP", "A_DATE": "2018-03-06T00:00:00", "A_STATUS": "APP", "A_STATUS_D": "2019-01-28T00:00:00", "A_PROJECT_": "Student Living Apartments", "A_DESCRIPT": "84 Apartment Units and Asociated Infrastructure", "A_USER_ID": "KIMRO", "A_CASE_PLA": "COURTNEYMC", "StatCode": "APP", "AppStatus": "Approved", "AppCode": "PL_MINSP", "AppType": "Level 4 - Administrative Site Plan", "CasePlanne": "Courtney McQueen", "EMAIL": "Courtney.McQueen@durhamnc.gov", "ORIG_FID": 5776, "CreationDa": "2025-09-20T00:00:00", "Creator": "gisproc_sys", "EditDate": "2025-09-20T00:00:00", "Editor": "gisproc_sys", "match_results": "[(84, None, 'apartment', 'units')]", "sf_detached": 0, "sf_attached": 0, "duplex/triplex": 0, "multifamily": 84, "condo": 0 }, "geometry": { "type": "Point", "coordinates": [ -8789480.82813517190516, 4297755.057378861121833 ] } },
{ "type": "Feature", "properties": { "A_NUMBER": "D2100283", "A_TYPE": "PL_MINSP", "A_DATE": "2021-09-01T00:00:00", "A_STATUS": "APP", "A_STATUS_D": "2022-09-19T00:00:00", "A_PROJECT_": "Townes at Greystone", "A_DESCRIPT": "68 Townhome Style Condos", "A_USER_ID": "ROBINSH", "A_CASE_PLA": "ROBINSH", "StatCode": "APP", "AppStatus": "Approved", "AppCode": "PL_MINSP", "AppType": "Level 4 - Administrative Site Plan", "CasePlanne": "Robin Schultze", "EMAIL": "Robin.Schultze@durhamnc.gov", "ORIG_FID": 5850, "CreationDa": "2025-09-20T00:00:00", "Creator": "gisproc_sys", "EditDate": "2025-09-20T00:00:00", "Editor": "gisproc_sys", "match_results": "[(68, None, 'townhouse', None)]", "sf_detached": 0, "sf_attached": 68, "duplex/triplex": 0, "multifamily": 0, "condo": 0 }, "geometry": { "type": "Point", "coordinates": [ -8784220.574574498459697, 4299542.397040299139917 ] } },
{ "type": "Feature", "properties": { "A_NUMBER": "D2100394", "A_TYPE": "PL_MINSP", "A_DATE": "2021-11-03T00:00:00", "A_STATUS": "APP", "A_STATUS_D": "2022-04-25T00:00:00", "A_PROJECT_": "Ascend Brightleaf - Cottages", "A_DESCRIPT": "97 Apartments with Club", "A_USER_ID": "JESSICADO", "A_CASE_PLA": "TREYFI", "StatCode": "APP", "AppStatus": "Approved", "AppCode": "PL_MINSP", "AppType": "Level 4 - Administrative Site Plan", "CasePlanne": "Trey Figueroa", "EMAIL": "Trey.Figueroa@durhamnc.gov", "ORIG_FID": 5867, "CreationDa": "2025-09-20T00:00:00", "Creator": "gisproc_sys", "EditDate": "2025-09-20T00:00:00", "Editor": "gisproc_sys", "match_results": "[(97, None, 'apartment', None)]", "sf_detached": 0, "sf_attached": 0, "duplex/triplex": 0, "multifamily": 97, "condo": 0 }, "geometry": { "type": "Point", "coordinates": [ -8774965.430136049166322, 4293182.427506889216602 ] } },
{ "type": "Feature", "properties": { "A_NUMBER": "D2100327", "A_TYPE": "PL_MINSP", "A_DATE": "2021-09-24T00:00:00", "A_STATUS": "APP", "A_STATUS_D": "2024-08-21T00:00:00", "A_PROJECT_": "1200 Castlebay Road", "A_DESCRIPT": "Subdivide projects into four residential duplex lots - 8 units total", "A_USER_ID": "JESSICADO", "A_CASE_PLA": "COLERE", "StatCode": "APP", "AppStatus": "Approved", "AppCode": "PL_MINSP", "AppType": "Level 4 - Administrative Site Plan", "CasePlanne": "Cole Renigar", "EMAIL": "Cole.Renigar@durhamnc.gov", "ORIG_FID": 5871, "CreationDa": "2025-09-20T00:00:00", "Creator": "gisproc_sys", "EditDate": "2025-09-20T00:00:00", "Editor": "gisproc_sys", "match_results": [ ], "sf_detached": 0, "sf_attached": 0, "duplex/triplex": 0, "multifamily": 0, "condo": 0 }, "geometry": { "type": "Point", "coordinates": [ -8779779.703830489888787, 4300812.163304722867906 ] } },
{ "type": "Feature", "properties": { "A_NUMBER": "D1700361", "A_TYPE": "PL_MINSP", "A_DATE": "2017-11-21T00:00:00", "A_STATUS": "APP", "A_STATUS_D": "2018-06-28T00:00:00", "A_PROJECT_": "Village Hearth CoHousing Community", "A_DESCRIPT": "Construction of new condominium townhomes, accessory structure and associated site work.", "A_USER_ID": "KIMRO", "A_CASE_PLA": "TREYFI", "StatCode": "APP", "AppStatus": "Approved", "AppCode": "PL_MINSP", "AppType": "Level 4 - Administrative Site Plan", "CasePlanne": "Trey Figueroa", "EMAIL": "Trey.Figueroa@durhamnc.gov", "ORIG_FID": 6018, "CreationDa": "2025-09-20T00:00:00", "Creator": "gisproc_sys", "EditDate": "2025-09-20T00:00:00", "Editor": "gisproc_sys", "match_results": [ ], "sf_detached": 0, "sf_attached": 0, "duplex/triplex": 0, "multifamily": 0, "condo": 0 }, "geometry": { "type": "Point", "coordinates": [ -8781840.340105218812823, 4311709.844038081355393 ] } },
{ "type": "Feature", "properties": { "A_NUMBER": "D2000081", "A_TYPE": "PL_MINSP", "A_DATE": "2020-04-13T00:00:00", "A_STATUS": "APP", "A_STATUS_D": "2020-09-18T00:00:00", "A_PROJECT_": "Trinity Quad & Gilbert Addoms Site & Utility Improvements", "A_DESCRIPT": "Demolition and construction of a courtyard in the heart of East Campus at Duke University that will improve ADA accessibility. ADA site, and utility improvements for Gilbert Addoms Residence Hall.", "A_USER_ID": "DCULTRA", "A_CASE_PLA": "DCULTRA", "StatCode": "APP", "AppStatus": "Approved", "AppCode": "PL_MINSP", "AppType": "Level 4 - Administrative Site Plan", "CasePlanne": "Danny Cultra", "EMAIL": "Danny.Cultra@durhamnc.gov", "ORIG_FID": 6049, "CreationDa": "2025-09-20T00:00:00", "Creator": "gisproc_sys", "EditDate": "2025-09-20T00:00:00", "Editor": "gisproc_sys", "match_results": [ ], "sf_detached": 0, "sf_attached": 0, "duplex/triplex": 0, "multifamily": 0, "condo": 0 }, "geometry": { "type": "Point", "coordinates": [ -8784849.965393997728825, 4301564.03632574621588 ] } },
{ "type": "Feature", "properties": { "A_NUMBER": "D2300230", "A_TYPE": "PL_MINSP", "A_DATE": "2023-10-06T00:00:00", "A_STATUS": "APP", "A_STATUS_D": "2025-02-14T00:00:00", "A_PROJECT_": "Lumley Multifamily", "A_DESCRIPT": "400 multifamily units comprised of 74 townhouse and 326 apartment units and associated amenity space.", "A_USER_ID": "JALISAHA", "A_CASE_PLA": "JALISAHA", "StatCode": "APP", "AppStatus": "Approved", "AppCode": "PL_MINSP", "AppType": "Level 4 - Administrative Site Plan", "CasePlanne": "JALISA HARRIS", "EMAIL": "Jalisa.Harris@durhamnc.gov", "ORIG_FID": 6209, "CreationDa": "2025-09-20T00:00:00", "Creator": "gisproc_sys", "EditDate": "2025-09-20T00:00:00", "Editor": "gisproc_sys", "match_results": "[(400, None, 'multifamily', 'units'), (74, None, 'townhouse', None), (326, None, 'apartment', 'units')]", "sf_detached": 0, "sf_attached": 74, "duplex/triplex": 0, "multifamily": 726, "condo": 0 }, "geometry": { "type": "Point", "coordinates": [ -8772780.658008450642228, 4290548.296905128285289 ] } },
{ "type": "Feature", "properties": { "A_NUMBER": "D2300278", "A_TYPE": "PL_MINSP", "A_DATE": "2023-12-14T00:00:00", "A_STATUS": "APP", "A_STATUS_D": "2024-06-13T00:00:00", "A_PROJECT_": "Eno Village", "A_DESCRIPT": "Residential project consisting of a 142 townhomes and 240 multifamily units (297,000 SF) and the associated infrastructure.", "A_USER_ID": "COLERE", "A_CASE_PLA": "COLERE", "StatCode": "APP", "AppStatus": "Approved", "AppCode": "PL_MINSP", "AppType": "Level 4 - Administrative Site Plan", "CasePlanne": "Cole Renigar", "EMAIL": "Cole.Renigar@durhamnc.gov", "ORIG_FID": 6246, "CreationDa": "2025-09-20T00:00:00", "Creator": "gisproc_sys", "EditDate": "2025-09-20T00:00:00", "Editor": "gisproc_sys", "match_results": "[(142, None, 'townhouse', None), (240, None, 'multifamily', 'units')]", "sf_detached": 0, "sf_attached": 142, "duplex/triplex": 0, "multifamily": 240, "condo": 0 }, "geometry": { "type": "Point", "coordinates": [ -8784636.868978446349502, 4309514.945370486937463 ] } },
{ "type": "Feature", "properties": { "A_NUMBER": "D1500123", "A_TYPE": "PL_MINSP", "A_DATE": "2015-05-12T00:00:00", "A_STATUS": "APP", "A_STATUS_D": "2015-09-09T00:00:00", "A_PROJECT_": "Briar Green Apartments", "A_DESCRIPT": "Development of 200 apartment units, including roadway, utility, & stormwater management infrastructure.", "A_USER_ID": "LEEDA", "A_CASE_PLA": "BDOBRZENSKI", "StatCode": "APP", "AppStatus": "Approved", "AppCode": "PL_MINSP", "AppType": "Level 4 - Administrative Site Plan", "CasePlanne": "Bo Dobrzenski", "EMAIL": "Bo.Dobrzenski@durhamnc.gov", "ORIG_FID": 6261, "CreationDa": "2025-09-20T00:00:00", "Creator": "gisproc_sys", "EditDate": "2025-09-20T00:00:00", "Editor": "gisproc_sys", "match_results": "[(200, None, 'apartment', 'units')]", "sf_detached": 0, "sf_attached": 0, "duplex/triplex": 0, "multifamily": 200, "condo": 0 }, "geometry": { "type": "Point", "coordinates": [ -8781645.747295062988997, 4308586.633865243755281 ] } },
{ "type": "Feature", "properties": { "A_NUMBER": "D1600208", "A_TYPE": "PL_SSP_SM", "A_DATE": "2016-07-26T00:00:00", "A_STATUS": "APP", "A_STATUS_D": "2016-10-13T00:00:00", "A_PROJECT_": "Davis Park Apartments Amendment 2 Approved Plan", "A_DESCRIPT": "Phasing less 2 units, location of HC parking, location of club/leasing, final building footprints and elevations. Shift in bike racks and final retaining wall locations.", "A_USER_ID": "KIMRO", "A_CASE_PLA": "DCULTRA", "StatCode": "APP", "AppStatus": "Approved", "AppCode": "PL_SSP_SM", "AppType": "Level 3 - Administrative Site Plan", "CasePlanne": "Danny Cultra", "EMAIL": "Danny.Cultra@durhamnc.gov", "ORIG_FID": 6300, "CreationDa": "2025-09-20T00:00:00", "Creator": "gisproc_sys", "EditDate": "2025-09-20T00:00:00", "Editor": "gisproc_sys", "match_results": [ ], "sf_detached": 0, "sf_attached": 0, "duplex/triplex": 0, "multifamily": 0, "condo": 0 }, "geometry": { "type": "Point", "coordinates": [ -8778720.086593471467495, 4284425.523942469619215 ] } },
{ "type": "Feature", "properties": { "A_NUMBER": "A1900008", "A_TYPE": "PL_CPAA", "A_DATE": "2019-06-10T00:00:00", "A_STATUS": "APP", "A_STATUS_D": "2025-01-07T00:00:00", "A_PROJECT_": "Farrington Townes", "A_DESCRIPT": "Low Density Residential to Low Medium Residential. Associated with Z1900023.", "A_USER_ID": "GSMITH", "A_CASE_PLA": "EMILYST", "StatCode": "APP", "AppStatus": "Approved", "AppCode": "PL_CPAA", "AppType": "Comprehensive Plan Map or Plan Amendment", "CasePlanne": "Emily Struthers", "EMAIL": "Emily.Struthers@durhamnc.gov", "ORIG_FID": 6395, "CreationDa": "2025-09-20T00:00:00", "Creator": "gisproc_sys", "EditDate": "2025-09-20T00:00:00", "Editor": "gisproc_sys", "match_results": [ ], "sf_detached": 0, "sf_attached": 0, "duplex/triplex": 0, "multifamily": 0, "condo": 0 }, "geometry": { "type": "Point", "coordinates": [ -8792517.658726690337062, 4292746.464500990696251 ] } },
{ "type": "Feature", "properties": { "A_NUMBER": "D2100465", "A_TYPE": "PL_MINSP", "A_DATE": "2021-12-22T00:00:00", "A_STATUS": "APP", "A_STATUS_D": "2022-04-25T00:00:00", "A_PROJECT_": "Rollingdale", "A_DESCRIPT": "33 Townhomes and 4 open spaces", "A_USER_ID": "KIMRO", "A_CASE_PLA": "ROBINSH", "StatCode": "APP", "AppStatus": "Approved", "AppCode": "PL_MINSP", "AppType": "Level 4 - Administrative Site Plan", "CasePlanne": "Robin Schultze", "EMAIL": "Robin.Schultze@durhamnc.gov", "ORIG_FID": 6430, "CreationDa": "2025-09-20T00:00:00", "Creator": "gisproc_sys", "EditDate": "2025-09-20T00:00:00", "Editor": "gisproc_sys", "match_results": "[(33, None, 'townhouse', None)]", "sf_detached": 0, "sf_attached": 33, "duplex/triplex": 0, "multifamily": 0, "condo": 0 }, "geometry": { "type": "Point", "coordinates": [ -8788527.964009866118431, 4288907.294551786035299 ] } },
{ "type": "Feature", "properties": { "A_NUMBER": "D2300114", "A_TYPE": "PL_MINSP", "A_DATE": "2023-04-24T00:00:00", "A_STATUS": "APP", "A_STATUS_D": "2024-07-09T00:00:00", "A_PROJECT_": "MLK Apartments", "A_DESCRIPT": "180 apartments in 6 buildings totaling 64,530 square feet on 9.651 acres", "A_USER_ID": "TREYFI", "A_CASE_PLA": "TREYFI", "StatCode": "APP", "AppStatus": "Approved", "AppCode": "PL_MINSP", "AppType": "Level 4 - Administrative Site Plan", "CasePlanne": "Trey Figueroa", "EMAIL": "Trey.Figueroa@durhamnc.gov", "ORIG_FID": 6455, "CreationDa": "2025-09-20T00:00:00", "Creator": "gisproc_sys", "EditDate": "2025-09-20T00:00:00", "Editor": "gisproc_sys", "match_results": "[(180, None, 'apartment', None)]", "sf_detached": 0, "sf_attached": 0, "duplex/triplex": 0, "multifamily": 180, "condo": 0 }, "geometry": { "type": "Point", "coordinates": [ -8783644.996547751128674, 4292403.2554334057495 ] } },
{ "type": "Feature", "properties": { "A_NUMBER": "D1900109", "A_TYPE": "PL_MINSP", "A_DATE": "2019-04-17T00:00:00", "A_STATUS": "APP", "A_STATUS_D": "2019-07-31T00:00:00", "A_PROJECT_": "Northern Durham Convenience Site", "A_DESCRIPT": "Construct a new solid waste convenience site for Northern Durham County residents", "A_USER_ID": "MICHAELKL", "A_CASE_PLA": "ELIZAMO", "StatCode": "APP", "AppStatus": "Approved", "AppCode": "PL_MINSP", "AppType": "Level 4 - Administrative Site Plan", "CasePlanne": "Eliza Monroe", "EMAIL": "Eliza.Monroe@durhamnc.gov", "ORIG_FID": 6479, "CreationDa": "2025-09-20T00:00:00", "Creator": "gisproc_sys", "EditDate": "2025-09-20T00:00:00", "Editor": "gisproc_sys", "match_results": [ ], "sf_detached": 0, "sf_attached": 0, "duplex/triplex": 0, "multifamily": 0, "condo": 0 }, "geometry": { "type": "Point", "coordinates": [ -8785005.777649337425828, 4329090.511671071872115 ] } },
{ "type": "Feature", "properties": { "A_NUMBER": "D1900242", "A_TYPE": "PL_SSP_SM", "A_DATE": "2019-07-19T00:00:00", "A_STATUS": "APP", "A_STATUS_D": "2019-11-04T00:00:00", "A_PROJECT_": "Alexander Place Amendment 1", "A_DESCRIPT": "Reduce number of townhouse units to 157, add phasing, parking, elevations, landscape, easement, retaining wall, boardwal, and road improvement changes", "A_USER_ID": "JESSICADO", "A_CASE_PLA": "JOHNRA", "StatCode": "APP", "AppStatus": "Approved", "AppCode": "PL_SSP_SM", "AppType": "Level 3 - Administrative Site Plan", "CasePlanne": "John Rabon", "EMAIL": "John.Rabon@durhamnc.gov", "ORIG_FID": 6619, "CreationDa": "2025-09-20T00:00:00", "Creator": "gisproc_sys", "EditDate": "2025-09-20T00:00:00", "Editor": "gisproc_sys", "match_results": "[(157, None, 'townhouse', None)]", "sf_detached": 0, "sf_attached": 157, "duplex/triplex": 0, "multifamily": 0, "condo": 0 }, "geometry": { "type": "Point", "coordinates": [ -8782131.320321956649423, 4284511.490210264921188 ] } },
{ "type": "Feature", "properties": { "A_NUMBER": "D2100325", "A_TYPE": "PL_MINSP", "A_DATE": "2021-09-23T00:00:00", "A_STATUS": "APP", "A_STATUS_D": "2023-05-25T00:00:00", "A_PROJECT_": "Mason Farms Conservation Subdivision", "A_DESCRIPT": "Residential Subdivision with 142 proposed lots, wastewater collection and treatment, well water system.", "A_USER_ID": "JESSICADO", "A_CASE_PLA": "COLERE", "StatCode": "APP", "AppStatus": "Approved", "AppCode": "PL_MINSP", "AppType": "Level 4 - Administrative Site Plan", "CasePlanne": "Cole Renigar", "EMAIL": "Cole.Renigar@durhamnc.gov", "ORIG_FID": 6677, "CreationDa": "2025-09-20T00:00:00", "Creator": "gisproc_sys", "EditDate": "2025-09-20T00:00:00", "Editor": "gisproc_sys", "match_results": [ ], "sf_detached": 0, "sf_attached": 0, "duplex/triplex": 0, "multifamily": 0, "condo": 0 }, "geometry": { "type": "Point", "coordinates": [ -8783298.29766184091568, 4317741.942826994694769 ] } },
{ "type": "Feature", "properties": { "A_NUMBER": "D2200202", "A_TYPE": "PL_MINSP", "A_DATE": "2022-06-15T00:00:00", "A_STATUS": "APP", "A_STATUS_D": "2023-06-14T00:00:00", "A_PROJECT_": "Wesley Downs", "A_DESCRIPT": "229 unit single family (101) and townhome (128) residential development.", "A_USER_ID": "KIMRO", "A_CASE_PLA": "ROBINSH", "StatCode": "APP", "AppStatus": "Approved", "AppCode": "PL_MINSP", "AppType": "Level 4 - Administrative Site Plan", "CasePlanne": "Robin Schultze", "EMAIL": "Robin.Schultze@durhamnc.gov", "ORIG_FID": 6727, "CreationDa": "2025-09-20T00:00:00", "Creator": "gisproc_sys", "EditDate": "2025-09-20T00:00:00", "Editor": "gisproc_sys", "match_results": "[(229, None, 'single family', None), (101, None, 'townhouse', None)]", "sf_detached": 229, "sf_attached": 101, "duplex/triplex": 0, "multifamily": 0, "condo": 0 }, "geometry": { "type": "Point", "coordinates": [ -8774214.937619531527162, 4296064.473425853997469 ] } },
{ "type": "Feature", "properties": { "A_NUMBER": "D2400099", "A_TYPE": "PL_MINSP", "A_DATE": "2024-04-25T00:00:00", "A_STATUS": "UN_RE", "A_STATUS_D": "2024-07-30T00:00:00", "A_PROJECT_": "Crescent Drive Development", "A_DESCRIPT": "Phased development consisting of 90 multifamily units and 17 townhomes and the associated infrastructure.", "A_USER_ID": "JALISAHA", "A_CASE_PLA": "JALISAHA", "StatCode": "UN_RE", "AppStatus": "Under Review", "AppCode": "PL_MINSP", "AppType": "Level 4 - Administrative Site Plan", "CasePlanne": "JALISA HARRIS", "EMAIL": "Jalisa.Harris@durhamnc.gov", "ORIG_FID": 6731, "CreationDa": "2025-09-20T00:00:00", "Creator": "gisproc_sys", "EditDate": "2025-09-20T00:00:00", "Editor": "gisproc_sys", "match_results": "[(90, None, 'multifamily', 'units'), (17, None, 'townhouse', None)]", "sf_detached": 0, "sf_attached": 17, "duplex/triplex": 0, "multifamily": 90, "condo": 0 }, "geometry": { "type": "Point", "coordinates": [ -8793904.984111312776804, 4289774.300978334620595 ] } },
{ "type": "Feature", "properties": { "A_NUMBER": "D2100022", "A_TYPE": "PL_MINSP", "A_DATE": "2021-01-25T00:00:00", "A_STATUS": "APP", "A_STATUS_D": "2021-08-10T00:00:00", "A_PROJECT_": "Tredenham ( Formerly Known as Doc Nichols Road )", "A_DESCRIPT": "Development of 66 townhomes, Annexation and Utility Agreement Approved as of Rezoning Case #Z1900054", "A_USER_ID": "KIMRO", "A_CASE_PLA": "COLERE", "StatCode": "APP", "AppStatus": "Approved", "AppCode": "PL_MINSP", "AppType": "Level 4 - Administrative Site Plan", "CasePlanne": "Cole Renigar", "EMAIL": "Cole.Renigar@durhamnc.gov", "ORIG_FID": 6780, "CreationDa": "2025-09-20T00:00:00", "Creator": "gisproc_sys", "EditDate": "2025-09-20T00:00:00", "Editor": "gisproc_sys", "match_results": "[(66, None, 'townhouse', None)]", "sf_detached": 0, "sf_attached": 66, "duplex/triplex": 0, "multifamily": 0, "condo": 0 }, "geometry": { "type": "Point", "coordinates": [ -8771225.337372057139874, 4292695.677048672921956 ] } },
{ "type": "Feature", "properties": { "A_NUMBER": "D2000309", "A_TYPE": "PL_MINSP", "A_DATE": "2020-12-18T00:00:00", "A_STATUS": "APP", "A_STATUS_D": "2023-08-08T00:00:00", "A_PROJECT_": "Griffin Place North", "A_DESCRIPT": "The proposed development includes 154 single family residential lots and road improvements on Ferrell Road and E Geer Street.", "A_USER_ID": "JESSICADO", "A_CASE_PLA": "ROBINSH", "StatCode": "APP", "AppStatus": "Approved", "AppCode": "PL_MINSP", "AppType": "Level 4 - Administrative Site Plan", "CasePlanne": "Robin Schultze", "EMAIL": "Robin.Schultze@durhamnc.gov", "ORIG_FID": 6783, "CreationDa": "2025-09-20T00:00:00", "Creator": "gisproc_sys", "EditDate": "2025-09-20T00:00:00", "Editor": "gisproc_sys", "match_results": "[(154, None, 'single family', None)]", "sf_detached": 154, "sf_attached": 0, "duplex/triplex": 0, "multifamily": 0, "condo": 0 }, "geometry": { "type": "Point", "coordinates": [ -8775623.001346684992313, 4303789.639010804705322 ] } },
{ "type": "Feature", "properties": { "A_NUMBER": "A1500020", "A_TYPE": "PL_CPAA", "A_DATE": "2015-10-27T00:00:00", "A_STATUS": "APP", "A_STATUS_D": "2016-06-07T00:00:00", "A_PROJECT_": "Compact Neighborhood Tier Policy Updates", "A_DESCRIPT": "Add two policies to the Comprehensive Plan intended to formalize the City and County's resolution on affordable housing in transit areas and to describe zoning sub-districts used in the Compact Design district.", "A_USER_ID": "HJACOBSON", "A_CASE_PLA": "HJACOBSON", "StatCode": "APP", "AppStatus": "Approved", "AppCode": "PL_CPAA", "AppType": "Comprehensive Plan Map or Plan Amendment", "CasePlanne": null, "EMAIL": null, "ORIG_FID": 6833, "CreationDa": "2025-09-20T00:00:00", "Creator": "gisproc_sys", "EditDate": "2025-09-20T00:00:00", "Editor": "gisproc_sys", "match_results": [ ], "sf_detached": 0, "sf_attached": 0, "duplex/triplex": 0, "multifamily": 0, "condo": 0 }, "geometry": { "type": "Point", "coordinates": [ -8782973.893915237858891, 4300122.009879551827908 ] } },
{ "type": "Feature", "properties": { "A_NUMBER": "D1800320", "A_TYPE": "PL_MINSP", "A_DATE": "2018-10-09T00:00:00", "A_STATUS": "APP", "A_STATUS_D": "2019-04-30T00:00:00", "A_PROJECT_": "Colvard Farms Phase 12", "A_DESCRIPT": "30 single-family lots, and one open space lot, with associated infrastructure,  including city water, county stormwater/erosion control, Aqua America for sewer. 21.93 acres area of disturbance, 28.72 acres project area, and RS-20 zoning.", "A_USER_ID": "JESSICADO", "A_CASE_PLA": "COLERE", "StatCode": "APP", "AppStatus": "Approved", "AppCode": "PL_MINSP", "AppType": "Level 4 - Administrative Site Plan", "CasePlanne": "Cole Renigar", "EMAIL": "Cole.Renigar@durhamnc.gov", "ORIG_FID": 6900, "CreationDa": "2025-09-20T00:00:00", "Creator": "gisproc_sys", "EditDate": "2025-09-20T00:00:00", "Editor": "gisproc_sys", "match_results": "[(30, None, 'single family', 'lots')]", "sf_detached": 30, "sf_attached": 0, "duplex/triplex": 0, "multifamily": 0, "condo": 0 }, "geometry": { "type": "Point", "coordinates": [ -8789119.940267579630017, 4282333.314566848799586 ] } },
{ "type": "Feature", "properties": { "A_NUMBER": "D2200051", "A_TYPE": "PL_MINSP", "A_DATE": "2022-02-21T00:00:00", "A_STATUS": "APP", "A_STATUS_D": "2023-05-12T00:00:00", "A_PROJECT_": "Copper Run South", "A_DESCRIPT": "127 townhomes, 6 SF detached.", "A_USER_ID": "KIMRO", "A_CASE_PLA": "ROBINSH", "StatCode": "APP", "AppStatus": "Approved", "AppCode": "PL_MINSP", "AppType": "Level 4 - Administrative Site Plan", "CasePlanne": "Robin Schultze", "EMAIL": "Robin.Schultze@durhamnc.gov", "ORIG_FID": 6920, "CreationDa": "2025-09-20T00:00:00", "Creator": "gisproc_sys", "EditDate": "2025-09-20T00:00:00", "Editor": "gisproc_sys", "match_results": "[(127, None, 'townhouse', None)]", "sf_detached": 0, "sf_attached": 127, "duplex/triplex": 0, "multifamily": 0, "condo": 0 }, "geometry": { "type": "Point", "coordinates": [ -8775593.760108668357134, 4292711.149353489279747 ] } },
{ "type": "Feature", "properties": { "A_NUMBER": "D2100328", "A_TYPE": "PL_MINSP", "A_DATE": "2021-09-27T00:00:00", "A_STATUS": "APP", "A_STATUS_D": "2021-12-23T00:00:00", "A_PROJECT_": "710 Rigsbee Ave", "A_DESCRIPT": "Residential building with 49 Dwelling units and commercial space including restaurant and retail. (1,889 SF)", "A_USER_ID": "JESSICADO", "A_CASE_PLA": "ROBINSH", "StatCode": "APP", "AppStatus": "Approved", "AppCode": "PL_MINSP", "AppType": "Level 4 - Administrative Site Plan", "CasePlanne": "Robin Schultze", "EMAIL": "Robin.Schultze@durhamnc.gov", "ORIG_FID": 6960, "CreationDa": "2025-09-20T00:00:00", "Creator": "gisproc_sys", "EditDate": "2025-09-20T00:00:00", "Editor": "gisproc_sys", "match_results": [ ], "sf_detached": 0, "sf_attached": 0, "duplex/triplex": 0, "multifamily": 0, "condo": 0 }, "geometry": { "type": "Point", "coordinates": [ -8783055.040329627692699, 4301018.829883523285389 ] } },
{ "type": "Feature", "properties": { "A_NUMBER": "A1600002", "A_TYPE": "PL_CPAA", "A_DATE": "2016-02-10T00:00:00", "A_STATUS": "APP", "A_STATUS_D": "2016-11-08T00:00:00", "A_PROJECT_": "Southpoint Trails II", "A_DESCRIPT": "change 27.10 acres of Low Density Residential (4 DU/A. or less) to Low-Medium Density Residential (4-8 DU/Ac.)", "A_USER_ID": "LWOODS", "A_CASE_PLA": "LWOODS", "StatCode": "APP", "AppStatus": "Approved", "AppCode": "PL_CPAA", "AppType": "Comprehensive Plan Map or Plan Amendment", "CasePlanne": null, "EMAIL": null, "ORIG_FID": 7003, "CreationDa": "2025-09-20T00:00:00", "Creator": "gisproc_sys", "EditDate": "2025-09-20T00:00:00", "Editor": "gisproc_sys", "match_results": [ ], "sf_detached": 0, "sf_attached": 0, "duplex/triplex": 0, "multifamily": 0, "condo": 0 }, "geometry": { "type": "Point", "coordinates": [ -8789711.61945983953774, 4285542.249528787098825 ] } },
{ "type": "Feature", "properties": { "A_NUMBER": "D2100201", "A_TYPE": "PL_MINSP", "A_DATE": "2021-07-12T00:00:00", "A_STATUS": "APP", "A_STATUS_D": "2023-02-08T00:00:00", "A_PROJECT_": "Crutchfield St Mixed Use Building", "A_DESCRIPT": "Medical Office with 3 additional stories of 25 Multi-Family dwelling units on two parcels to be recombined - 12,225 sf", "A_USER_ID": "JESSICADO", "A_CASE_PLA": "TREYFI", "StatCode": "APP", "AppStatus": "Approved", "AppCode": "PL_MINSP", "AppType": "Level 4 - Administrative Site Plan", "CasePlanne": "Trey Figueroa", "EMAIL": "Trey.Figueroa@durhamnc.gov", "ORIG_FID": 7041, "CreationDa": "2025-09-20T00:00:00", "Creator": "gisproc_sys", "EditDate": "2025-09-20T00:00:00", "Editor": "gisproc_sys", "match_results": "[(3, None, 'multifamily', None)]", "sf_detached": 0, "sf_attached": 0, "duplex/triplex": 0, "multifamily": 3, "condo": 0 }, "geometry": { "type": "Point", "coordinates": [ -8783692.867098677903414, 4306025.898314931429923 ] } },
{ "type": "Feature", "properties": { "A_NUMBER": "D1700275", "A_TYPE": "PL_MINSP", "A_DATE": "2017-08-22T00:00:00", "A_STATUS": "APP", "A_STATUS_D": "2018-05-25T00:00:00", "A_PROJECT_": "Davis Park Townhomes", "A_DESCRIPT": "181 townhomes, infrastructure and greenway.", "A_USER_ID": "KARENPA", "A_CASE_PLA": "EMILYST", "StatCode": "APP", "AppStatus": "Approved", "AppCode": "PL_MINSP", "AppType": "Level 4 - Administrative Site Plan", "CasePlanne": "Emily Struthers", "EMAIL": "Emily.Struthers@durhamnc.gov", "ORIG_FID": 7042, "CreationDa": "2025-09-20T00:00:00", "Creator": "gisproc_sys", "EditDate": "2025-09-20T00:00:00", "Editor": "gisproc_sys", "match_results": "[(181, None, 'townhouse', None)]", "sf_detached": 0, "sf_attached": 181, "duplex/triplex": 0, "multifamily": 0, "condo": 0 }, "geometry": { "type": "Point", "coordinates": [ -8778720.086593471467495, 4284425.523942469619215 ] } },
{ "type": "Feature", "properties": { "A_NUMBER": "D2100163", "A_TYPE": "PL_MINSP", "A_DATE": "2021-06-14T00:00:00", "A_STATUS": "APP", "A_STATUS_D": "2021-11-04T00:00:00", "A_PROJECT_": "Huckleberry", "A_DESCRIPT": "Ground floor retail sales, 2nd floor residential apartments (4 units) - Renovation and addition to existing commercial building", "A_USER_ID": "JESSICADO", "A_CASE_PLA": "TREYFI", "StatCode": "APP", "AppStatus": "Approved", "AppCode": "PL_MINSP", "AppType": "Level 4 - Administrative Site Plan", "CasePlanne": "Trey Figueroa", "EMAIL": "Trey.Figueroa@durhamnc.gov", "ORIG_FID": 7063, "CreationDa": "2025-09-20T00:00:00", "Creator": "gisproc_sys", "EditDate": "2025-09-20T00:00:00", "Editor": "gisproc_sys", "match_results": "[(2, None, 'apartment', None)]", "sf_detached": 0, "sf_attached": 0, "duplex/triplex": 0, "multifamily": 2, "condo": 0 }, "geometry": { "type": "Point", "coordinates": [ -8784114.68764884956181, 4300692.031241552904248 ] } },
{ "type": "Feature", "properties": { "A_NUMBER": "D1500359", "A_TYPE": "PL_SSP_SM", "A_DATE": "2015-12-15T00:00:00", "A_STATUS": "APP", "A_STATUS_D": "2016-08-26T00:00:00", "A_PROJECT_": "Damar Court", "A_DESCRIPT": "Construct a new community building, convert existing units to be ADA accessible.", "A_USER_ID": "LEEDA", "A_CASE_PLA": "DANIELHE", "StatCode": "APP", "AppStatus": "Approved", "AppCode": "PL_SSP_SM", "AppType": "Level 3 - Administrative Site Plan", "CasePlanne": "Daniel Hedglin", "EMAIL": "Daniel.Hedglin@durhamnc.gov", "ORIG_FID": 7168, "CreationDa": "2025-09-20T00:00:00", "Creator": "gisproc_sys", "EditDate": "2025-09-20T00:00:00", "Editor": "gisproc_sys", "match_results": [ ], "sf_detached": 0, "sf_attached": 0, "duplex/triplex": 0, "multifamily": 0, "condo": 0 }, "geometry": { "type": "Point", "coordinates": [ -8789025.558600913733244, 4301587.829336012713611 ] } },
{ "type": "Feature", "properties": { "A_NUMBER": "D2100273", "A_TYPE": "PL_MINSP", "A_DATE": "2021-08-23T00:00:00", "A_STATUS": "APP", "A_STATUS_D": "2022-06-29T00:00:00", "A_PROJECT_": "Courtyards at Southpoint II", "A_DESCRIPT": "68 Single family detached lots with supporting open space", "A_USER_ID": "KEAGANSA", "A_CASE_PLA": "JOHNRA", "StatCode": "APP", "AppStatus": "Approved", "AppCode": "PL_MINSP", "AppType": "Level 4 - Administrative Site Plan", "CasePlanne": "John Rabon", "EMAIL": "John.Rabon@durhamnc.gov", "ORIG_FID": 7171, "CreationDa": "2025-09-20T00:00:00", "Creator": "gisproc_sys", "EditDate": "2025-09-20T00:00:00", "Editor": "gisproc_sys", "match_results": "[(68, None, 'single family', 'lots')]", "sf_detached": 68, "sf_attached": 0, "duplex/triplex": 0, "multifamily": 0, "condo": 0 }, "geometry": { "type": "Point", "coordinates": [ -8787046.778805872425437, 4284626.419237884692848 ] } },
{ "type": "Feature", "properties": { "A_NUMBER": "D2200036", "A_TYPE": "PL_MINSP", "A_DATE": "2022-02-11T00:00:00", "A_STATUS": "APP", "A_STATUS_D": "2024-04-23T00:00:00", "A_PROJECT_": "Hinson Drive Townhomes", "A_DESCRIPT": "Development of 72 town homes ", "A_USER_ID": "TREYFI", "A_CASE_PLA": "TREYFI", "StatCode": "APP", "AppStatus": "Approved", "AppCode": "PL_MINSP", "AppType": "Level 4 - Administrative Site Plan", "CasePlanne": "Trey Figueroa", "EMAIL": "Trey.Figueroa@durhamnc.gov", "ORIG_FID": 7179, "CreationDa": "2025-09-20T00:00:00", "Creator": "gisproc_sys", "EditDate": "2025-09-20T00:00:00", "Editor": "gisproc_sys", "match_results": "[(72, None, 'townhouse', None)]", "sf_detached": 0, "sf_attached": 72, "duplex/triplex": 0, "multifamily": 0, "condo": 0 }, "geometry": { "type": "Point", "coordinates": [ -8780492.54151102155447, 4304465.673720580525696 ] } },
{ "type": "Feature", "properties": { "A_NUMBER": "A1600003", "A_TYPE": "PL_CPAA", "A_DATE": "2016-03-03T00:00:00", "A_STATUS": "APP", "A_STATUS_D": "2016-12-06T00:00:00", "A_PROJECT_": "Ellis Road Townhomes", "A_DESCRIPT": "From Low-Density Residential to Low-Medium Density Residential -Acres: 25.68", "A_USER_ID": "EARLENETHO", "A_CASE_PLA": "LWOODS", "StatCode": "APP", "AppStatus": "Approved", "AppCode": "PL_CPAA", "AppType": "Comprehensive Plan Map or Plan Amendment", "CasePlanne": null, "EMAIL": null, "ORIG_FID": 7221, "CreationDa": "2025-09-20T00:00:00", "Creator": "gisproc_sys", "EditDate": "2025-09-20T00:00:00", "Editor": "gisproc_sys", "match_results": [ ], "sf_detached": 0, "sf_attached": 0, "duplex/triplex": 0, "multifamily": 0, "condo": 0 }, "geometry": { "type": "Point", "coordinates": [ -8777357.993138989433646, 4292222.63861045986414 ] } },
{ "type": "Feature", "properties": { "A_NUMBER": "D1500072", "A_TYPE": "PL_MINSP", "A_DATE": "2015-03-31T00:00:00", "A_STATUS": "APP", "A_STATUS_D": "2015-12-14T00:00:00", "A_PROJECT_": "Brightleaf Tract 6", "A_DESCRIPT": "14 Single family residential lots and supporting public infrastructure", "A_USER_ID": "JBUZUN", "A_CASE_PLA": "NIARO", "StatCode": "APP", "AppStatus": "Approved", "AppCode": "PL_MINSP", "AppType": "Level 4 - Administrative Site Plan", "CasePlanne": "Nia Rodgers", "EMAIL": "nia.rodgers@durhamnc.gov", "ORIG_FID": 7333, "CreationDa": "2025-09-20T00:00:00", "Creator": "gisproc_sys", "EditDate": "2025-09-20T00:00:00", "Editor": "gisproc_sys", "match_results": "[(14, None, 'single family', None)]", "sf_detached": 14, "sf_attached": 0, "duplex/triplex": 0, "multifamily": 0, "condo": 0 }, "geometry": { "type": "Point", "coordinates": [ -8774212.056586410850286, 4293727.694903461262584 ] } },
{ "type": "Feature", "properties": { "A_NUMBER": "D2000175", "A_TYPE": "PL_MINSP", "A_DATE": "2020-07-23T00:00:00", "A_STATUS": "APP", "A_STATUS_D": "2022-04-19T00:00:00", "A_PROJECT_": "Page Road Townhomes", "A_DESCRIPT": "48 townhome project involving the construction of 900 LF of roadway and 11 buildings. In addition any associated stormwater and utilities.", "A_USER_ID": "TDANNER", "A_CASE_PLA": "ROBINSH", "StatCode": "APP", "AppStatus": "Approved", "AppCode": "PL_MINSP", "AppType": "Level 4 - Administrative Site Plan", "CasePlanne": "Robin Schultze", "EMAIL": "Robin.Schultze@durhamnc.gov", "ORIG_FID": 7350, "CreationDa": "2025-09-20T00:00:00", "Creator": "gisproc_sys", "EditDate": "2025-09-20T00:00:00", "Editor": "gisproc_sys", "match_results": "[(48, None, 'townhouse', None)]", "sf_detached": 0, "sf_attached": 48, "duplex/triplex": 0, "multifamily": 0, "condo": 0 }, "geometry": { "type": "Point", "coordinates": [ -8775155.154650690034032, 4285493.626901685260236 ] } },
{ "type": "Feature", "properties": { "A_NUMBER": "D2000240", "A_TYPE": "PL_MINSP", "A_DATE": "2020-10-02T00:00:00", "A_STATUS": "APP", "A_STATUS_D": "2021-10-27T00:00:00", "A_PROJECT_": "Farrington Townes", "A_DESCRIPT": "25 townhome lots with associated streets, sidewalks, utilities, grading, stormwater and landscaping.", "A_USER_ID": "KIMRO", "A_CASE_PLA": "ELIZAMO", "StatCode": "APP", "AppStatus": "Approved", "AppCode": "PL_MINSP", "AppType": "Level 4 - Administrative Site Plan", "CasePlanne": "Eliza Monroe", "EMAIL": "Eliza.Monroe@durhamnc.gov", "ORIG_FID": 7382, "CreationDa": "2025-09-20T00:00:00", "Creator": "gisproc_sys", "EditDate": "2025-09-20T00:00:00", "Editor": "gisproc_sys", "match_results": "[(25, None, 'townhouse', 'lots')]", "sf_detached": 0, "sf_attached": 25, "duplex/triplex": 0, "multifamily": 0, "condo": 0 }, "geometry": { "type": "Point", "coordinates": [ -8792507.871126510202885, 4292783.497254635207355 ] } },
{ "type": "Feature", "properties": { "A_NUMBER": "D1700229", "A_TYPE": "PL_MINSP", "A_DATE": "2017-07-11T00:00:00", "A_STATUS": "APP", "A_STATUS_D": "2018-02-12T00:00:00", "A_PROJECT_": "Bethpage Village Multifamily", "A_DESCRIPT": "Development of 510 residential units and non-residential uses near intersection of Page Road and Chin Page Road.", "A_USER_ID": "ADDMGR", "A_CASE_PLA": "DCULTRA", "StatCode": "APP", "AppStatus": "Approved", "AppCode": "PL_MINSP", "AppType": "Level 4 - Administrative Site Plan", "CasePlanne": "Danny Cultra", "EMAIL": "Danny.Cultra@durhamnc.gov", "ORIG_FID": 7435, "CreationDa": "2025-09-20T00:00:00", "Creator": "gisproc_sys", "EditDate": "2025-09-20T00:00:00", "Editor": "gisproc_sys", "match_results": [ ], "sf_detached": 0, "sf_attached": 0, "duplex/triplex": 0, "multifamily": 0, "condo": 0 }, "geometry": { "type": "Point", "coordinates": [ -8774478.992156436666846, 4286429.169665116816759 ] } },
{ "type": "Feature", "properties": { "A_NUMBER": "D2400015", "A_TYPE": "PL_MINSP", "A_DATE": "2024-01-24T00:00:00", "A_STATUS": "APP", "A_STATUS_D": "2025-02-05T00:00:00", "A_PROJECT_": "Ovation at Sweetbrier - Phase 2 & 3", "A_DESCRIPT": "360 Single family Detached lots and 114 Townhome lots with supporting open space.", "A_USER_ID": "JESSICADO", "A_CASE_PLA": "KEAGANSA", "StatCode": "APP", "AppStatus": "Approved", "AppCode": "PL_MINSP", "AppType": "Level 4 - Administrative Site Plan", "CasePlanne": "Keagan Sacripanti", "EMAIL": "Keagan.Sacripanti@durhamnc.gov", "ORIG_FID": 7455, "CreationDa": "2025-09-20T00:00:00", "Creator": "gisproc_sys", "EditDate": "2025-09-20T00:00:00", "Editor": "gisproc_sys", "match_results": "[(360, None, 'single family', 'lots'), (114, None, 'townhouse', 'lots')]", "sf_detached": 360, "sf_attached": 114, "duplex/triplex": 0, "multifamily": 0, "condo": 0 }, "geometry": { "type": "Point", "coordinates": [ -8770197.088341513648629, 4294684.402740499004722 ] } },
{ "type": "Feature", "properties": { "A_NUMBER": "D2400050", "A_TYPE": "PL_MINSP", "A_DATE": "2024-03-04T00:00:00", "A_STATUS": "APP", "A_STATUS_D": "2025-04-30T00:00:00", "A_PROJECT_": "Hopson Road Multi-Family", "A_DESCRIPT": "Construction of 399 multi-family units with associated amenities and infrastructure totaling in 498,495 SF.", "A_USER_ID": "TREYFI", "A_CASE_PLA": "TREYFI", "StatCode": "APP", "AppStatus": "Approved", "AppCode": "PL_MINSP", "AppType": "Level 4 - Administrative Site Plan", "CasePlanne": "Trey Figueroa", "EMAIL": "Trey.Figueroa@durhamnc.gov", "ORIG_FID": 7506, "CreationDa": "2025-09-20T00:00:00", "Creator": "gisproc_sys", "EditDate": "2025-09-20T00:00:00", "Editor": "gisproc_sys", "match_results": "[(399, None, 'multifamily', 'units')]", "sf_detached": 0, "sf_attached": 0, "duplex/triplex": 0, "multifamily": 399, "condo": 0 }, "geometry": { "type": "Point", "coordinates": [ -8778330.503313960507512, 4283574.252483013086021 ] } },
{ "type": "Feature", "properties": { "A_NUMBER": "D1900394", "A_TYPE": "PL_MINSP", "A_DATE": "2019-11-12T00:00:00", "A_STATUS": "APP", "A_STATUS_D": "2021-04-14T00:00:00", "A_PROJECT_": "3404 Page Road", "A_DESCRIPT": "Proposed townhome development. A total of 188 lots are proposed.", "A_USER_ID": "KIMRO", "A_CASE_PLA": "COLERE", "StatCode": "APP", "AppStatus": "Approved", "AppCode": "PL_MINSP", "AppType": "Level 4 - Administrative Site Plan", "CasePlanne": "Cole Renigar", "EMAIL": "Cole.Renigar@durhamnc.gov", "ORIG_FID": 7578, "CreationDa": "2025-09-20T00:00:00", "Creator": "gisproc_sys", "EditDate": "2025-09-20T00:00:00", "Editor": "gisproc_sys", "match_results": [ ], "sf_detached": 0, "sf_attached": 0, "duplex/triplex": 0, "multifamily": 0, "condo": 0 }, "geometry": { "type": "Point", "coordinates": [ -8774301.429574893787503, 4287189.189233396202326 ] } },
{ "type": "Feature", "properties": { "A_NUMBER": "A1900012", "A_TYPE": "PL_CPAA", "A_DATE": "2019-07-02T00:00:00", "A_STATUS": "APP", "A_STATUS_D": "2021-03-10T00:00:00", "A_PROJECT_": "NCCU School of Business", "A_DESCRIPT": "Proposed change from Low Residential to Institutional FLUM", "A_USER_ID": "ALEXCA", "A_CASE_PLA": "EMILYST", "StatCode": "APP", "AppStatus": "Approved", "AppCode": "PL_CPAA", "AppType": "Comprehensive Plan Map or Plan Amendment", "CasePlanne": "Emily Struthers", "EMAIL": "Emily.Struthers@durhamnc.gov", "ORIG_FID": 7729, "CreationDa": "2025-09-20T00:00:00", "Creator": "gisproc_sys", "EditDate": "2025-09-20T00:00:00", "Editor": "gisproc_sys", "match_results": [ ], "sf_detached": 0, "sf_attached": 0, "duplex/triplex": 0, "multifamily": 0, "condo": 0 }, "geometry": { "type": "Point", "coordinates": [ -8782477.628847097977996, 4297328.661007746122777 ] } },
{ "type": "Feature", "properties": { "A_NUMBER": "D2300275", "A_TYPE": "PL_MINSP", "A_DATE": "2023-12-07T00:00:00", "A_STATUS": "APP", "A_STATUS_D": "2025-03-02T00:00:00", "A_PROJECT_": "The Shannon at Old Chapel Hill", "A_DESCRIPT": "Development of 43 townhouses, a mixed-use building with 17 apartments and 3,500 sq. ft. retail space.", "A_USER_ID": "TREYFI", "A_CASE_PLA": "TREYFI", "StatCode": "APP", "AppStatus": "Approved", "AppCode": "PL_MINSP", "AppType": "Level 4 - Administrative Site Plan", "CasePlanne": "Trey Figueroa", "EMAIL": "Trey.Figueroa@durhamnc.gov", "ORIG_FID": 7746, "CreationDa": "2025-09-20T00:00:00", "Creator": "gisproc_sys", "EditDate": "2025-09-20T00:00:00", "Editor": "gisproc_sys", "match_results": "[(43, None, 'townhouse', None), (17, None, 'apartment', None)]", "sf_detached": 0, "sf_attached": 43, "duplex/triplex": 0, "multifamily": 17, "condo": 0 }, "geometry": { "type": "Point", "coordinates": [ -8789228.690786005929112, 4294683.096264665946364 ] } },
{ "type": "Feature", "properties": { "A_NUMBER": "D1800348", "A_TYPE": "PL_MINSP", "A_DATE": "2018-11-06T00:00:00", "A_STATUS": "APP", "A_STATUS_D": "2019-05-31T00:00:00", "A_PROJECT_": "Andrews Chapel Site Plan Amendment 4", "A_DESCRIPT": "Changing a majority of single family lots to townhomes, creating 45 new lots property is zonned PDR 4.793, and the tract acreage is 114.17", "A_USER_ID": "JESSICADO", "A_CASE_PLA": "COLERE", "StatCode": "APP", "AppStatus": "Approved", "AppCode": "PL_MINSP", "AppType": "Level 4 - Administrative Site Plan", "CasePlanne": "Cole Renigar", "EMAIL": "Cole.Renigar@durhamnc.gov", "ORIG_FID": 7757, "CreationDa": "2025-09-20T00:00:00", "Creator": "gisproc_sys", "EditDate": "2025-09-20T00:00:00", "Editor": "gisproc_sys", "match_results": [ ], "sf_detached": 0, "sf_attached": 0, "duplex/triplex": 0, "multifamily": 0, "condo": 0 }, "geometry": { "type": "Point", "coordinates": [ -8769375.375171862542629, 4290226.93896958976984 ] } },
{ "type": "Feature", "properties": { "A_NUMBER": "D1800067", "A_TYPE": "PL_MINPP", "A_DATE": "2018-03-06T00:00:00", "A_STATUS": "APP", "A_STATUS_D": "2018-12-20T00:00:00", "A_PROJECT_": "Angier Avenue Residential", "A_DESCRIPT": "Single Family Residential Subdivision", "A_USER_ID": "JESSICADO", "A_CASE_PLA": "JESSICADO", "StatCode": "APP", "AppStatus": "Approved", "AppCode": "PL_MINPP", "AppType": "Minor Preliminary Plat", "CasePlanne": "Jessica Dockery", "EMAIL": "Jessica.Dockery@durhamnc.gov", "ORIG_FID": 7763, "CreationDa": "2025-09-20T00:00:00", "Creator": "gisproc_sys", "EditDate": "2025-09-20T00:00:00", "Editor": "gisproc_sys", "match_results": [ ], "sf_detached": 0, "sf_attached": 0, "duplex/triplex": 0, "multifamily": 0, "condo": 0 }, "geometry": { "type": "Point", "coordinates": [ -8777009.522383885458112, 4293441.071915630251169 ] } },
{ "type": "Feature", "properties": { "A_NUMBER": "D2100130", "A_TYPE": "PL_MINSP", "A_DATE": "2021-05-04T00:00:00", "A_STATUS": "APP", "A_STATUS_D": "2021-12-03T00:00:00", "A_PROJECT_": "Newcastle", "A_DESCRIPT": "Landscape enhancement around building and proposed site plan amenities for building tenants. Minor grading disturbance and additional parking proposed in interior courtyard.", "A_USER_ID": "COLERE", "A_CASE_PLA": "ELIZAMO", "StatCode": "APP", "AppStatus": "Approved", "AppCode": "PL_MINSP", "AppType": "Level 4 - Administrative Site Plan", "CasePlanne": "Eliza Monroe", "EMAIL": "Eliza.Monroe@durhamnc.gov", "ORIG_FID": 7788, "CreationDa": "2025-09-20T00:00:00", "Creator": "gisproc_sys", "EditDate": "2025-09-20T00:00:00", "Editor": "gisproc_sys", "match_results": [ ], "sf_detached": 0, "sf_attached": 0, "duplex/triplex": 0, "multifamily": 0, "condo": 0 }, "geometry": { "type": "Point", "coordinates": [ -8777183.914631236344576, 4283594.783000840805471 ] } },
{ "type": "Feature", "properties": { "A_NUMBER": "D2200204", "A_TYPE": "PL_MINSP", "A_DATE": "2022-06-15T00:00:00", "A_STATUS": "APP", "A_STATUS_D": "2023-05-26T00:00:00", "A_PROJECT_": "Jackson Street Condominiums", "A_DESCRIPT": "61 apartment unit condos with 1st floor retail and parking garage", "A_USER_ID": "COLERE", "A_CASE_PLA": "COLERE", "StatCode": "APP", "AppStatus": "Approved", "AppCode": "PL_MINSP", "AppType": "Level 4 - Administrative Site Plan", "CasePlanne": "Cole Renigar", "EMAIL": "Cole.Renigar@durhamnc.gov", "ORIG_FID": 7873, "CreationDa": "2025-09-20T00:00:00", "Creator": "gisproc_sys", "EditDate": "2025-09-20T00:00:00", "Editor": "gisproc_sys", "match_results": "[(61, None, 'apartment', None), (1, None, 'condo', None)]", "sf_detached": 0, "sf_attached": 0, "duplex/triplex": 0, "multifamily": 61, "condo": 1 }, "geometry": { "type": "Point", "coordinates": [ -8784331.269605888053775, 4299962.277131959795952 ] } },
{ "type": "Feature", "properties": { "A_NUMBER": "D2200292", "A_TYPE": "PL_MINSP", "A_DATE": "2022-08-31T00:00:00", "A_STATUS": "APP", "A_STATUS_D": "2023-02-16T00:00:00", "A_PROJECT_": "Cedar Trace Apartments", "A_DESCRIPT": "180 apartment units with clubhouse", "A_USER_ID": "KIMRO", "A_CASE_PLA": "TREYFI", "StatCode": "APP", "AppStatus": "Approved", "AppCode": "PL_MINSP", "AppType": "Level 4 - Administrative Site Plan", "CasePlanne": "Trey Figueroa", "EMAIL": "Trey.Figueroa@durhamnc.gov", "ORIG_FID": 7897, "CreationDa": "2025-09-20T00:00:00", "Creator": "gisproc_sys", "EditDate": "2025-09-20T00:00:00", "Editor": "gisproc_sys", "match_results": "[(180, None, 'apartment', 'units')]", "sf_detached": 0, "sf_attached": 0, "duplex/triplex": 0, "multifamily": 180, "condo": 0 }, "geometry": { "type": "Point", "coordinates": [ -8777827.114390335977077, 4297850.942708177492023 ] } },
{ "type": "Feature", "properties": { "A_NUMBER": "D1800273", "A_TYPE": "PL_MINSP", "A_DATE": "2018-08-14T00:00:00", "A_STATUS": "APP", "A_STATUS_D": "2019-04-11T00:00:00", "A_PROJECT_": "Yancey Street Condos", "A_DESCRIPT": "44 condos in a new 5 story building", "A_USER_ID": "JESSICADO", "A_CASE_PLA": "TREYFI", "StatCode": "APP", "AppStatus": "Approved", "AppCode": "PL_MINSP", "AppType": "Level 4 - Administrative Site Plan", "CasePlanne": "Trey Figueroa", "EMAIL": "Trey.Figueroa@durhamnc.gov", "ORIG_FID": 7908, "CreationDa": "2025-09-20T00:00:00", "Creator": "gisproc_sys", "EditDate": "2025-09-20T00:00:00", "Editor": "gisproc_sys", "match_results": "[(44, None, 'condo', None)]", "sf_detached": 0, "sf_attached": 0, "duplex/triplex": 0, "multifamily": 0, "condo": 44 }, "geometry": { "type": "Point", "coordinates": [ -8784124.380644304677844, 4299755.525222381576896 ] } },
{ "type": "Feature", "properties": { "A_NUMBER": "D2200139", "A_TYPE": "PL_MINSP", "A_DATE": "2022-04-27T00:00:00", "A_STATUS": "UN_RE", "A_STATUS_D": "2022-04-28T00:00:00", "A_PROJECT_": "Carrington Woods", "A_DESCRIPT": "17 home Single family development with public associated stormwater and utilities encompassing 8.552 acres", "A_USER_ID": "TREYFI", "A_CASE_PLA": "TREYFI", "StatCode": "UN_RE", "AppStatus": "Under Review", "AppCode": "PL_MINSP", "AppType": "Level 4 - Administrative Site Plan", "CasePlanne": "Trey Figueroa", "EMAIL": "Trey.Figueroa@durhamnc.gov", "ORIG_FID": 7989, "CreationDa": "2025-09-20T00:00:00", "Creator": "gisproc_sys", "EditDate": "2025-09-20T00:00:00", "Editor": "gisproc_sys", "match_results": "[(17, None, 'home', None)]", "sf_detached": 17, "sf_attached": 0, "duplex/triplex": 0, "multifamily": 0, "condo": 0 }, "geometry": { "type": "Point", "coordinates": [ -8775792.739897683262825, 4300797.858183029107749 ] } },
{ "type": "Feature", "properties": { "A_NUMBER": "D1800285", "A_TYPE": "PL_MINSP", "A_DATE": "2018-08-28T00:00:00", "A_STATUS": "APP", "A_STATUS_D": "2019-03-11T00:00:00", "A_PROJECT_": "Beth Page Village Mixed Use", "A_DESCRIPT": "Development of 230 apartments and 8908 SF of vertically integrated commercial space", "A_USER_ID": "KIMRO", "A_CASE_PLA": "COURTNEYMC", "StatCode": "APP", "AppStatus": "Approved", "AppCode": "PL_MINSP", "AppType": "Level 4 - Administrative Site Plan", "CasePlanne": "Courtney McQueen", "EMAIL": "Courtney.McQueen@durhamnc.gov", "ORIG_FID": 8075, "CreationDa": "2025-09-20T00:00:00", "Creator": "gisproc_sys", "EditDate": "2025-09-20T00:00:00", "Editor": "gisproc_sys", "match_results": "[(230, None, 'apartment', None)]", "sf_detached": 0, "sf_attached": 0, "duplex/triplex": 0, "multifamily": 230, "condo": 0 }, "geometry": { "type": "Point", "coordinates": [ -8774678.081623459234834, 4286053.505850077606738 ] } },
{ "type": "Feature", "properties": { "A_NUMBER": "D1800205", "A_TYPE": "PL_MINSP", "A_DATE": "2018-06-19T00:00:00", "A_STATUS": "APP", "A_STATUS_D": "2019-01-17T00:00:00", "A_PROJECT_": "3206 University Dr. & Lassiter St.", "A_DESCRIPT": "Mixed Use", "A_USER_ID": "AMANDAHO", "A_CASE_PLA": "TREYFI", "StatCode": "APP", "AppStatus": "Approved", "AppCode": "PL_MINSP", "AppType": "Level 4 - Administrative Site Plan", "CasePlanne": "Trey Figueroa", "EMAIL": "Trey.Figueroa@durhamnc.gov", "ORIG_FID": 8123, "CreationDa": "2025-09-20T00:00:00", "Creator": "gisproc_sys", "EditDate": "2025-09-20T00:00:00", "Editor": "gisproc_sys", "match_results": [ ], "sf_detached": 0, "sf_attached": 0, "duplex/triplex": 0, "multifamily": 0, "condo": 0 }, "geometry": { "type": "Point", "coordinates": [ -8787724.340176645666361, 4296064.478806807659566 ] } },
{ "type": "Feature", "properties": { "A_NUMBER": "A1700012", "A_TYPE": "PL_CPAA", "A_DATE": "2017-08-17T00:00:00", "A_STATUS": "APP", "A_STATUS_D": "2018-04-17T00:00:00", "A_PROJECT_": "3404 Page Road", "A_DESCRIPT": "Zoning Map Change (Z1700031) from RR to PDR, Comp Plan Change (A1700012) from Industrial to Low Medium, and Annexation (BDG 1700010) to allow for 170 townhomes.", "A_USER_ID": "ADDMGR", "A_CASE_PLA": "JAMIESUN", "StatCode": "APP", "AppStatus": "Approved", "AppCode": "PL_CPAA", "AppType": "Comprehensive Plan Map or Plan Amendment", "CasePlanne": null, "EMAIL": null, "ORIG_FID": 8136, "CreationDa": "2025-09-20T00:00:00", "Creator": "gisproc_sys", "EditDate": "2025-09-20T00:00:00", "Editor": "gisproc_sys", "match_results": "[(10, None, 'townhouse', None)]", "sf_detached": 0, "sf_attached": 10, "duplex/triplex": 0, "multifamily": 0, "condo": 0 }, "geometry": { "type": "Point", "coordinates": [ -8774301.429574893787503, 4287189.189233396202326 ] } },
{ "type": "Feature", "properties": { "A_NUMBER": "D2100053", "A_TYPE": "PL_MINSP", "A_DATE": "2021-02-18T00:00:00", "A_STATUS": "APP", "A_STATUS_D": "2021-12-14T00:00:00", "A_PROJECT_": "Holloway Studios", "A_DESCRIPT": "19 townhomes and 832 sf commercial space", "A_USER_ID": "KIMRO", "A_CASE_PLA": "COLERE", "StatCode": "APP", "AppStatus": "Approved", "AppCode": "PL_MINSP", "AppType": "Level 4 - Administrative Site Plan", "CasePlanne": "Cole Renigar", "EMAIL": "Cole.Renigar@durhamnc.gov", "ORIG_FID": 8295, "CreationDa": "2025-09-20T00:00:00", "Creator": "gisproc_sys", "EditDate": "2025-09-20T00:00:00", "Editor": "gisproc_sys", "match_results": "[(19, None, 'townhouse', None)]", "sf_detached": 0, "sf_attached": 19, "duplex/triplex": 0, "multifamily": 0, "condo": 0 }, "geometry": { "type": "Point", "coordinates": [ -8782402.019060168415308, 4299753.61388346273452 ] } },
{ "type": "Feature", "properties": { "A_NUMBER": "D1500163", "A_TYPE": "PL_MINSP", "A_DATE": "2015-06-16T00:00:00", "A_STATUS": "APP", "A_STATUS_D": "2016-12-01T00:00:00", "A_PROJECT_": "Residences at Fendol Farms Amendment", "A_DESCRIPT": "Redesign of residences section (148 lots) to change two dry ponds into one wet pond and slightly modify lot layout due to that change. The plan also  incoporates impervious being provided by D1200218", "A_USER_ID": "GSMITH", "A_CASE_PLA": "DCULTRA", "StatCode": "APP", "AppStatus": "Approved", "AppCode": "PL_MINSP", "AppType": "Level 4 - Administrative Site Plan", "CasePlanne": "Danny Cultra", "EMAIL": "Danny.Cultra@durhamnc.gov", "ORIG_FID": 8351, "CreationDa": "2025-09-20T00:00:00", "Creator": "gisproc_sys", "EditDate": "2025-09-20T00:00:00", "Editor": "gisproc_sys", "match_results": [ ], "sf_detached": 0, "sf_attached": 0, "duplex/triplex": 0, "multifamily": 0, "condo": 0 }, "geometry": { "type": "Point", "coordinates": [ -8770699.650366773828864, 4292502.042082003317773 ] } },
{ "type": "Feature", "properties": { "A_NUMBER": "D2100062", "A_TYPE": "PL_MINSP", "A_DATE": "2021-02-25T00:00:00", "A_STATUS": "APP", "A_STATUS_D": "2022-01-05T00:00:00", "A_PROJECT_": "Trails at Twin Lakes", "A_DESCRIPT": "168 Multi-family apartment units and associated amenity spaces", "A_USER_ID": "KIMRO", "A_CASE_PLA": "TREYFI", "StatCode": "APP", "AppStatus": "Approved", "AppCode": "PL_MINSP", "AppType": "Level 4 - Administrative Site Plan", "CasePlanne": "Trey Figueroa", "EMAIL": "Trey.Figueroa@durhamnc.gov", "ORIG_FID": 8358, "CreationDa": "2025-09-20T00:00:00", "Creator": "gisproc_sys", "EditDate": "2025-09-20T00:00:00", "Editor": "gisproc_sys", "match_results": "[(168, None, 'multifamily', None)]", "sf_detached": 0, "sf_attached": 0, "duplex/triplex": 0, "multifamily": 168, "condo": 0 }, "geometry": { "type": "Point", "coordinates": [ -8777003.532152594998479, 4299178.612411198206246 ] } },
{ "type": "Feature", "properties": { "A_NUMBER": "D1500178", "A_TYPE": "PL_MINSP", "A_DATE": "2015-06-30T00:00:00", "A_STATUS": "APP", "A_STATUS_D": "2016-05-17T00:00:00", "A_PROJECT_": "751 South - Phase 1", "A_DESCRIPT": "Residential portion (144 townhomes and 226 SF lots) in mized use development", "A_USER_ID": "ADDMGR", "A_CASE_PLA": "BDOBRZENSKI", "StatCode": "APP", "AppStatus": "Approved", "AppCode": "PL_MINSP", "AppType": "Level 4 - Administrative Site Plan", "CasePlanne": "Bo Dobrzenski", "EMAIL": "Bo.Dobrzenski@durhamnc.gov", "ORIG_FID": 8373, "CreationDa": "2025-09-20T00:00:00", "Creator": "gisproc_sys", "EditDate": "2025-09-20T00:00:00", "Editor": "gisproc_sys", "match_results": "[(144, None, 'townhouse', None)]", "sf_detached": 0, "sf_attached": 144, "duplex/triplex": 0, "multifamily": 0, "condo": 0 }, "geometry": { "type": "Point", "coordinates": [ -8788630.477649813517928, 4283008.32306229416281 ] } },
{ "type": "Feature", "properties": { "A_NUMBER": "D2200348", "A_TYPE": "PL_MINSP", "A_DATE": "2022-10-11T00:00:00", "A_STATUS": "APP", "A_STATUS_D": "2023-11-29T00:00:00", "A_PROJECT_": "Dearborn Multifamily", "A_DESCRIPT": "156 multifamily units and amenity space", "A_USER_ID": "ROBINSH", "A_CASE_PLA": "ROBINSH", "StatCode": "APP", "AppStatus": "Approved", "AppCode": "PL_MINSP", "AppType": "Level 4 - Administrative Site Plan", "CasePlanne": "Robin Schultze", "EMAIL": "Robin.Schultze@durhamnc.gov", "ORIG_FID": 8388, "CreationDa": "2025-09-20T00:00:00", "Creator": "gisproc_sys", "EditDate": "2025-09-20T00:00:00", "Editor": "gisproc_sys", "match_results": "[(156, None, 'multifamily', 'units')]", "sf_detached": 0, "sf_attached": 0, "duplex/triplex": 0, "multifamily": 156, "condo": 0 }, "geometry": { "type": "Point", "coordinates": [ -8781364.362903056666255, 4305813.411415628157556 ] } },
{ "type": "Feature", "properties": { "A_NUMBER": "D2100395", "A_TYPE": "PL_MINSP", "A_DATE": "2021-11-03T00:00:00", "A_STATUS": "APP", "A_STATUS_D": "2022-07-11T00:00:00", "A_PROJECT_": "509 Sherron Road", "A_DESCRIPT": "37 townhouse lots + 2 open space lots", "A_USER_ID": "JUSTINH", "A_CASE_PLA": "COLERE", "StatCode": "APP", "AppStatus": "Approved", "AppCode": "PL_MINSP", "AppType": "Level 4 - Administrative Site Plan", "CasePlanne": "Cole Renigar", "EMAIL": "Cole.Renigar@durhamnc.gov", "ORIG_FID": 8448, "CreationDa": "2025-09-20T00:00:00", "Creator": "gisproc_sys", "EditDate": "2025-09-20T00:00:00", "Editor": "gisproc_sys", "match_results": "[(37, None, 'townhouse', 'lots')]", "sf_detached": 0, "sf_attached": 37, "duplex/triplex": 0, "multifamily": 0, "condo": 0 }, "geometry": { "type": "Point", "coordinates": [ -8772353.801256312057376, 4296158.210594831034541 ] } },
{ "type": "Feature", "properties": { "A_NUMBER": "D2200032", "A_TYPE": "PL_MINSP", "A_DATE": "2022-02-10T00:00:00", "A_STATUS": "APP", "A_STATUS_D": "2023-09-07T00:00:00", "A_PROJECT_": "Mineral Springs Residential North", "A_DESCRIPT": "Subdividing 11 single-family residential lots, including 2 flag lots, storm water control measures and open space", "A_USER_ID": "JESSICADO", "A_CASE_PLA": "ROBINSH", "StatCode": "APP", "AppStatus": "Approved", "AppCode": "PL_MINSP", "AppType": "Level 4 - Administrative Site Plan", "CasePlanne": "Robin Schultze", "EMAIL": "Robin.Schultze@durhamnc.gov", "ORIG_FID": 8564, "CreationDa": "2025-09-20T00:00:00", "Creator": "gisproc_sys", "EditDate": "2025-09-20T00:00:00", "Editor": "gisproc_sys", "match_results": "[(11, None, 'single family', None)]", "sf_detached": 11, "sf_attached": 0, "duplex/triplex": 0, "multifamily": 0, "condo": 0 }, "geometry": { "type": "Point", "coordinates": [ -8775557.065798956900835, 4294924.86675691884011 ] } },
{ "type": "Feature", "properties": { "A_NUMBER": "D1500188", "A_TYPE": "PL_MINSP", "A_DATE": "2015-07-07T00:00:00", "A_STATUS": "APP", "A_STATUS_D": "2016-04-14T00:00:00", "A_PROJECT_": "Croasdaile Village Campus Improvements", "A_DESCRIPT": "Site work and parking at existing assisted living facility, addition of 17 duplex cottages (34 units), 4 6-plex villas(24 units),  45 congregate living single units (47,549 sq. ft.), addition to existing commons building, and new maintenance building.", "A_USER_ID": "WGRIFFIN", "A_CASE_PLA": "NIARO", "StatCode": "APP", "AppStatus": "Approved", "AppCode": "PL_MINSP", "AppType": "Level 4 - Administrative Site Plan", "CasePlanne": "Nia Rodgers", "EMAIL": "nia.rodgers@durhamnc.gov", "ORIG_FID": 8589, "CreationDa": "2025-09-20T00:00:00", "Creator": "gisproc_sys", "EditDate": "2025-09-20T00:00:00", "Editor": "gisproc_sys", "match_results": "[(17, None, 'duplex', None)]", "sf_detached": 0, "sf_attached": 0, "duplex/triplex": 17, "multifamily": 0, "condo": 0 }, "geometry": { "type": "Point", "coordinates": [ -8787454.74628715403378, 4307041.12136631179601 ] } },
{ "type": "Feature", "properties": { "A_NUMBER": "D2100088", "A_TYPE": "PL_MINSP", "A_DATE": "2021-03-18T00:00:00", "A_STATUS": "APP", "A_STATUS_D": "2022-02-03T00:00:00", "A_PROJECT_": "1101 Olive Branch Road (Solana)", "A_DESCRIPT": "167 Townhome and 249 Single Family residential development", "A_USER_ID": "JESSICADO", "A_CASE_PLA": "JOHNRA", "StatCode": "APP", "AppStatus": "Approved", "AppCode": "PL_MINSP", "AppType": "Level 4 - Administrative Site Plan", "CasePlanne": "John Rabon", "EMAIL": "John.Rabon@durhamnc.gov", "ORIG_FID": 8595, "CreationDa": "2025-09-20T00:00:00", "Creator": "gisproc_sys", "EditDate": "2025-09-20T00:00:00", "Editor": "gisproc_sys", "match_results": "[(167, None, 'townhouse', None), (249, None, 'single family', None)]", "sf_detached": 249, "sf_attached": 167, "duplex/triplex": 0, "multifamily": 0, "condo": 0 }, "geometry": { "type": "Point", "coordinates": [ -8767866.870436731725931, 4294632.969871801324189 ] } },
{ "type": "Feature", "properties": { "A_NUMBER": "A1800005", "A_TYPE": "PL_CPAA", "A_DATE": "2018-07-11T00:00:00", "A_STATUS": "APP", "A_STATUS_D": "2019-07-02T00:00:00", "A_PROJECT_": "Elevate at the Park", "A_DESCRIPT": "Plan Amendment from Office to Medium High Density Residential to support a zoning map change (Z1800013) to allow for up to 336 multi-family units.", "A_USER_ID": "KEAGANSA", "A_CASE_PLA": "EMILYST", "StatCode": "APP", "AppStatus": "Approved", "AppCode": "PL_CPAA", "AppType": "Comprehensive Plan Map or Plan Amendment", "CasePlanne": "Emily Struthers", "EMAIL": "Emily.Struthers@durhamnc.gov", "ORIG_FID": 8825, "CreationDa": "2025-09-20T00:00:00", "Creator": "gisproc_sys", "EditDate": "2025-09-20T00:00:00", "Editor": "gisproc_sys", "match_results": "[(336, None, 'multifamily', 'units')]", "sf_detached": 0, "sf_attached": 0, "duplex/triplex": 0, "multifamily": 336, "condo": 0 }, "geometry": { "type": "Point", "coordinates": [ -8782201.134835610166192, 4290061.238447830080986 ] } },
{ "type": "Feature", "properties": { "A_NUMBER": "D2200108", "A_TYPE": "PL_MINSP", "A_DATE": "2022-03-31T00:00:00", "A_STATUS": "APP", "A_STATUS_D": "2024-09-23T00:00:00", "A_PROJECT_": "Davis Park Pod G", "A_DESCRIPT": "Multifamily 270 Apartments", "A_USER_ID": "COLERE", "A_CASE_PLA": "COLERE", "StatCode": "APP", "AppStatus": "Approved", "AppCode": "PL_MINSP", "AppType": "Level 4 - Administrative Site Plan", "CasePlanne": "Cole Renigar", "EMAIL": "Cole.Renigar@durhamnc.gov", "ORIG_FID": 8841, "CreationDa": "2025-09-20T00:00:00", "Creator": "gisproc_sys", "EditDate": "2025-09-20T00:00:00", "Editor": "gisproc_sys", "match_results": "[(270, None, 'multifamily', None)]", "sf_detached": 0, "sf_attached": 0, "duplex/triplex": 0, "multifamily": 270, "condo": 0 }, "geometry": { "type": "Point", "coordinates": [ -8778311.422099981456995, 4284123.465817768126726 ] } },
{ "type": "Feature", "properties": { "A_NUMBER": "D2000080", "A_TYPE": "PL_MINSP", "A_DATE": "2020-04-13T00:00:00", "A_STATUS": "APP", "A_STATUS_D": "2021-02-02T00:00:00", "A_PROJECT_": "300 East Main Street", "A_DESCRIPT": "105 Apartments,parking deck, retail and pre-school", "A_USER_ID": "KIMRO", "A_CASE_PLA": "COURTNEYMC", "StatCode": "APP", "AppStatus": "Approved", "AppCode": "PL_MINSP", "AppType": "Level 4 - Administrative Site Plan", "CasePlanne": "Courtney McQueen", "EMAIL": "Courtney.McQueen@durhamnc.gov", "ORIG_FID": 8860, "CreationDa": "2025-09-20T00:00:00", "Creator": "gisproc_sys", "EditDate": "2025-09-20T00:00:00", "Editor": "gisproc_sys", "match_results": "[(105, None, 'apartment', None)]", "sf_detached": 0, "sf_attached": 0, "duplex/triplex": 0, "multifamily": 105, "condo": 0 }, "geometry": { "type": "Point", "coordinates": [ -8782749.652233244851232, 4299742.185735537670553 ] } },
{ "type": "Feature", "properties": { "A_NUMBER": "D2000221", "A_TYPE": "PL_MINSP", "A_DATE": "2020-09-16T00:00:00", "A_STATUS": "APP", "A_STATUS_D": "2025-02-19T00:00:00", "A_PROJECT_": "Fox Crossing", "A_DESCRIPT": "162 apartment units with associated parking and appurtenances", "A_USER_ID": "KIMRO", "A_CASE_PLA": "JOHNRA", "StatCode": "APP", "AppStatus": "Approved", "AppCode": "PL_MINSP", "AppType": "Level 4 - Administrative Site Plan", "CasePlanne": "John Rabon", "EMAIL": "John.Rabon@durhamnc.gov", "ORIG_FID": 8900, "CreationDa": "2025-09-20T00:00:00", "Creator": "gisproc_sys", "EditDate": "2025-09-20T00:00:00", "Editor": "gisproc_sys", "match_results": "[(162, None, 'apartment', 'units')]", "sf_detached": 0, "sf_attached": 0, "duplex/triplex": 0, "multifamily": 162, "condo": 0 }, "geometry": { "type": "Point", "coordinates": [ -8777424.139690440148115, 4295946.677425106056035 ] } },
{ "type": "Feature", "properties": { "A_NUMBER": "D2200310", "A_TYPE": "PL_MINSP", "A_DATE": "2022-09-09T00:00:00", "A_STATUS": "APP", "A_STATUS_D": "2023-04-19T00:00:00", "A_PROJECT_": "Everton", "A_DESCRIPT": "308-unit multifamily townhome development, associated with rezoning case Z2100027.", "A_USER_ID": "KIMRO", "A_CASE_PLA": "ROBINSH", "StatCode": "APP", "AppStatus": "Approved", "AppCode": "PL_MINSP", "AppType": "Level 4 - Administrative Site Plan", "CasePlanne": "Robin Schultze", "EMAIL": "Robin.Schultze@durhamnc.gov", "ORIG_FID": 9010, "CreationDa": "2025-09-20T00:00:00", "Creator": "gisproc_sys", "EditDate": "2025-09-20T00:00:00", "Editor": "gisproc_sys", "match_results": "[(308, None, 'multifamily', None)]", "sf_detached": 0, "sf_attached": 0, "duplex/triplex": 0, "multifamily": 308, "condo": 0 }, "geometry": { "type": "Point", "coordinates": [ -8770150.539204187691212, 4292752.835015885531902 ] } },
{ "type": "Feature", "properties": { "A_NUMBER": "D2000108", "A_TYPE": "PL_MINSP", "A_DATE": "2020-05-15T00:00:00", "A_STATUS": "APP", "A_STATUS_D": "2020-11-06T00:00:00", "A_PROJECT_": "Moriah Multi-family - Phase II", "A_DESCRIPT": "43 Market rate apartments and 8 Affordale units", "A_USER_ID": "TREYFI", "A_CASE_PLA": "TREYFI", "StatCode": "APP", "AppStatus": "Approved", "AppCode": "PL_MINSP", "AppType": "Level 4 - Administrative Site Plan", "CasePlanne": "Trey Figueroa", "EMAIL": "Trey.Figueroa@durhamnc.gov", "ORIG_FID": 9106, "CreationDa": "2025-09-20T00:00:00", "Creator": "gisproc_sys", "EditDate": "2025-09-20T00:00:00", "Editor": "gisproc_sys", "match_results": "[(43, None, 'apartment', None)]", "sf_detached": 0, "sf_attached": 0, "duplex/triplex": 0, "multifamily": 43, "condo": 0 }, "geometry": { "type": "Point", "coordinates": [ -8793503.333895578980446, 4293213.670624024234712 ] } },
{ "type": "Feature", "properties": { "A_NUMBER": "D1800124", "A_TYPE": "PL_MINSP", "A_DATE": "2018-04-17T00:00:00", "A_STATUS": "APP", "A_STATUS_D": "2018-10-29T00:00:00", "A_PROJECT_": "Highland Park Subdivision", "A_DESCRIPT": "Multi-Family development", "A_USER_ID": "JESSICADO", "A_CASE_PLA": "JESSICADO", "StatCode": "APP", "AppStatus": "Approved", "AppCode": "PL_MINSP", "AppType": "Level 4 - Administrative Site Plan", "CasePlanne": "Jessica Dockery", "EMAIL": "Jessica.Dockery@durhamnc.gov", "ORIG_FID": 9165, "CreationDa": "2025-09-20T00:00:00", "Creator": "gisproc_sys", "EditDate": "2025-09-20T00:00:00", "Editor": "gisproc_sys", "match_results": [ ], "sf_detached": 0, "sf_attached": 0, "duplex/triplex": 0, "multifamily": 0, "condo": 0 }, "geometry": { "type": "Point", "coordinates": [ -8783989.621647547930479, 4292939.85763683449477 ] } },
{ "type": "Feature", "properties": { "A_NUMBER": "D2300035", "A_TYPE": "PL_MINSP", "A_DATE": "2023-02-08T00:00:00", "A_STATUS": "APP", "A_STATUS_D": "2023-07-25T00:00:00", "A_PROJECT_": "715-719 Rigsbee", "A_DESCRIPT": "178 multi-family units with ground floor retail.", "A_USER_ID": "COLERE", "A_CASE_PLA": "COLERE", "StatCode": "APP", "AppStatus": "Approved", "AppCode": "PL_MINSP", "AppType": "Level 4 - Administrative Site Plan", "CasePlanne": "Cole Renigar", "EMAIL": "Cole.Renigar@durhamnc.gov", "ORIG_FID": 9310, "CreationDa": "2025-09-20T00:00:00", "Creator": "gisproc_sys", "EditDate": "2025-09-20T00:00:00", "Editor": "gisproc_sys", "match_results": "[(178, None, 'multifamily', 'units')]", "sf_detached": 0, "sf_attached": 0, "duplex/triplex": 0, "multifamily": 178, "condo": 0 }, "geometry": { "type": "Point", "coordinates": [ -8783151.691722797229886, 4300998.819976202212274 ] } },
{ "type": "Feature", "properties": { "A_NUMBER": "D1800289", "A_TYPE": "PL_MINSP", "A_DATE": "2018-08-28T00:00:00", "A_STATUS": "APP", "A_STATUS_D": "2019-05-09T00:00:00", "A_PROJECT_": "Courtyards at Southpoint", "A_DESCRIPT": "Single Family lots plus amenity", "A_USER_ID": "JOHNRA", "A_CASE_PLA": "TREYFI", "StatCode": "APP", "AppStatus": "Approved", "AppCode": "PL_MINSP", "AppType": "Level 4 - Administrative Site Plan", "CasePlanne": "Trey Figueroa", "EMAIL": "Trey.Figueroa@durhamnc.gov", "ORIG_FID": 9360, "CreationDa": "2025-09-20T00:00:00", "Creator": "gisproc_sys", "EditDate": "2025-09-20T00:00:00", "Editor": "gisproc_sys", "match_results": [ ], "sf_detached": 0, "sf_attached": 0, "duplex/triplex": 0, "multifamily": 0, "condo": 0 }, "geometry": { "type": "Point", "coordinates": [ -8787375.751786779612303, 4285263.241820923984051 ] } },
{ "type": "Feature", "properties": { "A_NUMBER": "D2200363", "A_TYPE": "PL_MINSP", "A_DATE": "2022-10-17T00:00:00", "A_STATUS": "APP", "A_STATUS_D": "2023-08-03T00:00:00", "A_PROJECT_": "1011 Andrews Road", "A_DESCRIPT": "Coliving in townhomes style apartments - 56 units (244 bedrooms)", "A_USER_ID": "JESSICADO", "A_CASE_PLA": "TREYFI", "StatCode": "APP", "AppStatus": "Approved", "AppCode": "PL_MINSP", "AppType": "Level 4 - Administrative Site Plan", "CasePlanne": "Trey Figueroa", "EMAIL": "Trey.Figueroa@durhamnc.gov", "ORIG_FID": 9406, "CreationDa": "2025-09-20T00:00:00", "Creator": "gisproc_sys", "EditDate": "2025-09-20T00:00:00", "Editor": "gisproc_sys", "match_results": "[(56, None, 'apartment', 'units')]", "sf_detached": 0, "sf_attached": 0, "duplex/triplex": 0, "multifamily": 56, "condo": 0 }, "geometry": { "type": "Point", "coordinates": [ -8789114.566304542124271, 4302637.630609733983874 ] } },
{ "type": "Feature", "properties": { "A_NUMBER": "D2100448", "A_TYPE": "PL_MINSP", "A_DATE": "2021-12-16T00:00:00", "A_STATUS": "APP", "A_STATUS_D": "2023-09-08T00:00:00", "A_PROJECT_": "Falls Village North", "A_DESCRIPT": "Age Restricted 398 single family Residential community with amenities and Open Space", "A_USER_ID": "JESSICADO", "A_CASE_PLA": "ROBINSH", "StatCode": "APP", "AppStatus": "Approved", "AppCode": "PL_MINSP", "AppType": "Level 4 - Administrative Site Plan", "CasePlanne": "Robin Schultze", "EMAIL": "Robin.Schultze@durhamnc.gov", "ORIG_FID": 9415, "CreationDa": "2025-09-20T00:00:00", "Creator": "gisproc_sys", "EditDate": "2025-09-20T00:00:00", "Editor": "gisproc_sys", "match_results": "[(398, None, 'single family', None)]", "sf_detached": 398, "sf_attached": 0, "duplex/triplex": 0, "multifamily": 0, "condo": 0 }, "geometry": { "type": "Point", "coordinates": [ -8769436.505008164793253, 4299169.031608145684004 ] } },
{ "type": "Feature", "properties": { "A_NUMBER": "D2200014", "A_TYPE": "PL_MINSP", "A_DATE": "2022-01-20T00:00:00", "A_STATUS": "APP", "A_STATUS_D": "2022-12-20T00:00:00", "A_PROJECT_": "Green House Durham", "A_DESCRIPT": "Mixed use building with residential (265 apartments) and commerical including internal parking", "A_USER_ID": "JESSICADO", "A_CASE_PLA": "ROBINSH", "StatCode": "APP", "AppStatus": "Approved", "AppCode": "PL_MINSP", "AppType": "Level 4 - Administrative Site Plan", "CasePlanne": "Robin Schultze", "EMAIL": "Robin.Schultze@durhamnc.gov", "ORIG_FID": 9522, "CreationDa": "2025-09-20T00:00:00", "Creator": "gisproc_sys", "EditDate": "2025-09-20T00:00:00", "Editor": "gisproc_sys", "match_results": "[(265, None, 'apartment', None)]", "sf_detached": 0, "sf_attached": 0, "duplex/triplex": 0, "multifamily": 265, "condo": 0 }, "geometry": { "type": "Point", "coordinates": [ -8782766.342769930139184, 4300646.89708470646292 ] } },
{ "type": "Feature", "properties": { "A_NUMBER": "D2200359", "A_TYPE": "PL_MINSP", "A_DATE": "2022-10-14T00:00:00", "A_STATUS": "APP", "A_STATUS_D": "2024-09-23T00:00:00", "A_PROJECT_": "Page Road Parcels", "A_DESCRIPT": "70 townhomes with associated streets, sidewalks, grading, water, sewer, stormwater management & landscaping,", "A_USER_ID": "ADDMGR", "A_CASE_PLA": "COLERE", "StatCode": "APP", "AppStatus": "Approved", "AppCode": "PL_MINSP", "AppType": "Level 4 - Administrative Site Plan", "CasePlanne": "Cole Renigar", "EMAIL": "Cole.Renigar@durhamnc.gov", "ORIG_FID": 9529, "CreationDa": "2025-09-20T00:00:00", "Creator": "gisproc_sys", "EditDate": "2025-09-20T00:00:00", "Editor": "gisproc_sys", "match_results": "[(70, None, 'townhouse', None)]", "sf_detached": 0, "sf_attached": 70, "duplex/triplex": 0, "multifamily": 0, "condo": 0 }, "geometry": { "type": "Point", "coordinates": [ -8774167.552300615236163, 4288190.752943114377558 ] } },
{ "type": "Feature", "properties": { "A_NUMBER": "D1800230", "A_TYPE": "PL_MINSP", "A_DATE": "2018-07-03T00:00:00", "A_STATUS": "APP", "A_STATUS_D": "2018-10-05T00:00:00", "A_PROJECT_": "Leyland Post Condominiums", "A_DESCRIPT": "Redevelopment of a vacant .246 acre site. 12 condos in new 5 story building", "A_USER_ID": "KRISTINEMU", "A_CASE_PLA": "COURTNEYMC", "StatCode": "APP", "AppStatus": "Approved", "AppCode": "PL_MINSP", "AppType": "Level 4 - Administrative Site Plan", "CasePlanne": "Courtney McQueen", "EMAIL": "Courtney.McQueen@durhamnc.gov", "ORIG_FID": 9546, "CreationDa": "2025-09-20T00:00:00", "Creator": "gisproc_sys", "EditDate": "2025-09-20T00:00:00", "Editor": "gisproc_sys", "match_results": "[(12, None, 'condo', None)]", "sf_detached": 0, "sf_attached": 0, "duplex/triplex": 0, "multifamily": 0, "condo": 12 }, "geometry": { "type": "Point", "coordinates": [ -8782724.634122580289841, 4300722.093073778785765 ] } },
{ "type": "Feature", "properties": { "A_NUMBER": "D2200158", "A_TYPE": "PL_MINSP", "A_DATE": "2022-05-12T00:00:00", "A_STATUS": "APP", "A_STATUS_D": "2024-06-27T00:00:00", "A_PROJECT_": "Omega Road Townhomes", "A_DESCRIPT": "12 residential townhomes on private drive.", "A_USER_ID": "JESSICADO", "A_CASE_PLA": "TREYFI", "StatCode": "APP", "AppStatus": "Approved", "AppCode": "PL_MINSP", "AppType": "Level 4 - Administrative Site Plan", "CasePlanne": "Trey Figueroa", "EMAIL": "Trey.Figueroa@durhamnc.gov", "ORIG_FID": 9580, "CreationDa": "2025-09-20T00:00:00", "Creator": "gisproc_sys", "EditDate": "2025-09-20T00:00:00", "Editor": "gisproc_sys", "match_results": "[(12, None, 'townhouse', None)]", "sf_detached": 0, "sf_attached": 12, "duplex/triplex": 0, "multifamily": 0, "condo": 0 }, "geometry": { "type": "Point", "coordinates": [ -8784034.024741252884269, 4311010.060715681873262 ] } },
{ "type": "Feature", "properties": { "A_NUMBER": "D2200167", "A_TYPE": "PL_MINSP", "A_DATE": "2022-05-24T00:00:00", "A_STATUS": "APP", "A_STATUS_D": "2022-06-15T00:00:00", "A_PROJECT_": "Holloway Studios Amendment", "A_DESCRIPT": "Site Plan Amendment - 19 town homes and 832 sf of commercial space. ", "A_USER_ID": "KIMRO", "A_CASE_PLA": "ROBINSH", "StatCode": "APP", "AppStatus": "Approved", "AppCode": "PL_MINSP", "AppType": "Level 4 - Administrative Site Plan", "CasePlanne": "Robin Schultze", "EMAIL": "Robin.Schultze@durhamnc.gov", "ORIG_FID": 9604, "CreationDa": "2025-09-20T00:00:00", "Creator": "gisproc_sys", "EditDate": "2025-09-20T00:00:00", "Editor": "gisproc_sys", "match_results": "[(19, None, 'townhouse', None)]", "sf_detached": 0, "sf_attached": 19, "duplex/triplex": 0, "multifamily": 0, "condo": 0 }, "geometry": { "type": "Point", "coordinates": [ -8782402.019060011953115, 4299753.614031107164919 ] } },
{ "type": "Feature", "properties": { "A_NUMBER": "D1800329", "A_TYPE": "PL_MINSP", "A_DATE": "2018-10-16T00:00:00", "A_STATUS": "APP", "A_STATUS_D": "2019-02-14T00:00:00", "A_PROJECT_": "NCCU P3 Student Housing - George St.", "A_DESCRIPT": "Site demolition of existing academic community services, Women's Center, George St. Apartments, and Baynes Residence Hall;  construction of George St. student housing on 48.51 acres, located in Third Fork Creek watershed, Cape Fear river basin, UC2 zonin", "A_USER_ID": "RACHELHA", "A_CASE_PLA": "TREYFI", "StatCode": "APP", "AppStatus": "Approved", "AppCode": "PL_MINSP", "AppType": "Level 4 - Administrative Site Plan", "CasePlanne": "Trey Figueroa", "EMAIL": "Trey.Figueroa@durhamnc.gov", "ORIG_FID": 9624, "CreationDa": "2025-09-20T00:00:00", "Creator": "gisproc_sys", "EditDate": "2025-09-20T00:00:00", "Editor": "gisproc_sys", "match_results": [ ], "sf_detached": 0, "sf_attached": 0, "duplex/triplex": 0, "multifamily": 0, "condo": 0 }, "geometry": { "type": "Point", "coordinates": [ -8782996.845331633463502, 4296861.787962081842124 ] } },
{ "type": "Feature", "properties": { "A_NUMBER": "D2400003", "A_TYPE": "PL_MINSP", "A_DATE": "2024-01-08T00:00:00", "A_STATUS": "APP", "A_STATUS_D": "2024-08-15T00:00:00", "A_PROJECT_": "Preston Avenue Cluster Subdivision", "A_DESCRIPT": "20 Single family detached cluster subdivision with total 22 lots( including open space lots) being created.", "A_USER_ID": "JESSICADO", "A_CASE_PLA": "COLERE", "StatCode": "APP", "AppStatus": "Approved", "AppCode": "PL_MINSP", "AppType": "Level 4 - Administrative Site Plan", "CasePlanne": "Cole Renigar", "EMAIL": "Cole.Renigar@durhamnc.gov", "ORIG_FID": 9641, "CreationDa": "2025-09-20T00:00:00", "Creator": "gisproc_sys", "EditDate": "2025-09-20T00:00:00", "Editor": "gisproc_sys", "match_results": "[(20, None, 'single family', None)]", "sf_detached": 20, "sf_attached": 0, "duplex/triplex": 0, "multifamily": 0, "condo": 0 }, "geometry": { "type": "Point", "coordinates": [ -8785943.240466803312302, 4306164.528373731300235 ] } },
{ "type": "Feature", "properties": { "A_NUMBER": "D2300156", "A_TYPE": "PL_MINSP", "A_DATE": "2023-06-13T00:00:00", "A_STATUS": "APP", "A_STATUS_D": "2024-06-26T00:00:00", "A_PROJECT_": "Parkwood Family Fare", "A_DESCRIPT": "Remove existing commercial use and rebuild a Family Fare gas and convenience store.", "A_USER_ID": "TREYFI", "A_CASE_PLA": "TREYFI", "StatCode": "APP", "AppStatus": "Approved", "AppCode": "PL_MINSP", "AppType": "Level 4 - Administrative Site Plan", "CasePlanne": "Trey Figueroa", "EMAIL": "Trey.Figueroa@durhamnc.gov", "ORIG_FID": 9787, "CreationDa": "2025-09-20T00:00:00", "Creator": "gisproc_sys", "EditDate": "2025-09-20T00:00:00", "Editor": "gisproc_sys", "match_results": [ ], "sf_detached": 0, "sf_attached": 0, "duplex/triplex": 0, "multifamily": 0, "condo": 0 }, "geometry": { "type": "Point", "coordinates": [ -8782788.31187729164958, 4285411.745212379842997 ] } },
{ "type": "Feature", "properties": { "A_NUMBER": "D2300240", "A_TYPE": "PL_MINSP", "A_DATE": "2023-10-19T00:00:00", "A_STATUS": "APP", "A_STATUS_D": "2024-08-05T00:00:00", "A_PROJECT_": "206 N Dillard St", "A_DESCRIPT": "10 Townhomes + Existing office Building (3918 SF).", "A_USER_ID": "JONATHANBR", "A_CASE_PLA": "TREYFI", "StatCode": "APP", "AppStatus": "Approved", "AppCode": "PL_MINSP", "AppType": "Level 4 - Administrative Site Plan", "CasePlanne": "Trey Figueroa", "EMAIL": "Trey.Figueroa@durhamnc.gov", "ORIG_FID": 9919, "CreationDa": "2025-09-20T00:00:00", "Creator": "gisproc_sys", "EditDate": "2025-09-20T00:00:00", "Editor": "gisproc_sys", "match_results": "[(10, None, 'townhouse', None)]", "sf_detached": 0, "sf_attached": 10, "duplex/triplex": 0, "multifamily": 0, "condo": 0 }, "geometry": { "type": "Point", "coordinates": [ -8782443.695927787572145, 4299720.15053637418896 ] } },
{ "type": "Feature", "properties": { "A_NUMBER": "D2300198", "A_TYPE": "PL_MINSP", "A_DATE": "2023-08-17T00:00:00", "A_STATUS": "APP", "A_STATUS_D": "2025-02-07T00:00:00", "A_PROJECT_": "Woodlands Preserve Phase 2 Cluster Subdivision", "A_DESCRIPT": "Proposed 67 single-family lots and construction of associated public infrastructure in Woodlands Preserve Phase 2 development.", "A_USER_ID": "COLERE", "A_CASE_PLA": "COLERE", "StatCode": "APP", "AppStatus": "Approved", "AppCode": "PL_MINSP", "AppType": "Level 4 - Administrative Site Plan", "CasePlanne": "Cole Renigar", "EMAIL": "Cole.Renigar@durhamnc.gov", "ORIG_FID": 9948, "CreationDa": "2025-09-20T00:00:00", "Creator": "gisproc_sys", "EditDate": "2025-09-20T00:00:00", "Editor": "gisproc_sys", "match_results": "[(67, None, 'single family', 'lots')]", "sf_detached": 67, "sf_attached": 0, "duplex/triplex": 0, "multifamily": 0, "condo": 0 }, "geometry": { "type": "Point", "coordinates": [ -8779927.339266389608383, 4314316.729420711286366 ] } },
{ "type": "Feature", "properties": { "A_NUMBER": "D1500244", "A_TYPE": "PL_MINSP", "A_DATE": "2015-09-01T00:00:00", "A_STATUS": "APP", "A_STATUS_D": "2016-05-24T00:00:00", "A_PROJECT_": "Trilogy at Brier Creek", "A_DESCRIPT": "190 townhouse lots and 900 sq. ft. clubhouse on 31 acres", "A_USER_ID": "TDANNER", "A_CASE_PLA": "NIARO", "StatCode": "APP", "AppStatus": "Approved", "AppCode": "PL_MINSP", "AppType": "Level 4 - Administrative Site Plan", "CasePlanne": "Nia Rodgers", "EMAIL": "nia.rodgers@durhamnc.gov", "ORIG_FID": 10150, "CreationDa": "2025-09-20T00:00:00", "Creator": "gisproc_sys", "EditDate": "2025-09-20T00:00:00", "Editor": "gisproc_sys", "match_results": "[(190, None, 'townhouse', 'lots'), (31, None, 'home', None)]", "sf_detached": 31, "sf_attached": 190, "duplex/triplex": 0, "multifamily": 0, "condo": 0 }, "geometry": { "type": "Point", "coordinates": [ -8773354.738840084522963, 4288821.160197110846639 ] } },
{ "type": "Feature", "properties": { "A_NUMBER": "D1900267", "A_TYPE": "PL_MINSP", "A_DATE": "2019-08-05T00:00:00", "A_STATUS": "APP", "A_STATUS_D": "2020-10-05T00:00:00", "A_PROJECT_": "Meadows at Twin Lakes", "A_DESCRIPT": "88 Single Family Homes + 4 Open Spaces = total of 92", "A_USER_ID": "COLERE", "A_CASE_PLA": "COLERE", "StatCode": "APP", "AppStatus": "Approved", "AppCode": "PL_MINSP", "AppType": "Level 4 - Administrative Site Plan", "CasePlanne": "Cole Renigar", "EMAIL": "Cole.Renigar@durhamnc.gov", "ORIG_FID": 10270, "CreationDa": "2025-09-20T00:00:00", "Creator": "gisproc_sys", "EditDate": "2025-09-20T00:00:00", "Editor": "gisproc_sys", "match_results": "[(88, None, 'single family', 'homes')]", "sf_detached": 88, "sf_attached": 0, "duplex/triplex": 0, "multifamily": 0, "condo": 0 }, "geometry": { "type": "Point", "coordinates": [ -8776235.354160448536277, 4300748.365911334753036 ] } },
{ "type": "Feature", "properties": { "A_NUMBER": "D2200349", "A_TYPE": "PL_MINSP", "A_DATE": "2022-10-11T00:00:00", "A_STATUS": "APP", "A_STATUS_D": "2024-03-26T00:00:00", "A_PROJECT_": "Commerce Street Apartments PH2 & PH 3", "A_DESCRIPT": "172 unit multifamily apartments", "A_USER_ID": "COLERE", "A_CASE_PLA": "TREYFI", "StatCode": "APP", "AppStatus": "Approved", "AppCode": "PL_MINSP", "AppType": "Level 4 - Administrative Site Plan", "CasePlanne": "Trey Figueroa", "EMAIL": "Trey.Figueroa@durhamnc.gov", "ORIG_FID": 10528, "CreationDa": "2025-09-20T00:00:00", "Creator": "gisproc_sys", "EditDate": "2025-09-20T00:00:00", "Editor": "gisproc_sys", "match_results": "[(172, None, 'multifamily', None)]", "sf_detached": 0, "sf_attached": 0, "duplex/triplex": 0, "multifamily": 172, "condo": 0 }, "geometry": { "type": "Point", "coordinates": [ -8782287.072955368086696, 4299555.517723585478961 ] } },
{ "type": "Feature", "properties": { "A_NUMBER": "D2200182", "A_TYPE": "PL_MINSP", "A_DATE": "2022-06-07T00:00:00", "A_STATUS": "APP", "A_STATUS_D": "2024-09-23T00:00:00", "A_PROJECT_": "Gordon Street Towns Amendment 5", "A_DESCRIPT": "Increase to 63 townhome (from 62) and 6 duplex units and make adjustments to the architectural design of the future phase.", "A_USER_ID": "JESSICADO", "A_CASE_PLA": "COLERE", "StatCode": "APP", "AppStatus": "Approved", "AppCode": "PL_MINSP", "AppType": "Level 4 - Administrative Site Plan", "CasePlanne": "Cole Renigar", "EMAIL": "Cole.Renigar@durhamnc.gov", "ORIG_FID": 10606, "CreationDa": "2025-09-20T00:00:00", "Creator": "gisproc_sys", "EditDate": "2025-09-20T00:00:00", "Editor": "gisproc_sys", "match_results": "[(63, None, 'townhouse', None), (62, None, 'duplex', 'units')]", "sf_detached": 0, "sf_attached": 63, "duplex/triplex": 62, "multifamily": 0, "condo": 0 }, "geometry": { "type": "Point", "coordinates": [ -8784288.913715656846762, 4299859.205549694597721 ] } },
{ "type": "Feature", "properties": { "A_NUMBER": "D1600227", "A_TYPE": "PL_MINSP", "A_DATE": "2016-08-09T00:00:00", "A_STATUS": "APP", "A_STATUS_D": "2017-03-01T00:00:00", "A_PROJECT_": "Copley Farm Conservation Subdivision", "A_DESCRIPT": "143 single family units.", "A_USER_ID": "ELIZAMO", "A_CASE_PLA": "DCULTRA", "StatCode": "APP", "AppStatus": "Approved", "AppCode": "PL_MINSP", "AppType": "Level 4 - Administrative Site Plan", "CasePlanne": "Danny Cultra", "EMAIL": "Danny.Cultra@durhamnc.gov", "ORIG_FID": 10828, "CreationDa": "2025-09-20T00:00:00", "Creator": "gisproc_sys", "EditDate": "2025-09-20T00:00:00", "Editor": "gisproc_sys", "match_results": "[(143, None, 'single family', 'units')]", "sf_detached": 143, "sf_attached": 0, "duplex/triplex": 0, "multifamily": 0, "condo": 0 }, "geometry": { "type": "Point", "coordinates": [ -8774422.129202201962471, 4300216.74836160428822 ] } },
{ "type": "Feature", "properties": { "A_NUMBER": "D2100065", "A_TYPE": "PL_MINSP", "A_DATE": "2021-03-01T00:00:00", "A_STATUS": "APP", "A_STATUS_D": "2022-02-07T00:00:00", "A_PROJECT_": "Broadway Mews", "A_DESCRIPT": "10 Residential townhouse units", "A_USER_ID": "JESSICADO", "A_CASE_PLA": "COURTNEYMC", "StatCode": "APP", "AppStatus": "Approved", "AppCode": "PL_MINSP", "AppType": "Level 4 - Administrative Site Plan", "CasePlanne": "Courtney McQueen", "EMAIL": "Courtney.McQueen@durhamnc.gov", "ORIG_FID": 10926, "CreationDa": "2025-09-20T00:00:00", "Creator": "gisproc_sys", "EditDate": "2025-09-20T00:00:00", "Editor": "gisproc_sys", "match_results": "[(10, None, 'townhouse', 'units')]", "sf_detached": 0, "sf_attached": 10, "duplex/triplex": 0, "multifamily": 0, "condo": 0 }, "geometry": { "type": "Point", "coordinates": [ -8782724.634122580289841, 4300722.093073778785765 ] } },
{ "type": "Feature", "properties": { "A_NUMBER": "D2000116", "A_TYPE": "PL_MINSP", "A_DATE": "2020-05-26T00:00:00", "A_STATUS": "APP", "A_STATUS_D": "2021-08-16T00:00:00", "A_PROJECT_": "Sherron Road Townhomes", "A_DESCRIPT": "55 Townhome Units + 2 Open Space Lots", "A_USER_ID": "KIMRO", "A_CASE_PLA": "TREYFI", "StatCode": "APP", "AppStatus": "Approved", "AppCode": "PL_MINSP", "AppType": "Level 4 - Administrative Site Plan", "CasePlanne": "Trey Figueroa", "EMAIL": "Trey.Figueroa@durhamnc.gov", "ORIG_FID": 10970, "CreationDa": "2025-09-20T00:00:00", "Creator": "gisproc_sys", "EditDate": "2025-09-20T00:00:00", "Editor": "gisproc_sys", "match_results": "[(55, None, 'townhouse', 'units')]", "sf_detached": 0, "sf_attached": 55, "duplex/triplex": 0, "multifamily": 0, "condo": 0 }, "geometry": { "type": "Point", "coordinates": [ -8773163.488040748983622, 4295456.304607499390841 ] } },
{ "type": "Feature", "properties": { "A_NUMBER": "D1800064", "A_TYPE": "PL_MINSP", "A_DATE": "2018-03-06T00:00:00", "A_STATUS": "APP", "A_STATUS_D": "2018-09-20T00:00:00", "A_PROJECT_": "Geer Street Townhomes", "A_DESCRIPT": "3 New Town Homes", "A_USER_ID": "JESSICADO", "A_CASE_PLA": "JESSICADO", "StatCode": "APP", "AppStatus": "Approved", "AppCode": "PL_MINSP", "AppType": "Level 4 - Administrative Site Plan", "CasePlanne": "Jessica Dockery", "EMAIL": "Jessica.Dockery@durhamnc.gov", "ORIG_FID": 11004, "CreationDa": "2025-09-20T00:00:00", "Creator": "gisproc_sys", "EditDate": "2025-09-20T00:00:00", "Editor": "gisproc_sys", "match_results": "[(3, None, 'townhouse', None)]", "sf_detached": 0, "sf_attached": 3, "duplex/triplex": 0, "multifamily": 0, "condo": 0 }, "geometry": { "type": "Point", "coordinates": [ -8782795.914067804813385, 4301170.866251238621771 ] } },
{ "type": "Feature", "properties": { "A_NUMBER": "D1600346", "A_TYPE": "PL_MINSP", "A_DATE": "2016-12-08T00:00:00", "A_STATUS": "APP", "A_STATUS_D": "2017-02-10T00:00:00", "A_PROJECT_": "Van Alen Residential Amendment", "A_DESCRIPT": "10 additional residential units, driveway, streetscape and demolition.", "A_USER_ID": "KIMRO", "A_CASE_PLA": "EMILYST", "StatCode": "APP", "AppStatus": "Approved", "AppCode": "PL_MINSP", "AppType": "Level 4 - Administrative Site Plan", "CasePlanne": "Emily Struthers", "EMAIL": "Emily.Struthers@durhamnc.gov", "ORIG_FID": 11090, "CreationDa": "2025-09-20T00:00:00", "Creator": "gisproc_sys", "EditDate": "2025-09-20T00:00:00", "Editor": "gisproc_sys", "match_results": [ ], "sf_detached": 0, "sf_attached": 0, "duplex/triplex": 0, "multifamily": 0, "condo": 0 }, "geometry": { "type": "Point", "coordinates": [ -8783268.135956779122353, 4299401.681438344530761 ] } },
{ "type": "Feature", "properties": { "A_NUMBER": "D2000183", "A_TYPE": "PL_MINSP", "A_DATE": "2020-08-03T00:00:00", "A_STATUS": "APP", "A_STATUS_D": "2021-10-21T00:00:00", "A_PROJECT_": "Triple Crown Conservation Subdivision", "A_DESCRIPT": "Proposed residential subdivision that will include 254 single - family lots and 105 townhomes as well as the associated public streets and utilities", "A_USER_ID": "JESSICADO", "A_CASE_PLA": "ELIZAMO", "StatCode": "APP", "AppStatus": "Approved", "AppCode": "PL_MINSP", "AppType": "Level 4 - Administrative Site Plan", "CasePlanne": "Eliza Monroe", "EMAIL": "Eliza.Monroe@durhamnc.gov", "ORIG_FID": 11224, "CreationDa": "2025-09-20T00:00:00", "Creator": "gisproc_sys", "EditDate": "2025-09-20T00:00:00", "Editor": "gisproc_sys", "match_results": "[(254, None, 'single family', 'lots'), (105, None, 'townhouse', None)]", "sf_detached": 254, "sf_attached": 105, "duplex/triplex": 0, "multifamily": 0, "condo": 0 }, "geometry": { "type": "Point", "coordinates": [ -8769462.705042194575071, 4296738.527185993269086 ] } },
{ "type": "Feature", "properties": { "A_NUMBER": "D2400112", "A_TYPE": "PL_MINSP", "A_DATE": "2024-05-13T00:00:00", "A_STATUS": "UN_RE", "A_STATUS_D": "2024-11-05T00:00:00", "A_PROJECT_": "Wildlife Trail Conservation Subdivision", "A_DESCRIPT": "Subdividing property for 19 single family lots that will be septic and well lots. Construction of main access drive.", "A_USER_ID": "MICHAELMA", "A_CASE_PLA": "TREYFI", "StatCode": "UN_RE", "AppStatus": "Under Review", "AppCode": "PL_MINSP", "AppType": "Level 4 - Administrative Site Plan", "CasePlanne": "Trey Figueroa", "EMAIL": "Trey.Figueroa@durhamnc.gov", "ORIG_FID": 11368, "CreationDa": "2025-09-20T00:00:00", "Creator": "gisproc_sys", "EditDate": "2025-09-20T00:00:00", "Editor": "gisproc_sys", "match_results": "[(19, None, 'single family', 'lots')]", "sf_detached": 19, "sf_attached": 0, "duplex/triplex": 0, "multifamily": 0, "condo": 0 }, "geometry": { "type": "Point", "coordinates": [ -8764727.508672837167978, 4295442.373420851305127 ] } },
{ "type": "Feature", "properties": { "A_NUMBER": "D1900055", "A_TYPE": "PL_MINSP", "A_DATE": "2019-02-27T00:00:00", "A_STATUS": "APP", "A_STATUS_D": "2019-05-21T00:00:00", "A_PROJECT_": "Southgate Courtyard Site Improvements - Duke University", "A_DESCRIPT": "Demolition and reconstruction of an exsisting courtyard for the Southgate Residence Hall - Duke University East Campus", "A_USER_ID": "WILLIAMLI", "A_CASE_PLA": "TREYFI", "StatCode": "APP", "AppStatus": "Approved", "AppCode": "PL_MINSP", "AppType": "Level 4 - Administrative Site Plan", "CasePlanne": "Trey Figueroa", "EMAIL": "Trey.Figueroa@durhamnc.gov", "ORIG_FID": 11378, "CreationDa": "2025-09-20T00:00:00", "Creator": "gisproc_sys", "EditDate": "2025-09-20T00:00:00", "Editor": "gisproc_sys", "match_results": [ ], "sf_detached": 0, "sf_attached": 0, "duplex/triplex": 0, "multifamily": 0, "condo": 0 }, "geometry": { "type": "Point", "coordinates": [ -8784849.965393997728825, 4301564.03632574621588 ] } },
{ "type": "Feature", "properties": { "A_NUMBER": "D2100098", "A_TYPE": "PL_MINSP", "A_DATE": "2021-03-31T00:00:00", "A_STATUS": "APP", "A_STATUS_D": "2022-04-11T00:00:00", "A_PROJECT_": "Hardee Street Apartments", "A_DESCRIPT": "132 Apartments", "A_USER_ID": "KIMRO", "A_CASE_PLA": "TREYFI", "StatCode": "APP", "AppStatus": "Approved", "AppCode": "PL_MINSP", "AppType": "Level 4 - Administrative Site Plan", "CasePlanne": "Trey Figueroa", "EMAIL": "Trey.Figueroa@durhamnc.gov", "ORIG_FID": 11395, "CreationDa": "2025-09-20T00:00:00", "Creator": "gisproc_sys", "EditDate": "2025-09-20T00:00:00", "Editor": "gisproc_sys", "match_results": "[(132, None, 'apartment', None)]", "sf_detached": 0, "sf_attached": 0, "duplex/triplex": 0, "multifamily": 132, "condo": 0 }, "geometry": { "type": "Point", "coordinates": [ -8779578.547019086778164, 4301168.53151832986623 ] } },
{ "type": "Feature", "properties": { "A_NUMBER": "D2200379", "A_TYPE": "PL_MINSP", "A_DATE": "2022-11-02T00:00:00", "A_STATUS": "APP", "A_STATUS_D": "2023-08-14T00:00:00", "A_PROJECT_": "Chapel Hill Tire", "A_DESCRIPT": "Chapel Hill Tire & associated infrastructure on existing lot within existing Homestead Market development.", "A_USER_ID": "TREYFI", "A_CASE_PLA": "TREYFI", "StatCode": "APP", "AppStatus": "Approved", "AppCode": "PL_MINSP", "AppType": "Level 4 - Administrative Site Plan", "CasePlanne": "Trey Figueroa", "EMAIL": "Trey.Figueroa@durhamnc.gov", "ORIG_FID": 11470, "CreationDa": "2025-09-20T00:00:00", "Creator": "gisproc_sys", "EditDate": "2025-09-20T00:00:00", "Editor": "gisproc_sys", "match_results": [ ], "sf_detached": 0, "sf_attached": 0, "duplex/triplex": 0, "multifamily": 0, "condo": 0 }, "geometry": { "type": "Point", "coordinates": [ -8787588.632728550583124, 4288345.472788317129016 ] } },
{ "type": "Feature", "properties": { "A_NUMBER": "D2200276", "A_TYPE": "PL_MINSP", "A_DATE": "2022-08-16T00:00:00", "A_STATUS": "APP", "A_STATUS_D": "2023-03-15T00:00:00", "A_PROJECT_": "Hunt Street Condominiums", "A_DESCRIPT": "29 apartment condos over a parking garage", "A_USER_ID": "JESSICADO", "A_CASE_PLA": "TREYFI", "StatCode": "APP", "AppStatus": "Approved", "AppCode": "PL_MINSP", "AppType": "Level 4 - Administrative Site Plan", "CasePlanne": "Trey Figueroa", "EMAIL": "Trey.Figueroa@durhamnc.gov", "ORIG_FID": 11481, "CreationDa": "2025-09-20T00:00:00", "Creator": "gisproc_sys", "EditDate": "2025-09-20T00:00:00", "Editor": "gisproc_sys", "match_results": "[(29, None, 'apartment', None)]", "sf_detached": 0, "sf_attached": 0, "duplex/triplex": 0, "multifamily": 29, "condo": 0 }, "geometry": { "type": "Point", "coordinates": [ -8782861.381835214793682, 4300595.154599223285913 ] } },
{ "type": "Feature", "properties": { "A_NUMBER": "D1800265", "A_TYPE": "PL_MINSP", "A_DATE": "2018-08-07T00:00:00", "A_STATUS": "APP", "A_STATUS_D": "2019-02-14T00:00:00", "A_PROJECT_": "836 Mangum", "A_DESCRIPT": "6 residential townhomes", "A_USER_ID": "AMANDAHO", "A_CASE_PLA": "COURTNEYMC", "StatCode": "APP", "AppStatus": "Approved", "AppCode": "PL_MINSP", "AppType": "Level 4 - Administrative Site Plan", "CasePlanne": "Courtney McQueen", "EMAIL": "Courtney.McQueen@durhamnc.gov", "ORIG_FID": 11593, "CreationDa": "2025-09-20T00:00:00", "Creator": "gisproc_sys", "EditDate": "2025-09-20T00:00:00", "Editor": "gisproc_sys", "match_results": "[(6, None, 'townhouse', None)]", "sf_detached": 0, "sf_attached": 6, "duplex/triplex": 0, "multifamily": 0, "condo": 0 }, "geometry": { "type": "Point", "coordinates": [ -8782490.169976826757193, 4301069.318583136424422 ] } },
{ "type": "Feature", "properties": { "A_NUMBER": "D1700236", "A_TYPE": "PL_MINSP", "A_DATE": "2017-07-18T00:00:00", "A_STATUS": "APP", "A_STATUS_D": "2018-02-26T00:00:00", "A_PROJECT_": "Fletchers Mill", "A_DESCRIPT": "68 single family lots, lift station, recreational open space and tree coverage.", "A_USER_ID": "ADDMGR", "A_CASE_PLA": "DCULTRA", "StatCode": "APP", "AppStatus": "Approved", "AppCode": "PL_MINSP", "AppType": "Level 4 - Administrative Site Plan", "CasePlanne": "Danny Cultra", "EMAIL": "Danny.Cultra@durhamnc.gov", "ORIG_FID": 11619, "CreationDa": "2025-09-20T00:00:00", "Creator": "gisproc_sys", "EditDate": "2025-09-20T00:00:00", "Editor": "gisproc_sys", "match_results": "[(68, None, 'single family', 'lots')]", "sf_detached": 68, "sf_attached": 0, "duplex/triplex": 0, "multifamily": 0, "condo": 0 }, "geometry": { "type": "Point", "coordinates": [ -8771734.301352638751268, 4302799.201375104486942 ] } },
{ "type": "Feature", "properties": { "A_NUMBER": "D2000010", "A_TYPE": "PL_MINSP", "A_DATE": "2020-01-14T00:00:00", "A_STATUS": "APP", "A_STATUS_D": "2020-08-17T00:00:00", "A_PROJECT_": "Sykes Properties", "A_DESCRIPT": "80 Single Family Homes", "A_USER_ID": "RACHELHA", "A_CASE_PLA": "TREYFI", "StatCode": "APP", "AppStatus": "Approved", "AppCode": "PL_MINSP", "AppType": "Level 4 - Administrative Site Plan", "CasePlanne": "Trey Figueroa", "EMAIL": "Trey.Figueroa@durhamnc.gov", "ORIG_FID": 11627, "CreationDa": "2025-09-20T00:00:00", "Creator": "gisproc_sys", "EditDate": "2025-09-20T00:00:00", "Editor": "gisproc_sys", "match_results": "[(80, None, 'single family', 'homes')]", "sf_detached": 80, "sf_attached": 0, "duplex/triplex": 0, "multifamily": 0, "condo": 0 }, "geometry": { "type": "Point", "coordinates": [ -8768651.983641471713781, 4290607.754941486753523 ] } },
{ "type": "Feature", "properties": { "A_NUMBER": "D1600328", "A_TYPE": "PL_MINSP", "A_DATE": "2016-11-15T00:00:00", "A_STATUS": "APP", "A_STATUS_D": "2018-04-13T00:00:00", "A_PROJECT_": "1001 Ellis Road", "A_DESCRIPT": "Change of use of site and existing building from residential to currently zoned IL.", "A_USER_ID": "COLERE", "A_CASE_PLA": "TREYFI", "StatCode": "APP", "AppStatus": "Approved", "AppCode": "PL_MINSP", "AppType": "Level 4 - Administrative Site Plan", "CasePlanne": "Trey Figueroa", "EMAIL": "Trey.Figueroa@durhamnc.gov", "ORIG_FID": 11671, "CreationDa": "2025-09-20T00:00:00", "Creator": "gisproc_sys", "EditDate": "2025-09-20T00:00:00", "Editor": "gisproc_sys", "match_results": [ ], "sf_detached": 0, "sf_attached": 0, "duplex/triplex": 0, "multifamily": 0, "condo": 0 }, "geometry": { "type": "Point", "coordinates": [ -8779843.160567969083786, 4295204.996668974868953 ] } },
{ "type": "Feature", "properties": { "A_NUMBER": "A1900017", "A_TYPE": "PL_CPAA", "A_DATE": "2019-10-21T00:00:00", "A_STATUS": "APP", "A_STATUS_D": "2020-12-22T00:00:00", "A_PROJECT_": "551 Olive Branch Road", "A_DESCRIPT": "Low Density Residential to Low-Medium Density Residential. Associated with Z1900044.", "A_USER_ID": "KEAGANSA", "A_CASE_PLA": "EMILYST", "StatCode": "APP", "AppStatus": "Approved", "AppCode": "PL_CPAA", "AppType": "Comprehensive Plan Map or Plan Amendment", "CasePlanne": "Emily Struthers", "EMAIL": "Emily.Struthers@durhamnc.gov", "ORIG_FID": 11895, "CreationDa": "2025-09-20T00:00:00", "Creator": "gisproc_sys", "EditDate": "2025-09-20T00:00:00", "Editor": "gisproc_sys", "match_results": [ ], "sf_detached": 0, "sf_attached": 0, "duplex/triplex": 0, "multifamily": 0, "condo": 0 }, "geometry": { "type": "Point", "coordinates": [ -8769804.780452037230134, 4295634.675244220532477 ] } },
{ "type": "Feature", "properties": { "A_NUMBER": "D1700102", "A_TYPE": "PL_MINSP", "A_DATE": "2017-04-04T00:00:00", "A_STATUS": "APP", "A_STATUS_D": "2018-04-03T00:00:00", "A_PROJECT_": "Ellis Road Townhomes Phase 1 Grading Plan", "A_DESCRIPT": "Residential grading plan situated on approximately 25.6 acres.", "A_USER_ID": "EARLENETHO", "A_CASE_PLA": "DCULTRA", "StatCode": "APP", "AppStatus": "Approved", "AppCode": "PL_MINSP", "AppType": "Level 4 - Administrative Site Plan", "CasePlanne": "Danny Cultra", "EMAIL": "Danny.Cultra@durhamnc.gov", "ORIG_FID": 11920, "CreationDa": "2025-09-20T00:00:00", "Creator": "gisproc_sys", "EditDate": "2025-09-20T00:00:00", "Editor": "gisproc_sys", "match_results": [ ], "sf_detached": 0, "sf_attached": 0, "duplex/triplex": 0, "multifamily": 0, "condo": 0 }, "geometry": { "type": "Point", "coordinates": [ -8777357.993138989433646, 4292222.63861045986414 ] } },
{ "type": "Feature", "properties": { "A_NUMBER": "D2100206", "A_TYPE": "PL_MINSP", "A_DATE": "2021-07-16T00:00:00", "A_STATUS": "APP", "A_STATUS_D": "2022-02-08T00:00:00", "A_PROJECT_": "Blocks B & C at the Hub RTP", "A_DESCRIPT": "375 Units of Apartments in two Multi-Family buildings containing  321,846 total SF", "A_USER_ID": "TREYFI", "A_CASE_PLA": "TREYFI", "StatCode": "APP", "AppStatus": "Approved", "AppCode": "PL_MINSP", "AppType": "Level 4 - Administrative Site Plan", "CasePlanne": "Trey Figueroa", "EMAIL": "Trey.Figueroa@durhamnc.gov", "ORIG_FID": 11989, "CreationDa": "2025-09-20T00:00:00", "Creator": "gisproc_sys", "EditDate": "2025-09-20T00:00:00", "Editor": "gisproc_sys", "match_results": "[(375, None, 'apartment', None)]", "sf_detached": 0, "sf_attached": 0, "duplex/triplex": 0, "multifamily": 375, "condo": 0 }, "geometry": { "type": "Point", "coordinates": [ -8778998.352935563772917, 4285904.274969132617116 ] } },
{ "type": "Feature", "properties": { "A_NUMBER": "D2400116", "A_TYPE": "PL_MINSP", "A_DATE": "2024-05-16T00:00:00", "A_STATUS": "UN_RE", "A_STATUS_D": "2024-05-16T00:00:00", "A_PROJECT_": "East Geer St Apartments", "A_DESCRIPT": "66 apartment units with clubhouse.", "A_USER_ID": "TREYFI", "A_CASE_PLA": "TREYFI", "StatCode": "UN_RE", "AppStatus": "Under Review", "AppCode": "PL_MINSP", "AppType": "Level 4 - Administrative Site Plan", "CasePlanne": "Trey Figueroa", "EMAIL": "Trey.Figueroa@durhamnc.gov", "ORIG_FID": 12054, "CreationDa": "2025-09-20T00:00:00", "Creator": "gisproc_sys", "EditDate": "2025-09-20T00:00:00", "Editor": "gisproc_sys", "match_results": "[(66, None, 'apartment', 'units')]", "sf_detached": 0, "sf_attached": 0, "duplex/triplex": 0, "multifamily": 66, "condo": 0 }, "geometry": { "type": "Point", "coordinates": [ -8777066.53020041435957, 4303753.20346946362406 ] } },
{ "type": "Feature", "properties": { "A_NUMBER": "D2200125", "A_TYPE": "PL_SSP_SM", "A_DATE": "2022-04-13T00:00:00", "A_STATUS": "APP", "A_STATUS_D": "2022-08-24T00:00:00", "A_PROJECT_": "The Village at Ellis Crossing Amendment", "A_DESCRIPT": "Increase in apartment units from 264 to 428, changed parking, bike parking, car wash and trash compactor moved, utilities and drainage changed. New zoning Z2000008", "A_USER_ID": "JESSICADO", "A_CASE_PLA": "TREYFI", "StatCode": "APP", "AppStatus": "Approved", "AppCode": "PL_SSP_SM", "AppType": "Level 3 - Administrative Site Plan", "CasePlanne": "Trey Figueroa", "EMAIL": "Trey.Figueroa@durhamnc.gov", "ORIG_FID": 12069, "CreationDa": "2025-09-20T00:00:00", "Creator": "gisproc_sys", "EditDate": "2025-09-20T00:00:00", "Editor": "gisproc_sys", "match_results": "[(264, None, 'apartment', None)]", "sf_detached": 0, "sf_attached": 0, "duplex/triplex": 0, "multifamily": 264, "condo": 0 }, "geometry": { "type": "Point", "coordinates": [ -8778453.285349994897842, 4292647.560879031196237 ] } },
{ "type": "Feature", "properties": { "A_NUMBER": "D1500047", "A_TYPE": "PL_MINPP", "A_DATE": "2015-03-03T00:00:00", "A_STATUS": "APP", "A_STATUS_D": "2016-03-31T00:00:00", "A_PROJECT_": "Croasdaile Farm North Subdivision", "A_DESCRIPT": "104 Single family and 32 townhome development", "A_USER_ID": "DOUGWE", "A_CASE_PLA": "NIARO", "StatCode": "APP", "AppStatus": "Approved", "AppCode": "PL_MINPP", "AppType": "Minor Preliminary Plat", "CasePlanne": "Nia Rodgers", "EMAIL": "nia.rodgers@durhamnc.gov", "ORIG_FID": 12092, "CreationDa": "2025-09-20T00:00:00", "Creator": "gisproc_sys", "EditDate": "2025-09-20T00:00:00", "Editor": "gisproc_sys", "match_results": "[(104, None, 'single family', None), (32, None, 'townhouse', None)]", "sf_detached": 104, "sf_attached": 32, "duplex/triplex": 0, "multifamily": 0, "condo": 0 }, "geometry": { "type": "Point", "coordinates": [ -8788522.423147508874536, 4307123.464320495724678 ] } },
{ "type": "Feature", "properties": { "A_NUMBER": "A1800006", "A_TYPE": "PL_CPAA", "A_DATE": "2018-08-15T00:00:00", "A_STATUS": "APP", "A_STATUS_D": "2019-04-16T00:00:00", "A_PROJECT_": "1309 Junction Road", "A_DESCRIPT": "FLUM amendment from Industrial to Low Density Residential.  Associated zoning case (Z1800017) and annexation.", "A_USER_ID": "AMANDAHO", "A_CASE_PLA": "JAMIESUN", "StatCode": "APP", "AppStatus": "Approved", "AppCode": "PL_CPAA", "AppType": "Comprehensive Plan Map or Plan Amendment", "CasePlanne": null, "EMAIL": null, "ORIG_FID": 12110, "CreationDa": "2025-09-20T00:00:00", "Creator": "gisproc_sys", "EditDate": "2025-09-20T00:00:00", "Editor": "gisproc_sys", "match_results": [ ], "sf_detached": 0, "sf_attached": 0, "duplex/triplex": 0, "multifamily": 0, "condo": 0 }, "geometry": { "type": "Point", "coordinates": [ -8776816.523326953873038, 4303578.960563643835485 ] } },
{ "type": "Feature", "properties": { "A_NUMBER": "D1700344", "A_TYPE": "PL_MINSP", "A_DATE": "2017-11-07T00:00:00", "A_STATUS": "APP", "A_STATUS_D": "2018-05-29T00:00:00", "A_PROJECT_": "1105 W. Main Street Mixed Use", "A_DESCRIPT": "Mixed use building  - 6000 SF retail and 35 dwelling units.", "A_USER_ID": "AMANDAHO", "A_CASE_PLA": "EMILYST", "StatCode": "APP", "AppStatus": "Approved", "AppCode": "PL_MINSP", "AppType": "Level 4 - Administrative Site Plan", "CasePlanne": "Emily Struthers", "EMAIL": "Emily.Struthers@durhamnc.gov", "ORIG_FID": 12148, "CreationDa": "2025-09-20T00:00:00", "Creator": "gisproc_sys", "EditDate": "2025-09-20T00:00:00", "Editor": "gisproc_sys", "match_results": [ ], "sf_detached": 0, "sf_attached": 0, "duplex/triplex": 0, "multifamily": 0, "condo": 0 }, "geometry": { "type": "Point", "coordinates": [ -8784430.134477527812123, 4300781.215683851391077 ] } },
{ "type": "Feature", "properties": { "A_NUMBER": "D2000282", "A_TYPE": "PL_MINSP", "A_DATE": "2020-11-17T00:00:00", "A_STATUS": "APP", "A_STATUS_D": "2022-07-11T00:00:00", "A_PROJECT_": "Elizabeth Street Apartments", "A_DESCRIPT": "Demolition and reconstruction of 72 multi - family residential units and associated surface parking AH", "A_USER_ID": "KYLETA", "A_CASE_PLA": "TREYFI", "StatCode": "APP", "AppStatus": "Approved", "AppCode": "PL_MINSP", "AppType": "Level 4 - Administrative Site Plan", "CasePlanne": "Trey Figueroa", "EMAIL": "Trey.Figueroa@durhamnc.gov", "ORIG_FID": 12170, "CreationDa": "2025-09-20T00:00:00", "Creator": "gisproc_sys", "EditDate": "2025-09-20T00:00:00", "Editor": "gisproc_sys", "match_results": "[(72, None, 'multifamily', None)]", "sf_detached": 0, "sf_attached": 0, "duplex/triplex": 0, "multifamily": 72, "condo": 0 }, "geometry": { "type": "Point", "coordinates": [ -8782287.073102358728647, 4299555.517723746597767 ] } },
{ "type": "Feature", "properties": { "A_NUMBER": "D1600022", "A_TYPE": "PL_MINPP", "A_DATE": "2016-01-26T00:00:00", "A_STATUS": "APP", "A_STATUS_D": "2021-06-15T00:00:00", "A_PROJECT_": "Ravenstone/Conover Road Lots", "A_DESCRIPT": "To make 3 existing lots legal developed single family lots; 1 off-site lot to be used for impervious surface transfer", "A_USER_ID": "TREYFI", "A_CASE_PLA": "TREYFI", "StatCode": "APP", "AppStatus": "Approved", "AppCode": "PL_MINPP", "AppType": "Minor Preliminary Plat", "CasePlanne": "Trey Figueroa", "EMAIL": "Trey.Figueroa@durhamnc.gov", "ORIG_FID": 12221, "CreationDa": "2025-09-20T00:00:00", "Creator": "gisproc_sys", "EditDate": "2025-09-20T00:00:00", "Editor": "gisproc_sys", "match_results": "[(3, None, 'single family', 'lots')]", "sf_detached": 3, "sf_attached": 0, "duplex/triplex": 0, "multifamily": 0, "condo": 0 }, "geometry": { "type": "Point", "coordinates": [ -8770575.395711563527584, 4296353.492108800448477 ] } },
{ "type": "Feature", "properties": { "A_NUMBER": "D2000168", "A_TYPE": "PL_MINSP", "A_DATE": "2020-07-17T00:00:00", "A_STATUS": "APP", "A_STATUS_D": "2021-02-23T00:00:00", "A_PROJECT_": "608 N Mangum", "A_DESCRIPT": "Proposed townhome (6 total ) project", "A_USER_ID": "KIMRO", "A_CASE_PLA": "TREYFI", "StatCode": "APP", "AppStatus": "Approved", "AppCode": "PL_MINSP", "AppType": "Level 4 - Administrative Site Plan", "CasePlanne": "Trey Figueroa", "EMAIL": "Trey.Figueroa@durhamnc.gov", "ORIG_FID": 12304, "CreationDa": "2025-09-20T00:00:00", "Creator": "gisproc_sys", "EditDate": "2025-09-20T00:00:00", "Editor": "gisproc_sys", "match_results": "[(6, None, 'townhouse', None)]", "sf_detached": 0, "sf_attached": 6, "duplex/triplex": 0, "multifamily": 0, "condo": 0 }, "geometry": { "type": "Point", "coordinates": [ -8782670.69211008772254, 4300616.037165268324316 ] } },
{ "type": "Feature", "properties": { "A_NUMBER": "D2100123", "A_TYPE": "PL_MINSP", "A_DATE": "2021-04-21T00:00:00", "A_STATUS": "APP", "A_STATUS_D": "2022-02-17T00:00:00", "A_PROJECT_": "New Durham County Youth Home", "A_DESCRIPT": "Demolition of existing youth home for the development of a new county youth home", "A_USER_ID": "KIMRO", "A_CASE_PLA": "COLERE", "StatCode": "APP", "AppStatus": "Approved", "AppCode": "PL_MINSP", "AppType": "Level 4 - Administrative Site Plan", "CasePlanne": "Cole Renigar", "EMAIL": "Cole.Renigar@durhamnc.gov", "ORIG_FID": 12335, "CreationDa": "2025-09-20T00:00:00", "Creator": "gisproc_sys", "EditDate": "2025-09-20T00:00:00", "Editor": "gisproc_sys", "match_results": [ ], "sf_detached": 0, "sf_attached": 0, "duplex/triplex": 0, "multifamily": 0, "condo": 0 }, "geometry": { "type": "Point", "coordinates": [ -8784199.382900148630142, 4305146.722263749688864 ] } },
{ "type": "Feature", "properties": { "A_NUMBER": "D2100186", "A_TYPE": "PL_MINSP", "A_DATE": "2021-07-01T00:00:00", "A_STATUS": "APP", "A_STATUS_D": "2022-04-19T00:00:00", "A_PROJECT_": "500 East Main Street", "A_DESCRIPT": "745,475 SF Multi-Family Housing (246 apartment units), Retail, Structured Parking", "A_USER_ID": "JESSICADO", "A_CASE_PLA": "ROBINSH", "StatCode": "APP", "AppStatus": "Approved", "AppCode": "PL_MINSP", "AppType": "Level 4 - Administrative Site Plan", "CasePlanne": "Robin Schultze", "EMAIL": "Robin.Schultze@durhamnc.gov", "ORIG_FID": 12478, "CreationDa": "2025-09-20T00:00:00", "Creator": "gisproc_sys", "EditDate": "2025-09-20T00:00:00", "Editor": "gisproc_sys", "match_results": "[(246, None, 'multifamily', None)]", "sf_detached": 0, "sf_attached": 0, "duplex/triplex": 0, "multifamily": 246, "condo": 0 }, "geometry": { "type": "Point", "coordinates": [ -8782602.258460639044642, 4299419.403594736009836 ] } },
{ "type": "Feature", "properties": { "A_NUMBER": "D2200205", "A_TYPE": "PL_MINSP", "A_DATE": "2022-06-15T00:00:00", "A_STATUS": "APP", "A_STATUS_D": "2023-12-18T00:00:00", "A_PROJECT_": "Pinecrest", "A_DESCRIPT": "46 SFD townhomes with Cobb House (historic) preservation and reuse.", "A_USER_ID": "TREYFI", "A_CASE_PLA": "TREYFI", "StatCode": "APP", "AppStatus": "Approved", "AppCode": "PL_MINSP", "AppType": "Level 4 - Administrative Site Plan", "CasePlanne": "Trey Figueroa", "EMAIL": "Trey.Figueroa@durhamnc.gov", "ORIG_FID": 12493, "CreationDa": "2025-09-20T00:00:00", "Creator": "gisproc_sys", "EditDate": "2025-09-20T00:00:00", "Editor": "gisproc_sys", "match_results": [ ], "sf_detached": 0, "sf_attached": 0, "duplex/triplex": 0, "multifamily": 0, "condo": 0 }, "geometry": { "type": "Point", "coordinates": [ -8785247.612529497593641, 4298299.047105165198445 ] } },
{ "type": "Feature", "properties": { "A_NUMBER": "D1700349", "A_TYPE": "PL_MINSP", "A_DATE": "2017-11-07T00:00:00", "A_STATUS": "APP", "A_STATUS_D": "2018-09-25T00:00:00", "A_PROJECT_": "3718 N Roxboro Street Retail Building", "A_DESCRIPT": "5880 SF multi-tenant retail building.", "A_USER_ID": "TERRIEL", "A_CASE_PLA": "DCULTRA", "StatCode": "APP", "AppStatus": "Approved", "AppCode": "PL_MINSP", "AppType": "Level 4 - Administrative Site Plan", "CasePlanne": "Danny Cultra", "EMAIL": "Danny.Cultra@durhamnc.gov", "ORIG_FID": 12547, "CreationDa": "2025-09-20T00:00:00", "Creator": "gisproc_sys", "EditDate": "2025-09-20T00:00:00", "Editor": "gisproc_sys", "match_results": [ ], "sf_detached": 0, "sf_attached": 0, "duplex/triplex": 0, "multifamily": 0, "condo": 0 }, "geometry": { "type": "Point", "coordinates": [ -8782940.728125877678394, 4306046.961621164344251 ] } },
{ "type": "Feature", "properties": { "A_NUMBER": "D2100308", "A_TYPE": "PL_MINSP", "A_DATE": "2021-09-13T00:00:00", "A_STATUS": "APP", "A_STATUS_D": "2022-05-03T00:00:00", "A_PROJECT_": "Solana II", "A_DESCRIPT": "206 Townhome and 41 Single Family residential development", "A_USER_ID": "JESSICADO", "A_CASE_PLA": "COLERE", "StatCode": "APP", "AppStatus": "Approved", "AppCode": "PL_MINSP", "AppType": "Level 4 - Administrative Site Plan", "CasePlanne": "Cole Renigar", "EMAIL": "Cole.Renigar@durhamnc.gov", "ORIG_FID": 12580, "CreationDa": "2025-09-20T00:00:00", "Creator": "gisproc_sys", "EditDate": "2025-09-20T00:00:00", "Editor": "gisproc_sys", "match_results": "[(206, None, 'townhouse', None), (41, None, 'single family', None)]", "sf_detached": 41, "sf_attached": 206, "duplex/triplex": 0, "multifamily": 0, "condo": 0 }, "geometry": { "type": "Point", "coordinates": [ -8769274.411259839311242, 4295337.205747212283313 ] } },
{ "type": "Feature", "properties": { "A_NUMBER": "D1800271", "A_TYPE": "PL_MINSP", "A_DATE": "2018-08-14T00:00:00", "A_STATUS": "APP", "A_STATUS_D": "2018-12-13T00:00:00", "A_PROJECT_": "The Overlook at Stratford Lakes", "A_DESCRIPT": "84 townhome units + 4 open space lots", "A_USER_ID": "JESSICADO", "A_CASE_PLA": "JESSICADO", "StatCode": "APP", "AppStatus": "Approved", "AppCode": "PL_MINSP", "AppType": "Level 4 - Administrative Site Plan", "CasePlanne": "Jessica Dockery", "EMAIL": "Jessica.Dockery@durhamnc.gov", "ORIG_FID": 12585, "CreationDa": "2025-09-20T00:00:00", "Creator": "gisproc_sys", "EditDate": "2025-09-20T00:00:00", "Editor": "gisproc_sys", "match_results": "[(84, None, 'townhouse', 'units')]", "sf_detached": 0, "sf_attached": 84, "duplex/triplex": 0, "multifamily": 0, "condo": 0 }, "geometry": { "type": "Point", "coordinates": [ -8784690.071361672133207, 4292769.740665801800787 ] } },
{ "type": "Feature", "properties": { "A_NUMBER": "D2200291", "A_TYPE": "PL_MINSP", "A_DATE": "2022-08-31T00:00:00", "A_STATUS": "APP", "A_STATUS_D": "2023-03-16T00:00:00", "A_PROJECT_": "Glenn Crossing Amendment 2", "A_DESCRIPT": "Additional design and amenity open spaces, loss of 1 lot/unit for a new total of 278 townhouses", "A_USER_ID": "JESSICADO", "A_CASE_PLA": "KEAGANSA", "StatCode": "APP", "AppStatus": "Approved", "AppCode": "PL_MINSP", "AppType": "Level 4 - Administrative Site Plan", "CasePlanne": "Keagan Sacripanti", "EMAIL": "Keagan.Sacripanti@durhamnc.gov", "ORIG_FID": 12610, "CreationDa": "2025-09-20T00:00:00", "Creator": "gisproc_sys", "EditDate": "2025-09-20T00:00:00", "Editor": "gisproc_sys", "match_results": "[(278, None, 'townhouse', None)]", "sf_detached": 0, "sf_attached": 278, "duplex/triplex": 0, "multifamily": 0, "condo": 0 }, "geometry": { "type": "Point", "coordinates": [ -8776761.30711586587131, 4305867.972114810720086 ] } },
{ "type": "Feature", "properties": { "A_NUMBER": "D2200330", "A_TYPE": "PL_MINSP", "A_DATE": "2022-09-26T00:00:00", "A_STATUS": "APP", "A_STATUS_D": "2023-04-09T00:00:00", "A_PROJECT_": "1109 W Chapel Hill Street", "A_DESCRIPT": "Propose 12 multifamily apartments with 399 square feet of commercial space. \r\n", "A_USER_ID": "TREYFI", "A_CASE_PLA": "TREYFI", "StatCode": "APP", "AppStatus": "Approved", "AppCode": "PL_MINSP", "AppType": "Level 4 - Administrative Site Plan", "CasePlanne": "Trey Figueroa", "EMAIL": "Trey.Figueroa@durhamnc.gov", "ORIG_FID": 12629, "CreationDa": "2025-09-20T00:00:00", "Creator": "gisproc_sys", "EditDate": "2025-09-20T00:00:00", "Editor": "gisproc_sys", "match_results": "[(12, None, 'multifamily', None)]", "sf_detached": 0, "sf_attached": 0, "duplex/triplex": 0, "multifamily": 12, "condo": 0 }, "geometry": { "type": "Point", "coordinates": [ -8784936.153157498687506, 4300131.49995687417686 ] } },
{ "type": "Feature", "properties": { "A_NUMBER": "D2100355", "A_TYPE": "PL_MINSP", "A_DATE": "2021-10-13T00:00:00", "A_STATUS": "APP", "A_STATUS_D": "2022-07-21T00:00:00", "A_PROJECT_": "98 Chandler Subdivision", "A_DESCRIPT": "48 Single Family lot subdivision", "A_USER_ID": "JESSICADO", "A_CASE_PLA": "COLERE", "StatCode": "APP", "AppStatus": "Approved", "AppCode": "PL_MINSP", "AppType": "Level 4 - Administrative Site Plan", "CasePlanne": "Cole Renigar", "EMAIL": "Cole.Renigar@durhamnc.gov", "ORIG_FID": 12642, "CreationDa": "2025-09-20T00:00:00", "Creator": "gisproc_sys", "EditDate": "2025-09-20T00:00:00", "Editor": "gisproc_sys", "match_results": "[(48, None, 'single family', None)]", "sf_detached": 48, "sf_attached": 0, "duplex/triplex": 0, "multifamily": 0, "condo": 0 }, "geometry": { "type": "Point", "coordinates": [ -8775852.633757997304201, 4298956.790232941508293 ] } },
{ "type": "Feature", "properties": { "A_NUMBER": "D1500026", "A_TYPE": "PL_MINSP", "A_DATE": "2015-02-03T00:00:00", "A_STATUS": "APP", "A_STATUS_D": "2015-12-15T00:00:00", "A_PROJECT_": "Grandin Trace", "A_DESCRIPT": "52 lot residential neigborhood", "A_USER_ID": "EDWINCA", "A_CASE_PLA": "BDOBRZENSKI", "StatCode": "APP", "AppStatus": "Approved", "AppCode": "PL_MINSP", "AppType": "Level 4 - Administrative Site Plan", "CasePlanne": "Bo Dobrzenski", "EMAIL": "Bo.Dobrzenski@durhamnc.gov", "ORIG_FID": 12662, "CreationDa": "2025-09-20T00:00:00", "Creator": "gisproc_sys", "EditDate": "2025-09-20T00:00:00", "Editor": "gisproc_sys", "match_results": [ ], "sf_detached": 0, "sf_attached": 0, "duplex/triplex": 0, "multifamily": 0, "condo": 0 }, "geometry": { "type": "Point", "coordinates": [ -8786046.658522250130773, 4287076.149621592834592 ] } },
{ "type": "Feature", "properties": { "A_NUMBER": "D2100400", "A_TYPE": "PL_MINSP", "A_DATE": "2021-11-05T00:00:00", "A_STATUS": "APP", "A_STATUS_D": "2023-04-03T00:00:00", "A_PROJECT_": "Durham Center II", "A_DESCRIPT": "Redevelopment - Proposed Multi-use Tower - 312 apartments, retail, and parking garage", "A_USER_ID": "JESSICADO", "A_CASE_PLA": "TREYFI", "StatCode": "APP", "AppStatus": "Approved", "AppCode": "PL_MINSP", "AppType": "Level 4 - Administrative Site Plan", "CasePlanne": "Trey Figueroa", "EMAIL": "Trey.Figueroa@durhamnc.gov", "ORIG_FID": 12721, "CreationDa": "2025-09-20T00:00:00", "Creator": "gisproc_sys", "EditDate": "2025-09-20T00:00:00", "Editor": "gisproc_sys", "match_results": "[(312, None, 'apartment', None)]", "sf_detached": 0, "sf_attached": 0, "duplex/triplex": 0, "multifamily": 312, "condo": 0 }, "geometry": { "type": "Point", "coordinates": [ -8783463.197067456319928, 4300416.112907765433192 ] } },
{ "type": "Feature", "properties": { "A_NUMBER": "D1500048", "A_TYPE": "PL_MINSP", "A_DATE": "2015-03-03T00:00:00", "A_STATUS": "APP", "A_STATUS_D": "2016-04-04T00:00:00", "A_PROJECT_": "The Lodge at Croasdaile Farm", "A_DESCRIPT": "288 Apartments and 32 multiplex units", "A_USER_ID": "DOUGWE", "A_CASE_PLA": "NIARO", "StatCode": "APP", "AppStatus": "Approved", "AppCode": "PL_MINSP", "AppType": "Level 4 - Administrative Site Plan", "CasePlanne": "Nia Rodgers", "EMAIL": "nia.rodgers@durhamnc.gov", "ORIG_FID": 12854, "CreationDa": "2025-09-20T00:00:00", "Creator": "gisproc_sys", "EditDate": "2025-09-20T00:00:00", "Editor": "gisproc_sys", "match_results": "[(288, None, 'apartment', None)]", "sf_detached": 0, "sf_attached": 0, "duplex/triplex": 0, "multifamily": 288, "condo": 0 }, "geometry": { "type": "Point", "coordinates": [ -8786753.441594328731298, 4309124.263243566267192 ] } },
{ "type": "Feature", "properties": { "A_NUMBER": "D1900397", "A_TYPE": "PL_MINSP", "A_DATE": "2019-11-13T00:00:00", "A_STATUS": "APP", "A_STATUS_D": "2025-01-27T00:00:00", "A_PROJECT_": "518 Morehead", "A_DESCRIPT": "Residential multi-family project; 130 dwelling units proposed", "A_USER_ID": "JESSICADO", "A_CASE_PLA": "TREYFI", "StatCode": "APP", "AppStatus": "Approved", "AppCode": "PL_MINSP", "AppType": "Level 4 - Administrative Site Plan", "CasePlanne": "Trey Figueroa", "EMAIL": "Trey.Figueroa@durhamnc.gov", "ORIG_FID": 12934, "CreationDa": "2025-09-20T00:00:00", "Creator": "gisproc_sys", "EditDate": "2025-09-20T00:00:00", "Editor": "gisproc_sys", "match_results": [ ], "sf_detached": 0, "sf_attached": 0, "duplex/triplex": 0, "multifamily": 0, "condo": 0 }, "geometry": { "type": "Point", "coordinates": [ -8784220.574574498459697, 4299542.397040299139917 ] } },
{ "type": "Feature", "properties": { "A_NUMBER": "D2400010", "A_TYPE": "PL_MINSP", "A_DATE": "2024-01-22T00:00:00", "A_STATUS": "UN_RE", "A_STATUS_D": "2024-01-22T00:00:00", "A_PROJECT_": "1414 Carpenter Fletcher Rd", "A_DESCRIPT": "Three-story building with 314 apartments wrapped around a parking structure totaling in 205,459 square feet.", "A_USER_ID": "TREYFI", "A_CASE_PLA": "TREYFI", "StatCode": "UN_RE", "AppStatus": "Under Review", "AppCode": "PL_MINSP", "AppType": "Level 4 - Administrative Site Plan", "CasePlanne": "Trey Figueroa", "EMAIL": "Trey.Figueroa@durhamnc.gov", "ORIG_FID": 12942, "CreationDa": "2025-09-20T00:00:00", "Creator": "gisproc_sys", "EditDate": "2025-09-20T00:00:00", "Editor": "gisproc_sys", "match_results": "[(314, None, 'apartment', None)]", "sf_detached": 0, "sf_attached": 0, "duplex/triplex": 0, "multifamily": 314, "condo": 0 }, "geometry": { "type": "Point", "coordinates": [ -8782550.598815463483334, 4288773.549479373730719 ] } },
{ "type": "Feature", "properties": { "A_NUMBER": "D1700002", "A_TYPE": "PL_MINSP", "A_DATE": "2017-01-03T00:00:00", "A_STATUS": "APP", "A_STATUS_D": "2017-07-06T00:00:00", "A_PROJECT_": "Sherron Road Tract Phases 8 and 9", "A_DESCRIPT": "96 single family lots.", "A_USER_ID": "LEEDA", "A_CASE_PLA": "DCULTRA", "StatCode": "APP", "AppStatus": "Approved", "AppCode": "PL_MINSP", "AppType": "Level 4 - Administrative Site Plan", "CasePlanne": "Danny Cultra", "EMAIL": "Danny.Cultra@durhamnc.gov", "ORIG_FID": 12967, "CreationDa": "2025-09-20T00:00:00", "Creator": "gisproc_sys", "EditDate": "2025-09-20T00:00:00", "Editor": "gisproc_sys", "match_results": "[(96, None, 'single family', 'lots')]", "sf_detached": 96, "sf_attached": 0, "duplex/triplex": 0, "multifamily": 0, "condo": 0 }, "geometry": { "type": "Point", "coordinates": [ -8771777.59858607314527, 4295850.147568344138563 ] } },
{ "type": "Feature", "properties": { "A_NUMBER": "D1500034", "A_TYPE": "PL_MINSP", "A_DATE": "2015-02-10T00:00:00", "A_STATUS": "APP", "A_STATUS_D": "2016-03-11T00:00:00", "A_PROJECT_": "Rosedaile Subdivision", "A_DESCRIPT": "15 lot subdivision, 12 homesites (+/- 0.5 AC) on two existing parcels totalling 9.90 acres  (12 homesite lots plus 3 open space lots)", "A_USER_ID": "DACIARE", "A_CASE_PLA": "NIARO", "StatCode": "APP", "AppStatus": "Approved", "AppCode": "PL_MINSP", "AppType": "Level 4 - Administrative Site Plan", "CasePlanne": "Nia Rodgers", "EMAIL": "nia.rodgers@durhamnc.gov", "ORIG_FID": 13028, "CreationDa": "2025-09-20T00:00:00", "Creator": "gisproc_sys", "EditDate": "2025-09-20T00:00:00", "Editor": "gisproc_sys", "match_results": "[(12, None, 'home', None), (12, None, 'home', None)]", "sf_detached": 24, "sf_attached": 0, "duplex/triplex": 0, "multifamily": 0, "condo": 0 }, "geometry": { "type": "Point", "coordinates": [ -8788937.821773255243897, 4308249.548592889681458 ] } },
{ "type": "Feature", "properties": { "A_NUMBER": "D1700277", "A_TYPE": "PL_MINSP", "A_DATE": "2017-08-22T00:00:00", "A_STATUS": "APP", "A_STATUS_D": "2019-05-28T00:00:00", "A_PROJECT_": "Washington Street Condominiums", "A_DESCRIPT": "6 story, 4 unit residential building with supporting infrastructure.", "A_USER_ID": "AMANDAHO", "A_CASE_PLA": "TREYFI", "StatCode": "APP", "AppStatus": "Approved", "AppCode": "PL_MINSP", "AppType": "Level 4 - Administrative Site Plan", "CasePlanne": "Trey Figueroa", "EMAIL": "Trey.Figueroa@durhamnc.gov", "ORIG_FID": 13100, "CreationDa": "2025-09-20T00:00:00", "Creator": "gisproc_sys", "EditDate": "2025-09-20T00:00:00", "Editor": "gisproc_sys", "match_results": [ ], "sf_detached": 0, "sf_attached": 0, "duplex/triplex": 0, "multifamily": 0, "condo": 0 }, "geometry": { "type": "Point", "coordinates": [ -8783378.268464164808393, 4301209.71327293664217 ] } },
{ "type": "Feature", "properties": { "A_NUMBER": "M1900001", "A_TYPE": "PL_MAJSUP", "A_DATE": "2019-01-14T00:00:00", "A_STATUS": "APP", "A_STATUS_D": "2019-08-21T00:00:00", "A_PROJECT_": "NCCU Student Center MSUP", "A_DESCRIPT": "Major special use permit (MSUP) to allow a college/university student center within a residential (RU-5(2)) zoning district.", "A_USER_ID": "ELIZAMO", "A_CASE_PLA": "ELIZAMO", "StatCode": "APP", "AppStatus": "Approved", "AppCode": "PL_MAJSUP", "AppType": "Major Special Use Permit", "CasePlanne": "Eliza Monroe", "EMAIL": "Eliza.Monroe@durhamnc.gov", "ORIG_FID": 13107, "CreationDa": "2025-09-20T00:00:00", "Creator": "gisproc_sys", "EditDate": "2025-09-20T00:00:00", "Editor": "gisproc_sys", "match_results": [ ], "sf_detached": 0, "sf_attached": 0, "duplex/triplex": 0, "multifamily": 0, "condo": 0 }, "geometry": { "type": "Point", "coordinates": [ -8783082.323939925059676, 4296696.269277710467577 ] } },
{ "type": "Feature", "properties": { "A_NUMBER": "D2300222", "A_TYPE": "PL_MINSP", "A_DATE": "2023-09-29T00:00:00", "A_STATUS": "UN_RE", "A_STATUS_D": "2025-09-04T00:00:00", "A_PROJECT_": "Bourdon Highlands", "A_DESCRIPT": "Construction of 75 single-family and 305 townhome lots and associated infrastructure. 389 lots being created.", "A_USER_ID": "STEVENPA", "A_CASE_PLA": "COLERE", "StatCode": "UN_RE", "AppStatus": "Under Review", "AppCode": "PL_MINSP", "AppType": "Level 4 - Administrative Site Plan", "CasePlanne": "Cole Renigar", "EMAIL": "Cole.Renigar@durhamnc.gov", "ORIG_FID": 13114, "CreationDa": "2025-09-20T00:00:00", "Creator": "gisproc_sys", "EditDate": "2025-09-20T00:00:00", "Editor": "gisproc_sys", "match_results": "[(75, None, 'single family', None), (305, None, 'townhouse', 'lots')]", "sf_detached": 75, "sf_attached": 305, "duplex/triplex": 0, "multifamily": 0, "condo": 0 }, "geometry": { "type": "Point", "coordinates": [ -8772842.617288326844573, 4293118.28095405548811 ] } },
{ "type": "Feature", "properties": { "A_NUMBER": "D1700314", "A_TYPE": "PL_MINSP", "A_DATE": "2017-09-26T00:00:00", "A_STATUS": "APP", "A_STATUS_D": "2018-07-05T00:00:00", "A_PROJECT_": "Yancey Parcel", "A_DESCRIPT": "149 single-family lots with clubhouse and pool amenity.", "A_USER_ID": "KIMRO", "A_CASE_PLA": "TREYFI", "StatCode": "APP", "AppStatus": "Approved", "AppCode": "PL_MINSP", "AppType": "Level 4 - Administrative Site Plan", "CasePlanne": "Trey Figueroa", "EMAIL": "Trey.Figueroa@durhamnc.gov", "ORIG_FID": 13130, "CreationDa": "2025-09-20T00:00:00", "Creator": "gisproc_sys", "EditDate": "2025-09-20T00:00:00", "Editor": "gisproc_sys", "match_results": "[(149, None, 'single family', 'lots')]", "sf_detached": 149, "sf_attached": 0, "duplex/triplex": 0, "multifamily": 0, "condo": 0 }, "geometry": { "type": "Point", "coordinates": [ -8768613.365466786548495, 4290311.658856743015349 ] } },
{ "type": "Feature", "properties": { "A_NUMBER": "D2000112", "A_TYPE": "PL_MINSP", "A_DATE": "2020-05-21T00:00:00", "A_STATUS": "APP", "A_STATUS_D": "2022-12-22T00:00:00", "A_PROJECT_": "Vintage University Tower Apartments", "A_DESCRIPT": "Construct four apartment buildings (208 Units), associated parking, and utilities", "A_USER_ID": "KIMRO", "A_CASE_PLA": "TREYFI", "StatCode": "APP", "AppStatus": "Approved", "AppCode": "PL_MINSP", "AppType": "Level 4 - Administrative Site Plan", "CasePlanne": "Trey Figueroa", "EMAIL": "Trey.Figueroa@durhamnc.gov", "ORIG_FID": 13197, "CreationDa": "2025-09-20T00:00:00", "Creator": "gisproc_sys", "EditDate": "2025-09-20T00:00:00", "Editor": "gisproc_sys", "match_results": "[(208, None, 'apartment', 'units')]", "sf_detached": 0, "sf_attached": 0, "duplex/triplex": 0, "multifamily": 208, "condo": 0 }, "geometry": { "type": "Point", "coordinates": [ -8789828.188143799081445, 4296753.916651263833046 ] } },
{ "type": "Feature", "properties": { "A_NUMBER": "D2000173", "A_TYPE": "PL_MINSP", "A_DATE": "2020-07-21T00:00:00", "A_STATUS": "APP", "A_STATUS_D": "2021-07-08T00:00:00", "A_PROJECT_": "Phillips Creek Residential ( Previously Phillips Valley)", "A_DESCRIPT": "33 Single Family lots with 3 open spaces and  associated site improvements.\r\n", "A_USER_ID": "TREYFI", "A_CASE_PLA": "TREYFI", "StatCode": "APP", "AppStatus": "Approved", "AppCode": "PL_MINSP", "AppType": "Level 4 - Administrative Site Plan", "CasePlanne": "Trey Figueroa", "EMAIL": "Trey.Figueroa@durhamnc.gov", "ORIG_FID": 13399, "CreationDa": "2025-09-20T00:00:00", "Creator": "gisproc_sys", "EditDate": "2025-09-20T00:00:00", "Editor": "gisproc_sys", "match_results": "[(33, None, 'single family', 'lots')]", "sf_detached": 33, "sf_attached": 0, "duplex/triplex": 0, "multifamily": 0, "condo": 0 }, "geometry": { "type": "Point", "coordinates": [ -8771894.942716859281063, 4302538.719885447993875 ] } },
{ "type": "Feature", "properties": { "A_NUMBER": "D1900191", "A_TYPE": "PL_MINSP", "A_DATE": "2019-06-14T00:00:00", "A_STATUS": "APP", "A_STATUS_D": "2020-01-15T00:00:00", "A_PROJECT_": "Davis Park East - Pod B", "A_DESCRIPT": "Clearing, grading, construction of 383 apartment units, amenity, and associated road/utility infrastructure", "A_USER_ID": "JOHNRA", "A_CASE_PLA": "DCULTRA", "StatCode": "APP", "AppStatus": "Approved", "AppCode": "PL_MINSP", "AppType": "Level 4 - Administrative Site Plan", "CasePlanne": "Danny Cultra", "EMAIL": "Danny.Cultra@durhamnc.gov", "ORIG_FID": 13466, "CreationDa": "2025-09-20T00:00:00", "Creator": "gisproc_sys", "EditDate": "2025-09-20T00:00:00", "Editor": "gisproc_sys", "match_results": "[(383, None, 'apartment', 'units')]", "sf_detached": 0, "sf_attached": 0, "duplex/triplex": 0, "multifamily": 383, "condo": 0 }, "geometry": { "type": "Point", "coordinates": [ -8778720.086593471467495, 4284425.523942469619215 ] } },
{ "type": "Feature", "properties": { "A_NUMBER": "D2400141", "A_TYPE": "PL_MINSP", "A_DATE": "2024-06-12T00:00:00", "A_STATUS": "CORR", "A_STATUS_D": "2025-06-24T00:00:00", "A_PROJECT_": "1028 Lynn Road Townhouses", "A_DESCRIPT": "36 proposed townhomes.", "A_USER_ID": "KAMILAHALC", "A_CASE_PLA": "COLERE", "StatCode": "CORR", "AppStatus": "Corrections Required", "AppCode": "PL_MINSP", "AppType": "Level 4 - Administrative Site Plan", "CasePlanne": "Cole Renigar", "EMAIL": "Cole.Renigar@durhamnc.gov", "ORIG_FID": 13479, "CreationDa": "2025-09-20T00:00:00", "Creator": "gisproc_sys", "EditDate": "2025-09-20T00:00:00", "Editor": "gisproc_sys", "match_results": "[(36, None, 'townhouse', None)]", "sf_detached": 0, "sf_attached": 36, "duplex/triplex": 0, "multifamily": 0, "condo": 0 }, "geometry": { "type": "Point", "coordinates": [ -8777501.628828786313534, 4296935.077244169078767 ] } },
{ "type": "Feature", "properties": { "A_NUMBER": "D2400148", "A_TYPE": "PL_MINSP", "A_DATE": "2024-06-28T00:00:00", "A_STATUS": "APP", "A_STATUS_D": "2025-05-22T00:00:00", "A_PROJECT_": "Harris Farm", "A_DESCRIPT": "New development of multi-family apartments to include a total of 385 residential units on two lots.", "A_USER_ID": "PEYTONBL", "A_CASE_PLA": "TREYFI", "StatCode": "APP", "AppStatus": "Approved", "AppCode": "PL_MINSP", "AppType": "Level 4 - Administrative Site Plan", "CasePlanne": "Trey Figueroa", "EMAIL": "Trey.Figueroa@durhamnc.gov", "ORIG_FID": 13499, "CreationDa": "2025-09-20T00:00:00", "Creator": "gisproc_sys", "EditDate": "2025-09-20T00:00:00", "Editor": "gisproc_sys", "match_results": [ ], "sf_detached": 0, "sf_attached": 0, "duplex/triplex": 0, "multifamily": 0, "condo": 0 }, "geometry": { "type": "Point", "coordinates": [ -8788604.183903347700834, 4284540.578084363602102 ] } },
{ "type": "Feature", "properties": { "A_NUMBER": "D2400150", "A_TYPE": "PL_MINSP", "A_DATE": "2024-07-02T00:00:00", "A_STATUS": "APP", "A_STATUS_D": "2025-02-17T00:00:00", "A_PROJECT_": "RTP Block H1", "A_DESCRIPT": "Development of multi-story apartment building (226 units), wrapped around a parking deck for the building and related infrastructure.\r\n", "A_USER_ID": "COLERE", "A_CASE_PLA": "COLERE", "StatCode": "APP", "AppStatus": "Approved", "AppCode": "PL_MINSP", "AppType": "Level 4 - Administrative Site Plan", "CasePlanne": "Cole Renigar", "EMAIL": "Cole.Renigar@durhamnc.gov", "ORIG_FID": 13506, "CreationDa": "2025-09-20T00:00:00", "Creator": "gisproc_sys", "EditDate": "2025-09-20T00:00:00", "Editor": "gisproc_sys", "match_results": "[(226, None, 'apartment', 'units')]", "sf_detached": 0, "sf_attached": 0, "duplex/triplex": 0, "multifamily": 226, "condo": 0 }, "geometry": { "type": "Point", "coordinates": [ -8779296.705425351858139, 4285956.132820450700819 ] } },
{ "type": "Feature", "properties": { "A_NUMBER": "D2400151", "A_TYPE": "PL_MINSP", "A_DATE": "2024-07-02T00:00:00", "A_STATUS": "UN_RE", "A_STATUS_D": "2024-07-02T00:00:00", "A_PROJECT_": "Russell Road Subdivision", "A_DESCRIPT": "Subdividing property for 9 single-family lots that will be served by septic and well. Construction of main access drive. \r\n", "A_USER_ID": "TREYFI", "A_CASE_PLA": "TREYFI", "StatCode": "UN_RE", "AppStatus": "Under Review", "AppCode": "PL_MINSP", "AppType": "Level 4 - Administrative Site Plan", "CasePlanne": "Trey Figueroa", "EMAIL": "Trey.Figueroa@durhamnc.gov", "ORIG_FID": 13507, "CreationDa": "2025-09-20T00:00:00", "Creator": "gisproc_sys", "EditDate": "2025-09-20T00:00:00", "Editor": "gisproc_sys", "match_results": "[(9, None, 'single family', 'lots')]", "sf_detached": 9, "sf_attached": 0, "duplex/triplex": 0, "multifamily": 0, "condo": 0 }, "geometry": { "type": "Point", "coordinates": [ -8787929.608148144558072, 4316930.271838598884642 ] } },
{ "type": "Feature", "properties": { "A_NUMBER": "D2000054", "A_TYPE": "PL_MINSP", "A_DATE": "2020-02-28T00:00:00", "A_STATUS": "APP", "A_STATUS_D": "2021-01-28T00:00:00", "A_PROJECT_": "Glenn Road Residential", "A_DESCRIPT": "279 Townhouses, 10 O.S. lots , 3 Alley Parcels", "A_USER_ID": "JESSICADO", "A_CASE_PLA": "TREYFI", "StatCode": "APP", "AppStatus": "Approved", "AppCode": "PL_MINSP", "AppType": "Level 4 - Administrative Site Plan", "CasePlanne": "Trey Figueroa", "EMAIL": "Trey.Figueroa@durhamnc.gov", "ORIG_FID": 13577, "CreationDa": "2025-09-20T00:00:00", "Creator": "gisproc_sys", "EditDate": "2025-09-20T00:00:00", "Editor": "gisproc_sys", "match_results": "[(279, None, 'townhouse', None)]", "sf_detached": 0, "sf_attached": 279, "duplex/triplex": 0, "multifamily": 0, "condo": 0 }, "geometry": { "type": "Point", "coordinates": [ -8776761.30711586587131, 4305867.972114810720086 ] } },
{ "type": "Feature", "properties": { "A_NUMBER": "D2100306", "A_TYPE": "PL_MAJSP", "A_DATE": "2021-09-10T00:00:00", "A_STATUS": "APP", "A_STATUS_D": "2022-05-05T00:00:00", "A_PROJECT_": "TROSA Main Campus Expansion", "A_DESCRIPT": "New dormitory and associated infrastructure improvements - 17,480 SF of new dorm, max. number of on-site residents 275", "A_USER_ID": "JESSICADO", "A_CASE_PLA": "ROBINSH", "StatCode": "APP", "AppStatus": "Approved", "AppCode": "PL_MAJSP", "AppType": "Major Site Plan", "CasePlanne": "Robin Schultze", "EMAIL": "Robin.Schultze@durhamnc.gov", "ORIG_FID": 13626, "CreationDa": "2025-09-20T00:00:00", "Creator": "gisproc_sys", "EditDate": "2025-09-20T00:00:00", "Editor": "gisproc_sys", "match_results": [ ], "sf_detached": 0, "sf_attached": 0, "duplex/triplex": 0, "multifamily": 0, "condo": 0 }, "geometry": { "type": "Point", "coordinates": [ -8786154.07345886528492, 4297757.895510886795819 ] } },
{ "type": "Feature", "properties": { "A_NUMBER": "D1800374", "A_TYPE": "PL_MINSP", "A_DATE": "2018-11-27T00:00:00", "A_STATUS": "APP", "A_STATUS_D": "2019-09-05T00:00:00", "A_PROJECT_": "Ashton Crossing", "A_DESCRIPT": "Residential Subdivision. 23 total lots. Zoned PDR-4.18", "A_USER_ID": "KEAGANSA", "A_CASE_PLA": "TREYFI", "StatCode": "APP", "AppStatus": "Approved", "AppCode": "PL_MINSP", "AppType": "Level 4 - Administrative Site Plan", "CasePlanne": "Trey Figueroa", "EMAIL": "Trey.Figueroa@durhamnc.gov", "ORIG_FID": 13663, "CreationDa": "2025-09-20T00:00:00", "Creator": "gisproc_sys", "EditDate": "2025-09-20T00:00:00", "Editor": "gisproc_sys", "match_results": [ ], "sf_detached": 0, "sf_attached": 0, "duplex/triplex": 0, "multifamily": 0, "condo": 0 }, "geometry": { "type": "Point", "coordinates": [ -8775591.852383365854621, 4294828.494288818910718 ] } },
{ "type": "Feature", "properties": { "A_NUMBER": "D1900086", "A_TYPE": "PL_MINSP", "A_DATE": "2019-04-02T00:00:00", "A_STATUS": "APP", "A_STATUS_D": "2020-04-03T00:00:00", "A_PROJECT_": "Nova RTP", "A_DESCRIPT": "Residential and Office - 46 Townhome units, 37 apartment units, 20,000 sq. ft. of additional building floor area", "A_USER_ID": "KIMRO", "A_CASE_PLA": "COLERE", "StatCode": "APP", "AppStatus": "Approved", "AppCode": "PL_MINSP", "AppType": "Level 4 - Administrative Site Plan", "CasePlanne": "Cole Renigar", "EMAIL": "Cole.Renigar@durhamnc.gov", "ORIG_FID": 13676, "CreationDa": "2025-09-20T00:00:00", "Creator": "gisproc_sys", "EditDate": "2025-09-20T00:00:00", "Editor": "gisproc_sys", "match_results": "[(46, None, 'townhouse', 'units'), (37, None, 'apartment', 'units')]", "sf_detached": 0, "sf_attached": 46, "duplex/triplex": 0, "multifamily": 37, "condo": 0 }, "geometry": { "type": "Point", "coordinates": [ -8781843.25463424436748, 4292053.764095874503255 ] } },
{ "type": "Feature", "properties": { "A_NUMBER": "D1600203", "A_TYPE": "PL_MINSP", "A_DATE": "2016-07-26T00:00:00", "A_STATUS": "APP", "A_STATUS_D": "2018-01-24T00:00:00", "A_PROJECT_": "Garrett and Pickett Residential", "A_DESCRIPT": "99 single family 3 open space lots.", "A_USER_ID": "AMANDAHO", "A_CASE_PLA": "TREYFI", "StatCode": "APP", "AppStatus": "Approved", "AppCode": "PL_MINSP", "AppType": "Level 4 - Administrative Site Plan", "CasePlanne": "Trey Figueroa", "EMAIL": "Trey.Figueroa@durhamnc.gov", "ORIG_FID": 13705, "CreationDa": "2025-09-20T00:00:00", "Creator": "gisproc_sys", "EditDate": "2025-09-20T00:00:00", "Editor": "gisproc_sys", "match_results": "[(99, None, 'single family', None)]", "sf_detached": 99, "sf_attached": 0, "duplex/triplex": 0, "multifamily": 0, "condo": 0 }, "geometry": { "type": "Point", "coordinates": [ -8792058.270336329936981, 4296913.363090266473591 ] } },
{ "type": "Feature", "properties": { "A_NUMBER": "D1700288", "A_TYPE": "PL_MINSP", "A_DATE": "2017-08-29T00:00:00", "A_STATUS": "APP", "A_STATUS_D": "2018-08-31T00:00:00", "A_PROJECT_": "703 West Trinity Pullman Building", "A_DESCRIPT": "New condo with associated site work.", "A_USER_ID": "KRISTINEMU", "A_CASE_PLA": "EMILYST", "StatCode": "APP", "AppStatus": "Approved", "AppCode": "PL_MINSP", "AppType": "Level 4 - Administrative Site Plan", "CasePlanne": "Emily Struthers", "EMAIL": "Emily.Struthers@durhamnc.gov", "ORIG_FID": 13823, "CreationDa": "2025-09-20T00:00:00", "Creator": "gisproc_sys", "EditDate": "2025-09-20T00:00:00", "Editor": "gisproc_sys", "match_results": [ ], "sf_detached": 0, "sf_attached": 0, "duplex/triplex": 0, "multifamily": 0, "condo": 0 }, "geometry": { "type": "Point", "coordinates": [ -8783437.544738568365574, 4301344.820467743091285 ] } },
{ "type": "Feature", "properties": { "A_NUMBER": "D1900079", "A_TYPE": "PL_MINSP", "A_DATE": "2019-03-27T00:00:00", "A_STATUS": "APP", "A_STATUS_D": "2019-10-01T00:00:00", "A_PROJECT_": "510 E Pettigrew Apartments", "A_DESCRIPT": "240 Unit apartment building over a 114,404 sf parking garage.", "A_USER_ID": "KIMRO", "A_CASE_PLA": "TREYFI", "StatCode": "APP", "AppStatus": "Approved", "AppCode": "PL_MINSP", "AppType": "Level 4 - Administrative Site Plan", "CasePlanne": "Trey Figueroa", "EMAIL": "Trey.Figueroa@durhamnc.gov", "ORIG_FID": 13945, "CreationDa": "2025-09-20T00:00:00", "Creator": "gisproc_sys", "EditDate": "2025-09-20T00:00:00", "Editor": "gisproc_sys", "match_results": "[(240, None, 'apartment', None)]", "sf_detached": 0, "sf_attached": 0, "duplex/triplex": 0, "multifamily": 240, "condo": 0 }, "geometry": { "type": "Point", "coordinates": [ -8782850.450549904257059, 4299136.556156126782298 ] } },
{ "type": "Feature", "properties": { "A_NUMBER": "D1700345", "A_TYPE": "PL_MINSP", "A_DATE": "2017-11-07T00:00:00", "A_STATUS": "APP", "A_STATUS_D": "2018-06-11T00:00:00", "A_PROJECT_": "Carpenter Fletcher Subdivision", "A_DESCRIPT": "11 lots single-family subdivision preliminary plat", "A_USER_ID": "KARENPA", "A_CASE_PLA": "DCULTRA", "StatCode": "APP", "AppStatus": "Approved", "AppCode": "PL_MINSP", "AppType": "Level 4 - Administrative Site Plan", "CasePlanne": "Danny Cultra", "EMAIL": "Danny.Cultra@durhamnc.gov", "ORIG_FID": 13965, "CreationDa": "2025-09-20T00:00:00", "Creator": "gisproc_sys", "EditDate": "2025-09-20T00:00:00", "Editor": "gisproc_sys", "match_results": "[(11, None, 'single family', None)]", "sf_detached": 11, "sf_attached": 0, "duplex/triplex": 0, "multifamily": 0, "condo": 0 }, "geometry": { "type": "Point", "coordinates": [ -8783329.269206697121263, 4289175.989789189770818 ] } },
{ "type": "Feature", "properties": { "A_NUMBER": "D2200148", "A_TYPE": "PL_MINSP", "A_DATE": "2022-05-09T00:00:00", "A_STATUS": "APP", "A_STATUS_D": "2022-10-17T00:00:00", "A_PROJECT_": "210 Pacific Avenue Towns", "A_DESCRIPT": "10 townhome units", "A_USER_ID": "ADDMGR", "A_CASE_PLA": "ROBINSH", "StatCode": "APP", "AppStatus": "Approved", "AppCode": "PL_MINSP", "AppType": "Level 4 - Administrative Site Plan", "CasePlanne": "Robin Schultze", "EMAIL": "Robin.Schultze@durhamnc.gov", "ORIG_FID": 13984, "CreationDa": "2025-09-20T00:00:00", "Creator": "gisproc_sys", "EditDate": "2025-09-20T00:00:00", "Editor": "gisproc_sys", "match_results": "[(10, None, 'townhouse', 'units')]", "sf_detached": 0, "sf_attached": 10, "duplex/triplex": 0, "multifamily": 0, "condo": 0 }, "geometry": { "type": "Point", "coordinates": [ -8783080.617875395342708, 4306960.640303640626371 ] } },
{ "type": "Feature", "properties": { "A_NUMBER": "D2300211", "A_TYPE": "PL_MINSP", "A_DATE": "2023-09-06T00:00:00", "A_STATUS": "APP", "A_STATUS_D": "2025-04-10T00:00:00", "A_PROJECT_": "1402 Holloway TPW Apartments", "A_DESCRIPT": "10,809 sq. ft. multifamily apartment facility with 28 units.", "A_USER_ID": "COLERE", "A_CASE_PLA": "COLERE", "StatCode": "APP", "AppStatus": "Approved", "AppCode": "PL_MINSP", "AppType": "Level 4 - Administrative Site Plan", "CasePlanne": "Cole Renigar", "EMAIL": "Cole.Renigar@durhamnc.gov", "ORIG_FID": 14175, "CreationDa": "2025-09-20T00:00:00", "Creator": "gisproc_sys", "EditDate": "2025-09-20T00:00:00", "Editor": "gisproc_sys", "match_results": "[(28, None, 'multifamily', 'units')]", "sf_detached": 0, "sf_attached": 0, "duplex/triplex": 0, "multifamily": 28, "condo": 0 }, "geometry": { "type": "Point", "coordinates": [ -8780497.19438237324357, 4299800.18656644038856 ] } },
{ "type": "Feature", "properties": { "A_NUMBER": "D1800022", "A_TYPE": "PL_MINSP", "A_DATE": "2018-01-30T00:00:00", "A_STATUS": "APP", "A_STATUS_D": "2018-08-13T00:00:00", "A_PROJECT_": "Davis Park East", "A_DESCRIPT": "402 apartments and 25,000 square feet of retail along with associated infrastructure and amenities", "A_USER_ID": "JESSICADO", "A_CASE_PLA": "JESSICADO", "StatCode": "APP", "AppStatus": "Approved", "AppCode": "PL_MINSP", "AppType": "Level 4 - Administrative Site Plan", "CasePlanne": "Jessica Dockery", "EMAIL": "Jessica.Dockery@durhamnc.gov", "ORIG_FID": 14321, "CreationDa": "2025-09-20T00:00:00", "Creator": "gisproc_sys", "EditDate": "2025-09-20T00:00:00", "Editor": "gisproc_sys", "match_results": "[(402, None, 'apartment', None)]", "sf_detached": 0, "sf_attached": 0, "duplex/triplex": 0, "multifamily": 402, "condo": 0 }, "geometry": { "type": "Point", "coordinates": [ -8778359.161222832277417, 4283914.939696259796619 ] } },
{ "type": "Feature", "properties": { "A_NUMBER": "D2100416", "A_TYPE": "PL_MINSP", "A_DATE": "2021-11-22T00:00:00", "A_STATUS": "APP", "A_STATUS_D": "2022-08-16T00:00:00", "A_PROJECT_": "Nova NC55", "A_DESCRIPT": "83 multi-family units with 153 surface parking spaces", "A_USER_ID": "AMANDAHO", "A_CASE_PLA": "ROBINSH", "StatCode": "APP", "AppStatus": "Approved", "AppCode": "PL_MINSP", "AppType": "Level 4 - Administrative Site Plan", "CasePlanne": "Robin Schultze", "EMAIL": "Robin.Schultze@durhamnc.gov", "ORIG_FID": 14347, "CreationDa": "2025-09-20T00:00:00", "Creator": "gisproc_sys", "EditDate": "2025-09-20T00:00:00", "Editor": "gisproc_sys", "match_results": "[(83, None, 'multifamily', 'units')]", "sf_detached": 0, "sf_attached": 0, "duplex/triplex": 0, "multifamily": 83, "condo": 0 }, "geometry": { "type": "Point", "coordinates": [ -8781917.016627995297313, 4293256.202597811818123 ] } },
{ "type": "Feature", "properties": { "A_NUMBER": "D2300224", "A_TYPE": "PL_MINSP", "A_DATE": "2023-09-29T00:00:00", "A_STATUS": "APP", "A_STATUS_D": "2024-10-31T00:00:00", "A_PROJECT_": "Shady Grove Assemblage", "A_DESCRIPT": "120 Single-family, 300 Townhouse Residential, and a Public Park.", "A_USER_ID": "TREYFI", "A_CASE_PLA": "TREYFI", "StatCode": "APP", "AppStatus": "Approved", "AppCode": "PL_MINSP", "AppType": "Level 4 - Administrative Site Plan", "CasePlanne": "Trey Figueroa", "EMAIL": "Trey.Figueroa@durhamnc.gov", "ORIG_FID": 14355, "CreationDa": "2025-09-20T00:00:00", "Creator": "gisproc_sys", "EditDate": "2025-09-20T00:00:00", "Editor": "gisproc_sys", "match_results": "[(120, None, 'single family', None), (300, None, 'townhouse', None)]", "sf_detached": 120, "sf_attached": 300, "duplex/triplex": 0, "multifamily": 0, "condo": 0 }, "geometry": { "type": "Point", "coordinates": [ -8767613.224622197449207, 4291107.139239086769521 ] } },
{ "type": "Feature", "properties": { "A_NUMBER": "D2100132", "A_TYPE": "PL_MINSP", "A_DATE": "2021-05-12T00:00:00", "A_STATUS": "APP", "A_STATUS_D": "2021-12-28T00:00:00", "A_PROJECT_": "Olive Branch Reserve", "A_DESCRIPT": "350 Single Family and Townhome Units", "A_USER_ID": "KIMRO", "A_CASE_PLA": "TREYFI", "StatCode": "APP", "AppStatus": "Approved", "AppCode": "PL_MINSP", "AppType": "Level 4 - Administrative Site Plan", "CasePlanne": "Trey Figueroa", "EMAIL": "Trey.Figueroa@durhamnc.gov", "ORIG_FID": 14483, "CreationDa": "2025-09-20T00:00:00", "Creator": "gisproc_sys", "EditDate": "2025-09-20T00:00:00", "Editor": "gisproc_sys", "match_results": "[(350, None, 'single family', None)]", "sf_detached": 350, "sf_attached": 0, "duplex/triplex": 0, "multifamily": 0, "condo": 0 }, "geometry": { "type": "Point", "coordinates": [ -8768658.803378066048026, 4293624.129562022164464 ] } },
{ "type": "Feature", "properties": { "A_NUMBER": "D2300187", "A_TYPE": "PL_MINSP", "A_DATE": "2023-07-26T00:00:00", "A_STATUS": "APP", "A_STATUS_D": "2024-02-08T00:00:00", "A_PROJECT_": "751 Watercolors Townhomes", "A_DESCRIPT": "50 townhouses on 3.75-acre parcel.", "A_USER_ID": "ADDMGR", "A_CASE_PLA": "TREYFI", "StatCode": "APP", "AppStatus": "Approved", "AppCode": "PL_MINSP", "AppType": "Level 4 - Administrative Site Plan", "CasePlanne": "Trey Figueroa", "EMAIL": "Trey.Figueroa@durhamnc.gov", "ORIG_FID": 14514, "CreationDa": "2025-09-20T00:00:00", "Creator": "gisproc_sys", "EditDate": "2025-09-20T00:00:00", "Editor": "gisproc_sys", "match_results": "[(50, None, 'townhouse', None)]", "sf_detached": 0, "sf_attached": 50, "duplex/triplex": 0, "multifamily": 0, "condo": 0 }, "geometry": { "type": "Point", "coordinates": [ -8789517.815466968342662, 4284038.361964671872556 ] } },
{ "type": "Feature", "properties": { "A_NUMBER": "D2000198", "A_TYPE": "PL_MINSP", "A_DATE": "2020-08-18T00:00:00", "A_STATUS": "APP", "A_STATUS_D": "2021-06-21T00:00:00", "A_PROJECT_": "Arringdon Lot 3 Preliminary Plat Amendment", "A_DESCRIPT": "Proposed increase from 59 to 65 townhomes, new elevations, roads changed to driveways, utility easement changes, landscape changes, parking and open space changes, storm layout changes", "A_USER_ID": "JESSICADO", "A_CASE_PLA": "COURTNEYMC", "StatCode": "APP", "AppStatus": "Approved", "AppCode": "PL_MINSP", "AppType": "Level 4 - Administrative Site Plan", "CasePlanne": "Courtney McQueen", "EMAIL": "Courtney.McQueen@durhamnc.gov", "ORIG_FID": 14570, "CreationDa": "2025-09-20T00:00:00", "Creator": "gisproc_sys", "EditDate": "2025-09-20T00:00:00", "Editor": "gisproc_sys", "match_results": "[(59, None, 'townhouse', None)]", "sf_detached": 0, "sf_attached": 59, "duplex/triplex": 0, "multifamily": 0, "condo": 0 }, "geometry": { "type": "Point", "coordinates": [ -8775080.487516345456243, 4284596.674657069146633 ] } },
{ "type": "Feature", "properties": { "A_NUMBER": "D2100014", "A_TYPE": "PL_MINSP", "A_DATE": "2021-01-21T00:00:00", "A_STATUS": "APP", "A_STATUS_D": "2021-07-01T00:00:00", "A_PROJECT_": "318 W Corporation", "A_DESCRIPT": "High density residential (82 apartments) with retail space", "A_USER_ID": "JESSICADO", "A_CASE_PLA": "COURTNEYMC", "StatCode": "APP", "AppStatus": "Approved", "AppCode": "PL_MINSP", "AppType": "Level 4 - Administrative Site Plan", "CasePlanne": "Courtney McQueen", "EMAIL": "Courtney.McQueen@durhamnc.gov", "ORIG_FID": 14575, "CreationDa": "2025-09-20T00:00:00", "Creator": "gisproc_sys", "EditDate": "2025-09-20T00:00:00", "Editor": "gisproc_sys", "match_results": "[(82, None, 'apartment', None)]", "sf_detached": 0, "sf_attached": 0, "duplex/triplex": 0, "multifamily": 82, "condo": 0 }, "geometry": { "type": "Point", "coordinates": [ -8783051.605984413996339, 4300924.051168715581298 ] } },
{ "type": "Feature", "properties": { "A_NUMBER": "D2200233", "A_TYPE": "PL_MINSP", "A_DATE": "2022-07-01T00:00:00", "A_STATUS": "APP", "A_STATUS_D": "2023-04-14T00:00:00", "A_PROJECT_": "Courtyards at Farrington", "A_DESCRIPT": "Proposed 64 single family homes and amenity.", "A_USER_ID": "COLERE", "A_CASE_PLA": "COLERE", "StatCode": "APP", "AppStatus": "Approved", "AppCode": "PL_MINSP", "AppType": "Level 4 - Administrative Site Plan", "CasePlanne": "Cole Renigar", "EMAIL": "Cole.Renigar@durhamnc.gov", "ORIG_FID": 14666, "CreationDa": "2025-09-20T00:00:00", "Creator": "gisproc_sys", "EditDate": "2025-09-20T00:00:00", "Editor": "gisproc_sys", "match_results": "[(64, None, 'single family', 'homes')]", "sf_detached": 64, "sf_attached": 0, "duplex/triplex": 0, "multifamily": 0, "condo": 0 }, "geometry": { "type": "Point", "coordinates": [ -8792890.054703010246158, 4290197.219775182195008 ] } },
{ "type": "Feature", "properties": { "A_NUMBER": "D2000287", "A_TYPE": "PL_MINSP", "A_DATE": "2020-11-24T00:00:00", "A_STATUS": "APP", "A_STATUS_D": "2021-07-12T00:00:00", "A_PROJECT_": "Farrington Multi- Family", "A_DESCRIPT": "250 unit Apartment complex", "A_USER_ID": "KIMRO", "A_CASE_PLA": "TREYFI", "StatCode": "APP", "AppStatus": "Approved", "AppCode": "PL_MINSP", "AppType": "Level 4 - Administrative Site Plan", "CasePlanne": "Trey Figueroa", "EMAIL": "Trey.Figueroa@durhamnc.gov", "ORIG_FID": 14755, "CreationDa": "2025-09-20T00:00:00", "Creator": "gisproc_sys", "EditDate": "2025-09-20T00:00:00", "Editor": "gisproc_sys", "match_results": "[(250, None, 'apartment', None)]", "sf_detached": 0, "sf_attached": 0, "duplex/triplex": 0, "multifamily": 250, "condo": 0 }, "geometry": { "type": "Point", "coordinates": [ -8792719.456660944968462, 4289361.758656201884151 ] } },
{ "type": "Feature", "properties": { "A_NUMBER": "D2200131", "A_TYPE": "PL_MINSP", "A_DATE": "2022-04-19T00:00:00", "A_STATUS": "APP", "A_STATUS_D": "2023-05-11T00:00:00", "A_PROJECT_": "Bethpage Apartments Phase 2", "A_DESCRIPT": "343 mutifamily units, 9 buildings", "A_USER_ID": "ROBINSH", "A_CASE_PLA": "ROBINSH", "StatCode": "APP", "AppStatus": "Approved", "AppCode": "PL_MINSP", "AppType": "Level 4 - Administrative Site Plan", "CasePlanne": "Robin Schultze", "EMAIL": "Robin.Schultze@durhamnc.gov", "ORIG_FID": 14786, "CreationDa": "2025-09-20T00:00:00", "Creator": "gisproc_sys", "EditDate": "2025-09-20T00:00:00", "Editor": "gisproc_sys", "match_results": "[(343, None, 'multifamily', 'units')]", "sf_detached": 0, "sf_attached": 0, "duplex/triplex": 0, "multifamily": 343, "condo": 0 }, "geometry": { "type": "Point", "coordinates": [ -8775400.820568766444921, 4286481.590057631954551 ] } },
{ "type": "Feature", "properties": { "A_NUMBER": "D1600333", "A_TYPE": "PL_MINSP", "A_DATE": "2016-11-22T00:00:00", "A_STATUS": "APP", "A_STATUS_D": "2017-07-12T00:00:00", "A_PROJECT_": "The Meadows at Colony Park (RE-DESIGNED)", "A_DESCRIPT": "60 lot Residential Subdivision", "A_USER_ID": "LEEDA", "A_CASE_PLA": "TREYFI", "StatCode": "APP", "AppStatus": "Approved", "AppCode": "PL_MINSP", "AppType": "Level 4 - Administrative Site Plan", "CasePlanne": "Trey Figueroa", "EMAIL": "Trey.Figueroa@durhamnc.gov", "ORIG_FID": 14796, "CreationDa": "2025-09-20T00:00:00", "Creator": "gisproc_sys", "EditDate": "2025-09-20T00:00:00", "Editor": "gisproc_sys", "match_results": [ ], "sf_detached": 0, "sf_attached": 0, "duplex/triplex": 0, "multifamily": 0, "condo": 0 }, "geometry": { "type": "Point", "coordinates": [ -8789706.611976450309157, 4298233.983444567769766 ] } },
{ "type": "Feature", "properties": { "A_NUMBER": "D1700376", "A_TYPE": "PL_MINSP", "A_DATE": "2017-12-05T00:00:00", "A_STATUS": "APP", "A_STATUS_D": "2018-06-08T00:00:00", "A_PROJECT_": "Solis Patterson Place Apartments", "A_DESCRIPT": "347 unit apartment project (16 buildings and 3 garages).", "A_USER_ID": "JESSICADO", "A_CASE_PLA": "JESSICADO", "StatCode": "APP", "AppStatus": "Approved", "AppCode": "PL_MINSP", "AppType": "Level 4 - Administrative Site Plan", "CasePlanne": "Jessica Dockery", "EMAIL": "Jessica.Dockery@durhamnc.gov", "ORIG_FID": 14834, "CreationDa": "2025-09-20T00:00:00", "Creator": "gisproc_sys", "EditDate": "2025-09-20T00:00:00", "Editor": "gisproc_sys", "match_results": "[(347, None, 'apartment', None)]", "sf_detached": 0, "sf_attached": 0, "duplex/triplex": 0, "multifamily": 347, "condo": 0 }, "geometry": { "type": "Point", "coordinates": [ -8792300.718064501881599, 4293693.021622389554977 ] } },
{ "type": "Feature", "properties": { "A_NUMBER": "D2000145", "A_TYPE": "PL_MINSP", "A_DATE": "2020-06-22T00:00:00", "A_STATUS": "APP", "A_STATUS_D": "2021-01-27T00:00:00", "A_PROJECT_": "521 Mangum", "A_DESCRIPT": "Proposed 18 apartment unit condo project", "A_USER_ID": "JESSICADO", "A_CASE_PLA": "COURTNEYMC", "StatCode": "APP", "AppStatus": "Approved", "AppCode": "PL_MINSP", "AppType": "Level 4 - Administrative Site Plan", "CasePlanne": "Courtney McQueen", "EMAIL": "Courtney.McQueen@durhamnc.gov", "ORIG_FID": 14895, "CreationDa": "2025-09-20T00:00:00", "Creator": "gisproc_sys", "EditDate": "2025-09-20T00:00:00", "Editor": "gisproc_sys", "match_results": "[(18, None, 'apartment', None)]", "sf_detached": 0, "sf_attached": 0, "duplex/triplex": 0, "multifamily": 18, "condo": 0 }, "geometry": { "type": "Point", "coordinates": [ -8782799.825584322214127, 4300567.084453500807285 ] } },
{ "type": "Feature", "properties": { "A_NUMBER": "A1700007", "A_TYPE": "PL_CPAA", "A_DATE": "2017-04-11T00:00:00", "A_STATUS": "APP", "A_STATUS_D": "2018-03-20T00:00:00", "A_PROJECT_": "Page Park II", "A_DESCRIPT": "Plan Amendment associated with Z1700013. Request Commercial to Low-Medium Density Residential.", "A_USER_ID": "DACIARE", "A_CASE_PLA": "JAMIESUN", "StatCode": "APP", "AppStatus": "Approved", "AppCode": "PL_CPAA", "AppType": "Comprehensive Plan Map or Plan Amendment", "CasePlanne": null, "EMAIL": null, "ORIG_FID": 14909, "CreationDa": "2025-09-20T00:00:00", "Creator": "gisproc_sys", "EditDate": "2025-09-20T00:00:00", "Editor": "gisproc_sys", "match_results": [ ], "sf_detached": 0, "sf_attached": 0, "duplex/triplex": 0, "multifamily": 0, "condo": 0 }, "geometry": { "type": "Point", "coordinates": [ -8775367.933337058871984, 4285390.539488782174885 ] } },
{ "type": "Feature", "properties": { "A_NUMBER": "D2000294", "A_TYPE": "PL_MINSP", "A_DATE": "2020-12-03T00:00:00", "A_STATUS": "APP", "A_STATUS_D": "2022-04-20T00:00:00", "A_PROJECT_": "Arlene Pointe", "A_DESCRIPT": "This project includes 24 single family lots with associated streets,sidewalks,utilities,grading,stormwater and landscaping", "A_USER_ID": "TREYFI", "A_CASE_PLA": "TREYFI", "StatCode": "APP", "AppStatus": "Approved", "AppCode": "PL_MINSP", "AppType": "Level 4 - Administrative Site Plan", "CasePlanne": "Trey Figueroa", "EMAIL": "Trey.Figueroa@durhamnc.gov", "ORIG_FID": 15011, "CreationDa": "2025-09-20T00:00:00", "Creator": "gisproc_sys", "EditDate": "2025-09-20T00:00:00", "Editor": "gisproc_sys", "match_results": "[(24, None, 'single family', 'lots')]", "sf_detached": 24, "sf_attached": 0, "duplex/triplex": 0, "multifamily": 0, "condo": 0 }, "geometry": { "type": "Point", "coordinates": [ -8780687.059843149036169, 4306448.47827863600105 ] } },
{ "type": "Feature", "properties": { "A_NUMBER": "D2300082", "A_TYPE": "PL_MINSP", "A_DATE": "2023-03-17T00:00:00", "A_STATUS": "APP", "A_STATUS_D": "2023-07-25T00:00:00", "A_PROJECT_": "Blocks B & C at Hub RTP", "A_DESCRIPT": "Addition of new building on block A2-3 and associated infrastructure. Increasing overall units from 366 to 406.", "A_USER_ID": "TREYFI", "A_CASE_PLA": "TREYFI", "StatCode": "APP", "AppStatus": "Approved", "AppCode": "PL_MINSP", "AppType": "Level 4 - Administrative Site Plan", "CasePlanne": "Trey Figueroa", "EMAIL": "Trey.Figueroa@durhamnc.gov", "ORIG_FID": 15025, "CreationDa": "2025-09-20T00:00:00", "Creator": "gisproc_sys", "EditDate": "2025-09-20T00:00:00", "Editor": "gisproc_sys", "match_results": "[(366, None, 'single family', None)]", "sf_detached": 366, "sf_attached": 0, "duplex/triplex": 0, "multifamily": 0, "condo": 0 }, "geometry": { "type": "Point", "coordinates": [ -8778946.92498579993844, 4285751.139025606215 ] } },
{ "type": "Feature", "properties": { "A_NUMBER": "D2200293", "A_TYPE": "PL_MINSP", "A_DATE": "2022-08-31T00:00:00", "A_STATUS": "APP", "A_STATUS_D": "2023-08-24T00:00:00", "A_PROJECT_": "Summer Meadow Phase 4A & 4B", "A_DESCRIPT": "Proposed 23 single-family lots in phases 4A and 4B.", "A_USER_ID": "KEAGANSA", "A_CASE_PLA": "KEAGANSA", "StatCode": "APP", "AppStatus": "Approved", "AppCode": "PL_MINSP", "AppType": "Level 4 - Administrative Site Plan", "CasePlanne": "Keagan Sacripanti", "EMAIL": "Keagan.Sacripanti@durhamnc.gov", "ORIG_FID": 15100, "CreationDa": "2025-09-20T00:00:00", "Creator": "gisproc_sys", "EditDate": "2025-09-20T00:00:00", "Editor": "gisproc_sys", "match_results": "[(23, None, 'single family', 'lots')]", "sf_detached": 23, "sf_attached": 0, "duplex/triplex": 0, "multifamily": 0, "condo": 0 }, "geometry": { "type": "Point", "coordinates": [ -8781567.028382623568177, 4309652.71560237929225 ] } },
{ "type": "Feature", "properties": { "A_NUMBER": "D1600354", "A_TYPE": "PL_MINSP", "A_DATE": "2016-12-20T00:00:00", "A_STATUS": "APP", "A_STATUS_D": "2018-03-29T00:00:00", "A_PROJECT_": "TW Alexander Townhomes", "A_DESCRIPT": "154 Townhome Lots", "A_USER_ID": "COLERE", "A_CASE_PLA": "TREYFI", "StatCode": "APP", "AppStatus": "Approved", "AppCode": "PL_MINSP", "AppType": "Level 4 - Administrative Site Plan", "CasePlanne": "Trey Figueroa", "EMAIL": "Trey.Figueroa@durhamnc.gov", "ORIG_FID": 15151, "CreationDa": "2025-09-20T00:00:00", "Creator": "gisproc_sys", "EditDate": "2025-09-20T00:00:00", "Editor": "gisproc_sys", "match_results": "[(154, None, 'townhouse', 'lots')]", "sf_detached": 0, "sf_attached": 154, "duplex/triplex": 0, "multifamily": 0, "condo": 0 }, "geometry": { "type": "Point", "coordinates": [ -8782131.320321956649423, 4284511.490210264921188 ] } },
{ "type": "Feature", "properties": { "A_NUMBER": "D2100030", "A_TYPE": "PL_MINSP", "A_DATE": "2021-02-02T00:00:00", "A_STATUS": "APP", "A_STATUS_D": "2021-07-26T00:00:00", "A_PROJECT_": "120 Broadway Street", "A_DESCRIPT": "24 townhomes + 1 HOA lot  with bio-retention area.", "A_USER_ID": "KIMRO", "A_CASE_PLA": "COURTNEYMC", "StatCode": "APP", "AppStatus": "Approved", "AppCode": "PL_MINSP", "AppType": "Level 4 - Administrative Site Plan", "CasePlanne": "Courtney McQueen", "EMAIL": "Courtney.McQueen@durhamnc.gov", "ORIG_FID": 15184, "CreationDa": "2025-09-20T00:00:00", "Creator": "gisproc_sys", "EditDate": "2025-09-20T00:00:00", "Editor": "gisproc_sys", "match_results": "[(24, None, 'townhouse', None)]", "sf_detached": 0, "sf_attached": 24, "duplex/triplex": 0, "multifamily": 0, "condo": 0 }, "geometry": { "type": "Point", "coordinates": [ -8782819.995489941909909, 4300809.080826850607991 ] } },
{ "type": "Feature", "properties": { "A_NUMBER": "D1900031", "A_TYPE": "PL_MINSP", "A_DATE": "2019-02-11T00:00:00", "A_STATUS": "APP", "A_STATUS_D": "2020-08-03T00:00:00", "A_PROJECT_": "The Corners at Brier Creek", "A_DESCRIPT": "Project will be the development of an Apartment complex with a stand alone amenity center and parking garages with necessary utility infrastructure", "A_USER_ID": "JOHNRA", "A_CASE_PLA": "DCULTRA", "StatCode": "APP", "AppStatus": "Approved", "AppCode": "PL_MINSP", "AppType": "Level 4 - Administrative Site Plan", "CasePlanne": "Danny Cultra", "EMAIL": "Danny.Cultra@durhamnc.gov", "ORIG_FID": 15195, "CreationDa": "2025-09-20T00:00:00", "Creator": "gisproc_sys", "EditDate": "2025-09-20T00:00:00", "Editor": "gisproc_sys", "match_results": [ ], "sf_detached": 0, "sf_attached": 0, "duplex/triplex": 0, "multifamily": 0, "condo": 0 }, "geometry": { "type": "Point", "coordinates": [ -8770605.109876792877913, 4290084.335927232168615 ] } },
{ "type": "Feature", "properties": { "A_NUMBER": "D1800248", "A_TYPE": "PL_MINSP", "A_DATE": "2018-07-17T00:00:00", "A_STATUS": "APP", "A_STATUS_D": "2019-07-23T00:00:00", "A_PROJECT_": "Atwater ( formally named Ellis Road)", "A_DESCRIPT": "85 Townhouse lots", "A_USER_ID": "KIMRO", "A_CASE_PLA": "COURTNEYMC", "StatCode": "APP", "AppStatus": "Approved", "AppCode": "PL_MINSP", "AppType": "Level 4 - Administrative Site Plan", "CasePlanne": "Courtney McQueen", "EMAIL": "Courtney.McQueen@durhamnc.gov", "ORIG_FID": 15231, "CreationDa": "2025-09-20T00:00:00", "Creator": "gisproc_sys", "EditDate": "2025-09-20T00:00:00", "Editor": "gisproc_sys", "match_results": "[(85, None, 'townhouse', 'lots')]", "sf_detached": 0, "sf_attached": 85, "duplex/triplex": 0, "multifamily": 0, "condo": 0 }, "geometry": { "type": "Point", "coordinates": [ -8779417.310895407572389, 4293511.630055128596723 ] } },
{ "type": "Feature", "properties": { "A_NUMBER": "D2100175", "A_TYPE": "PL_MINSP", "A_DATE": "2021-06-24T00:00:00", "A_STATUS": "APP", "A_STATUS_D": "2022-06-10T00:00:00", "A_PROJECT_": "1001 Olive Branch Subdivision - Sweetbrier - Phase 2", "A_DESCRIPT": "124 Single-Family Detached and 207 Townhouse lots plus 10 Open Space lots", "A_USER_ID": "JESSICADO", "A_CASE_PLA": "COLERE", "StatCode": "APP", "AppStatus": "Approved", "AppCode": "PL_MINSP", "AppType": "Level 4 - Administrative Site Plan", "CasePlanne": "Cole Renigar", "EMAIL": "Cole.Renigar@durhamnc.gov", "ORIG_FID": 15262, "CreationDa": "2025-09-20T00:00:00", "Creator": "gisproc_sys", "EditDate": "2025-09-20T00:00:00", "Editor": "gisproc_sys", "match_results": "[(124, None, 'single family', None), (207, None, 'townhouse', 'lots')]", "sf_detached": 124, "sf_attached": 207, "duplex/triplex": 0, "multifamily": 0, "condo": 0 }, "geometry": { "type": "Point", "coordinates": [ -8769566.711530262604356, 4294125.413951551541686 ] } },
{ "type": "Feature", "properties": { "A_NUMBER": "D1900301", "A_TYPE": "PL_MINSP", "A_DATE": "2019-08-26T00:00:00", "A_STATUS": "APP", "A_STATUS_D": "2020-02-03T00:00:00", "A_PROJECT_": "Magnolia - Phase IV", "A_DESCRIPT": "53 Townhome Units + 2 open spaces = 55 lots", "A_USER_ID": "GSMITH", "A_CASE_PLA": "DCULTRA", "StatCode": "APP", "AppStatus": "Approved", "AppCode": "PL_MINSP", "AppType": "Level 4 - Administrative Site Plan", "CasePlanne": "Danny Cultra", "EMAIL": "Danny.Cultra@durhamnc.gov", "ORIG_FID": 15343, "CreationDa": "2025-09-20T00:00:00", "Creator": "gisproc_sys", "EditDate": "2025-09-20T00:00:00", "Editor": "gisproc_sys", "match_results": "[(53, None, 'townhouse', 'units')]", "sf_detached": 0, "sf_attached": 53, "duplex/triplex": 0, "multifamily": 0, "condo": 0 }, "geometry": { "type": "Point", "coordinates": [ -8781766.985868413001299, 4308122.378823658451438 ] } },
{ "type": "Feature", "properties": { "A_NUMBER": "D2300216", "A_TYPE": "PL_MINSP", "A_DATE": "2023-09-25T00:00:00", "A_STATUS": "APP", "A_STATUS_D": "2024-08-15T00:00:00", "A_PROJECT_": "Aura 501", "A_DESCRIPT": "Construction of 220 multi-family units with associated amenities and infrastructure totaling in 354,955 sq. ft.", "A_USER_ID": "TREYFI", "A_CASE_PLA": "TREYFI", "StatCode": "APP", "AppStatus": "Approved", "AppCode": "PL_MINSP", "AppType": "Level 4 - Administrative Site Plan", "CasePlanne": "Trey Figueroa", "EMAIL": "Trey.Figueroa@durhamnc.gov", "ORIG_FID": 15537, "CreationDa": "2025-09-20T00:00:00", "Creator": "gisproc_sys", "EditDate": "2025-09-20T00:00:00", "Editor": "gisproc_sys", "match_results": "[(220, None, 'multifamily', 'units')]", "sf_detached": 0, "sf_attached": 0, "duplex/triplex": 0, "multifamily": 220, "condo": 0 }, "geometry": { "type": "Point", "coordinates": [ -8782894.145472092553973, 4300430.314340743236244 ] } },
{ "type": "Feature", "properties": { "A_NUMBER": "D2300084", "A_TYPE": "PL_MINSP", "A_DATE": "2023-03-21T00:00:00", "A_STATUS": "APP", "A_STATUS_D": "2024-01-17T00:00:00", "A_PROJECT_": "New Hope Commons Multifamily", "A_DESCRIPT": "Demolish one of the existing buildings and a parking area onsite to facilitate two multifamily buildings (460 units across two phases) with integrated structured parking.", "A_USER_ID": "JESSICADO", "A_CASE_PLA": "ROBINSH", "StatCode": "APP", "AppStatus": "Approved", "AppCode": "PL_MINSP", "AppType": "Level 4 - Administrative Site Plan", "CasePlanne": "Robin Schultze", "EMAIL": "Robin.Schultze@durhamnc.gov", "ORIG_FID": 15569, "CreationDa": "2025-09-20T00:00:00", "Creator": "gisproc_sys", "EditDate": "2025-09-20T00:00:00", "Editor": "gisproc_sys", "match_results": "[(460, None, 'multifamily', 'units')]", "sf_detached": 0, "sf_attached": 0, "duplex/triplex": 0, "multifamily": 460, "condo": 0 }, "geometry": { "type": "Point", "coordinates": [ -8793976.676227547228336, 4294407.845980329439044 ] } },
{ "type": "Feature", "properties": { "A_NUMBER": "D1800232", "A_TYPE": "PL_MINSP", "A_DATE": "2018-07-03T00:00:00", "A_STATUS": "APP", "A_STATUS_D": "2019-01-24T00:00:00", "A_PROJECT_": "Broadmont Lakewood", "A_DESCRIPT": "4 Multifamily buildings with assoc. parking and utilities", "A_USER_ID": "AMANDAHO", "A_CASE_PLA": "TREYFI", "StatCode": "APP", "AppStatus": "Approved", "AppCode": "PL_MINSP", "AppType": "Level 4 - Administrative Site Plan", "CasePlanne": "Trey Figueroa", "EMAIL": "Trey.Figueroa@durhamnc.gov", "ORIG_FID": 15624, "CreationDa": "2025-09-20T00:00:00", "Creator": "gisproc_sys", "EditDate": "2025-09-20T00:00:00", "Editor": "gisproc_sys", "match_results": "[(4, None, 'multifamily', None)]", "sf_detached": 0, "sf_attached": 0, "duplex/triplex": 0, "multifamily": 4, "condo": 0 }, "geometry": { "type": "Point", "coordinates": [ -8786326.262776281684637, 4299349.148178738541901 ] } },
{ "type": "Feature", "properties": { "A_NUMBER": "D2000124", "A_TYPE": "PL_MINSP", "A_DATE": "2020-06-02T00:00:00", "A_STATUS": "APP", "A_STATUS_D": "2021-03-30T00:00:00", "A_PROJECT_": "The Forest at Duke Expansion", "A_DESCRIPT": "Replacement of existing western building wing with new parking garage and residential towers. Demo and new building will create a net loss of 2 assisted living beds and the net addtion of 68 independent living units for a total of 300 units.\r\n\r\n", "A_USER_ID": "KIMRO", "A_CASE_PLA": "TREYFI", "StatCode": "APP", "AppStatus": "Approved", "AppCode": "PL_MINSP", "AppType": "Level 4 - Administrative Site Plan", "CasePlanne": "Trey Figueroa", "EMAIL": "Trey.Figueroa@durhamnc.gov", "ORIG_FID": 15782, "CreationDa": "2025-09-20T00:00:00", "Creator": "gisproc_sys", "EditDate": "2025-09-20T00:00:00", "Editor": "gisproc_sys", "match_results": "[(68, None, 'single family', None)]", "sf_detached": 68, "sf_attached": 0, "duplex/triplex": 0, "multifamily": 0, "condo": 0 }, "geometry": { "type": "Point", "coordinates": [ -8788819.757355248555541, 4296970.116479139775038 ] } },
{ "type": "Feature", "properties": { "A_NUMBER": "D2200011", "A_TYPE": "PL_MINSP", "A_DATE": "2022-01-19T00:00:00", "A_STATUS": "APP", "A_STATUS_D": "2022-09-13T00:00:00", "A_PROJECT_": "Casa North Duke ", "A_DESCRIPT": "16 affordable unit apartment building with associated site work", "A_USER_ID": "KIMRO", "A_CASE_PLA": "ROBINSH", "StatCode": "APP", "AppStatus": "Approved", "AppCode": "PL_MINSP", "AppType": "Level 4 - Administrative Site Plan", "CasePlanne": "Robin Schultze", "EMAIL": "Robin.Schultze@durhamnc.gov", "ORIG_FID": 15785, "CreationDa": "2025-09-20T00:00:00", "Creator": "gisproc_sys", "EditDate": "2025-09-20T00:00:00", "Editor": "gisproc_sys", "match_results": "[(16, None, 'apartment', None)]", "sf_detached": 0, "sf_attached": 0, "duplex/triplex": 0, "multifamily": 16, "condo": 0 }, "geometry": { "type": "Point", "coordinates": [ -8783820.953338727355003, 4305749.5498863235116 ] } },
{ "type": "Feature", "properties": { "A_NUMBER": "D2100139", "A_TYPE": "PL_MINSP", "A_DATE": "2021-05-13T00:00:00", "A_STATUS": "APP", "A_STATUS_D": "2021-11-08T00:00:00", "A_PROJECT_": "512 W Geer St", "A_DESCRIPT": "Residential building with 40 dwelling units and commercial space (3,451 SF)", "A_USER_ID": "TREYFI", "A_CASE_PLA": "TREYFI", "StatCode": "APP", "AppStatus": "Approved", "AppCode": "PL_MINSP", "AppType": "Level 4 - Administrative Site Plan", "CasePlanne": "Trey Figueroa", "EMAIL": "Trey.Figueroa@durhamnc.gov", "ORIG_FID": 15834, "CreationDa": "2025-09-20T00:00:00", "Creator": "gisproc_sys", "EditDate": "2025-09-20T00:00:00", "Editor": "gisproc_sys", "match_results": [ ], "sf_detached": 0, "sf_attached": 0, "duplex/triplex": 0, "multifamily": 0, "condo": 0 }, "geometry": { "type": "Point", "coordinates": [ -8783381.309927368536592, 4301167.230429019778967 ] } },
{ "type": "Feature", "properties": { "A_NUMBER": "D2200149", "A_TYPE": "PL_MINSP", "A_DATE": "2022-05-10T00:00:00", "A_STATUS": "APP", "A_STATUS_D": "2022-11-02T00:00:00", "A_PROJECT_": "Cub Creek Station and Sandy Ridge", "A_DESCRIPT": "80 single family, 159 townhomes, 384 market rate apartments & 198 affordable apartments.", "A_USER_ID": "JESSICADO", "A_CASE_PLA": "TREYFI", "StatCode": "APP", "AppStatus": "Approved", "AppCode": "PL_MINSP", "AppType": "Level 4 - Administrative Site Plan", "CasePlanne": "Trey Figueroa", "EMAIL": "Trey.Figueroa@durhamnc.gov", "ORIG_FID": 15864, "CreationDa": "2025-09-20T00:00:00", "Creator": "gisproc_sys", "EditDate": "2025-09-20T00:00:00", "Editor": "gisproc_sys", "match_results": "[(80, None, 'single family', None), (159, None, 'townhouse', None), (384, None, 'apartment', None), (198, None, 'apartment', None)]", "sf_detached": 80, "sf_attached": 159, "duplex/triplex": 0, "multifamily": 582, "condo": 0 }, "geometry": { "type": "Point", "coordinates": [ -8780849.598041839897633, 4307471.039863163605332 ] } },
{ "type": "Feature", "properties": { "A_NUMBER": "D1700237", "A_TYPE": "PL_MINSP", "A_DATE": "2017-07-18T00:00:00", "A_STATUS": "APP", "A_STATUS_D": "2018-02-08T00:00:00", "A_PROJECT_": "Creekside Commons", "A_DESCRIPT": "132 townhomes.", "A_USER_ID": "DCULTRA", "A_CASE_PLA": "TREYFI", "StatCode": "APP", "AppStatus": "Approved", "AppCode": "PL_MINSP", "AppType": "Level 4 - Administrative Site Plan", "CasePlanne": "Trey Figueroa", "EMAIL": "Trey.Figueroa@durhamnc.gov", "ORIG_FID": 15891, "CreationDa": "2025-09-20T00:00:00", "Creator": "gisproc_sys", "EditDate": "2025-09-20T00:00:00", "Editor": "gisproc_sys", "match_results": "[(132, None, 'townhouse', None)]", "sf_detached": 0, "sf_attached": 132, "duplex/triplex": 0, "multifamily": 0, "condo": 0 }, "geometry": { "type": "Point", "coordinates": [ -8793491.875371845439076, 4290964.495215460658073 ] } },
{ "type": "Feature", "properties": { "A_NUMBER": "D2100340", "A_TYPE": "PL_MINSP", "A_DATE": "2021-10-04T00:00:00", "A_STATUS": "APP", "A_STATUS_D": "2023-10-31T00:00:00", "A_PROJECT_": "Angier Avenue Apartments", "A_DESCRIPT": "The construction of 8 multifamily buildings with 608 units on 2 parcels to be recombined.", "A_USER_ID": "COLERE", "A_CASE_PLA": "COLERE", "StatCode": "APP", "AppStatus": "Approved", "AppCode": "PL_MINSP", "AppType": "Level 4 - Administrative Site Plan", "CasePlanne": "Cole Renigar", "EMAIL": "Cole.Renigar@durhamnc.gov", "ORIG_FID": 16059, "CreationDa": "2025-09-20T00:00:00", "Creator": "gisproc_sys", "EditDate": "2025-09-20T00:00:00", "Editor": "gisproc_sys", "match_results": "[(8, None, 'multifamily', None)]", "sf_detached": 0, "sf_attached": 0, "duplex/triplex": 0, "multifamily": 8, "condo": 0 }, "geometry": { "type": "Point", "coordinates": [ -8777430.479634111747146, 4294421.143453745171428 ] } },
{ "type": "Feature", "properties": { "A_NUMBER": "A1700017", "A_TYPE": "PL_CPAA", "A_DATE": "2017-12-18T00:00:00", "A_STATUS": "APP", "A_STATUS_D": "2018-02-27T00:00:00", "A_PROJECT_": "Lumley Road Industrial", "A_DESCRIPT": "A request to change the FLUM designation of 134 acres from Industrial to Low Desnsity Residential", "A_USER_ID": "DOUGWE", "A_CASE_PLA": "JWIGGINS", "StatCode": "APP", "AppStatus": "Approved", "AppCode": "PL_CPAA", "AppType": "Comprehensive Plan Map or Plan Amendment", "CasePlanne": "Jacob Wiggins", "EMAIL": "jacob.wiggins@durhamnc.gov", "ORIG_FID": 16072, "CreationDa": "2025-09-20T00:00:00", "Creator": "gisproc_sys", "EditDate": "2025-09-20T00:00:00", "Editor": "gisproc_sys", "match_results": "[(134, None, 'single family', None)]", "sf_detached": 134, "sf_attached": 0, "duplex/triplex": 0, "multifamily": 0, "condo": 0 }, "geometry": { "type": "Point", "coordinates": [ -8773202.295221172273159, 4290523.955438678152859 ] } },
{ "type": "Feature", "properties": { "A_NUMBER": "D2100187", "A_TYPE": "PL_MINSP", "A_DATE": "2021-07-01T00:00:00", "A_STATUS": "APP", "A_STATUS_D": "2021-10-28T00:00:00", "A_PROJECT_": "Gateway Center Building 2 (Amendment)", "A_DESCRIPT": "Amendment to D1900025, reducing the number of Multifamily Units from 112 to 66.", "A_USER_ID": "TREYFI", "A_CASE_PLA": "TREYFI", "StatCode": "APP", "AppStatus": "Approved", "AppCode": "PL_MINSP", "AppType": "Level 4 - Administrative Site Plan", "CasePlanne": "Trey Figueroa", "EMAIL": "Trey.Figueroa@durhamnc.gov", "ORIG_FID": 16135, "CreationDa": "2025-09-20T00:00:00", "Creator": "gisproc_sys", "EditDate": "2025-09-20T00:00:00", "Editor": "gisproc_sys", "match_results": "[(112, None, 'multifamily', None)]", "sf_detached": 0, "sf_attached": 0, "duplex/triplex": 0, "multifamily": 112, "condo": 0 }, "geometry": { "type": "Point", "coordinates": [ -8783155.471418520435691, 4299245.641138390637934 ] } },
{ "type": "Feature", "properties": { "A_NUMBER": "D1700293", "A_TYPE": "PL_MINSP", "A_DATE": "2017-08-29T00:00:00", "A_STATUS": "APP", "A_STATUS_D": "2018-07-12T00:00:00", "A_PROJECT_": "Page Park II", "A_DESCRIPT": "46 townhomes.", "A_USER_ID": "COLERE", "A_CASE_PLA": "TREYFI", "StatCode": "APP", "AppStatus": "Approved", "AppCode": "PL_MINSP", "AppType": "Level 4 - Administrative Site Plan", "CasePlanne": "Trey Figueroa", "EMAIL": "Trey.Figueroa@durhamnc.gov", "ORIG_FID": 16227, "CreationDa": "2025-09-20T00:00:00", "Creator": "gisproc_sys", "EditDate": "2025-09-20T00:00:00", "Editor": "gisproc_sys", "match_results": "[(46, None, 'townhouse', None)]", "sf_detached": 0, "sf_attached": 46, "duplex/triplex": 0, "multifamily": 0, "condo": 0 }, "geometry": { "type": "Point", "coordinates": [ -8775367.933337058871984, 4285390.539488782174885 ] } },
{ "type": "Feature", "properties": { "A_NUMBER": "D2000115", "A_TYPE": "PL_MINSP", "A_DATE": "2020-05-26T00:00:00", "A_STATUS": "APP", "A_STATUS_D": "2021-01-22T00:00:00", "A_PROJECT_": "Duke St. Seniors Housing", "A_DESCRIPT": "80 units Multifamily Development with associated surface parking", "A_USER_ID": "JESSICADO", "A_CASE_PLA": "COURTNEYMC", "StatCode": "APP", "AppStatus": "Approved", "AppCode": "PL_MINSP", "AppType": "Level 4 - Administrative Site Plan", "CasePlanne": "Courtney McQueen", "EMAIL": "Courtney.McQueen@durhamnc.gov", "ORIG_FID": 16240, "CreationDa": "2025-09-20T00:00:00", "Creator": "gisproc_sys", "EditDate": "2025-09-20T00:00:00", "Editor": "gisproc_sys", "match_results": "[(80, None, 'multifamily', None)]", "sf_detached": 0, "sf_attached": 0, "duplex/triplex": 0, "multifamily": 80, "condo": 0 }, "geometry": { "type": "Point", "coordinates": [ -8783888.588522475212812, 4299304.918563333339989 ] } },
{ "type": "Feature", "properties": { "A_NUMBER": "D2200264", "A_TYPE": "PL_MINSP", "A_DATE": "2022-08-01T00:00:00", "A_STATUS": "APP", "A_STATUS_D": "2023-02-28T00:00:00", "A_PROJECT_": "Nichols Village", "A_DESCRIPT": "54 townhomes units", "A_USER_ID": "TREYFI", "A_CASE_PLA": "TREYFI", "StatCode": "APP", "AppStatus": "Approved", "AppCode": "PL_MINSP", "AppType": "Level 4 - Administrative Site Plan", "CasePlanne": "Trey Figueroa", "EMAIL": "Trey.Figueroa@durhamnc.gov", "ORIG_FID": 16417, "CreationDa": "2025-09-20T00:00:00", "Creator": "gisproc_sys", "EditDate": "2025-09-20T00:00:00", "Editor": "gisproc_sys", "match_results": "[(54, None, 'townhouse', None)]", "sf_detached": 0, "sf_attached": 54, "duplex/triplex": 0, "multifamily": 0, "condo": 0 }, "geometry": { "type": "Point", "coordinates": [ -8771022.202153140679002, 4294119.87622089497745 ] } },
{ "type": "Feature", "properties": { "A_NUMBER": "A1700010", "A_TYPE": "PL_CPAA", "A_DATE": "2017-06-14T00:00:00", "A_STATUS": "APP", "A_STATUS_D": "2018-03-21T00:00:00", "A_PROJECT_": "5220 Wake Forest Highway", "A_DESCRIPT": "Multi-family development with 80 units and proposed connections to Hwy 98 and Oakchest Court.  Rezoning from RR to PDR 5.362 (case Z1700022).  Plan Amendment from LDR to LMDR, Annexation", "A_USER_ID": "DACIARE", "A_CASE_PLA": "JAMIESUN", "StatCode": "APP", "AppStatus": "Approved", "AppCode": "PL_CPAA", "AppType": "Comprehensive Plan Map or Plan Amendment", "CasePlanne": null, "EMAIL": null, "ORIG_FID": 16468, "CreationDa": "2025-09-20T00:00:00", "Creator": "gisproc_sys", "EditDate": "2025-09-20T00:00:00", "Editor": "gisproc_sys", "match_results": "[(80, None, 'multifamily', 'units')]", "sf_detached": 0, "sf_attached": 0, "duplex/triplex": 0, "multifamily": 80, "condo": 0 }, "geometry": { "type": "Point", "coordinates": [ -8770897.492268091067672, 4296947.926144262775779 ] } },
{ "type": "Feature", "properties": { "A_NUMBER": "D1800043", "A_TYPE": "PL_MINSP", "A_DATE": "2018-02-13T00:00:00", "A_STATUS": "APP", "A_STATUS_D": "2018-08-29T00:00:00", "A_PROJECT_": "Page Square Townhomes", "A_DESCRIPT": "130 townhomes on 24.38 acres zoned PDR 6.458 and located at 208 Smallwood Drive", "A_USER_ID": "JESSICADO", "A_CASE_PLA": "DCULTRA", "StatCode": "APP", "AppStatus": "Approved", "AppCode": "PL_MINSP", "AppType": "Level 4 - Administrative Site Plan", "CasePlanne": "Danny Cultra", "EMAIL": "Danny.Cultra@durhamnc.gov", "ORIG_FID": 16493, "CreationDa": "2025-09-20T00:00:00", "Creator": "gisproc_sys", "EditDate": "2025-09-20T00:00:00", "Editor": "gisproc_sys", "match_results": "[(130, None, 'townhouse', None)]", "sf_detached": 0, "sf_attached": 130, "duplex/triplex": 0, "multifamily": 0, "condo": 0 }, "geometry": { "type": "Point", "coordinates": [ -8774051.54847064986825, 4289020.494779110886157 ] } },
{ "type": "Feature", "properties": { "A_NUMBER": "D2200430", "A_TYPE": "PL_MINSP", "A_DATE": "2022-12-20T00:00:00", "A_STATUS": "APP", "A_STATUS_D": "2023-08-17T00:00:00", "A_PROJECT_": "Southside East Phases 3 & 4", "A_DESCRIPT": "Construction of 100 residential apartment units in 12 buildings.", "A_USER_ID": "ROBINSH", "A_CASE_PLA": "ROBINSH", "StatCode": "APP", "AppStatus": "Approved", "AppCode": "PL_MINSP", "AppType": "Level 4 - Administrative Site Plan", "CasePlanne": "Robin Schultze", "EMAIL": "Robin.Schultze@durhamnc.gov", "ORIG_FID": 16684, "CreationDa": "2025-09-20T00:00:00", "Creator": "gisproc_sys", "EditDate": "2025-09-20T00:00:00", "Editor": "gisproc_sys", "match_results": "[(100, None, 'apartment', 'units')]", "sf_detached": 0, "sf_attached": 0, "duplex/triplex": 0, "multifamily": 100, "condo": 0 }, "geometry": { "type": "Point", "coordinates": [ -8783306.972166789695621, 4298511.113893153145909 ] } },
{ "type": "Feature", "properties": { "A_NUMBER": "D1800074", "A_TYPE": "PL_MINSP", "A_DATE": "2018-03-13T00:00:00", "A_STATUS": "APP", "A_STATUS_D": "2018-07-19T00:00:00", "A_PROJECT_": "Ellis Road - Phase 4", "A_DESCRIPT": "254 Townhomes with amenities and offiste improvements", "A_USER_ID": "JESSICADO", "A_CASE_PLA": "JESSICADO", "StatCode": "APP", "AppStatus": "Approved", "AppCode": "PL_MINSP", "AppType": "Level 4 - Administrative Site Plan", "CasePlanne": "Jessica Dockery", "EMAIL": "Jessica.Dockery@durhamnc.gov", "ORIG_FID": 16764, "CreationDa": "2025-09-20T00:00:00", "Creator": "gisproc_sys", "EditDate": "2025-09-20T00:00:00", "Editor": "gisproc_sys", "match_results": "[(254, None, 'townhouse', None)]", "sf_detached": 0, "sf_attached": 254, "duplex/triplex": 0, "multifamily": 0, "condo": 0 }, "geometry": { "type": "Point", "coordinates": [ -8777357.993138989433646, 4292222.63861045986414 ] } },
{ "type": "Feature", "properties": { "A_NUMBER": "D2100122", "A_TYPE": "PL_MINSP", "A_DATE": "2021-04-21T00:00:00", "A_STATUS": "APP", "A_STATUS_D": "2021-09-01T00:00:00", "A_PROJECT_": "Casa 606/608 (Apartments) Amendment 1", "A_DESCRIPT": "Revision of building approved with D1900139, Addition of 2nd building and accoutrements. 14 apartments", "A_USER_ID": "JESSICADO", "A_CASE_PLA": "JOHNRA", "StatCode": "APP", "AppStatus": "Approved", "AppCode": "PL_MINSP", "AppType": "Level 4 - Administrative Site Plan", "CasePlanne": "John Rabon", "EMAIL": "John.Rabon@durhamnc.gov", "ORIG_FID": 16819, "CreationDa": "2025-09-20T00:00:00", "Creator": "gisproc_sys", "EditDate": "2025-09-20T00:00:00", "Editor": "gisproc_sys", "match_results": "[(14, None, 'apartment', None)]", "sf_detached": 0, "sf_attached": 0, "duplex/triplex": 0, "multifamily": 14, "condo": 0 }, "geometry": { "type": "Point", "coordinates": [ -8782487.820727510377765, 4300364.145742314867675 ] } },
{ "type": "Feature", "properties": { "A_NUMBER": "D1800087", "A_TYPE": "PL_MINSP", "A_DATE": "2018-03-20T00:00:00", "A_STATUS": "APP", "A_STATUS_D": "2019-02-04T00:00:00", "A_PROJECT_": "Durham Gateway", "A_DESCRIPT": "Mixed Use Multi-Family and Retail Development", "A_USER_ID": "AMANDAHO", "A_CASE_PLA": "EMILYST", "StatCode": "APP", "AppStatus": "Approved", "AppCode": "PL_MINSP", "AppType": "Level 4 - Administrative Site Plan", "CasePlanne": "Emily Struthers", "EMAIL": "Emily.Struthers@durhamnc.gov", "ORIG_FID": 16860, "CreationDa": "2025-09-20T00:00:00", "Creator": "gisproc_sys", "EditDate": "2025-09-20T00:00:00", "Editor": "gisproc_sys", "match_results": [ ], "sf_detached": 0, "sf_attached": 0, "duplex/triplex": 0, "multifamily": 0, "condo": 0 }, "geometry": { "type": "Point", "coordinates": [ -8783083.898232569918036, 4299275.934630992822349 ] } },
{ "type": "Feature", "properties": { "A_NUMBER": "D2300195", "A_TYPE": "PL_MINSP", "A_DATE": "2023-08-14T00:00:00", "A_STATUS": "APP", "A_STATUS_D": "2024-04-30T00:00:00", "A_PROJECT_": "Heritage Square - Phase One", "A_DESCRIPT": "Phase one of a Mixed-Use Project consisting of multifamily residential (323 units), commercial retail, office, and structured parking.", "A_USER_ID": "JESSICADO", "A_CASE_PLA": "TREYFI", "StatCode": "APP", "AppStatus": "Approved", "AppCode": "PL_MINSP", "AppType": "Level 4 - Administrative Site Plan", "CasePlanne": "Trey Figueroa", "EMAIL": "Trey.Figueroa@durhamnc.gov", "ORIG_FID": 16959, "CreationDa": "2025-09-20T00:00:00", "Creator": "gisproc_sys", "EditDate": "2025-09-20T00:00:00", "Editor": "gisproc_sys", "match_results": "[(323, None, 'multifamily', 'units')]", "sf_detached": 0, "sf_attached": 0, "duplex/triplex": 0, "multifamily": 323, "condo": 0 }, "geometry": { "type": "Point", "coordinates": [ -8783056.417853590101004, 4298908.305362331680954 ] } },
{ "type": "Feature", "properties": { "A_NUMBER": "D2100049", "A_TYPE": "PL_MINSP", "A_DATE": "2021-02-17T00:00:00", "A_STATUS": "APP", "A_STATUS_D": "2021-07-09T00:00:00", "A_PROJECT_": "Harriet's Place", "A_DESCRIPT": "This project converts and restores the abandoned Y.W.C.A. building for 17 affordable housing multifamily units with parking.", "A_USER_ID": "JESSICADO", "A_CASE_PLA": "ELIZAMO", "StatCode": "APP", "AppStatus": "Approved", "AppCode": "PL_MINSP", "AppType": "Level 4 - Administrative Site Plan", "CasePlanne": "Eliza Monroe", "EMAIL": "Eliza.Monroe@durhamnc.gov", "ORIG_FID": 17009, "CreationDa": "2025-09-20T00:00:00", "Creator": "gisproc_sys", "EditDate": "2025-09-20T00:00:00", "Editor": "gisproc_sys", "match_results": "[(17, None, 'multifamily', 'units')]", "sf_detached": 0, "sf_attached": 0, "duplex/triplex": 0, "multifamily": 17, "condo": 0 }, "geometry": { "type": "Point", "coordinates": [ -8783161.334203945472836, 4298205.638685789890587 ] } },
{ "type": "Feature", "properties": { "A_NUMBER": "D2300094", "A_TYPE": "PL_MINSP", "A_DATE": "2023-04-05T00:00:00", "A_STATUS": "APP", "A_STATUS_D": "2024-02-12T00:00:00", "A_PROJECT_": "The Advantage", "A_DESCRIPT": "183 Townhomes, 188 proposed lots.", "A_USER_ID": "COLERE", "A_CASE_PLA": "COLERE", "StatCode": "APP", "AppStatus": "Approved", "AppCode": "PL_MINSP", "AppType": "Level 4 - Administrative Site Plan", "CasePlanne": "Cole Renigar", "EMAIL": "Cole.Renigar@durhamnc.gov", "ORIG_FID": 17044, "CreationDa": "2025-09-20T00:00:00", "Creator": "gisproc_sys", "EditDate": "2025-09-20T00:00:00", "Editor": "gisproc_sys", "match_results": "[(183, None, 'townhouse', None)]", "sf_detached": 0, "sf_attached": 183, "duplex/triplex": 0, "multifamily": 0, "condo": 0 }, "geometry": { "type": "Point", "coordinates": [ -8769270.677603611722589, 4293366.349947767332196 ] } },
{ "type": "Feature", "properties": { "A_NUMBER": "D2000244", "A_TYPE": "PL_MINSP", "A_DATE": "2020-10-06T00:00:00", "A_STATUS": "APP", "A_STATUS_D": "2021-08-19T00:00:00", "A_PROJECT_": "Shoccoree Residential", "A_DESCRIPT": "63 Single - Family residential lots + 5 open space lots", "A_USER_ID": "KIMRO", "A_CASE_PLA": "TREYFI", "StatCode": "APP", "AppStatus": "Approved", "AppCode": "PL_MINSP", "AppType": "Level 4 - Administrative Site Plan", "CasePlanne": "Trey Figueroa", "EMAIL": "Trey.Figueroa@durhamnc.gov", "ORIG_FID": 17069, "CreationDa": "2025-09-20T00:00:00", "Creator": "gisproc_sys", "EditDate": "2025-09-20T00:00:00", "Editor": "gisproc_sys", "match_results": "[(63, None, 'single family', None)]", "sf_detached": 63, "sf_attached": 0, "duplex/triplex": 0, "multifamily": 0, "condo": 0 }, "geometry": { "type": "Point", "coordinates": [ -8789535.872864186763763, 4305250.443072291091084 ] } },
{ "type": "Feature", "properties": { "A_NUMBER": "D1500071", "A_TYPE": "PL_MINPP", "A_DATE": "2015-03-31T00:00:00", "A_STATUS": "APP", "A_STATUS_D": "2015-09-10T00:00:00", "A_PROJECT_": "Beamon Place", "A_DESCRIPT": "Residential Subdivision, addition of 6 new lots", "A_USER_ID": "DACIARE", "A_CASE_PLA": "BDOBRZENSKI", "StatCode": "APP", "AppStatus": "Approved", "AppCode": "PL_MINPP", "AppType": "Minor Preliminary Plat", "CasePlanne": "Bo Dobrzenski", "EMAIL": "Bo.Dobrzenski@durhamnc.gov", "ORIG_FID": 17090, "CreationDa": "2025-09-20T00:00:00", "Creator": "gisproc_sys", "EditDate": "2025-09-20T00:00:00", "Editor": "gisproc_sys", "match_results": [ ], "sf_detached": 0, "sf_attached": 0, "duplex/triplex": 0, "multifamily": 0, "condo": 0 }, "geometry": { "type": "Point", "coordinates": [ -8783548.020996438339353, 4298562.512328886426985 ] } },
{ "type": "Feature", "properties": { "A_NUMBER": "D2000288", "A_TYPE": "PL_MINSP", "A_DATE": "2020-11-30T00:00:00", "A_STATUS": "APP", "A_STATUS_D": "2021-07-01T00:00:00", "A_PROJECT_": "Leesville Road Assemblage", "A_DESCRIPT": "344 townhome units and 10 open spaces lots.\r\n", "A_USER_ID": "KIMRO", "A_CASE_PLA": "COURTNEYMC", "StatCode": "APP", "AppStatus": "Approved", "AppCode": "PL_MINSP", "AppType": "Level 4 - Administrative Site Plan", "CasePlanne": "Courtney McQueen", "EMAIL": "Courtney.McQueen@durhamnc.gov", "ORIG_FID": 17100, "CreationDa": "2025-09-20T00:00:00", "Creator": "gisproc_sys", "EditDate": "2025-09-20T00:00:00", "Editor": "gisproc_sys", "match_results": "[(344, None, 'townhouse', 'units')]", "sf_detached": 0, "sf_attached": 344, "duplex/triplex": 0, "multifamily": 0, "condo": 0 }, "geometry": { "type": "Point", "coordinates": [ -8769430.90634123980999, 4292244.945025702938437 ] } },
{ "type": "Feature", "properties": { "A_NUMBER": "D1700072", "A_TYPE": "PL_MINSP", "A_DATE": "2017-03-14T00:00:00", "A_STATUS": "APP", "A_STATUS_D": "2017-08-02T00:00:00", "A_PROJECT_": "Fendol Farms Temporary Sales Center", "A_DESCRIPT": "Residential house utilized as temporary sales center.", "A_USER_ID": "GSMITH", "A_CASE_PLA": "AWOLFF", "StatCode": "APP", "AppStatus": "Approved", "AppCode": "PL_MINSP", "AppType": "Level 4 - Administrative Site Plan", "CasePlanne": "Amy Wolff", "EMAIL": "Amy.Wolff@durhamnc.gov", "ORIG_FID": 17177, "CreationDa": "2025-09-20T00:00:00", "Creator": "gisproc_sys", "EditDate": "2025-09-20T00:00:00", "Editor": "gisproc_sys", "match_results": [ ], "sf_detached": 0, "sf_attached": 0, "duplex/triplex": 0, "multifamily": 0, "condo": 0 }, "geometry": { "type": "Point", "coordinates": [ -8770668.784806743264198, 4292521.48292937874794 ] } },
{ "type": "Feature", "properties": { "A_NUMBER": "D1900138", "A_TYPE": "PL_MINSP", "A_DATE": "2019-05-09T00:00:00", "A_STATUS": "APP", "A_STATUS_D": "2019-10-09T00:00:00", "A_PROJECT_": "NCCU Lawson Student Housing", "A_DESCRIPT": "120-unit Student Housing at Lawson, Lincoln, and Dupree Streets", "A_USER_ID": "AMANDAHO", "A_CASE_PLA": "TREYFI", "StatCode": "APP", "AppStatus": "Approved", "AppCode": "PL_MINSP", "AppType": "Level 4 - Administrative Site Plan", "CasePlanne": "Trey Figueroa", "EMAIL": "Trey.Figueroa@durhamnc.gov", "ORIG_FID": 17268, "CreationDa": "2025-09-20T00:00:00", "Creator": "gisproc_sys", "EditDate": "2025-09-20T00:00:00", "Editor": "gisproc_sys", "match_results": [ ], "sf_detached": 0, "sf_attached": 0, "duplex/triplex": 0, "multifamily": 0, "condo": 0 }, "geometry": { "type": "Point", "coordinates": [ -8782842.2521619386971, 4297428.658199729397893 ] } },
{ "type": "Feature", "properties": { "A_NUMBER": "D2100041", "A_TYPE": "PL_MINSP", "A_DATE": "2021-02-11T00:00:00", "A_STATUS": "APP", "A_STATUS_D": "2021-12-10T00:00:00", "A_PROJECT_": "Lochwood (formerly Olive Branch East)", "A_DESCRIPT": "108 Townhomes, 1 Stormwater control measure and associated infrastructure", "A_USER_ID": "JESSICADO", "A_CASE_PLA": "ROBINSH", "StatCode": "APP", "AppStatus": "Approved", "AppCode": "PL_MINSP", "AppType": "Level 4 - Administrative Site Plan", "CasePlanne": "Robin Schultze", "EMAIL": "Robin.Schultze@durhamnc.gov", "ORIG_FID": 17303, "CreationDa": "2025-09-20T00:00:00", "Creator": "gisproc_sys", "EditDate": "2025-09-20T00:00:00", "Editor": "gisproc_sys", "match_results": "[(108, None, 'townhouse', None)]", "sf_detached": 0, "sf_attached": 108, "duplex/triplex": 0, "multifamily": 0, "condo": 0 }, "geometry": { "type": "Point", "coordinates": [ -8769804.780452037230134, 4295634.675244220532477 ] } },
{ "type": "Feature", "properties": { "A_NUMBER": "D2000286", "A_TYPE": "PL_MINSP", "A_DATE": "2020-11-20T00:00:00", "A_STATUS": "APP", "A_STATUS_D": "2021-06-22T00:00:00", "A_PROJECT_": "Hebron Village", "A_DESCRIPT": "144 Townhome Units, 16 Single-Family Units, and 4 open space lots", "A_USER_ID": "GSMITH", "A_CASE_PLA": "COLERE", "StatCode": "APP", "AppStatus": "Approved", "AppCode": "PL_MINSP", "AppType": "Level 4 - Administrative Site Plan", "CasePlanne": "Cole Renigar", "EMAIL": "Cole.Renigar@durhamnc.gov", "ORIG_FID": 17336, "CreationDa": "2025-09-20T00:00:00", "Creator": "gisproc_sys", "EditDate": "2025-09-20T00:00:00", "Editor": "gisproc_sys", "match_results": "[(144, None, 'townhouse', 'units'), (16, None, 'single family', 'units')]", "sf_detached": 16, "sf_attached": 144, "duplex/triplex": 0, "multifamily": 0, "condo": 0 }, "geometry": { "type": "Point", "coordinates": [ -8782336.751304376870394, 4309008.232318030670285 ] } },
{ "type": "Feature", "properties": { "A_NUMBER": "D2400160", "A_TYPE": "PL_MINSP", "A_DATE": "2024-07-15T00:00:00", "A_STATUS": "UN_RE", "A_STATUS_D": "2025-02-21T00:00:00", "A_PROJECT_": "Doc Nichols Towns", "A_DESCRIPT": "21 Townhome community.", "A_USER_ID": "COLERE", "A_CASE_PLA": "COLERE", "StatCode": "UN_RE", "AppStatus": "Under Review", "AppCode": "PL_MINSP", "AppType": "Level 4 - Administrative Site Plan", "CasePlanne": "Cole Renigar", "EMAIL": "Cole.Renigar@durhamnc.gov", "ORIG_FID": 17354, "CreationDa": "2025-09-20T00:00:00", "Creator": "gisproc_sys", "EditDate": "2025-09-20T00:00:00", "Editor": "gisproc_sys", "match_results": "[(21, None, 'townhouse', None)]", "sf_detached": 0, "sf_attached": 21, "duplex/triplex": 0, "multifamily": 0, "condo": 0 }, "geometry": { "type": "Point", "coordinates": [ -8771075.209585133939981, 4294387.061571029946208 ] } },
{ "type": "Feature", "properties": { "A_NUMBER": "D2100055", "A_TYPE": "PL_MINSP", "A_DATE": "2021-02-18T00:00:00", "A_STATUS": "APP", "A_STATUS_D": "2021-10-18T00:00:00", "A_PROJECT_": "Tanglewood", "A_DESCRIPT": "181 proposed townhomes + 8 open spaces", "A_USER_ID": "JESSICADO", "A_CASE_PLA": "COLERE", "StatCode": "APP", "AppStatus": "Approved", "AppCode": "PL_MINSP", "AppType": "Level 4 - Administrative Site Plan", "CasePlanne": "Cole Renigar", "EMAIL": "Cole.Renigar@durhamnc.gov", "ORIG_FID": 17408, "CreationDa": "2025-09-20T00:00:00", "Creator": "gisproc_sys", "EditDate": "2025-09-20T00:00:00", "Editor": "gisproc_sys", "match_results": "[(181, None, 'townhouse', None)]", "sf_detached": 0, "sf_attached": 181, "duplex/triplex": 0, "multifamily": 0, "condo": 0 }, "geometry": { "type": "Point", "coordinates": [ -8774230.325644856318831, 4287995.261629735119641 ] } },
{ "type": "Feature", "properties": { "A_NUMBER": "D2200286", "A_TYPE": "PL_MINSP", "A_DATE": "2022-08-23T00:00:00", "A_STATUS": "APP", "A_STATUS_D": "2023-06-28T00:00:00", "A_PROJECT_": "Crescent Townes", "A_DESCRIPT": "103 unit townhome subdivision -- associated with rezoning case (Z2200007), and associated annexation (BDG2200005)", "A_USER_ID": "KIMRO", "A_CASE_PLA": "ROBINSH", "StatCode": "APP", "AppStatus": "Approved", "AppCode": "PL_MINSP", "AppType": "Level 4 - Administrative Site Plan", "CasePlanne": "Robin Schultze", "EMAIL": "Robin.Schultze@durhamnc.gov", "ORIG_FID": 17500, "CreationDa": "2025-09-20T00:00:00", "Creator": "gisproc_sys", "EditDate": "2025-09-20T00:00:00", "Editor": "gisproc_sys", "match_results": "[(103, None, 'townhouse', None)]", "sf_detached": 0, "sf_attached": 103, "duplex/triplex": 0, "multifamily": 0, "condo": 0 }, "geometry": { "type": "Point", "coordinates": [ -8792877.850519917905331, 4288763.608793559484184 ] } },
{ "type": "Feature", "properties": { "A_NUMBER": "D2000036", "A_TYPE": "PL_MINSP", "A_DATE": "2020-02-06T00:00:00", "A_STATUS": "APP", "A_STATUS_D": "2021-07-12T00:00:00", "A_PROJECT_": "Weaving Water", "A_DESCRIPT": "24 duplex units and 10 rooming house units", "A_USER_ID": "JESSICADO", "A_CASE_PLA": "COURTNEYMC", "StatCode": "APP", "AppStatus": "Approved", "AppCode": "PL_MINSP", "AppType": "Level 4 - Administrative Site Plan", "CasePlanne": "Courtney McQueen", "EMAIL": "Courtney.McQueen@durhamnc.gov", "ORIG_FID": 17602, "CreationDa": "2025-09-20T00:00:00", "Creator": "gisproc_sys", "EditDate": "2025-09-20T00:00:00", "Editor": "gisproc_sys", "match_results": "[(24, None, 'duplex', 'units'), (10, None, 'home', 'units')]", "sf_detached": 10, "sf_attached": 0, "duplex/triplex": 24, "multifamily": 0, "condo": 0 }, "geometry": { "type": "Point", "coordinates": [ -8790675.152655210345984, 4308464.82499885559082 ] } },
{ "type": "Feature", "properties": { "A_NUMBER": "A1600009", "A_TYPE": "PL_CPAA", "A_DATE": "2016-06-13T00:00:00", "A_STATUS": "APP", "A_STATUS_D": "2017-08-09T00:00:00", "A_PROJECT_": "Brightleaf Tract 12", "A_DESCRIPT": "Applicant request a change for 35.05 acres east of the intersection of Flat River Drive and the Northern Durham Parkway from Low-Medium Density Residential to Low-Density Residential. The site is in the Suburban Tier and within F/J-B. The associated zoni", "A_USER_ID": "JAMIESUN", "A_CASE_PLA": "JAMIESUN", "StatCode": "APP", "AppStatus": "Approved", "AppCode": "PL_CPAA", "AppType": "Comprehensive Plan Map or Plan Amendment", "CasePlanne": null, "EMAIL": null, "ORIG_FID": 17720, "CreationDa": "2025-09-20T00:00:00", "Creator": "gisproc_sys", "EditDate": "2025-09-20T00:00:00", "Editor": "gisproc_sys", "match_results": [ ], "sf_detached": 0, "sf_attached": 0, "duplex/triplex": 0, "multifamily": 0, "condo": 0 }, "geometry": { "type": "Point", "coordinates": [ -8773008.532414324581623, 4293555.415891867130995 ] } },
{ "type": "Feature", "properties": { "A_NUMBER": "D1600016", "A_TYPE": "PL_SSP_SM", "A_DATE": "2016-01-26T00:00:00", "A_STATUS": "APP", "A_STATUS_D": "2016-05-09T00:00:00", "A_PROJECT_": "Brightleaf at the Park Tract 8 Phase 4 Amendment", "A_DESCRIPT": "Amendment to existing townhome development site plan to add two phases for phase 4 and modify lot dimensions.", "A_USER_ID": "DACIARE", "A_CASE_PLA": "DCULTRA", "StatCode": "APP", "AppStatus": "Approved", "AppCode": "PL_SSP_SM", "AppType": "Level 3 - Administrative Site Plan", "CasePlanne": "Danny Cultra", "EMAIL": "Danny.Cultra@durhamnc.gov", "ORIG_FID": 17770, "CreationDa": "2025-09-20T00:00:00", "Creator": "gisproc_sys", "EditDate": "2025-09-20T00:00:00", "Editor": "gisproc_sys", "match_results": "[(4, None, 'single family', None)]", "sf_detached": 4, "sf_attached": 0, "duplex/triplex": 0, "multifamily": 0, "condo": 0 }, "geometry": { "type": "Point", "coordinates": [ -8773008.532414324581623, 4293555.415891867130995 ] } },
{ "type": "Feature", "properties": { "A_NUMBER": "D1500183", "A_TYPE": "PL_SSP_SM", "A_DATE": "2015-07-01T00:00:00", "A_STATUS": "APP", "A_STATUS_D": "2016-02-19T00:00:00", "A_PROJECT_": "Teach House", "A_DESCRIPT": "Change of use from SF dwelling to rooming house for teachers", "A_USER_ID": "TDANNER", "A_CASE_PLA": "EMILYST", "StatCode": "APP", "AppStatus": "Approved", "AppCode": "PL_SSP_SM", "AppType": "Level 3 - Administrative Site Plan", "CasePlanne": "Emily Struthers", "EMAIL": "Emily.Struthers@durhamnc.gov", "ORIG_FID": 17865, "CreationDa": "2025-09-20T00:00:00", "Creator": "gisproc_sys", "EditDate": "2025-09-20T00:00:00", "Editor": "gisproc_sys", "match_results": [ ], "sf_detached": 0, "sf_attached": 0, "duplex/triplex": 0, "multifamily": 0, "condo": 0 }, "geometry": { "type": "Point", "coordinates": [ -8782275.947472780942917, 4299821.010077664628625 ] } },
{ "type": "Feature", "properties": { "A_NUMBER": "D1700204", "A_TYPE": "PL_MINSP", "A_DATE": "2017-06-13T00:00:00", "A_STATUS": "APP", "A_STATUS_D": "2018-03-22T00:00:00", "A_PROJECT_": "524 North Mangum", "A_DESCRIPT": "11 three-story townhomes on two vacant lots, compromising 0.517 acres.", "A_USER_ID": "KRYSTALRA", "A_CASE_PLA": "TREYFI", "StatCode": "APP", "AppStatus": "Approved", "AppCode": "PL_MINSP", "AppType": "Level 4 - Administrative Site Plan", "CasePlanne": "Trey Figueroa", "EMAIL": "Trey.Figueroa@durhamnc.gov", "ORIG_FID": 17877, "CreationDa": "2025-09-20T00:00:00", "Creator": "gisproc_sys", "EditDate": "2025-09-20T00:00:00", "Editor": "gisproc_sys", "match_results": [ ], "sf_detached": 0, "sf_attached": 0, "duplex/triplex": 0, "multifamily": 0, "condo": 0 }, "geometry": { "type": "Point", "coordinates": [ -8782718.066698897629976, 4300501.630969578400254 ] } },
{ "type": "Feature", "properties": { "A_NUMBER": "D1900075", "A_TYPE": "PL_MINSP", "A_DATE": "2019-03-22T00:00:00", "A_STATUS": "APP", "A_STATUS_D": "2019-09-09T00:00:00", "A_PROJECT_": "614 Rigsbee", "A_DESCRIPT": "614 Rigsbee - 171 Unit Condominium / 6,655 sf Retail Mixed Use project with 53,200 sf Structured Parking", "A_USER_ID": "KRYSTALRA", "A_CASE_PLA": "COLERE", "StatCode": "APP", "AppStatus": "Approved", "AppCode": "PL_MINSP", "AppType": "Level 4 - Administrative Site Plan", "CasePlanne": "Cole Renigar", "EMAIL": "Cole.Renigar@durhamnc.gov", "ORIG_FID": 18015, "CreationDa": "2025-09-20T00:00:00", "Creator": "gisproc_sys", "EditDate": "2025-09-20T00:00:00", "Editor": "gisproc_sys", "match_results": "[(171, None, 'condo', None)]", "sf_detached": 0, "sf_attached": 0, "duplex/triplex": 0, "multifamily": 0, "condo": 171 }, "geometry": { "type": "Point", "coordinates": [ -8783049.989254895597696, 4300852.698648998513818 ] } },
{ "type": "Feature", "properties": { "A_NUMBER": "D1900311", "A_TYPE": "PL_MINSP", "A_DATE": "2019-08-28T00:00:00", "A_STATUS": "APP", "A_STATUS_D": "2022-09-02T00:00:00", "A_PROJECT_": "Carolyn Drive", "A_DESCRIPT": "21 Single Family lots + 3 open spaces", "A_USER_ID": "AMANDAHO", "A_CASE_PLA": "ROBINSH", "StatCode": "APP", "AppStatus": "Approved", "AppCode": "PL_MINSP", "AppType": "Level 4 - Administrative Site Plan", "CasePlanne": "Robin Schultze", "EMAIL": "Robin.Schultze@durhamnc.gov", "ORIG_FID": 18026, "CreationDa": "2025-09-20T00:00:00", "Creator": "gisproc_sys", "EditDate": "2025-09-20T00:00:00", "Editor": "gisproc_sys", "match_results": "[(21, None, 'single family', 'lots')]", "sf_detached": 21, "sf_attached": 0, "duplex/triplex": 0, "multifamily": 0, "condo": 0 }, "geometry": { "type": "Point", "coordinates": [ -8777767.206840334460139, 4297560.184065856970847 ] } },
{ "type": "Feature", "properties": { "A_NUMBER": "D2000092", "A_TYPE": "PL_MINSP", "A_DATE": "2020-04-24T00:00:00", "A_STATUS": "APP", "A_STATUS_D": "2020-12-17T00:00:00", "A_PROJECT_": "Laurel Meadows", "A_DESCRIPT": "Proposed townhouse subdivision with 98 lots and associated site work and infrastructure", "A_USER_ID": "KIMRO", "A_CASE_PLA": "COURTNEYMC", "StatCode": "APP", "AppStatus": "Approved", "AppCode": "PL_MINSP", "AppType": "Level 4 - Administrative Site Plan", "CasePlanne": "Courtney McQueen", "EMAIL": "Courtney.McQueen@durhamnc.gov", "ORIG_FID": 18069, "CreationDa": "2025-09-20T00:00:00", "Creator": "gisproc_sys", "EditDate": "2025-09-20T00:00:00", "Editor": "gisproc_sys", "match_results": "[(98, None, 'townhouse', 'lots')]", "sf_detached": 0, "sf_attached": 98, "duplex/triplex": 0, "multifamily": 0, "condo": 0 }, "geometry": { "type": "Point", "coordinates": [ -8784901.411424618214369, 4307441.289425157010555 ] } },
{ "type": "Feature", "properties": { "A_NUMBER": "D2100109", "A_TYPE": "PL_MINSP", "A_DATE": "2021-04-09T00:00:00", "A_STATUS": "APP", "A_STATUS_D": "2022-05-23T00:00:00", "A_PROJECT_": "1700 Hillandale Road", "A_DESCRIPT": "80 unit townhouse development with associated site work", "A_USER_ID": "ROBINSH", "A_CASE_PLA": "ROBINSH", "StatCode": "APP", "AppStatus": "Approved", "AppCode": "PL_MINSP", "AppType": "Level 4 - Administrative Site Plan", "CasePlanne": "Robin Schultze", "EMAIL": "Robin.Schultze@durhamnc.gov", "ORIG_FID": 18211, "CreationDa": "2025-09-20T00:00:00", "Creator": "gisproc_sys", "EditDate": "2025-09-20T00:00:00", "Editor": "gisproc_sys", "match_results": "[(80, None, 'townhouse', None)]", "sf_detached": 0, "sf_attached": 80, "duplex/triplex": 0, "multifamily": 0, "condo": 0 }, "geometry": { "type": "Point", "coordinates": [ -8787014.044375453144312, 4304291.987850276753306 ] } },
{ "type": "Feature", "properties": { "A_NUMBER": "D1500297", "A_TYPE": "PL_MINSP", "A_DATE": "2015-10-13T00:00:00", "A_STATUS": "APP", "A_STATUS_D": "2016-07-07T00:00:00", "A_PROJECT_": "Lakeview Villas", "A_DESCRIPT": "Construction of (2) 4/5-story multifamily buildings with a total of 126 residential units.", "A_USER_ID": "LROBERTSON", "A_CASE_PLA": "EMILYST", "StatCode": "APP", "AppStatus": "Approved", "AppCode": "PL_MINSP", "AppType": "Level 4 - Administrative Site Plan", "CasePlanne": "Emily Struthers", "EMAIL": "Emily.Struthers@durhamnc.gov", "ORIG_FID": 18227, "CreationDa": "2025-09-20T00:00:00", "Creator": "gisproc_sys", "EditDate": "2025-09-20T00:00:00", "Editor": "gisproc_sys", "match_results": "[(5, None, 'multifamily', None)]", "sf_detached": 0, "sf_attached": 0, "duplex/triplex": 0, "multifamily": 5, "condo": 0 }, "geometry": { "type": "Point", "coordinates": [ -8788059.377183949574828, 4302186.66134372446686 ] } },
{ "type": "Feature", "properties": { "A_NUMBER": "D2100081", "A_TYPE": "PL_MINSP", "A_DATE": "2021-03-12T00:00:00", "A_STATUS": "APP", "A_STATUS_D": "2022-04-01T00:00:00", "A_PROJECT_": "Bronze Leaf Subdivision", "A_DESCRIPT": "29 Single Family DU's and 25 Townhomes.", "A_USER_ID": "ROBINSH", "A_CASE_PLA": "ROBINSH", "StatCode": "APP", "AppStatus": "Approved", "AppCode": "PL_MINSP", "AppType": "Level 4 - Administrative Site Plan", "CasePlanne": "Robin Schultze", "EMAIL": "Robin.Schultze@durhamnc.gov", "ORIG_FID": 18264, "CreationDa": "2025-09-20T00:00:00", "Creator": "gisproc_sys", "EditDate": "2025-09-20T00:00:00", "Editor": "gisproc_sys", "match_results": "[(29, None, 'single family', None), (25, None, 'townhouse', None)]", "sf_detached": 29, "sf_attached": 25, "duplex/triplex": 0, "multifamily": 0, "condo": 0 }, "geometry": { "type": "Point", "coordinates": [ -8788289.253895379602909, 4306966.113576571457088 ] } },
{ "type": "Feature", "properties": { "A_NUMBER": "A1700005", "A_TYPE": "PL_CPAA", "A_DATE": "2017-03-17T00:00:00", "A_STATUS": "APP", "A_STATUS_D": "2018-03-07T00:00:00", "A_PROJECT_": "2101 House Avenue", "A_DESCRIPT": "Rezoning Request and Comprehensive Plan Amendment at 2101 House Avenue to allow for 78 residential units.  Change from RS-20, RU-M, CN(D) and CC to RU-M(D); and from MDR/Commercial to MHD Residential.  Zoning Case Z1700012.", "A_USER_ID": "DACIARE", "A_CASE_PLA": "JAMIESUN", "StatCode": "APP", "AppStatus": "Approved", "AppCode": "PL_CPAA", "AppType": "Comprehensive Plan Map or Plan Amendment", "CasePlanne": null, "EMAIL": null, "ORIG_FID": 18265, "CreationDa": "2025-09-20T00:00:00", "Creator": "gisproc_sys", "EditDate": "2025-09-20T00:00:00", "Editor": "gisproc_sys", "match_results": "[(2101, None, 'home', None)]", "sf_detached": 2101, "sf_attached": 0, "duplex/triplex": 0, "multifamily": 0, "condo": 0 }, "geometry": { "type": "Point", "coordinates": [ -8786326.262776281684637, 4299349.148178738541901 ] } },
{ "type": "Feature", "properties": { "A_NUMBER": "D2300122", "A_TYPE": "PL_MINSP", "A_DATE": "2023-05-03T00:00:00", "A_STATUS": "APP", "A_STATUS_D": "2023-11-29T00:00:00", "A_PROJECT_": "East Geer Street Apartments", "A_DESCRIPT": "208 apartments totaling 60,576 square feet.", "A_USER_ID": "COLERE", "A_CASE_PLA": "COLERE", "StatCode": "APP", "AppStatus": "Approved", "AppCode": "PL_MINSP", "AppType": "Level 4 - Administrative Site Plan", "CasePlanne": "Cole Renigar", "EMAIL": "Cole.Renigar@durhamnc.gov", "ORIG_FID": 18290, "CreationDa": "2025-09-20T00:00:00", "Creator": "gisproc_sys", "EditDate": "2025-09-20T00:00:00", "Editor": "gisproc_sys", "match_results": "[(208, None, 'apartment', None)]", "sf_detached": 0, "sf_attached": 0, "duplex/triplex": 0, "multifamily": 208, "condo": 0 }, "geometry": { "type": "Point", "coordinates": [ -8776704.119361575692892, 4304188.423328284174204 ] } },
{ "type": "Feature", "properties": { "A_NUMBER": "D2400123", "A_TYPE": "PL_MINSP", "A_DATE": "2024-05-24T00:00:00", "A_STATUS": "APP", "A_STATUS_D": "2024-12-19T00:00:00", "A_PROJECT_": "Cresta Cottages", "A_DESCRIPT": "22 small lot single family residential development.", "A_USER_ID": "COLERE", "A_CASE_PLA": "COLERE", "StatCode": "APP", "AppStatus": "Approved", "AppCode": "PL_MINSP", "AppType": "Level 4 - Administrative Site Plan", "CasePlanne": "Cole Renigar", "EMAIL": "Cole.Renigar@durhamnc.gov", "ORIG_FID": 18300, "CreationDa": "2025-09-20T00:00:00", "Creator": "gisproc_sys", "EditDate": "2025-09-20T00:00:00", "Editor": "gisproc_sys", "match_results": "[(22, None, 'single family', None)]", "sf_detached": 22, "sf_attached": 0, "duplex/triplex": 0, "multifamily": 0, "condo": 0 }, "geometry": { "type": "Point", "coordinates": [ -8785757.883239673450589, 4295385.704891896806657 ] } },
{ "type": "Feature", "properties": { "A_NUMBER": "D1800279", "A_TYPE": "PL_MINSP", "A_DATE": "2018-08-21T00:00:00", "A_STATUS": "APP", "A_STATUS_D": "2019-05-29T00:00:00", "A_PROJECT_": "Selby Avenue Homes", "A_DESCRIPT": "10 single-family homes", "A_USER_ID": "KEAGANSA", "A_CASE_PLA": "TREYFI", "StatCode": "APP", "AppStatus": "Approved", "AppCode": "PL_MINSP", "AppType": "Level 4 - Administrative Site Plan", "CasePlanne": "Trey Figueroa", "EMAIL": "Trey.Figueroa@durhamnc.gov", "ORIG_FID": 18307, "CreationDa": "2025-09-20T00:00:00", "Creator": "gisproc_sys", "EditDate": "2025-09-20T00:00:00", "Editor": "gisproc_sys", "match_results": "[(10, None, 'single family', 'homes')]", "sf_detached": 10, "sf_attached": 0, "duplex/triplex": 0, "multifamily": 0, "condo": 0 }, "geometry": { "type": "Point", "coordinates": [ -8782591.421399768441916, 4294182.0271255094558 ] } },
{ "type": "Feature", "properties": { "A_NUMBER": "D2300256", "A_TYPE": "PL_MINSP", "A_DATE": "2023-11-13T00:00:00", "A_STATUS": "APP", "A_STATUS_D": "2025-04-21T00:00:00", "A_PROJECT_": "Fletcher Crossing Townhomes", "A_DESCRIPT": "Site plan and related infrastructure for 80 residential townhomes, including roadway, utility, grading, and stormwater.", "A_USER_ID": "PEYTONBL", "A_CASE_PLA": "PEYTONBL", "StatCode": "APP", "AppStatus": "Approved", "AppCode": "PL_MINSP", "AppType": "Level 4 - Administrative Site Plan", "CasePlanne": "PEYTON BLANCHARD", "EMAIL": "PEYTON.BLANCHARD@DURHAMNC.GOV", "ORIG_FID": 18426, "CreationDa": "2025-09-20T00:00:00", "Creator": "gisproc_sys", "EditDate": "2025-09-20T00:00:00", "Editor": "gisproc_sys", "match_results": "[(80, None, 'townhouse', None)]", "sf_detached": 0, "sf_attached": 80, "duplex/triplex": 0, "multifamily": 0, "condo": 0 }, "geometry": { "type": "Point", "coordinates": [ -8775113.700805313885212, 4296712.530013109557331 ] } },
{ "type": "Feature", "properties": { "A_NUMBER": "A1900014", "A_TYPE": "PL_CPAA", "A_DATE": "2019-08-08T00:00:00", "A_STATUS": "APP", "A_STATUS_D": "2020-07-13T00:00:00", "A_PROJECT_": "NCCU Student Center", "A_DESCRIPT": "Plan Amendment from Low Medium Density Residential to Institutional", "A_USER_ID": "GSMITH", "A_CASE_PLA": "JAMIESUN", "StatCode": "APP", "AppStatus": "Approved", "AppCode": "PL_CPAA", "AppType": "Comprehensive Plan Map or Plan Amendment", "CasePlanne": null, "EMAIL": null, "ORIG_FID": 18447, "CreationDa": "2025-09-20T00:00:00", "Creator": "gisproc_sys", "EditDate": "2025-09-20T00:00:00", "Editor": "gisproc_sys", "match_results": [ ], "sf_detached": 0, "sf_attached": 0, "duplex/triplex": 0, "multifamily": 0, "condo": 0 }, "geometry": { "type": "Point", "coordinates": [ -8783129.414766827598214, 4296697.309845108538866 ] } },
{ "type": "Feature", "properties": { "A_NUMBER": "D2200351", "A_TYPE": "PL_MINSP", "A_DATE": "2022-10-12T00:00:00", "A_STATUS": "APP", "A_STATUS_D": "2024-01-12T00:00:00", "A_PROJECT_": "Courtyards at Doc Nichols", "A_DESCRIPT": "102 Single family detached lots with 64 townhome lots with supporting open space.", "A_USER_ID": "COLERE", "A_CASE_PLA": "KEAGANSA", "StatCode": "APP", "AppStatus": "Approved", "AppCode": "PL_MINSP", "AppType": "Level 4 - Administrative Site Plan", "CasePlanne": "Keagan Sacripanti", "EMAIL": "Keagan.Sacripanti@durhamnc.gov", "ORIG_FID": 18481, "CreationDa": "2025-09-20T00:00:00", "Creator": "gisproc_sys", "EditDate": "2025-09-20T00:00:00", "Editor": "gisproc_sys", "match_results": "[(102, None, 'single family', 'lots'), (64, None, 'townhouse', 'lots')]", "sf_detached": 102, "sf_attached": 64, "duplex/triplex": 0, "multifamily": 0, "condo": 0 }, "geometry": { "type": "Point", "coordinates": [ -8771441.091842882335186, 4293176.135123560205102 ] } },
{ "type": "Feature", "properties": { "A_NUMBER": "D2200251", "A_TYPE": "PL_MINSP", "A_DATE": "2022-07-19T00:00:00", "A_STATUS": "APP", "A_STATUS_D": "2022-09-29T00:00:00", "A_PROJECT_": "Hope Crossing II - Belmont Lots Grading Plans", "A_DESCRIPT": "Mass grading of existing single family lots.", "A_USER_ID": "JESSICADO", "A_CASE_PLA": "TREYFI", "StatCode": "APP", "AppStatus": "Approved", "AppCode": "PL_MINSP", "AppType": "Level 4 - Administrative Site Plan", "CasePlanne": "Trey Figueroa", "EMAIL": "Trey.Figueroa@durhamnc.gov", "ORIG_FID": 18551, "CreationDa": "2025-09-20T00:00:00", "Creator": "gisproc_sys", "EditDate": "2025-09-20T00:00:00", "Editor": "gisproc_sys", "match_results": [ ], "sf_detached": 0, "sf_attached": 0, "duplex/triplex": 0, "multifamily": 0, "condo": 0 }, "geometry": { "type": "Point", "coordinates": [ -8777210.619602736085653, 4300562.85893031489104 ] } },
{ "type": "Feature", "properties": { "A_NUMBER": "D1700146", "A_TYPE": "PL_MINSP", "A_DATE": "2017-05-09T00:00:00", "A_STATUS": "APP", "A_STATUS_D": "2018-01-16T00:00:00", "A_PROJECT_": "Nichols Farm", "A_DESCRIPT": "80 single-family detached lots within conservation subdivision.", "A_USER_ID": "BRYANTGR", "A_CASE_PLA": "DCULTRA", "StatCode": "APP", "AppStatus": "Approved", "AppCode": "PL_MINSP", "AppType": "Level 4 - Administrative Site Plan", "CasePlanne": "Danny Cultra", "EMAIL": "Danny.Cultra@durhamnc.gov", "ORIG_FID": 18567, "CreationDa": "2025-09-20T00:00:00", "Creator": "gisproc_sys", "EditDate": "2025-09-20T00:00:00", "Editor": "gisproc_sys", "match_results": "[(80, None, 'single family', 'lots')]", "sf_detached": 80, "sf_attached": 0, "duplex/triplex": 0, "multifamily": 0, "condo": 0 }, "geometry": { "type": "Point", "coordinates": [ -8771438.340001203119755, 4294677.373342945240438 ] } },
{ "type": "Feature", "properties": { "A_NUMBER": "D1500191", "A_TYPE": "PL_MINPP", "A_DATE": "2015-07-14T00:00:00", "A_STATUS": "APP", "A_STATUS_D": "2016-03-07T00:00:00", "A_PROJECT_": "Valley Springs Subdivision", "A_DESCRIPT": "54 single family lots on 9.09 acres", "A_USER_ID": "DACIARE", "A_CASE_PLA": "NIARO", "StatCode": "APP", "AppStatus": "Approved", "AppCode": "PL_MINPP", "AppType": "Minor Preliminary Plat", "CasePlanne": "Nia Rodgers", "EMAIL": "nia.rodgers@durhamnc.gov", "ORIG_FID": 18714, "CreationDa": "2025-09-20T00:00:00", "Creator": "gisproc_sys", "EditDate": "2025-09-20T00:00:00", "Editor": "gisproc_sys", "match_results": "[(54, None, 'single family', 'lots')]", "sf_detached": 54, "sf_attached": 0, "duplex/triplex": 0, "multifamily": 0, "condo": 0 }, "geometry": { "type": "Point", "coordinates": [ -8789434.499704983085394, 4308000.821212195791304 ] } },
{ "type": "Feature", "properties": { "A_NUMBER": "D1500302", "A_TYPE": "PL_MINSP", "A_DATE": "2015-10-13T00:00:00", "A_STATUS": "APP", "A_STATUS_D": "2016-06-01T00:00:00", "A_PROJECT_": "TROSA Clinic Building", "A_DESCRIPT": "Addition of 2 story 10,170 SF medical clinic for residents, associated parking and pedestrian access", "A_USER_ID": "LEEDA", "A_CASE_PLA": "NIARO", "StatCode": "APP", "AppStatus": "Approved", "AppCode": "PL_MINSP", "AppType": "Level 4 - Administrative Site Plan", "CasePlanne": "Nia Rodgers", "EMAIL": "nia.rodgers@durhamnc.gov", "ORIG_FID": 18736, "CreationDa": "2025-09-20T00:00:00", "Creator": "gisproc_sys", "EditDate": "2025-09-20T00:00:00", "Editor": "gisproc_sys", "match_results": [ ], "sf_detached": 0, "sf_attached": 0, "duplex/triplex": 0, "multifamily": 0, "condo": 0 }, "geometry": { "type": "Point", "coordinates": [ -8786157.267664158716798, 4297752.061565695330501 ] } },
{ "type": "Feature", "properties": { "A_NUMBER": "D2100309", "A_TYPE": "PL_MINSP", "A_DATE": "2021-09-13T00:00:00", "A_STATUS": "APP", "A_STATUS_D": "2024-01-29T00:00:00", "A_PROJECT_": "Arvin Subdivision", "A_DESCRIPT": "Single Family subdivision with 390 single-family lots, 191 townhouse lots and rec site.", "A_USER_ID": "TDANNER", "A_CASE_PLA": "KEAGANSA", "StatCode": "APP", "AppStatus": "Approved", "AppCode": "PL_MINSP", "AppType": "Level 4 - Administrative Site Plan", "CasePlanne": "Keagan Sacripanti", "EMAIL": "Keagan.Sacripanti@durhamnc.gov", "ORIG_FID": 18812, "CreationDa": "2025-09-20T00:00:00", "Creator": "gisproc_sys", "EditDate": "2025-09-20T00:00:00", "Editor": "gisproc_sys", "match_results": "[(390, None, 'single family', None), (191, None, 'townhouse', 'lots')]", "sf_detached": 390, "sf_attached": 191, "duplex/triplex": 0, "multifamily": 0, "condo": 0 }, "geometry": { "type": "Point", "coordinates": [ -8774826.566061744466424, 4301292.646771659143269 ] } },
{ "type": "Feature", "properties": { "A_NUMBER": "D1800353", "A_TYPE": "PL_MAJPP", "A_DATE": "2018-11-13T00:00:00", "A_STATUS": "APP", "A_STATUS_D": "2019-11-18T00:00:00", "A_PROJECT_": "Arringdon Lot 3", "A_DESCRIPT": "59 Unit Townhome Subdivision zoned MU(D)", "A_USER_ID": "KIMRO", "A_CASE_PLA": "ELIZAMO", "StatCode": "APP", "AppStatus": "Approved", "AppCode": "PL_MAJPP", "AppType": "Major Preliminary Plat", "CasePlanne": "Eliza Monroe", "EMAIL": "Eliza.Monroe@durhamnc.gov", "ORIG_FID": 18833, "CreationDa": "2025-09-20T00:00:00", "Creator": "gisproc_sys", "EditDate": "2025-09-20T00:00:00", "Editor": "gisproc_sys", "match_results": "[(59, None, 'townhouse', None)]", "sf_detached": 0, "sf_attached": 59, "duplex/triplex": 0, "multifamily": 0, "condo": 0 }, "geometry": { "type": "Point", "coordinates": [ -8775080.487516345456243, 4284596.674657069146633 ] } },
{ "type": "Feature", "properties": { "A_NUMBER": "D2300223", "A_TYPE": "PL_MINSP", "A_DATE": "2023-09-29T00:00:00", "A_STATUS": "APP", "A_STATUS_D": "2025-05-22T00:00:00", "A_PROJECT_": "Sherron Creek", "A_DESCRIPT": "New 108-unit townhome development including amenities and associated infrastructure. 114 new lots.", "A_USER_ID": "COLERE", "A_CASE_PLA": "COLERE", "StatCode": "APP", "AppStatus": "Approved", "AppCode": "PL_MINSP", "AppType": "Level 4 - Administrative Site Plan", "CasePlanne": "Cole Renigar", "EMAIL": "Cole.Renigar@durhamnc.gov", "ORIG_FID": 18885, "CreationDa": "2025-09-20T00:00:00", "Creator": "gisproc_sys", "EditDate": "2025-09-20T00:00:00", "Editor": "gisproc_sys", "match_results": "[(108, None, 'townhouse', None)]", "sf_detached": 0, "sf_attached": 108, "duplex/triplex": 0, "multifamily": 0, "condo": 0 }, "geometry": { "type": "Point", "coordinates": [ -8774579.723489744588733, 4295219.641256163828075 ] } },
{ "type": "Feature", "properties": { "A_NUMBER": "D2200332", "A_TYPE": "PL_MINSP", "A_DATE": "2022-09-29T00:00:00", "A_STATUS": "UN_RE", "A_STATUS_D": "2025-03-04T00:00:00", "A_PROJECT_": "Glennstone Annex", "A_DESCRIPT": "17 Single family lots extending from ex. Chimney Stone Road.", "A_USER_ID": "AKINROTIMIA", "A_CASE_PLA": "TREYFI", "StatCode": "UN_RE", "AppStatus": "Under Review", "AppCode": "PL_MINSP", "AppType": "Level 4 - Administrative Site Plan", "CasePlanne": "Trey Figueroa", "EMAIL": "Trey.Figueroa@durhamnc.gov", "ORIG_FID": 18982, "CreationDa": "2025-09-20T00:00:00", "Creator": "gisproc_sys", "EditDate": "2025-09-20T00:00:00", "Editor": "gisproc_sys", "match_results": "[(17, None, 'single family', 'lots')]", "sf_detached": 17, "sf_attached": 0, "duplex/triplex": 0, "multifamily": 0, "condo": 0 }, "geometry": { "type": "Point", "coordinates": [ -8775903.551192248240113, 4308104.230756991542876 ] } },
{ "type": "Feature", "properties": { "A_NUMBER": "D1800369", "A_TYPE": "PL_MINSP", "A_DATE": "2018-11-20T00:00:00", "A_STATUS": "APP", "A_STATUS_D": "2019-05-02T00:00:00", "A_PROJECT_": "Providence at Southpoint Townhomes", "A_DESCRIPT": "110 townhome lots", "A_USER_ID": "BRYANTGR", "A_CASE_PLA": "ELIZAMO", "StatCode": "APP", "AppStatus": "Approved", "AppCode": "PL_MINSP", "AppType": "Level 4 - Administrative Site Plan", "CasePlanne": "Eliza Monroe", "EMAIL": "Eliza.Monroe@durhamnc.gov", "ORIG_FID": 19176, "CreationDa": "2025-09-20T00:00:00", "Creator": "gisproc_sys", "EditDate": "2025-09-20T00:00:00", "Editor": "gisproc_sys", "match_results": "[(110, None, 'townhouse', 'lots')]", "sf_detached": 0, "sf_attached": 110, "duplex/triplex": 0, "multifamily": 0, "condo": 0 }, "geometry": { "type": "Point", "coordinates": [ -8777821.78320905007422, 4295618.846631452441216 ] } },
{ "type": "Feature", "properties": { "A_NUMBER": "D1900164", "A_TYPE": "PL_MINSP", "A_DATE": "2019-05-24T00:00:00", "A_STATUS": "APP", "A_STATUS_D": "2020-08-28T00:00:00", "A_PROJECT_": "The Vega 214 Hunt", "A_DESCRIPT": "59 condominiums, 6030 sf commercial space and two levels of structured parking 39079 SF", "A_USER_ID": "PEYTONBL", "A_CASE_PLA": "ELIZAMO", "StatCode": "APP", "AppStatus": "Approved", "AppCode": "PL_MINSP", "AppType": "Level 4 - Administrative Site Plan", "CasePlanne": "Eliza Monroe", "EMAIL": "Eliza.Monroe@durhamnc.gov", "ORIG_FID": 19192, "CreationDa": "2025-09-20T00:00:00", "Creator": "gisproc_sys", "EditDate": "2025-09-20T00:00:00", "Editor": "gisproc_sys", "match_results": "[(59, None, 'condo', None)]", "sf_detached": 0, "sf_attached": 0, "duplex/triplex": 0, "multifamily": 0, "condo": 59 }, "geometry": { "type": "Point", "coordinates": [ -8783156.75531243532896, 4300651.059628550894558 ] } },
{ "type": "Feature", "properties": { "A_NUMBER": "D2100142", "A_TYPE": "PL_MINSP", "A_DATE": "2021-05-24T00:00:00", "A_STATUS": "APP", "A_STATUS_D": "2021-07-12T00:00:00", "A_PROJECT_": "Parmer RTP Campus Improvements - Phase II", "A_DESCRIPT": "Retro-fit campus from a single tenant facility to a multi - tenant facility.", "A_USER_ID": "TREYFI", "A_CASE_PLA": "TREYFI", "StatCode": "APP", "AppStatus": "Approved", "AppCode": "PL_MINSP", "AppType": "Level 4 - Administrative Site Plan", "CasePlanne": "Trey Figueroa", "EMAIL": "Trey.Figueroa@durhamnc.gov", "ORIG_FID": 19193, "CreationDa": "2025-09-20T00:00:00", "Creator": "gisproc_sys", "EditDate": "2025-09-20T00:00:00", "Editor": "gisproc_sys", "match_results": [ ], "sf_detached": 0, "sf_attached": 0, "duplex/triplex": 0, "multifamily": 0, "condo": 0 }, "geometry": { "type": "Point", "coordinates": [ -8778908.124968314543366, 4291605.903383171185851 ] } },
{ "type": "Feature", "properties": { "A_NUMBER": "D2000123", "A_TYPE": "PL_MINSP", "A_DATE": "2020-06-01T00:00:00", "A_STATUS": "APP", "A_STATUS_D": "2020-11-24T00:00:00", "A_PROJECT_": "GeerHouse", "A_DESCRIPT": "Two new multistory buildings, with 312 apartment units, associated infrastructure and site improvements.", "A_USER_ID": "JESSICADO", "A_CASE_PLA": "COURTNEYMC", "StatCode": "APP", "AppStatus": "Approved", "AppCode": "PL_MINSP", "AppType": "Level 4 - Administrative Site Plan", "CasePlanne": "Courtney McQueen", "EMAIL": "Courtney.McQueen@durhamnc.gov", "ORIG_FID": 19230, "CreationDa": "2025-09-20T00:00:00", "Creator": "gisproc_sys", "EditDate": "2025-09-20T00:00:00", "Editor": "gisproc_sys", "match_results": "[(312, None, 'apartment', 'units')]", "sf_detached": 0, "sf_attached": 0, "duplex/triplex": 0, "multifamily": 312, "condo": 0 }, "geometry": { "type": "Point", "coordinates": [ -8783219.888078615069389, 4301048.519394383765757 ] } },
{ "type": "Feature", "properties": { "A_NUMBER": "D2200371", "A_TYPE": "PL_MINSP", "A_DATE": "2022-10-24T00:00:00", "A_STATUS": "APP", "A_STATUS_D": "2023-04-20T00:00:00", "A_PROJECT_": "311 W Corporation", "A_DESCRIPT": "45 units multifamily residential apartments", "A_USER_ID": "HERALDGO", "A_CASE_PLA": "ROBINSH", "StatCode": "APP", "AppStatus": "Approved", "AppCode": "PL_MINSP", "AppType": "Level 4 - Administrative Site Plan", "CasePlanne": "Robin Schultze", "EMAIL": "Robin.Schultze@durhamnc.gov", "ORIG_FID": 19267, "CreationDa": "2025-09-20T00:00:00", "Creator": "gisproc_sys", "EditDate": "2025-09-20T00:00:00", "Editor": "gisproc_sys", "match_results": "[(45, None, 'multifamily', None)]", "sf_detached": 0, "sf_attached": 0, "duplex/triplex": 0, "multifamily": 45, "condo": 0 }, "geometry": { "type": "Point", "coordinates": [ -8782986.107231374830008, 4300853.944134100340307 ] } },
{ "type": "Feature", "properties": { "A_NUMBER": "D2100038", "A_TYPE": "PL_MINSP", "A_DATE": "2021-02-10T00:00:00", "A_STATUS": "APP", "A_STATUS_D": "2021-07-15T00:00:00", "A_PROJECT_": "Erwin Terrace Residential Wrapper & Pad 5", "A_DESCRIPT": "245 Multi - family residential units, 11,189 sf commercial and 326 space structured parking", "A_USER_ID": "JOHNRA", "A_CASE_PLA": "JOHNRA", "StatCode": "APP", "AppStatus": "Approved", "AppCode": "PL_MINSP", "AppType": "Level 4 - Administrative Site Plan", "CasePlanne": "John Rabon", "EMAIL": "John.Rabon@durhamnc.gov", "ORIG_FID": 19284, "CreationDa": "2025-09-20T00:00:00", "Creator": "gisproc_sys", "EditDate": "2025-09-20T00:00:00", "Editor": "gisproc_sys", "match_results": "[(245, None, 'multifamily', None)]", "sf_detached": 0, "sf_attached": 0, "duplex/triplex": 0, "multifamily": 245, "condo": 0 }, "geometry": { "type": "Point", "coordinates": [ -8788437.012794336304069, 4301629.174315913580358 ] } },
{ "type": "Feature", "properties": { "A_NUMBER": "D1900294", "A_TYPE": "PL_MINSP", "A_DATE": "2019-08-20T00:00:00", "A_STATUS": "APP", "A_STATUS_D": "2020-05-29T00:00:00", "A_PROJECT_": "Kendrick Estates", "A_DESCRIPT": "38 Single - family lot cluster development, 2 stormwater ponds, and associated infrastructure", "A_USER_ID": "ROBINSH", "A_CASE_PLA": "DCULTRA", "StatCode": "APP", "AppStatus": "Approved", "AppCode": "PL_MINSP", "AppType": "Level 4 - Administrative Site Plan", "CasePlanne": "Danny Cultra", "EMAIL": "Danny.Cultra@durhamnc.gov", "ORIG_FID": 19286, "CreationDa": "2025-09-20T00:00:00", "Creator": "gisproc_sys", "EditDate": "2025-09-20T00:00:00", "Editor": "gisproc_sys", "match_results": "[(38, None, 'single family', None)]", "sf_detached": 38, "sf_attached": 0, "duplex/triplex": 0, "multifamily": 0, "condo": 0 }, "geometry": { "type": "Point", "coordinates": [ -8793288.428557550534606, 4297924.97366544790566 ] } },
{ "type": "Feature", "properties": { "A_NUMBER": "D1500241", "A_TYPE": "PL_MINPP", "A_DATE": "2015-09-01T00:00:00", "A_STATUS": "APP", "A_STATUS_D": "2017-05-02T00:00:00", "A_PROJECT_": "Lakewood Phase II", "A_DESCRIPT": "14 lot single family subdivisions. 5.93 acres.", "A_USER_ID": "MARIAHER", "A_CASE_PLA": "DCULTRA", "StatCode": "APP", "AppStatus": "Approved", "AppCode": "PL_MINPP", "AppType": "Minor Preliminary Plat", "CasePlanne": "Danny Cultra", "EMAIL": "Danny.Cultra@durhamnc.gov", "ORIG_FID": 19370, "CreationDa": "2025-09-20T00:00:00", "Creator": "gisproc_sys", "EditDate": "2025-09-20T00:00:00", "Editor": "gisproc_sys", "match_results": "[(14, None, 'single family', None)]", "sf_detached": 14, "sf_attached": 0, "duplex/triplex": 0, "multifamily": 0, "condo": 0 }, "geometry": { "type": "Point", "coordinates": [ -8786446.381483994424343, 4297839.101723903790116 ] } },
{ "type": "Feature", "properties": { "A_NUMBER": "D1800321", "A_TYPE": "PL_MINSP", "A_DATE": "2018-10-09T00:00:00", "A_STATUS": "APP", "A_STATUS_D": "2019-04-02T00:00:00", "A_PROJECT_": "Willard Street Apartments", "A_DESCRIPT": "Multi-family residential apartment complex with 82 units (39 one-bedroom, and 43 two-bedroom), and 7139 square feet of retail with associated infrastructure. DD-C zoning and Cape Fear river basin.", "A_USER_ID": "JESSICADO", "A_CASE_PLA": "TREYFI", "StatCode": "APP", "AppStatus": "Approved", "AppCode": "PL_MINSP", "AppType": "Level 4 - Administrative Site Plan", "CasePlanne": "Trey Figueroa", "EMAIL": "Trey.Figueroa@durhamnc.gov", "ORIG_FID": 19393, "CreationDa": "2025-09-20T00:00:00", "Creator": "gisproc_sys", "EditDate": "2025-09-20T00:00:00", "Editor": "gisproc_sys", "match_results": "[(82, None, 'multifamily', 'units')]", "sf_detached": 0, "sf_attached": 0, "duplex/triplex": 0, "multifamily": 82, "condo": 0 }, "geometry": { "type": "Point", "coordinates": [ -8783800.023769872263074, 4300088.824717078357935 ] } },
{ "type": "Feature", "properties": { "A_NUMBER": "D2100250", "A_TYPE": "PL_MINSP", "A_DATE": "2021-08-06T00:00:00", "A_STATUS": "APP", "A_STATUS_D": "2022-01-11T00:00:00", "A_PROJECT_": "Shoccoree Residential Phase II", "A_DESCRIPT": "100 Single - family lots + 5 open space lots", "A_USER_ID": "JESSICADO", "A_CASE_PLA": "COLERE", "StatCode": "APP", "AppStatus": "Approved", "AppCode": "PL_MINSP", "AppType": "Level 4 - Administrative Site Plan", "CasePlanne": "Cole Renigar", "EMAIL": "Cole.Renigar@durhamnc.gov", "ORIG_FID": 19420, "CreationDa": "2025-09-20T00:00:00", "Creator": "gisproc_sys", "EditDate": "2025-09-20T00:00:00", "Editor": "gisproc_sys", "match_results": "[(100, None, 'single family', 'lots')]", "sf_detached": 100, "sf_attached": 0, "duplex/triplex": 0, "multifamily": 0, "condo": 0 }, "geometry": { "type": "Point", "coordinates": [ -8790024.086458062753081, 4305369.766768322326243 ] } },
{ "type": "Feature", "properties": { "A_NUMBER": "D2200301", "A_TYPE": "PL_MINSP", "A_DATE": "2022-09-06T00:00:00", "A_STATUS": "APP", "A_STATUS_D": "2023-05-04T00:00:00", "A_PROJECT_": "102 W Morgan Street", "A_DESCRIPT": "Construction of 228 multifamily units with associated amenities and infrastructure.", "A_USER_ID": "TREYFI", "A_CASE_PLA": "TREYFI", "StatCode": "APP", "AppStatus": "Approved", "AppCode": "PL_MINSP", "AppType": "Level 4 - Administrative Site Plan", "CasePlanne": "Trey Figueroa", "EMAIL": "Trey.Figueroa@durhamnc.gov", "ORIG_FID": 19429, "CreationDa": "2025-09-20T00:00:00", "Creator": "gisproc_sys", "EditDate": "2025-09-20T00:00:00", "Editor": "gisproc_sys", "match_results": "[(228, None, 'multifamily', 'units')]", "sf_detached": 0, "sf_attached": 0, "duplex/triplex": 0, "multifamily": 228, "condo": 0 }, "geometry": { "type": "Point", "coordinates": [ -8783052.767270864918828, 4300417.826535738073289 ] } },
{ "type": "Feature", "properties": { "A_NUMBER": "D1800247", "A_TYPE": "PL_MINSP", "A_DATE": "2018-07-17T00:00:00", "A_STATUS": "APP", "A_STATUS_D": "2018-11-26T00:00:00", "A_PROJECT_": "Overture Farrington Road", "A_DESCRIPT": "184 Units for senior living with parking and pool amenity", "A_USER_ID": "KRYSTALRA", "A_CASE_PLA": "DCULTRA", "StatCode": "APP", "AppStatus": "Approved", "AppCode": "PL_MINSP", "AppType": "Level 4 - Administrative Site Plan", "CasePlanne": "Danny Cultra", "EMAIL": "Danny.Cultra@durhamnc.gov", "ORIG_FID": 19688, "CreationDa": "2025-09-20T00:00:00", "Creator": "gisproc_sys", "EditDate": "2025-09-20T00:00:00", "Editor": "gisproc_sys", "match_results": "[(184, None, 'single family', None)]", "sf_detached": 184, "sf_attached": 0, "duplex/triplex": 0, "multifamily": 0, "condo": 0 }, "geometry": { "type": "Point", "coordinates": [ -8792673.514286663383245, 4288715.747698285616934 ] } },
{ "type": "Feature", "properties": { "A_NUMBER": "D2200428", "A_TYPE": "PL_MINSP", "A_DATE": "2022-12-20T00:00:00", "A_STATUS": "APP", "A_STATUS_D": "2024-10-03T00:00:00", "A_PROJECT_": "Alpaca Chicken", "A_DESCRIPT": "The proposed development combines two existing lots. A multi-tenant commercial building including a restaurant and retail is proposed.", "A_USER_ID": "KEAGANSA", "A_CASE_PLA": "KEAGANSA", "StatCode": "APP", "AppStatus": "Approved", "AppCode": "PL_MINSP", "AppType": "Level 4 - Administrative Site Plan", "CasePlanne": "Keagan Sacripanti", "EMAIL": "Keagan.Sacripanti@durhamnc.gov", "ORIG_FID": 19760, "CreationDa": "2025-09-20T00:00:00", "Creator": "gisproc_sys", "EditDate": "2025-09-20T00:00:00", "Editor": "gisproc_sys", "match_results": [ ], "sf_detached": 0, "sf_attached": 0, "duplex/triplex": 0, "multifamily": 0, "condo": 0 }, "geometry": { "type": "Point", "coordinates": [ -8776448.731217715889215, 4292490.652243432588875 ] } },
{ "type": "Feature", "properties": { "A_NUMBER": "D2200169", "A_TYPE": "PL_MINSP", "A_DATE": "2022-05-24T00:00:00", "A_STATUS": "APP", "A_STATUS_D": "2023-01-17T00:00:00", "A_PROJECT_": "Massey Chapel Townhouses", "A_DESCRIPT": "24 townhome lots.", "A_USER_ID": "JESSICADO", "A_CASE_PLA": "ROBINSH", "StatCode": "APP", "AppStatus": "Approved", "AppCode": "PL_MINSP", "AppType": "Level 4 - Administrative Site Plan", "CasePlanne": "Robin Schultze", "EMAIL": "Robin.Schultze@durhamnc.gov", "ORIG_FID": 19777, "CreationDa": "2025-09-20T00:00:00", "Creator": "gisproc_sys", "EditDate": "2025-09-20T00:00:00", "Editor": "gisproc_sys", "match_results": "[(24, None, 'townhouse', 'lots')]", "sf_detached": 0, "sf_attached": 24, "duplex/triplex": 0, "multifamily": 0, "condo": 0 }, "geometry": { "type": "Point", "coordinates": [ -8788292.607717517763376, 4286391.593353055417538 ] } },
{ "type": "Feature", "properties": { "A_NUMBER": "D1900326", "A_TYPE": "PL_MINSP", "A_DATE": "2019-09-12T00:00:00", "A_STATUS": "APP", "A_STATUS_D": "2020-10-21T00:00:00", "A_PROJECT_": "Moriah Multi- Family", "A_DESCRIPT": "264 Unit apartment complex, with 7,150 Sf  clubhouse and associated site work.", "A_USER_ID": "KIMRO", "A_CASE_PLA": "DCULTRA", "StatCode": "APP", "AppStatus": "Approved", "AppCode": "PL_MINSP", "AppType": "Level 4 - Administrative Site Plan", "CasePlanne": "Danny Cultra", "EMAIL": "Danny.Cultra@durhamnc.gov", "ORIG_FID": 19828, "CreationDa": "2025-09-20T00:00:00", "Creator": "gisproc_sys", "EditDate": "2025-09-20T00:00:00", "Editor": "gisproc_sys", "match_results": "[(264, None, 'apartment', None)]", "sf_detached": 0, "sf_attached": 0, "duplex/triplex": 0, "multifamily": 264, "condo": 0 }, "geometry": { "type": "Point", "coordinates": [ -8793545.665225017815828, 4293334.496460030786693 ] } },
{ "type": "Feature", "properties": { "A_NUMBER": "D2200386", "A_TYPE": "PL_MINSP", "A_DATE": "2022-11-03T00:00:00", "A_STATUS": "APP", "A_STATUS_D": "2024-02-28T00:00:00", "A_PROJECT_": "3851 Hope Valley Road", "A_DESCRIPT": "Duplexes and single family subdivision. 40 total units, 3 open space lots.", "A_USER_ID": "JESSICADO", "A_CASE_PLA": "ROBINSH", "StatCode": "APP", "AppStatus": "Approved", "AppCode": "PL_MINSP", "AppType": "Level 4 - Administrative Site Plan", "CasePlanne": "Robin Schultze", "EMAIL": "Robin.Schultze@durhamnc.gov", "ORIG_FID": 19888, "CreationDa": "2025-09-20T00:00:00", "Creator": "gisproc_sys", "EditDate": "2025-09-20T00:00:00", "Editor": "gisproc_sys", "match_results": [ ], "sf_detached": 0, "sf_attached": 0, "duplex/triplex": 0, "multifamily": 0, "condo": 0 }, "geometry": { "type": "Point", "coordinates": [ -8787756.00458949431777, 4292461.635346107184887 ] } },
{ "type": "Feature", "properties": { "A_NUMBER": "D1600026", "A_TYPE": "PL_MINSP", "A_DATE": "2016-01-26T00:00:00", "A_STATUS": "APP", "A_STATUS_D": "2016-09-16T00:00:00", "A_PROJECT_": "Ellis Road Ph 2 Parking Change", "A_DESCRIPT": "215 single family, 125 townhouses, clubhouse; Change townhome parking from campus parking to driveways/garages (new site plan, not an amendment)", "A_USER_ID": "KIMRO", "A_CASE_PLA": "NIARO", "StatCode": "APP", "AppStatus": "Approved", "AppCode": "PL_MINSP", "AppType": "Level 4 - Administrative Site Plan", "CasePlanne": "Nia Rodgers", "EMAIL": "nia.rodgers@durhamnc.gov", "ORIG_FID": 20021, "CreationDa": "2025-09-20T00:00:00", "Creator": "gisproc_sys", "EditDate": "2025-09-20T00:00:00", "Editor": "gisproc_sys", "match_results": "[(215, None, 'single family', None), (125, None, 'townhouse', None)]", "sf_detached": 215, "sf_attached": 125, "duplex/triplex": 0, "multifamily": 0, "condo": 0 }, "geometry": { "type": "Point", "coordinates": [ -8778882.759270953014493, 4293173.529068841598928 ] } },
{ "type": "Feature", "properties": { "A_NUMBER": "D1700256", "A_TYPE": "PL_MINSP", "A_DATE": "2017-08-08T00:00:00", "A_STATUS": "APP", "A_STATUS_D": "2018-08-10T00:00:00", "A_PROJECT_": "Creekside at Bethpage Amendment", "A_DESCRIPT": "Convert a group of single-family lots in phase 5 to townhomes.", "A_USER_ID": "JOHNRA", "A_CASE_PLA": "DCULTRA", "StatCode": "APP", "AppStatus": "Approved", "AppCode": "PL_MINSP", "AppType": "Level 4 - Administrative Site Plan", "CasePlanne": "Danny Cultra", "EMAIL": "Danny.Cultra@durhamnc.gov", "ORIG_FID": 20023, "CreationDa": "2025-09-20T00:00:00", "Creator": "gisproc_sys", "EditDate": "2025-09-20T00:00:00", "Editor": "gisproc_sys", "match_results": "[(5, None, 'single family', None)]", "sf_detached": 5, "sf_attached": 0, "duplex/triplex": 0, "multifamily": 0, "condo": 0 }, "geometry": { "type": "Point", "coordinates": [ -8775498.306035028770566, 4287159.889840482734144 ] } },
{ "type": "Feature", "properties": { "A_NUMBER": "D1500300", "A_TYPE": "PL_MINSP", "A_DATE": "2015-10-13T00:00:00", "A_STATUS": "APP", "A_STATUS_D": "2016-08-25T00:00:00", "A_PROJECT_": "Van Alen", "A_DESCRIPT": "408 residential apartment units in 2 buildings", "A_USER_ID": "LEEDA", "A_CASE_PLA": "NIARO", "StatCode": "APP", "AppStatus": "Approved", "AppCode": "PL_MINSP", "AppType": "Level 4 - Administrative Site Plan", "CasePlanne": "Nia Rodgers", "EMAIL": "nia.rodgers@durhamnc.gov", "ORIG_FID": 20055, "CreationDa": "2025-09-20T00:00:00", "Creator": "gisproc_sys", "EditDate": "2025-09-20T00:00:00", "Editor": "gisproc_sys", "match_results": "[(408, None, 'apartment', 'units')]", "sf_detached": 0, "sf_attached": 0, "duplex/triplex": 0, "multifamily": 408, "condo": 0 }, "geometry": { "type": "Point", "coordinates": [ -8783310.559089627116919, 4299319.716097397729754 ] } },
{ "type": "Feature", "properties": { "A_NUMBER": "D1800210", "A_TYPE": "PL_MINSP", "A_DATE": "2018-06-19T00:00:00", "A_STATUS": "APP", "A_STATUS_D": "2018-10-29T00:00:00", "A_PROJECT_": "1605 Erwin Road Multifamily", "A_DESCRIPT": "Multifamily apartments", "A_USER_ID": "COURTNEYMC", "A_CASE_PLA": "COURTNEYMC", "StatCode": "APP", "AppStatus": "Approved", "AppCode": "PL_MINSP", "AppType": "Level 4 - Administrative Site Plan", "CasePlanne": "Courtney McQueen", "EMAIL": "Courtney.McQueen@durhamnc.gov", "ORIG_FID": 20078, "CreationDa": "2025-09-20T00:00:00", "Creator": "gisproc_sys", "EditDate": "2025-09-20T00:00:00", "Editor": "gisproc_sys", "match_results": [ ], "sf_detached": 0, "sf_attached": 0, "duplex/triplex": 0, "multifamily": 0, "condo": 0 }, "geometry": { "type": "Point", "coordinates": [ -8785558.433797635138035, 4301422.518512149341404 ] } },
{ "type": "Feature", "properties": { "A_NUMBER": "D1600250", "A_TYPE": "PL_MINSP", "A_DATE": "2016-09-06T00:00:00", "A_STATUS": "APP", "A_STATUS_D": "2018-08-01T00:00:00", "A_PROJECT_": "Mi Jardin Spanish Immersion Preschool", "A_DESCRIPT": "Parking, landscaping and fencing.for change of use from dwelling to daycare facility (28 children - mSUP required from BOA)", "A_USER_ID": "COLERE", "A_CASE_PLA": "EMILYST", "StatCode": "APP", "AppStatus": "Approved", "AppCode": "PL_MINSP", "AppType": "Level 4 - Administrative Site Plan", "CasePlanne": "Emily Struthers", "EMAIL": "Emily.Struthers@durhamnc.gov", "ORIG_FID": 20107, "CreationDa": "2025-09-20T00:00:00", "Creator": "gisproc_sys", "EditDate": "2025-09-20T00:00:00", "Editor": "gisproc_sys", "match_results": [ ], "sf_detached": 0, "sf_attached": 0, "duplex/triplex": 0, "multifamily": 0, "condo": 0 }, "geometry": { "type": "Point", "coordinates": [ -8793218.478617899119854, 4288165.21259062550962 ] } },
{ "type": "Feature", "properties": { "A_NUMBER": "D2300062", "A_TYPE": "PL_MINSP", "A_DATE": "2023-03-03T00:00:00", "A_STATUS": "APP", "A_STATUS_D": "2023-12-07T00:00:00", "A_PROJECT_": "5202 Garrett Road", "A_DESCRIPT": "6 townhouses with small parking lot, dog park, and passive open space.", "A_USER_ID": "COLERE", "A_CASE_PLA": "COLERE", "StatCode": "APP", "AppStatus": "Approved", "AppCode": "PL_MINSP", "AppType": "Level 4 - Administrative Site Plan", "CasePlanne": "Cole Renigar", "EMAIL": "Cole.Renigar@durhamnc.gov", "ORIG_FID": 20215, "CreationDa": "2025-09-20T00:00:00", "Creator": "gisproc_sys", "EditDate": "2025-09-20T00:00:00", "Editor": "gisproc_sys", "match_results": "[(6, None, 'townhouse', None)]", "sf_detached": 0, "sf_attached": 6, "duplex/triplex": 0, "multifamily": 0, "condo": 0 }, "geometry": { "type": "Point", "coordinates": [ -8790871.680174740031362, 4293605.402985462918878 ] } },
{ "type": "Feature", "properties": { "A_NUMBER": "D1900139", "A_TYPE": "PL_MINSP", "A_DATE": "2019-05-10T00:00:00", "A_STATUS": "APP", "A_STATUS_D": "2019-10-24T00:00:00", "A_PROJECT_": "North Roxboro Street Condos", "A_DESCRIPT": "Eight New Condo Units", "A_USER_ID": "KRYSTALRA", "A_CASE_PLA": "DCULTRA", "StatCode": "APP", "AppStatus": "Approved", "AppCode": "PL_MINSP", "AppType": "Level 4 - Administrative Site Plan", "CasePlanne": "Danny Cultra", "EMAIL": "Danny.Cultra@durhamnc.gov", "ORIG_FID": 20231, "CreationDa": "2025-09-20T00:00:00", "Creator": "gisproc_sys", "EditDate": "2025-09-20T00:00:00", "Editor": "gisproc_sys", "match_results": [ ], "sf_detached": 0, "sf_attached": 0, "duplex/triplex": 0, "multifamily": 0, "condo": 0 }, "geometry": { "type": "Point", "coordinates": [ -8782487.820727510377765, 4300364.145742314867675 ] } },
{ "type": "Feature", "properties": { "A_NUMBER": "D2300140", "A_TYPE": "PL_MINSP", "A_DATE": "2023-05-22T00:00:00", "A_STATUS": "APP", "A_STATUS_D": "2024-06-30T00:00:00", "A_PROJECT_": "2201 Cornwallis Land", "A_DESCRIPT": "103,000 sq. ft. of multifamily residential building area with 90 units plus open space lots.", "A_USER_ID": "TREYFI", "A_CASE_PLA": "TREYFI", "StatCode": "APP", "AppStatus": "Approved", "AppCode": "PL_MINSP", "AppType": "Level 4 - Administrative Site Plan", "CasePlanne": "Trey Figueroa", "EMAIL": "Trey.Figueroa@durhamnc.gov", "ORIG_FID": 20253, "CreationDa": "2025-09-20T00:00:00", "Creator": "gisproc_sys", "EditDate": "2025-09-20T00:00:00", "Editor": "gisproc_sys", "match_results": "[(90, None, 'multifamily', 'units')]", "sf_detached": 0, "sf_attached": 0, "duplex/triplex": 0, "multifamily": 90, "condo": 0 }, "geometry": { "type": "Point", "coordinates": [ -8789684.817466862499714, 4298213.619065438397229 ] } },
{ "type": "Feature", "properties": { "A_NUMBER": "D2400176", "A_TYPE": "PL_MINSP", "A_DATE": "2024-08-13T00:00:00", "A_STATUS": "UN_RE", "A_STATUS_D": "2024-08-13T00:00:00", "A_PROJECT_": "Fox Crossing II", "A_DESCRIPT": "320 apartment units with 4800 sq ft of commercial space", "A_USER_ID": "EDWARDFR", "A_CASE_PLA": "TREYFI", "StatCode": "UN_RE", "AppStatus": "Under Review", "AppCode": "PL_MINSP", "AppType": "Level 4 - Administrative Site Plan", "CasePlanne": "Trey Figueroa", "EMAIL": "Trey.Figueroa@durhamnc.gov", "ORIG_FID": 20341, "CreationDa": "2025-09-20T00:00:00", "Creator": "gisproc_sys", "EditDate": "2025-09-20T00:00:00", "Editor": "gisproc_sys", "match_results": "[(320, None, 'apartment', 'units')]", "sf_detached": 0, "sf_attached": 0, "duplex/triplex": 0, "multifamily": 320, "condo": 0 }, "geometry": { "type": "Point", "coordinates": [ -8777793.779828049242496, 4296611.605205618776381 ] } },
{ "type": "Feature", "properties": { "A_NUMBER": "D2400193", "A_TYPE": "PL_MINSP", "A_DATE": "2024-08-27T00:00:00", "A_STATUS": "APP", "A_STATUS_D": "2025-01-31T00:00:00", "A_PROJECT_": "Durham Summit", "A_DESCRIPT": "312 multi-family apartment units with surface parking.", "A_USER_ID": "JESSICADO", "A_CASE_PLA": "PEYTONBL", "StatCode": "APP", "AppStatus": "Approved", "AppCode": "PL_MINSP", "AppType": "Level 4 - Administrative Site Plan", "CasePlanne": "PEYTON BLANCHARD", "EMAIL": "PEYTON.BLANCHARD@DURHAMNC.GOV", "ORIG_FID": 20386, "CreationDa": "2025-09-20T00:00:00", "Creator": "gisproc_sys", "EditDate": "2025-09-20T00:00:00", "Editor": "gisproc_sys", "match_results": "[(312, None, 'multifamily', None)]", "sf_detached": 0, "sf_attached": 0, "duplex/triplex": 0, "multifamily": 312, "condo": 0 }, "geometry": { "type": "Point", "coordinates": [ -8783530.124084018170834, 4307022.348584925755858 ] } },
{ "type": "Feature", "properties": { "A_NUMBER": "D2400201", "A_TYPE": "PL_MINSP", "A_DATE": "2024-09-06T00:00:00", "A_STATUS": "APP", "A_STATUS_D": "2025-08-13T00:00:00", "A_PROJECT_": "Trinity Park Townhomes", "A_DESCRIPT": "20 townhomes with ADU's and a commercial parking lot to serve the adjacent hotel.", "A_USER_ID": "ADDMGR", "A_CASE_PLA": "TREYFI", "StatCode": "APP", "AppStatus": "Approved", "AppCode": "PL_MINSP", "AppType": "Level 4 - Administrative Site Plan", "CasePlanne": "Trey Figueroa", "EMAIL": "Trey.Figueroa@durhamnc.gov", "ORIG_FID": 20413, "CreationDa": "2025-09-20T00:00:00", "Creator": "gisproc_sys", "EditDate": "2025-09-20T00:00:00", "Editor": "gisproc_sys", "match_results": "[(20, None, 'townhouse', None)]", "sf_detached": 0, "sf_attached": 20, "duplex/triplex": 0, "multifamily": 0, "condo": 0 }, "geometry": { "type": "Point", "coordinates": [ -8784286.542236067354679, 4300887.397589195519686 ] } },
{ "type": "Feature", "properties": { "A_NUMBER": "D2400205", "A_TYPE": "PL_MINSP", "A_DATE": "2024-09-11T00:00:00", "A_STATUS": "APP", "A_STATUS_D": "2025-04-30T00:00:00", "A_PROJECT_": "Fayette Place Ph 1", "A_DESCRIPT": "252 affordable unit apartment complex.", "A_USER_ID": "COLERE", "A_CASE_PLA": "COLERE", "StatCode": "APP", "AppStatus": "Approved", "AppCode": "PL_MINSP", "AppType": "Level 4 - Administrative Site Plan", "CasePlanne": "Cole Renigar", "EMAIL": "Cole.Renigar@durhamnc.gov", "ORIG_FID": 20417, "CreationDa": "2025-09-20T00:00:00", "Creator": "gisproc_sys", "EditDate": "2025-09-20T00:00:00", "Editor": "gisproc_sys", "match_results": "[(252, None, 'apartment', None)]", "sf_detached": 0, "sf_attached": 0, "duplex/triplex": 0, "multifamily": 252, "condo": 0 }, "geometry": { "type": "Point", "coordinates": [ -8782614.411451555788517, 4298403.335100513882935 ] } },
{ "type": "Feature", "properties": { "A_NUMBER": "D2400211", "A_TYPE": "PL_SSP_SM", "A_DATE": "2024-09-17T00:00:00", "A_STATUS": "UN_RE", "A_STATUS_D": "2025-03-21T00:00:00", "A_PROJECT_": "High Good - 106 Watts", "A_DESCRIPT": "25 MF residential units with ground floor commercial and under building parking.", "A_USER_ID": "FRANCISCOM", "A_CASE_PLA": "COLERE", "StatCode": "UN_RE", "AppStatus": "Under Review", "AppCode": "PL_SSP_SM", "AppType": "Level 3 - Administrative Site Plan", "CasePlanne": "Cole Renigar", "EMAIL": "Cole.Renigar@durhamnc.gov", "ORIG_FID": 20449, "CreationDa": "2025-09-20T00:00:00", "Creator": "gisproc_sys", "EditDate": "2025-09-20T00:00:00", "Editor": "gisproc_sys", "match_results": "[(25, None, 'mf', None)]", "sf_detached": 0, "sf_attached": 0, "duplex/triplex": 0, "multifamily": 0, "condo": 0 }, "geometry": { "type": "Point", "coordinates": [ -8784315.006822055205703, 4300843.755816424265504 ] } },
{ "type": "Feature", "properties": { "A_NUMBER": "D2000155", "A_TYPE": "PL_MINSP", "A_DATE": "2020-07-07T00:00:00", "A_STATUS": "APP", "A_STATUS_D": "2021-03-19T00:00:00", "A_PROJECT_": "4000 Danube Lane", "A_DESCRIPT": "90 townhome units with associated parking, utilities and stormwater.", "A_USER_ID": "COLERE", "A_CASE_PLA": "COLERE", "StatCode": "APP", "AppStatus": "Approved", "AppCode": "PL_MINSP", "AppType": "Level 4 - Administrative Site Plan", "CasePlanne": "Cole Renigar", "EMAIL": "Cole.Renigar@durhamnc.gov", "ORIG_FID": 20456, "CreationDa": "2025-09-20T00:00:00", "Creator": "gisproc_sys", "EditDate": "2025-09-20T00:00:00", "Editor": "gisproc_sys", "match_results": "[(90, None, 'townhouse', 'units')]", "sf_detached": 0, "sf_attached": 90, "duplex/triplex": 0, "multifamily": 0, "condo": 0 }, "geometry": { "type": "Point", "coordinates": [ -8781703.906831908971071, 4307174.959675034508109 ] } },
{ "type": "Feature", "properties": { "A_NUMBER": "D1700255", "A_TYPE": "PL_MINSP", "A_DATE": "2017-08-08T00:00:00", "A_STATUS": "APP", "A_STATUS_D": "2018-10-04T00:00:00", "A_PROJECT_": "Trent Drive Co-Housing", "A_DESCRIPT": "20 condos.", "A_USER_ID": "WGRIFFIN", "A_CASE_PLA": "TREYFI", "StatCode": "APP", "AppStatus": "Approved", "AppCode": "PL_MINSP", "AppType": "Level 4 - Administrative Site Plan", "CasePlanne": "Trey Figueroa", "EMAIL": "Trey.Figueroa@durhamnc.gov", "ORIG_FID": 20493, "CreationDa": "2025-09-20T00:00:00", "Creator": "gisproc_sys", "EditDate": "2025-09-20T00:00:00", "Editor": "gisproc_sys", "match_results": "[(20, None, 'condo', None)]", "sf_detached": 0, "sf_attached": 0, "duplex/triplex": 0, "multifamily": 0, "condo": 20 }, "geometry": { "type": "Point", "coordinates": [ -8786561.101973313838243, 4302085.680245897732675 ] } },
{ "type": "Feature", "properties": { "A_NUMBER": "D2400080", "A_TYPE": "PL_MINSP", "A_DATE": "2024-04-09T00:00:00", "A_STATUS": "APP", "A_STATUS_D": "2025-02-04T00:00:00", "A_PROJECT_": "Westside Bottling", "A_DESCRIPT": "Redevelopment of old Coca Cola Bottling plant into mixed use with retail, apartment, and townhomes.", "A_USER_ID": "TREYFI", "A_CASE_PLA": "TREYFI", "StatCode": "APP", "AppStatus": "Approved", "AppCode": "PL_MINSP", "AppType": "Level 4 - Administrative Site Plan", "CasePlanne": "Trey Figueroa", "EMAIL": "Trey.Figueroa@durhamnc.gov", "ORIG_FID": 20527, "CreationDa": "2025-09-20T00:00:00", "Creator": "gisproc_sys", "EditDate": "2025-09-20T00:00:00", "Editor": "gisproc_sys", "match_results": [ ], "sf_detached": 0, "sf_attached": 0, "duplex/triplex": 0, "multifamily": 0, "condo": 0 }, "geometry": { "type": "Point", "coordinates": [ -8787911.632033620029688, 4303319.174757845699787 ] } },
{ "type": "Feature", "properties": { "A_NUMBER": "D1800328", "A_TYPE": "PL_MINSP", "A_DATE": "2018-10-16T00:00:00", "A_STATUS": "APP", "A_STATUS_D": "2019-02-14T00:00:00", "A_PROJECT_": "NCCU P3 Student Housing- Chidley South", "A_DESCRIPT": "Site demolition of existing Chidley Residence Hall and construction of new Chidley South Student Housing with 164,200 square feet, (UC-2) zoning, Cape Fear river basin, Third Fork Creek watershed, and current and proposed use University.", "A_USER_ID": "RACHELHA", "A_CASE_PLA": "TREYFI", "StatCode": "APP", "AppStatus": "Approved", "AppCode": "PL_MINSP", "AppType": "Level 4 - Administrative Site Plan", "CasePlanne": "Trey Figueroa", "EMAIL": "Trey.Figueroa@durhamnc.gov", "ORIG_FID": 20547, "CreationDa": "2025-09-20T00:00:00", "Creator": "gisproc_sys", "EditDate": "2025-09-20T00:00:00", "Editor": "gisproc_sys", "match_results": [ ], "sf_detached": 0, "sf_attached": 0, "duplex/triplex": 0, "multifamily": 0, "condo": 0 }, "geometry": { "type": "Point", "coordinates": [ -8782528.255881497636437, 4296972.375862788408995 ] } },
{ "type": "Feature", "properties": { "A_NUMBER": "D1700178", "A_TYPE": "PL_MINSP", "A_DATE": "2017-05-25T00:00:00", "A_STATUS": "APP", "A_STATUS_D": "2017-10-24T00:00:00", "A_PROJECT_": "600 Willard Street", "A_DESCRIPT": "Proposed redevelopment of 600 Willard Street for 340 unit apartment project and parking deck.", "A_USER_ID": "KELLYGU", "A_CASE_PLA": "TREYFI", "StatCode": "APP", "AppStatus": "Approved", "AppCode": "PL_MINSP", "AppType": "Level 4 - Administrative Site Plan", "CasePlanne": "Trey Figueroa", "EMAIL": "Trey.Figueroa@durhamnc.gov", "ORIG_FID": 20586, "CreationDa": "2025-09-20T00:00:00", "Creator": "gisproc_sys", "EditDate": "2025-09-20T00:00:00", "Editor": "gisproc_sys", "match_results": "[(340, None, 'apartment', None)]", "sf_detached": 0, "sf_attached": 0, "duplex/triplex": 0, "multifamily": 340, "condo": 0 }, "geometry": { "type": "Point", "coordinates": [ -8784012.632580092176795, 4299758.851104461587965 ] } },
{ "type": "Feature", "properties": { "A_NUMBER": "D2100431", "A_TYPE": "PL_MINSP", "A_DATE": "2021-12-06T00:00:00", "A_STATUS": "APP", "A_STATUS_D": "2022-12-15T00:00:00", "A_PROJECT_": "507 Yancey", "A_DESCRIPT": "55-unit multifamily residential construction (associated with D1800273)", "A_USER_ID": "ROBINSH", "A_CASE_PLA": "ROBINSH", "StatCode": "APP", "AppStatus": "Approved", "AppCode": "PL_MINSP", "AppType": "Level 4 - Administrative Site Plan", "CasePlanne": "Robin Schultze", "EMAIL": "Robin.Schultze@durhamnc.gov", "ORIG_FID": 20598, "CreationDa": "2025-09-20T00:00:00", "Creator": "gisproc_sys", "EditDate": "2025-09-20T00:00:00", "Editor": "gisproc_sys", "match_results": "[(55, None, 'multifamily', None)]", "sf_detached": 0, "sf_attached": 0, "duplex/triplex": 0, "multifamily": 55, "condo": 0 }, "geometry": { "type": "Point", "coordinates": [ -8784163.485121237114072, 4299758.811265013180673 ] } },
{ "type": "Feature", "properties": { "A_NUMBER": "D1900073", "A_TYPE": "PL_MINSP", "A_DATE": "2019-03-21T00:00:00", "A_STATUS": "APP", "A_STATUS_D": "2022-08-26T00:00:00", "A_PROJECT_": "Odyssey Townhome Development", "A_DESCRIPT": "165 Townhomes units plus 3 open space lots.", "A_USER_ID": "MARCORI", "A_CASE_PLA": "DCULTRA", "StatCode": "APP", "AppStatus": "Approved", "AppCode": "PL_MINSP", "AppType": "Level 4 - Administrative Site Plan", "CasePlanne": "Danny Cultra", "EMAIL": "Danny.Cultra@durhamnc.gov", "ORIG_FID": 20603, "CreationDa": "2025-09-20T00:00:00", "Creator": "gisproc_sys", "EditDate": "2025-09-20T00:00:00", "Editor": "gisproc_sys", "match_results": "[(165, None, 'townhouse', None)]", "sf_detached": 0, "sf_attached": 165, "duplex/triplex": 0, "multifamily": 0, "condo": 0 }, "geometry": { "type": "Point", "coordinates": [ -8782161.341092986986041, 4290508.255263911560178 ] } },
{ "type": "Feature", "properties": { "A_NUMBER": "D2400233", "A_TYPE": "PL_MINSP", "A_DATE": "2024-10-21T00:00:00", "A_STATUS": "CORR", "A_STATUS_D": "2025-07-21T00:00:00", "A_PROJECT_": "Greenleaf Townes", "A_DESCRIPT": "100 townhomes with public water and sewer, private roads, and associated infrastructure.", "A_USER_ID": "JMCNEILL", "A_CASE_PLA": "COLERE", "StatCode": "CORR", "AppStatus": "Corrections Required", "AppCode": "PL_MINSP", "AppType": "Level 4 - Administrative Site Plan", "CasePlanne": "Cole Renigar", "EMAIL": "Cole.Renigar@durhamnc.gov", "ORIG_FID": 20714, "CreationDa": "2025-09-20T00:00:00", "Creator": "gisproc_sys", "EditDate": "2025-09-20T00:00:00", "Editor": "gisproc_sys", "match_results": "[(100, None, 'townhouse', None)]", "sf_detached": 0, "sf_attached": 100, "duplex/triplex": 0, "multifamily": 0, "condo": 0 }, "geometry": { "type": "Point", "coordinates": [ -8772152.228858415037394, 4296200.816713276319206 ] } },
{ "type": "Feature", "properties": { "A_NUMBER": "D2400246", "A_TYPE": "PL_MINSP", "A_DATE": "2024-11-08T00:00:00", "A_STATUS": "APP", "A_STATUS_D": "2025-08-25T00:00:00", "A_PROJECT_": "Aura 751", "A_DESCRIPT": "339 multifamily units and associated amenity space.", "A_USER_ID": "TREYFI", "A_CASE_PLA": "TREYFI", "StatCode": "APP", "AppStatus": "Approved", "AppCode": "PL_MINSP", "AppType": "Level 4 - Administrative Site Plan", "CasePlanne": "Trey Figueroa", "EMAIL": "Trey.Figueroa@durhamnc.gov", "ORIG_FID": 20758, "CreationDa": "2025-09-20T00:00:00", "Creator": "gisproc_sys", "EditDate": "2025-09-20T00:00:00", "Editor": "gisproc_sys", "match_results": "[(339, None, 'multifamily', 'units')]", "sf_detached": 0, "sf_attached": 0, "duplex/triplex": 0, "multifamily": 339, "condo": 0 }, "geometry": { "type": "Point", "coordinates": [ -8789797.327580092474818, 4286294.762216264382005 ] } },
{ "type": "Feature", "properties": { "A_NUMBER": "D2400261", "A_TYPE": "PL_MINSP", "A_DATE": "2024-11-21T00:00:00", "A_STATUS": "UN_RE", "A_STATUS_D": "2024-11-21T00:00:00", "A_PROJECT_": "Pointe Grand Durham", "A_DESCRIPT": "Apartment development with a maximum of 260 units. DU/AC 10.455.", "A_USER_ID": "ERIKA", "A_CASE_PLA": "TREYFI", "StatCode": "UN_RE", "AppStatus": "Under Review", "AppCode": "PL_MINSP", "AppType": "Level 4 - Administrative Site Plan", "CasePlanne": "Trey Figueroa", "EMAIL": "Trey.Figueroa@durhamnc.gov", "ORIG_FID": 20796, "CreationDa": "2025-09-20T00:00:00", "Creator": "gisproc_sys", "EditDate": "2025-09-20T00:00:00", "Editor": "gisproc_sys", "match_results": [ ], "sf_detached": 0, "sf_attached": 0, "duplex/triplex": 0, "multifamily": 0, "condo": 0 }, "geometry": { "type": "Point", "coordinates": [ -8771777.245947992429137, 4297294.703946928493679 ] } },
{ "type": "Feature", "properties": { "A_NUMBER": "D2400268", "A_TYPE": "PL_MINSP", "A_DATE": "2024-12-02T00:00:00", "A_STATUS": "APP", "A_STATUS_D": "2025-08-11T00:00:00", "A_PROJECT_": "Miami Blvd Multifamily", "A_DESCRIPT": "4-Multifamily apartment buildings (270 units), clubhouse, amenity area and related infrastructure.", "A_USER_ID": "TREYFI", "A_CASE_PLA": "TREYFI", "StatCode": "APP", "AppStatus": "Approved", "AppCode": "PL_MINSP", "AppType": "Level 4 - Administrative Site Plan", "CasePlanne": "Trey Figueroa", "EMAIL": "Trey.Figueroa@durhamnc.gov", "ORIG_FID": 20821, "CreationDa": "2025-09-20T00:00:00", "Creator": "gisproc_sys", "EditDate": "2025-09-20T00:00:00", "Editor": "gisproc_sys", "match_results": "[(4, None, 'multifamily', None), (270, None, 'apartment', 'units')]", "sf_detached": 0, "sf_attached": 0, "duplex/triplex": 0, "multifamily": 274, "condo": 0 }, "geometry": { "type": "Point", "coordinates": [ -8777056.821069164201617, 4291251.78828209079802 ] } },
{ "type": "Feature", "properties": { "A_NUMBER": "D2400270", "A_TYPE": "PL_MINSP", "A_DATE": "2024-12-03T00:00:00", "A_STATUS": "APP", "A_STATUS_D": "2025-06-02T00:00:00", "A_PROJECT_": "Dillard St Apartments (Ph 4BC)", "A_DESCRIPT": "2-4 story, residential buildings with 98 affordable apartment units and accessories, 1 with retail space, and surface parking.", "A_USER_ID": "JONATHANBR", "A_CASE_PLA": "COLERE", "StatCode": "APP", "AppStatus": "Approved", "AppCode": "PL_MINSP", "AppType": "Level 4 - Administrative Site Plan", "CasePlanne": "Cole Renigar", "EMAIL": "Cole.Renigar@durhamnc.gov", "ORIG_FID": 20831, "CreationDa": "2025-09-20T00:00:00", "Creator": "gisproc_sys", "EditDate": "2025-09-20T00:00:00", "Editor": "gisproc_sys", "match_results": "[(98, None, 'apartment', 'units')]", "sf_detached": 0, "sf_attached": 0, "duplex/triplex": 0, "multifamily": 98, "condo": 0 }, "geometry": { "type": "Point", "coordinates": [ -8782445.923524925485253, 4299605.575369453057647 ] } },
{ "type": "Feature", "properties": { "A_NUMBER": "D2400280", "A_TYPE": "PL_MINSP", "A_DATE": "2024-12-06T00:00:00", "A_STATUS": "UN_RE", "A_STATUS_D": "2024-12-06T00:00:00", "A_PROJECT_": "Croasdaile Village Phase IV", "A_DESCRIPT": "Construction of 21 cottages and 4 multifamily buildings.", "A_USER_ID": "EDWARDFR", "A_CASE_PLA": "JALISAHA", "StatCode": "UN_RE", "AppStatus": "Under Review", "AppCode": "PL_MINSP", "AppType": "Level 4 - Administrative Site Plan", "CasePlanne": "JALISA HARRIS", "EMAIL": "Jalisa.Harris@durhamnc.gov", "ORIG_FID": 20848, "CreationDa": "2025-09-20T00:00:00", "Creator": "gisproc_sys", "EditDate": "2025-09-20T00:00:00", "Editor": "gisproc_sys", "match_results": "[(21, None, 'multifamily', None)]", "sf_detached": 0, "sf_attached": 0, "duplex/triplex": 0, "multifamily": 21, "condo": 0 }, "geometry": { "type": "Point", "coordinates": [ -8787454.746140064671636, 4307041.12136621773243 ] } },
{ "type": "Feature", "properties": { "A_NUMBER": "D2400289", "A_TYPE": "PL_MINSP", "A_DATE": "2024-12-18T00:00:00", "A_STATUS": "UN_RE", "A_STATUS_D": "2024-12-18T00:00:00", "A_PROJECT_": "Tribute Rising", "A_DESCRIPT": "Proposed 4 Multifamily apartment buildings (348 units) and 16 live work townhome units with supplemental retail.", "A_USER_ID": "JALISAHA", "A_CASE_PLA": "JALISAHA", "StatCode": "UN_RE", "AppStatus": "Under Review", "AppCode": "PL_MINSP", "AppType": "Level 4 - Administrative Site Plan", "CasePlanne": "JALISA HARRIS", "EMAIL": "Jalisa.Harris@durhamnc.gov", "ORIG_FID": 20871, "CreationDa": "2025-09-20T00:00:00", "Creator": "gisproc_sys", "EditDate": "2025-09-20T00:00:00", "Editor": "gisproc_sys", "match_results": "[(4, None, 'multifamily', None), (348, None, 'apartment', 'units'), (16, None, 'townhouse', 'units')]", "sf_detached": 0, "sf_attached": 16, "duplex/triplex": 0, "multifamily": 352, "condo": 0 }, "geometry": { "type": "Point", "coordinates": [ -8783683.97065974585712, 4299064.169899181462824 ] } },
{ "type": "Feature", "properties": { "A_NUMBER": "D2400291", "A_TYPE": "PL_MINSP", "A_DATE": "2024-12-18T00:00:00", "A_STATUS": "APP", "A_STATUS_D": "2025-06-20T00:00:00", "A_PROJECT_": "Oakridge Residential Phase C", "A_DESCRIPT": "181 Multi-family units with surface parking.", "A_USER_ID": "PEYTONBL", "A_CASE_PLA": "PEYTONBL", "StatCode": "APP", "AppStatus": "Approved", "AppCode": "PL_MINSP", "AppType": "Level 4 - Administrative Site Plan", "CasePlanne": "PEYTON BLANCHARD", "EMAIL": "PEYTON.BLANCHARD@DURHAMNC.GOV", "ORIG_FID": 20873, "CreationDa": "2025-09-20T00:00:00", "Creator": "gisproc_sys", "EditDate": "2025-09-20T00:00:00", "Editor": "gisproc_sys", "match_results": "[(181, None, 'multifamily', 'units')]", "sf_detached": 0, "sf_attached": 0, "duplex/triplex": 0, "multifamily": 181, "condo": 0 }, "geometry": { "type": "Point", "coordinates": [ -8793161.617714447900653, 4294696.526449715718627 ] } },
{ "type": "Feature", "properties": { "A_NUMBER": "D2500009", "A_TYPE": "PL_MINSP", "A_DATE": "2025-01-21T00:00:00", "A_STATUS": "CORR", "A_STATUS_D": "2025-08-29T00:00:00", "A_PROJECT_": "Celebrity Rocky Hill Subdivision", "A_DESCRIPT": "Residential subdivision with 42 townhouse lots.", "A_USER_ID": "JMCNEILL", "A_CASE_PLA": "COLERE", "StatCode": "CORR", "AppStatus": "Corrections Required", "AppCode": "PL_MINSP", "AppType": "Level 4 - Administrative Site Plan", "CasePlanne": "Cole Renigar", "EMAIL": "Cole.Renigar@durhamnc.gov", "ORIG_FID": 20942, "CreationDa": "2025-09-20T00:00:00", "Creator": "gisproc_sys", "EditDate": "2025-09-20T00:00:00", "Editor": "gisproc_sys", "match_results": "[(42, None, 'townhouse', 'lots')]", "sf_detached": 0, "sf_attached": 42, "duplex/triplex": 0, "multifamily": 0, "condo": 0 }, "geometry": { "type": "Point", "coordinates": [ -8783640.669471895322204, 4311810.474898835644126 ] } },
{ "type": "Feature", "properties": { "A_NUMBER": "D2500026", "A_TYPE": "PL_MINSP", "A_DATE": "2025-02-04T00:00:00", "A_STATUS": "UN_RE", "A_STATUS_D": "2025-02-04T00:00:00", "A_PROJECT_": "Smallwood", "A_DESCRIPT": "52 townhomes with associated streets, sidewalks, grading, water, sewer, stormwater management and landscaping.", "A_USER_ID": "MICHAELIR", "A_CASE_PLA": "TREYFI", "StatCode": "UN_RE", "AppStatus": "Under Review", "AppCode": "PL_MINSP", "AppType": "Level 4 - Administrative Site Plan", "CasePlanne": "Trey Figueroa", "EMAIL": "Trey.Figueroa@durhamnc.gov", "ORIG_FID": 21001, "CreationDa": "2025-09-20T00:00:00", "Creator": "gisproc_sys", "EditDate": "2025-09-20T00:00:00", "Editor": "gisproc_sys", "match_results": "[(52, None, 'townhouse', None)]", "sf_detached": 0, "sf_attached": 52, "duplex/triplex": 0, "multifamily": 0, "condo": 0 }, "geometry": { "type": "Point", "coordinates": [ -8773895.875302813947201, 4288775.360343870706856 ] } },
{ "type": "Feature", "properties": { "A_NUMBER": "D2500031", "A_TYPE": "PL_MINSP", "A_DATE": "2025-02-11T00:00:00", "A_STATUS": "APP", "A_STATUS_D": "2025-08-01T00:00:00", "A_PROJECT_": "Block F at HUB RTP", "A_DESCRIPT": "Development of multi-story apartment and related infrastructure.", "A_USER_ID": "COLERE", "A_CASE_PLA": "COLERE", "StatCode": "APP", "AppStatus": "Approved", "AppCode": "PL_MINSP", "AppType": "Level 4 - Administrative Site Plan", "CasePlanne": "Cole Renigar", "EMAIL": "Cole.Renigar@durhamnc.gov", "ORIG_FID": 21018, "CreationDa": "2025-09-20T00:00:00", "Creator": "gisproc_sys", "EditDate": "2025-09-20T00:00:00", "Editor": "gisproc_sys", "match_results": [ ], "sf_detached": 0, "sf_attached": 0, "duplex/triplex": 0, "multifamily": 0, "condo": 0 }, "geometry": { "type": "Point", "coordinates": [ -8779261.161453558132052, 4286112.514883120544255 ] } },
{ "type": "Feature", "properties": { "A_NUMBER": "D2500038", "A_TYPE": "PL_MINSP", "A_DATE": "2025-02-17T00:00:00", "A_STATUS": "APP", "A_STATUS_D": "2025-07-24T00:00:00", "A_PROJECT_": "Page Corners", "A_DESCRIPT": "160 unit affordable apartment.", "A_USER_ID": "COLERE", "A_CASE_PLA": "COLERE", "StatCode": "APP", "AppStatus": "Approved", "AppCode": "PL_MINSP", "AppType": "Level 4 - Administrative Site Plan", "CasePlanne": "Cole Renigar", "EMAIL": "Cole.Renigar@durhamnc.gov", "ORIG_FID": 21036, "CreationDa": "2025-09-20T00:00:00", "Creator": "gisproc_sys", "EditDate": "2025-09-20T00:00:00", "Editor": "gisproc_sys", "match_results": "[(160, None, 'apartment', None)]", "sf_detached": 0, "sf_attached": 0, "duplex/triplex": 0, "multifamily": 160, "condo": 0 }, "geometry": { "type": "Point", "coordinates": [ -8774735.841206347569823, 4285807.137313743121922 ] } },
{ "type": "Feature", "properties": { "A_NUMBER": "D2500046", "A_TYPE": "PL_MINSP", "A_DATE": "2025-02-24T00:00:00", "A_STATUS": "UN_RE", "A_STATUS_D": "2025-02-24T00:00:00", "A_PROJECT_": "Oxford Ridge", "A_DESCRIPT": "Development including market rate townhouses with for sale affordable single-family units.", "A_USER_ID": "KASIMAZ", "A_CASE_PLA": "TREYFI", "StatCode": "UN_RE", "AppStatus": "Under Review", "AppCode": "PL_MINSP", "AppType": "Level 4 - Administrative Site Plan", "CasePlanne": "Trey Figueroa", "EMAIL": "Trey.Figueroa@durhamnc.gov", "ORIG_FID": 21064, "CreationDa": "2025-09-20T00:00:00", "Creator": "gisproc_sys", "EditDate": "2025-09-20T00:00:00", "Editor": "gisproc_sys", "match_results": [ ], "sf_detached": 0, "sf_attached": 0, "duplex/triplex": 0, "multifamily": 0, "condo": 0 }, "geometry": { "type": "Point", "coordinates": [ -8780430.086484238505363, 4307632.929234346374869 ] } },
{ "type": "Feature", "properties": { "A_NUMBER": "D2500050", "A_TYPE": "PL_MINSP", "A_DATE": "2025-02-28T00:00:00", "A_STATUS": "CORR", "A_STATUS_D": "2025-06-20T00:00:00", "A_PROJECT_": "803 Sherron Road Townhomes", "A_DESCRIPT": "New townhome development with 53 units and new right of way, in association with Z2300045", "A_USER_ID": "EDWARDFR", "A_CASE_PLA": "COLERE", "StatCode": "CORR", "AppStatus": "Corrections Required", "AppCode": "PL_MINSP", "AppType": "Level 4 - Administrative Site Plan", "CasePlanne": "Cole Renigar", "EMAIL": "Cole.Renigar@durhamnc.gov", "ORIG_FID": 21083, "CreationDa": "2025-09-20T00:00:00", "Creator": "gisproc_sys", "EditDate": "2025-09-20T00:00:00", "Editor": "gisproc_sys", "match_results": "[(53, None, 'townhouse', 'units')]", "sf_detached": 0, "sf_attached": 53, "duplex/triplex": 0, "multifamily": 0, "condo": 0 }, "geometry": { "type": "Point", "coordinates": [ -8772791.361001523211598, 4295456.940571774728596 ] } },
{ "type": "Feature", "properties": { "A_NUMBER": "D2500072", "A_TYPE": "PL_MINSP", "A_DATE": "2025-03-18T00:00:00", "A_STATUS": "UN_RE", "A_STATUS_D": "2025-03-18T00:00:00", "A_PROJECT_": "Leigh Valley", "A_DESCRIPT": "Apartment development to include 324 units.", "A_USER_ID": "EESBRI", "A_CASE_PLA": "TREYFI", "StatCode": "UN_RE", "AppStatus": "Under Review", "AppCode": "PL_MINSP", "AppType": "Level 4 - Administrative Site Plan", "CasePlanne": "Trey Figueroa", "EMAIL": "Trey.Figueroa@durhamnc.gov", "ORIG_FID": 21142, "CreationDa": "2025-09-20T00:00:00", "Creator": "gisproc_sys", "EditDate": "2025-09-20T00:00:00", "Editor": "gisproc_sys", "match_results": "[(324, None, 'apartment', 'units')]", "sf_detached": 0, "sf_attached": 0, "duplex/triplex": 0, "multifamily": 324, "condo": 0 }, "geometry": { "type": "Point", "coordinates": [ -8793284.078823033720255, 4289480.1249705478549 ] } },
{ "type": "Feature", "properties": { "A_NUMBER": "D2500088", "A_TYPE": "PL_MINSP", "A_DATE": "2025-04-01T00:00:00", "A_STATUS": "UN_RE", "A_STATUS_D": "2025-04-01T00:00:00", "A_PROJECT_": "Cornwallis Townhomes", "A_DESCRIPT": "Create 33 townhome site.", "A_USER_ID": "EARLENETHO", "A_CASE_PLA": "JALISAHA", "StatCode": "UN_RE", "AppStatus": "Under Review", "AppCode": "PL_MINSP", "AppType": "Level 4 - Administrative Site Plan", "CasePlanne": "JALISA HARRIS", "EMAIL": "Jalisa.Harris@durhamnc.gov", "ORIG_FID": 21177, "CreationDa": "2025-09-20T00:00:00", "Creator": "gisproc_sys", "EditDate": "2025-09-20T00:00:00", "Editor": "gisproc_sys", "match_results": "[(33, None, 'townhouse', None)]", "sf_detached": 0, "sf_attached": 33, "duplex/triplex": 0, "multifamily": 0, "condo": 0 }, "geometry": { "type": "Point", "coordinates": [ -8782339.992487633600831, 4292048.577705995179713 ] } },
{ "type": "Feature", "properties": { "A_NUMBER": "D2500095", "A_TYPE": "PL_MINSP", "A_DATE": "2025-04-17T00:00:00", "A_STATUS": "APP", "A_STATUS_D": "2025-08-22T00:00:00", "A_PROJECT_": "4702 Farrington Rd - Grading Only", "A_DESCRIPT": "Grading only site plan for future residential development.", "A_USER_ID": "PEYTONBL", "A_CASE_PLA": "PEYTONBL", "StatCode": "APP", "AppStatus": "Approved", "AppCode": "PL_MINSP", "AppType": "Level 4 - Administrative Site Plan", "CasePlanne": "PEYTON BLANCHARD", "EMAIL": "PEYTON.BLANCHARD@DURHAMNC.GOV", "ORIG_FID": 21223, "CreationDa": "2025-09-20T00:00:00", "Creator": "gisproc_sys", "EditDate": "2025-09-20T00:00:00", "Editor": "gisproc_sys", "match_results": [ ], "sf_detached": 0, "sf_attached": 0, "duplex/triplex": 0, "multifamily": 0, "condo": 0 }, "geometry": { "type": "Point", "coordinates": [ -8793212.805722694844007, 4291499.696714116260409 ] } },
{ "type": "Feature", "properties": { "A_NUMBER": "D2500103", "A_TYPE": "PL_MINSP", "A_DATE": "2025-04-25T00:00:00", "A_STATUS": "UN_RE", "A_STATUS_D": "2025-04-25T00:00:00", "A_PROJECT_": "Fayetteville Road MultiFamily", "A_DESCRIPT": "Phase one of overall development - single family detached lots and townhomes (88 units).", "A_USER_ID": "MICHAELMA", "A_CASE_PLA": "TREYFI", "StatCode": "UN_RE", "AppStatus": "Under Review", "AppCode": "PL_MINSP", "AppType": "Level 4 - Administrative Site Plan", "CasePlanne": "Trey Figueroa", "EMAIL": "Trey.Figueroa@durhamnc.gov", "ORIG_FID": 21242, "CreationDa": "2025-09-20T00:00:00", "Creator": "gisproc_sys", "EditDate": "2025-09-20T00:00:00", "Editor": "gisproc_sys", "match_results": "[(88, None, 'single family', 'units')]", "sf_detached": 88, "sf_attached": 0, "duplex/triplex": 0, "multifamily": 0, "condo": 0 }, "geometry": { "type": "Point", "coordinates": [ -8788646.627595322206616, 4283952.980017773807049 ] } },
{ "type": "Feature", "properties": { "A_NUMBER": "D2500120", "A_TYPE": "PL_MINSP", "A_DATE": "2025-05-19T00:00:00", "A_STATUS": "UN_RE", "A_STATUS_D": "2025-05-19T00:00:00", "A_PROJECT_": "Courtyards at Oak Grove II", "A_DESCRIPT": "36 Single Family Detached dwellings, 31 town homes and all supporting open space and infrastructure.", "A_USER_ID": "JMCNEILL", "A_CASE_PLA": "TREYFI", "StatCode": "UN_RE", "AppStatus": "Under Review", "AppCode": "PL_MINSP", "AppType": "Level 4 - Administrative Site Plan", "CasePlanne": "Trey Figueroa", "EMAIL": "Trey.Figueroa@durhamnc.gov", "ORIG_FID": 21315, "CreationDa": "2025-09-20T00:00:00", "Creator": "gisproc_sys", "EditDate": "2025-09-20T00:00:00", "Editor": "gisproc_sys", "match_results": "[(36, None, 'single family', None), (31, None, 'townhouse', None)]", "sf_detached": 36, "sf_attached": 31, "duplex/triplex": 0, "multifamily": 0, "condo": 0 }, "geometry": { "type": "Point", "coordinates": [ -8771590.158021714538336, 4293867.47202458884567 ] } },
{ "type": "Feature", "properties": { "A_NUMBER": "D2500133", "A_TYPE": "PL_MINSP", "A_DATE": "2025-06-04T00:00:00", "A_STATUS": "UN_RE", "A_STATUS_D": "2025-08-26T00:00:00", "A_PROJECT_": "AMH Brier Creek", "A_DESCRIPT": "Townhome and multifamily duplex development with permitted accessory uses.", "A_USER_ID": "MICHELLEHAH", "A_CASE_PLA": "COLERE", "StatCode": "UN_RE", "AppStatus": "Under Review", "AppCode": "PL_MINSP", "AppType": "Level 4 - Administrative Site Plan", "CasePlanne": "Cole Renigar", "EMAIL": "Cole.Renigar@durhamnc.gov", "ORIG_FID": 21365, "CreationDa": "2025-09-20T00:00:00", "Creator": "gisproc_sys", "EditDate": "2025-09-20T00:00:00", "Editor": "gisproc_sys", "match_results": [ ], "sf_detached": 0, "sf_attached": 0, "duplex/triplex": 0, "multifamily": 0, "condo": 0 }, "geometry": { "type": "Point", "coordinates": [ -8768815.870769931003451, 4294410.645224703475833 ] } },
{ "type": "Feature", "properties": { "A_NUMBER": "D2500146", "A_TYPE": "PL_MINSP", "A_DATE": "2025-06-18T00:00:00", "A_STATUS": "CORR", "A_STATUS_D": "2025-06-27T00:00:00", "A_PROJECT_": "Sterling", "A_DESCRIPT": "Single family detached home subdivision with NCDOT streets, community water and individual septic systems.", "A_USER_ID": "JMCNEILL", "A_CASE_PLA": "COLERE", "StatCode": "CORR", "AppStatus": "Corrections Required", "AppCode": "PL_MINSP", "AppType": "Level 4 - Administrative Site Plan", "CasePlanne": "Cole Renigar", "EMAIL": "Cole.Renigar@durhamnc.gov", "ORIG_FID": 21410, "CreationDa": "2025-09-20T00:00:00", "Creator": "gisproc_sys", "EditDate": "2025-09-20T00:00:00", "Editor": "gisproc_sys", "match_results": [ ], "sf_detached": 0, "sf_attached": 0, "duplex/triplex": 0, "multifamily": 0, "condo": 0 }, "geometry": { "type": "Point", "coordinates": [ -8791189.605388969182968, 4313172.672454380430281 ] } },
{ "type": "Feature", "properties": { "A_NUMBER": "D2500149", "A_TYPE": "PL_MINSP", "A_DATE": "2025-06-23T00:00:00", "A_STATUS": "UN_RE", "A_STATUS_D": "2025-06-23T00:00:00", "A_PROJECT_": "Mt. Moriah II-By Right", "A_DESCRIPT": "156 Units, totaling approximately 65,594 sq. ft.", "A_USER_ID": "STEVENPA", "A_CASE_PLA": "TREYFI", "StatCode": "UN_RE", "AppStatus": "Under Review", "AppCode": "PL_MINSP", "AppType": "Level 4 - Administrative Site Plan", "CasePlanne": "Trey Figueroa", "EMAIL": "Trey.Figueroa@durhamnc.gov", "ORIG_FID": 21417, "CreationDa": "2025-09-20T00:00:00", "Creator": "gisproc_sys", "EditDate": "2025-09-20T00:00:00", "Editor": "gisproc_sys", "match_results": [ ], "sf_detached": 0, "sf_attached": 0, "duplex/triplex": 0, "multifamily": 0, "condo": 0 }, "geometry": { "type": "Point", "coordinates": [ -8793267.39831324853003, 4293093.491619201377034 ] } },
{ "type": "Feature", "properties": { "A_NUMBER": "D2500150", "A_TYPE": "PL_MINSP", "A_DATE": "2025-06-23T00:00:00", "A_STATUS": "UN_RE", "A_STATUS_D": "2025-09-04T00:00:00", "A_PROJECT_": "Mt. Moriah II-Affordable", "A_DESCRIPT": "152 Units, totaling approximately 59,136 sq. ft.", "A_USER_ID": "STEVENPA", "A_CASE_PLA": "COLERE", "StatCode": "UN_RE", "AppStatus": "Under Review", "AppCode": "PL_MINSP", "AppType": "Level 4 - Administrative Site Plan", "CasePlanne": "Cole Renigar", "EMAIL": "Cole.Renigar@durhamnc.gov", "ORIG_FID": 21424, "CreationDa": "2025-09-20T00:00:00", "Creator": "gisproc_sys", "EditDate": "2025-09-20T00:00:00", "Editor": "gisproc_sys", "match_results": [ ], "sf_detached": 0, "sf_attached": 0, "duplex/triplex": 0, "multifamily": 0, "condo": 0 }, "geometry": { "type": "Point", "coordinates": [ -8793344.768997862935066, 4293185.805774049833417 ] } },
{ "type": "Feature", "properties": { "A_NUMBER": "D2500158", "A_TYPE": "PL_MINSP", "A_DATE": "2025-06-30T00:00:00", "A_STATUS": "UN_RE", "A_STATUS_D": "2025-06-30T00:00:00", "A_PROJECT_": "5802 S Miami Blvd Multi-Family", "A_DESCRIPT": "369-unit multi-family building with structured parking deck and additional utility improvements.", "A_USER_ID": "MICHAELMA", "A_CASE_PLA": "TREYFI", "StatCode": "UN_RE", "AppStatus": "Under Review", "AppCode": "PL_MINSP", "AppType": "Level 4 - Administrative Site Plan", "CasePlanne": "Trey Figueroa", "EMAIL": "Trey.Figueroa@durhamnc.gov", "ORIG_FID": 21446, "CreationDa": "2025-09-20T00:00:00", "Creator": "gisproc_sys", "EditDate": "2025-09-20T00:00:00", "Editor": "gisproc_sys", "match_results": "[(369, None, 'multifamily', None)]", "sf_detached": 0, "sf_attached": 0, "duplex/triplex": 0, "multifamily": 369, "condo": 0 }, "geometry": { "type": "Point", "coordinates": [ -8777744.209917563945055, 4282936.924539210274816 ] } },
{ "type": "Feature", "properties": { "A_NUMBER": "D2500159", "A_TYPE": "PL_MINSP", "A_DATE": "2025-06-30T00:00:00", "A_STATUS": "CORR", "A_STATUS_D": "2025-08-13T00:00:00", "A_PROJECT_": "Mineral Springs Road Towns", "A_DESCRIPT": "46 townhome lots with 3 open space lots with associated public infrastructure.", "A_USER_ID": "EDWARDFR", "A_CASE_PLA": "COLERE", "StatCode": "CORR", "AppStatus": "Corrections Required", "AppCode": "PL_MINSP", "AppType": "Level 4 - Administrative Site Plan", "CasePlanne": "Cole Renigar", "EMAIL": "Cole.Renigar@durhamnc.gov", "ORIG_FID": 21447, "CreationDa": "2025-09-20T00:00:00", "Creator": "gisproc_sys", "EditDate": "2025-09-20T00:00:00", "Editor": "gisproc_sys", "match_results": "[(46, None, 'townhouse', 'lots')]", "sf_detached": 0, "sf_attached": 46, "duplex/triplex": 0, "multifamily": 0, "condo": 0 }, "geometry": { "type": "Point", "coordinates": [ -8776000.145725412294269, 4295207.05900327116251 ] } },
{ "type": "Feature", "properties": { "A_NUMBER": "D2500164", "A_TYPE": "PL_MINSP", "A_DATE": "2025-07-08T00:00:00", "A_STATUS": "UN_RE", "A_STATUS_D": "2025-07-08T00:00:00", "A_PROJECT_": "Farrington Road Multi-Family Development", "A_DESCRIPT": "371 multi-family units with surface/garage parking.", "A_USER_ID": "MICHAELMA", "A_CASE_PLA": "JALISAHA", "StatCode": "UN_RE", "AppStatus": "Under Review", "AppCode": "PL_MINSP", "AppType": "Level 4 - Administrative Site Plan", "CasePlanne": "JALISA HARRIS", "EMAIL": "Jalisa.Harris@durhamnc.gov", "ORIG_FID": 21471, "CreationDa": "2025-09-20T00:00:00", "Creator": "gisproc_sys", "EditDate": "2025-09-20T00:00:00", "Editor": "gisproc_sys", "match_results": "[(371, None, 'multifamily', 'units')]", "sf_detached": 0, "sf_attached": 0, "duplex/triplex": 0, "multifamily": 371, "condo": 0 }, "geometry": { "type": "Point", "coordinates": [ -8793370.001685295253992, 4289995.214676293544471 ] } },
{ "type": "Feature", "properties": { "A_NUMBER": "D2500187", "A_TYPE": "PL_MINSP", "A_DATE": "2025-07-30T00:00:00", "A_STATUS": "UN_RE", "A_STATUS_D": "2025-09-12T00:00:00", "A_PROJECT_": "Beamon Street", "A_DESCRIPT": "26 single family lot subdivision comprised of 14 town homes and 12 duplexes as well as all associated infrastructure.", "A_USER_ID": "EESBRI", "A_CASE_PLA": "JALISAHA", "StatCode": "UN_RE", "AppStatus": "Under Review", "AppCode": "PL_MINSP", "AppType": "Level 4 - Administrative Site Plan", "CasePlanne": "JALISA HARRIS", "EMAIL": "Jalisa.Harris@durhamnc.gov", "ORIG_FID": 21533, "CreationDa": "2025-09-20T00:00:00", "Creator": "gisproc_sys", "EditDate": "2025-09-20T00:00:00", "Editor": "gisproc_sys", "match_results": "[(26, None, 'single family', None), (14, None, 'townhouse', None), (12, None, 'duplex', None)]", "sf_detached": 26, "sf_attached": 14, "duplex/triplex": 12, "multifamily": 0, "condo": 0 }, "geometry": { "type": "Point", "coordinates": [ -8783548.020849598571658, 4298562.512181111611426 ] } },
{ "type": "Feature", "properties": { "A_NUMBER": "D2500188", "A_TYPE": "PL_MINSP", "A_DATE": "2025-08-04T00:00:00", "A_STATUS": "UN_RE", "A_STATUS_D": "2025-08-04T00:00:00", "A_PROJECT_": "Virgil Rd Assemblage", "A_DESCRIPT": "230 unit residential subdivision with a pump station.", "A_USER_ID": "MICHAELEVE", "A_CASE_PLA": "TREYFI", "StatCode": "UN_RE", "AppStatus": "Under Review", "AppCode": "PL_MINSP", "AppType": "Level 4 - Administrative Site Plan", "CasePlanne": "Trey Figueroa", "EMAIL": "Trey.Figueroa@durhamnc.gov", "ORIG_FID": 21547, "CreationDa": "2025-09-20T00:00:00", "Creator": "gisproc_sys", "EditDate": "2025-09-20T00:00:00", "Editor": "gisproc_sys", "match_results": [ ], "sf_detached": 0, "sf_attached": 0, "duplex/triplex": 0, "multifamily": 0, "condo": 0 }, "geometry": { "type": "Point", "coordinates": [ -8766886.964710257947445, 4292076.433387679979205 ] } },
{ "type": "Feature", "properties": { "A_NUMBER": "D2500190", "A_TYPE": "PL_MINSP", "A_DATE": "2025-08-04T00:00:00", "A_STATUS": "CORR", "A_STATUS_D": "2025-09-15T00:00:00", "A_PROJECT_": "Mason Farms Conservation Subdivision (new version)", "A_DESCRIPT": "Residential subdivision with 141 proposed lots, wastewater collection and treatment system, and well water system.", "A_USER_ID": "EDWARDFR", "A_CASE_PLA": "COLERE", "StatCode": "CORR", "AppStatus": "Corrections Required", "AppCode": "PL_MINSP", "AppType": "Level 4 - Administrative Site Plan", "CasePlanne": "Cole Renigar", "EMAIL": "Cole.Renigar@durhamnc.gov", "ORIG_FID": 21549, "CreationDa": "2025-09-20T00:00:00", "Creator": "gisproc_sys", "EditDate": "2025-09-20T00:00:00", "Editor": "gisproc_sys", "match_results": [ ], "sf_detached": 0, "sf_attached": 0, "duplex/triplex": 0, "multifamily": 0, "condo": 0 }, "geometry": { "type": "Point", "coordinates": [ -8783298.224305134266615, 4317741.678936045616865 ] } },
{ "type": "Feature", "properties": { "A_NUMBER": "D2500199", "A_TYPE": "PL_MINSP", "A_DATE": "2025-08-11T00:00:00", "A_STATUS": "UN_RE", "A_STATUS_D": "2025-08-11T00:00:00", "A_PROJECT_": "Howard's Place", "A_DESCRIPT": "Mixed use multi-family development with accessory commercial space housing to include single-family housing.", "A_USER_ID": "HARMONHE", "A_CASE_PLA": "TREYFI", "StatCode": "UN_RE", "AppStatus": "Under Review", "AppCode": "PL_MINSP", "AppType": "Level 4 - Administrative Site Plan", "CasePlanne": "Trey Figueroa", "EMAIL": "Trey.Figueroa@durhamnc.gov", "ORIG_FID": 21570, "CreationDa": "2025-09-20T00:00:00", "Creator": "gisproc_sys", "EditDate": "2025-09-20T00:00:00", "Editor": "gisproc_sys", "match_results": [ ], "sf_detached": 0, "sf_attached": 0, "duplex/triplex": 0, "multifamily": 0, "condo": 0 }, "geometry": { "type": "Point", "coordinates": [ -8768255.07627965696156, 4297277.368383348919451 ] } },
{ "type": "Feature", "properties": { "A_NUMBER": "D2500202", "A_TYPE": "PL_MINSP", "A_DATE": "2025-08-14T00:00:00", "A_STATUS": "UN_RE", "A_STATUS_D": "2025-08-14T00:00:00", "A_PROJECT_": "443 Infinity Rd", "A_DESCRIPT": "28 unit townhouse community.", "A_USER_ID": "ERIKA", "A_CASE_PLA": "TREYFI", "StatCode": "UN_RE", "AppStatus": "Under Review", "AppCode": "PL_MINSP", "AppType": "Level 4 - Administrative Site Plan", "CasePlanne": "Trey Figueroa", "EMAIL": "Trey.Figueroa@durhamnc.gov", "ORIG_FID": 21580, "CreationDa": "2025-09-20T00:00:00", "Creator": "gisproc_sys", "EditDate": "2025-09-20T00:00:00", "Editor": "gisproc_sys", "match_results": "[(28, None, 'townhouse', None)]", "sf_detached": 0, "sf_attached": 28, "duplex/triplex": 0, "multifamily": 0, "condo": 0 }, "geometry": { "type": "Point", "coordinates": [ -8783205.273135112598538, 4311497.463004859164357 ] } },
{ "type": "Feature", "properties": { "A_NUMBER": "D2500218", "A_TYPE": "PL_MINSP", "A_DATE": "2025-09-02T00:00:00", "A_STATUS": "UN_RE", "A_STATUS_D": "2025-09-02T00:00:00", "A_PROJECT_": "Green Hill", "A_DESCRIPT": "Construction of 440 multi-family units with associated amenities and infrastructure.", "A_USER_ID": "MICHAELEVE", "A_CASE_PLA": "JALISAHA", "StatCode": "UN_RE", "AppStatus": "Under Review", "AppCode": "PL_MINSP", "AppType": "Level 4 - Administrative Site Plan", "CasePlanne": "JALISA HARRIS", "EMAIL": "Jalisa.Harris@durhamnc.gov", "ORIG_FID": 21634, "CreationDa": "2025-09-20T00:00:00", "Creator": "gisproc_sys", "EditDate": "2025-09-20T00:00:00", "Editor": "gisproc_sys", "match_results": "[(440, None, 'multifamily', 'units')]", "sf_detached": 0, "sf_attached": 0, "duplex/triplex": 0, "multifamily": 440, "condo": 0 }, "geometry": { "type": "Point", "coordinates": [ -8788340.87142763286829, 4303588.78852469380945 ] } },
{ "type": "Feature", "properties": { "A_NUMBER": "D2500219", "A_TYPE": "PL_MINSP", "A_DATE": "2025-09-04T00:00:00", "A_STATUS": "UN_RE", "A_STATUS_D": "2025-09-04T00:00:00", "A_PROJECT_": "Pearson Flats", "A_DESCRIPT": "Multi-family development to be multiple apartment buildings with surface level parking. No retail or commercial.", "A_USER_ID": "JALISAHA", "A_CASE_PLA": "JALISAHA", "StatCode": "UN_RE", "AppStatus": "Under Review", "AppCode": "PL_MINSP", "AppType": "Level 4 - Administrative Site Plan", "CasePlanne": "JALISA HARRIS", "EMAIL": "Jalisa.Harris@durhamnc.gov", "ORIG_FID": 21638, "CreationDa": "2025-09-20T00:00:00", "Creator": "gisproc_sys", "EditDate": "2025-09-20T00:00:00", "Editor": "gisproc_sys", "match_results": [ ], "sf_detached": 0, "sf_attached": 0, "duplex/triplex": 0, "multifamily": 0, "condo": 0 }, "geometry": { "type": "Point", "coordinates": [ -8783698.596954096108675, 4294440.962460801005363 ] } },
{ "type": "Feature", "properties": { "A_NUMBER": "D2500226", "A_TYPE": "PL_MINSP", "A_DATE": "2025-09-12T00:00:00", "A_STATUS": "ON_HOLD", "A_STATUS_D": "2025-09-17T00:00:00", "A_PROJECT_": "Glennstone Annex", "A_DESCRIPT": "17 single family lots extending from ex. Chimney Stone Road.", "A_USER_ID": "JESSICADO", "A_CASE_PLA": "TREYFI", "StatCode": "ON_HOLD", "AppStatus": "On Hold", "AppCode": "PL_MINSP", "AppType": "Level 4 - Administrative Site Plan", "CasePlanne": "Trey Figueroa", "EMAIL": "Trey.Figueroa@durhamnc.gov", "ORIG_FID": 21662, "CreationDa": "2025-09-20T00:00:00", "Creator": "gisproc_sys", "EditDate": "2025-09-20T00:00:00", "Editor": "gisproc_sys", "match_results": "[(17, None, 'single family', 'lots')]", "sf_detached": 17, "sf_attached": 0, "duplex/triplex": 0, "multifamily": 0, "condo": 0 }, "geometry": { "type": "Point", "coordinates": [ -8775902.545148283243179, 4308104.046894691884518 ] } }
]
}
