{
"type": "FeatureCollection",
"name": "resdev_filtered",
"crs": { "type": "name", "properties": { "name": "urn:ogc:def:crs:OGC:1.3:CRS84" } },
"features": [
{ "type": "Feature", "properties": { "A_NUMBER": "D2200173", "A_TYPE": "PL_MINSP", "A_DATE": "2022-05-25T00:00:00", "A_STATUS": "APP", "A_STATUS_D": "2023-02-01T00:00:00", "A_PROJECT_": "Pineview Glen Town homes - Mass Grading", "A_DESCRIPT": "Mass grading only site plan for residential townhome project.", "A_USER_ID": "JUSTINH", "A_CASE_PLA": "KEAGANSA", "StatCode": "APP", "AppStatus": "Approved", "AppCode": "PL_MINSP", "AppType": "Level 4 - Administrative Site Plan", "CasePlanne": "Keagan Sacripanti", "EMAIL": "Keagan.Sacripanti@durhamnc.gov", "ORIG_FID": 140, "CreationDa": "2025-09-20T00:00:00", "Creator": "gisproc_sys", "EditDate": "2025-09-20T00:00:00", "Editor": "gisproc_sys", "match_results": [ ] }, "geometry": { "type": "Point", "coordinates": [ -78.810514330443155, 35.927764779760885 ] } },
{ "type": "Feature", "properties": { "A_NUMBER": "D2200181", "A_TYPE": "PL_MINSP", "A_DATE": "2022-06-07T00:00:00", "A_STATUS": "APP", "A_STATUS_D": "2023-05-16T00:00:00", "A_PROJECT_": "GTH Owner LLC", "A_DESCRIPT": "33 new town home lots with garages and mail kiosk with parking", "A_USER_ID": "COLERE", "A_CASE_PLA": "COLERE", "StatCode": "APP", "AppStatus": "Approved", "AppCode": "PL_MINSP", "AppType": "Level 4 - Administrative Site Plan", "CasePlanne": "Cole Renigar", "EMAIL": "Cole.Renigar@durhamnc.gov", "ORIG_FID": 309, "CreationDa": "2025-09-20T00:00:00", "Creator": "gisproc_sys", "EditDate": "2025-09-20T00:00:00", "Editor": "gisproc_sys", "match_results": "[(33, None, 'townhouse', 'lots')]" }, "geometry": { "type": "Point", "coordinates": [ -78.892551008513877, 36.002638369109576 ] } },
{ "type": "Feature", "properties": { "A_NUMBER": "D2300150", "A_TYPE": "PL_MINSP", "A_DATE": "2023-06-07T00:00:00", "A_STATUS": "APP", "A_STATUS_D": "2024-10-22T00:00:00", "A_PROJECT_": "Hope Crossing II", "A_DESCRIPT": "32 single family units on small lots and 23 townhomes with associated streets, sidewalks, grading, water, sewer, stormwater management and landscaping.", "A_USER_ID": "TREYFI", "A_CASE_PLA": "TREYFI", "StatCode": "APP", "AppStatus": "Approved", "AppCode": "PL_MINSP", "AppType": "Level 4 - Administrative Site Plan", "CasePlanne": "Trey Figueroa", "EMAIL": "Trey.Figueroa@durhamnc.gov", "ORIG_FID": 337, "CreationDa": "2025-09-20T00:00:00", "Creator": "gisproc_sys", "EditDate": "2025-09-20T00:00:00", "Editor": "gisproc_sys", "match_results": "[(32, None, 'single family', 'units'), (23, None, 'townhouse', None)]" }, "geometry": { "type": "Point", "coordinates": [ -78.845043003065641, 35.998832634320443 ] } },
{ "type": "Feature", "properties": { "A_NUMBER": "D2100111", "A_TYPE": "PL_MINSP", "A_DATE": "2021-04-12T00:00:00", "A_STATUS": "APP", "A_STATUS_D": "2024-03-15T00:00:00", "A_PROJECT_": "Vintage Hill Subdivision", "A_DESCRIPT": "This is a residential subdivision of a 20.96 acre tract to a 49 single-family unit subdivision.", "A_USER_ID": "JESSICADO", "A_CASE_PLA": "COLERE", "StatCode": "APP", "AppStatus": "Approved", "AppCode": "PL_MINSP", "AppType": "Level 4 - Administrative Site Plan", "CasePlanne": "Cole Renigar", "EMAIL": "Cole.Renigar@durhamnc.gov", "ORIG_FID": 555, "CreationDa": "2025-09-20T00:00:00", "Creator": "gisproc_sys", "EditDate": "2025-09-20T00:00:00", "Editor": "gisproc_sys", "match_results": "[(49, None, 'single family', None)]" }, "geometry": { "type": "Point", "coordinates": [ -78.866722255001932, 36.109418967979003 ] } },
{ "type": "Feature", "properties": { "A_NUMBER": "D2300010", "A_TYPE": "PL_MINSP", "A_DATE": "2023-01-18T00:00:00", "A_STATUS": "APP", "A_STATUS_D": "2025-08-17T00:00:00", "A_PROJECT_": "Caring House", "A_DESCRIPT": "Addition of temporary care housing for cancer patients.", "A_USER_ID": "TREYFI", "A_CASE_PLA": "TREYFI", "StatCode": "APP", "AppStatus": "Approved", "AppCode": "PL_MINSP", "AppType": "Level 4 - Administrative Site Plan", "CasePlanne": "Trey Figueroa", "EMAIL": "Trey.Figueroa@durhamnc.gov", "ORIG_FID": 762, "CreationDa": "2025-09-20T00:00:00", "Creator": "gisproc_sys", "EditDate": "2025-09-20T00:00:00", "Editor": "gisproc_sys", "match_results": [ ] }, "geometry": { "type": "Point", "coordinates": [ -78.944443159100587, 35.973880550290929 ] } },
{ "type": "Feature", "properties": { "A_NUMBER": "D2200347", "A_TYPE": "PL_MINSP", "A_DATE": "2022-10-11T00:00:00", "A_STATUS": "APP", "A_STATUS_D": "2024-09-23T00:00:00", "A_PROJECT_": "2012 Ward Street", "A_DESCRIPT": "Proposed 14 townhomes and 1 single-family home with an accessory dwelling unit.", "A_USER_ID": "COLERE", "A_CASE_PLA": "COLERE", "StatCode": "APP", "AppStatus": "Approved", "AppCode": "PL_MINSP", "AppType": "Level 4 - Administrative Site Plan", "CasePlanne": "Cole Renigar", "EMAIL": "Cole.Renigar@durhamnc.gov", "ORIG_FID": 840, "CreationDa": "2025-09-20T00:00:00", "Creator": "gisproc_sys", "EditDate": "2025-09-20T00:00:00", "Editor": "gisproc_sys", "match_results": "[(14, None, 'townhouse', None), (1, None, 'single family', None)]" }, "geometry": { "type": "Point", "coordinates": [ -78.928490729749441, 35.98287148085285 ] } },
{ "type": "Feature", "properties": { "A_NUMBER": "D2200203", "A_TYPE": "PL_MINSP", "A_DATE": "2022-06-15T00:00:00", "A_STATUS": "APP", "A_STATUS_D": "2023-08-02T00:00:00", "A_PROJECT_": "Washington Street Townhomes", "A_DESCRIPT": "11,600 SF four-story 3 unit townhome project with 2600 SF/ unit for the heated space and 2550 SF for the parking garage  and at the back. ", "A_USER_ID": "JESSICADO", "A_CASE_PLA": "ROBINSH", "StatCode": "APP", "AppStatus": "Approved", "AppCode": "PL_MINSP", "AppType": "Level 4 - Administrative Site Plan", "CasePlanne": "Robin Schultze", "EMAIL": "Robin.Schultze@durhamnc.gov", "ORIG_FID": 860, "CreationDa": "2025-09-20T00:00:00", "Creator": "gisproc_sys", "EditDate": "2025-09-20T00:00:00", "Editor": "gisproc_sys", "match_results": "[(3, None, 'townhouse', None)]" }, "geometry": { "type": "Point", "coordinates": [ -78.902429446325542, 36.004275667676517 ] } },
{ "type": "Feature", "properties": { "A_NUMBER": "D2200106", "A_TYPE": "PL_MINSP", "A_DATE": "2022-03-30T00:00:00", "A_STATUS": "APP", "A_STATUS_D": "2024-03-07T00:00:00", "A_PROJECT_": "Latta Park Residential", "A_DESCRIPT": "Subdivision of existing property and construction of a public road with associated facilities and infrastructure. 176 Townhouses, including 10 affordable units.", "A_USER_ID": "JESSICADO", "A_CASE_PLA": "ROBINSH", "StatCode": "APP", "AppStatus": "Approved", "AppCode": "PL_MINSP", "AppType": "Level 4 - Administrative Site Plan", "CasePlanne": "Robin Schultze", "EMAIL": "Robin.Schultze@durhamnc.gov", "ORIG_FID": 957, "CreationDa": "2025-09-20T00:00:00", "Creator": "gisproc_sys", "EditDate": "2025-09-20T00:00:00", "Editor": "gisproc_sys", "match_results": "[(176, None, 'townhouse', None)]" }, "geometry": { "type": "Point", "coordinates": [ -78.927978018448059, 36.078511078051392 ] } },
{ "type": "Feature", "properties": { "A_NUMBER": "D2200230", "A_TYPE": "PL_MINSP", "A_DATE": "2022-07-01T00:00:00", "A_STATUS": "APP", "A_STATUS_D": "2025-02-24T00:00:00", "A_PROJECT_": "Panther Creek Phases C & D", "A_DESCRIPT": "89 Single family lots + 4 open spaces", "A_USER_ID": "KASIMAZ", "A_CASE_PLA": "COLERE", "StatCode": "APP", "AppStatus": "Approved", "AppCode": "PL_MINSP", "AppType": "Level 4 - Administrative Site Plan", "CasePlanne": "Cole Renigar", "EMAIL": "Cole.Renigar@durhamnc.gov", "ORIG_FID": 1000, "CreationDa": "2025-09-20T00:00:00", "Creator": "gisproc_sys", "EditDate": "2025-09-20T00:00:00", "Editor": "gisproc_sys", "match_results": "[(89, None, 'single family', 'lots')]" }, "geometry": { "type": "Point", "coordinates": [ -78.805366982885602, 36.034920744049025 ] } },
{ "type": "Feature", "properties": { "A_NUMBER": "D2200160", "A_TYPE": "PL_MINSP", "A_DATE": "2022-05-13T00:00:00", "A_STATUS": "APP", "A_STATUS_D": "2023-04-20T00:00:00", "A_PROJECT_": "W.Club Apartments", "A_DESCRIPT": "Construction of 268 multi-family units with associated amenities and infrastructure.", "A_USER_ID": "ROBINSH", "A_CASE_PLA": "ROBINSH", "StatCode": "APP", "AppStatus": "Approved", "AppCode": "PL_MINSP", "AppType": "Level 4 - Administrative Site Plan", "CasePlanne": "Robin Schultze", "EMAIL": "Robin.Schultze@durhamnc.gov", "ORIG_FID": 1433, "CreationDa": "2025-09-20T00:00:00", "Creator": "gisproc_sys", "EditDate": "2025-09-20T00:00:00", "Editor": "gisproc_sys", "match_results": "[(268, None, 'multifamily', 'units')]" }, "geometry": { "type": "Point", "coordinates": [ -78.904289506997927, 36.017983445122219 ] } },
{ "type": "Feature", "properties": { "A_NUMBER": "D2300060", "A_TYPE": "PL_MINSP", "A_DATE": "2023-02-27T00:00:00", "A_STATUS": "APP", "A_STATUS_D": "2023-07-05T00:00:00", "A_PROJECT_": "310 W Corporation St", "A_DESCRIPT": "6 units + 4 ADU's and 974 s.f. of commercial space. 5 lots proposed.", "A_USER_ID": "KEAGANSA", "A_CASE_PLA": "ROBINSH", "StatCode": "APP", "AppStatus": "Approved", "AppCode": "PL_MINSP", "AppType": "Level 4 - Administrative Site Plan", "CasePlanne": "Robin Schultze", "EMAIL": "Robin.Schultze@durhamnc.gov", "ORIG_FID": 1743, "CreationDa": "2025-09-20T00:00:00", "Creator": "gisproc_sys", "EditDate": "2025-09-20T00:00:00", "Editor": "gisproc_sys", "match_results": [ ] }, "geometry": { "type": "Point", "coordinates": [ -78.898854263626689, 36.00221136466147 ] } },
{ "type": "Feature", "properties": { "A_NUMBER": "D2200168", "A_TYPE": "PL_MINSP", "A_DATE": "2022-05-24T00:00:00", "A_STATUS": "APP", "A_STATUS_D": "2023-04-11T00:00:00", "A_PROJECT_": "Townes on Leesville", "A_DESCRIPT": "104 town home development ", "A_USER_ID": "JESSICADO", "A_CASE_PLA": "TREYFI", "StatCode": "APP", "AppStatus": "Approved", "AppCode": "PL_MINSP", "AppType": "Level 4 - Administrative Site Plan", "CasePlanne": "Trey Figueroa", "EMAIL": "Trey.Figueroa@durhamnc.gov", "ORIG_FID": 2162, "CreationDa": "2025-09-20T00:00:00", "Creator": "gisproc_sys", "EditDate": "2025-09-20T00:00:00", "Editor": "gisproc_sys", "match_results": "[(104, None, 'townhouse', None)]" }, "geometry": { "type": "Point", "coordinates": [ -78.799420795737177, 35.937327792490201 ] } },
{ "type": "Feature", "properties": { "A_NUMBER": "D2300255", "A_TYPE": "PL_MINSP", "A_DATE": "2023-11-13T00:00:00", "A_STATUS": "APP", "A_STATUS_D": "2024-05-10T00:00:00", "A_PROJECT_": "Hood Street Condos", "A_DESCRIPT": "24-unit apartment building totaling in 44,564 sf.", "A_USER_ID": "COLERE", "A_CASE_PLA": "COLERE", "StatCode": "APP", "AppStatus": "Approved", "AppCode": "PL_MINSP", "AppType": "Level 4 - Administrative Site Plan", "CasePlanne": "Cole Renigar", "EMAIL": "Cole.Renigar@durhamnc.gov", "ORIG_FID": 2183, "CreationDa": "2025-09-20T00:00:00", "Creator": "gisproc_sys", "EditDate": "2025-09-20T00:00:00", "Editor": "gisproc_sys", "match_results": "[(24, None, 'apartment', None)]" }, "geometry": { "type": "Point", "coordinates": [ -78.89492122149278, 35.989670517463168 ] } },
{ "type": "Feature", "properties": { "A_NUMBER": "D2200289", "A_TYPE": "PL_MINSP", "A_DATE": "2022-08-31T00:00:00", "A_STATUS": "APP", "A_STATUS_D": "2023-09-22T00:00:00", "A_PROJECT_": "Mica Ridge", "A_DESCRIPT": "308 townhomes, 98 Single family lots, 6 stormwater ponds and associated infrastructure", "A_USER_ID": "COLERE", "A_CASE_PLA": "COLERE", "StatCode": "APP", "AppStatus": "Approved", "AppCode": "PL_MINSP", "AppType": "Level 4 - Administrative Site Plan", "CasePlanne": "Cole Renigar", "EMAIL": "Cole.Renigar@durhamnc.gov", "ORIG_FID": 2460, "CreationDa": "2025-09-20T00:00:00", "Creator": "gisproc_sys", "EditDate": "2025-09-20T00:00:00", "Editor": "gisproc_sys", "match_results": "[(308, None, 'townhouse', None), (98, None, 'single family', 'lots')]" }, "geometry": { "type": "Point", "coordinates": [ -78.837547004010204, 35.958413403934095 ] } },
{ "type": "Feature", "properties": { "A_NUMBER": "D2300170", "A_TYPE": "PL_MINSP", "A_DATE": "2023-06-30T00:00:00", "A_STATUS": "APP", "A_STATUS_D": "2023-12-12T00:00:00", "A_PROJECT_": "Sandy Ridge Amendment", "A_DESCRIPT": "197 units of affordable apartments and accessory uses.", "A_USER_ID": "JESSICADO", "A_CASE_PLA": "TREYFI", "StatCode": "APP", "AppStatus": "Approved", "AppCode": "PL_MINSP", "AppType": "Level 4 - Administrative Site Plan", "CasePlanne": "Trey Figueroa", "EMAIL": "Trey.Figueroa@durhamnc.gov", "ORIG_FID": 2559, "CreationDa": "2025-09-20T00:00:00", "Creator": "gisproc_sys", "EditDate": "2025-09-20T00:00:00", "Editor": "gisproc_sys", "match_results": "[(197, None, 'apartment', None)]" }, "geometry": { "type": "Point", "coordinates": [ -78.879468740523208, 36.049667858421586 ] } },
{ "type": "Feature", "properties": { "A_NUMBER": "D2300173", "A_TYPE": "PL_MINSP", "A_DATE": "2023-07-13T00:00:00", "A_STATUS": "APP", "A_STATUS_D": "2025-02-11T00:00:00", "A_PROJECT_": "Goodwin Crossing", "A_DESCRIPT": "149 single family detached lots with supporting open space in 4 lots.", "A_USER_ID": "TREYFI", "A_CASE_PLA": "TREYFI", "StatCode": "APP", "AppStatus": "Approved", "AppCode": "PL_MINSP", "AppType": "Level 4 - Administrative Site Plan", "CasePlanne": "Trey Figueroa", "EMAIL": "Trey.Figueroa@durhamnc.gov", "ORIG_FID": 2601, "CreationDa": "2025-09-20T00:00:00", "Creator": "gisproc_sys", "EditDate": "2025-09-20T00:00:00", "Editor": "gisproc_sys", "match_results": "[(149, None, 'single family', 'lots')]" }, "geometry": { "type": "Point", "coordinates": [ -78.881752708704823, 36.090889063489058 ] } },
{ "type": "Feature", "properties": { "A_NUMBER": "D2300159", "A_TYPE": "PL_MINSP", "A_DATE": "2023-06-16T00:00:00", "A_STATUS": "APP", "A_STATUS_D": "2024-10-14T00:00:00", "A_PROJECT_": "501 Ramseur Street", "A_DESCRIPT": "New 195-unit apartment building totaling 196,500 sq. ft. on existing parking lot.", "A_USER_ID": "KEAGANSA", "A_CASE_PLA": "KEAGANSA", "StatCode": "APP", "AppStatus": "Approved", "AppCode": "PL_MINSP", "AppType": "Level 4 - Administrative Site Plan", "CasePlanne": "Keagan Sacripanti", "EMAIL": "Keagan.Sacripanti@durhamnc.gov", "ORIG_FID": 2849, "CreationDa": "2025-09-20T00:00:00", "Creator": "gisproc_sys", "EditDate": "2025-09-20T00:00:00", "Editor": "gisproc_sys", "match_results": "[(195, None, 'apartment', None)]" }, "geometry": { "type": "Point", "coordinates": [ -78.895946889709649, 35.991001307873688 ] } },
{ "type": "Feature", "properties": { "A_NUMBER": "D2200322", "A_TYPE": "PL_MINSP", "A_DATE": "2022-09-20T00:00:00", "A_STATUS": "APP", "A_STATUS_D": "2023-09-08T00:00:00", "A_PROJECT_": "West Village Courtyard Renovation", "A_DESCRIPT": "Project is to renovate and update the residential interior courtyards at the West Village community in downtown Durham. The scope of work will include updates to hardscape and planting materials, site furnishings, etc.", "A_USER_ID": "ROBINSH", "A_CASE_PLA": "ROBINSH", "StatCode": "APP", "AppStatus": "Approved", "AppCode": "PL_MINSP", "AppType": "Level 4 - Administrative Site Plan", "CasePlanne": "Robin Schultze", "EMAIL": "Robin.Schultze@durhamnc.gov", "ORIG_FID": 3221, "CreationDa": "2025-09-20T00:00:00", "Creator": "gisproc_sys", "EditDate": "2025-09-20T00:00:00", "Editor": "gisproc_sys", "match_results": [ ] }, "geometry": { "type": "Point", "coordinates": [ -78.906450771410007, 36.00012810064981 ] } },
{ "type": "Feature", "properties": { "A_NUMBER": "D2100034", "A_TYPE": "PL_MINSP", "A_DATE": "2021-02-08T00:00:00", "A_STATUS": "APP", "A_STATUS_D": "2023-11-27T00:00:00", "A_PROJECT_": "Wabash Parcels", "A_DESCRIPT": "This project includes 40 townhome lots with associated streets, sidewalks, utilities, grading, stormwater, and landscaping", "A_USER_ID": "KENNETHCA", "A_CASE_PLA": "TREYFI", "StatCode": "APP", "AppStatus": "Approved", "AppCode": "PL_MINSP", "AppType": "Level 4 - Administrative Site Plan", "CasePlanne": "Trey Figueroa", "EMAIL": "Trey.Figueroa@durhamnc.gov", "ORIG_FID": 3674, "CreationDa": "2025-09-20T00:00:00", "Creator": "gisproc_sys", "EditDate": "2025-09-20T00:00:00", "Editor": "gisproc_sys", "match_results": "[(40, None, 'townhouse', 'lots')]" }, "geometry": { "type": "Point", "coordinates": [ -78.888965742901632, 35.969826895115382 ] } },
{ "type": "Feature", "properties": { "A_NUMBER": "D2400006", "A_TYPE": "PL_MINSP", "A_DATE": "2024-01-16T00:00:00", "A_STATUS": "APP", "A_STATUS_D": "2024-07-10T00:00:00", "A_PROJECT_": "Alexander Crossing (new)", "A_DESCRIPT": "Apartments (176 units) with club house and dog park.", "A_USER_ID": "JUSTINH", "A_CASE_PLA": "COLERE", "StatCode": "APP", "AppStatus": "Approved", "AppCode": "PL_MINSP", "AppType": "Level 4 - Administrative Site Plan", "CasePlanne": "Cole Renigar", "EMAIL": "Cole.Renigar@durhamnc.gov", "ORIG_FID": 4281, "CreationDa": "2025-09-20T00:00:00", "Creator": "gisproc_sys", "EditDate": "2025-09-20T00:00:00", "Editor": "gisproc_sys", "match_results": "[(176, None, 'apartment', 'units')]" }, "geometry": { "type": "Point", "coordinates": [ -78.887093127124956, 35.880760910250352 ] } },
{ "type": "Feature", "properties": { "A_NUMBER": "D2300145", "A_TYPE": "PL_MINSP", "A_DATE": "2023-06-02T00:00:00", "A_STATUS": "APP", "A_STATUS_D": "2024-07-16T00:00:00", "A_PROJECT_": "Oakridge Residential", "A_DESCRIPT": "930 Multifamily units with structured parking.", "A_USER_ID": "COLERE", "A_CASE_PLA": "COLERE", "StatCode": "APP", "AppStatus": "Approved", "AppCode": "PL_MINSP", "AppType": "Level 4 - Administrative Site Plan", "CasePlanne": "Cole Renigar", "EMAIL": "Cole.Renigar@durhamnc.gov", "ORIG_FID": 4367, "CreationDa": "2025-09-20T00:00:00", "Creator": "gisproc_sys", "EditDate": "2025-09-20T00:00:00", "Editor": "gisproc_sys", "match_results": "[(930, None, 'multifamily', 'units')]" }, "geometry": { "type": "Point", "coordinates": [ -78.987975290059893, 35.959691646073644 ] } },
{ "type": "Feature", "properties": { "A_NUMBER": "D2300180", "A_TYPE": "PL_MINSP", "A_DATE": "2023-07-20T00:00:00", "A_STATUS": "APP", "A_STATUS_D": "2024-07-03T00:00:00", "A_PROJECT_": "Meridian Forty54", "A_DESCRIPT": "219 multifamily units totaling at 304,673 sq. ft. with surface parking.", "A_USER_ID": "EDWARDFR", "A_CASE_PLA": "TREYFI", "StatCode": "APP", "AppStatus": "Approved", "AppCode": "PL_MINSP", "AppType": "Level 4 - Administrative Site Plan", "CasePlanne": "Trey Figueroa", "EMAIL": "Trey.Figueroa@durhamnc.gov", "ORIG_FID": 4579, "CreationDa": "2025-09-20T00:00:00", "Creator": "gisproc_sys", "EditDate": "2025-09-20T00:00:00", "Editor": "gisproc_sys", "match_results": "[(219, None, 'multifamily', 'units')]" }, "geometry": { "type": "Point", "coordinates": [ -78.987783918130916, 35.91921104384835 ] } },
{ "type": "Feature", "properties": { "A_NUMBER": "D2200107", "A_TYPE": "PL_MINSP", "A_DATE": "2022-03-31T00:00:00", "A_STATUS": "APP", "A_STATUS_D": "2023-05-10T00:00:00", "A_PROJECT_": "Downtown Durham YMCA", "A_DESCRIPT": "Proposed mixed-use building with associated structured and site / Utility upgrades.", "A_USER_ID": "TREYFI", "A_CASE_PLA": "TREYFI", "StatCode": "APP", "AppStatus": "Approved", "AppCode": "PL_MINSP", "AppType": "Level 4 - Administrative Site Plan", "CasePlanne": "Trey Figueroa", "EMAIL": "Trey.Figueroa@durhamnc.gov", "ORIG_FID": 4593, "CreationDa": "2025-09-20T00:00:00", "Creator": "gisproc_sys", "EditDate": "2025-09-20T00:00:00", "Editor": "gisproc_sys", "match_results": [ ] }, "geometry": { "type": "Point", "coordinates": [ -78.901053667563687, 35.998683456944384 ] } },
{ "type": "Feature", "properties": { "A_NUMBER": "D2300141", "A_TYPE": "PL_MINSP", "A_DATE": "2023-05-25T00:00:00", "A_STATUS": "APP", "A_STATUS_D": "2024-08-13T00:00:00", "A_PROJECT_": "Copper Run North", "A_DESCRIPT": "80 Townhomes with public infrastructure.", "A_USER_ID": "COLERE", "A_CASE_PLA": "COLERE", "StatCode": "APP", "AppStatus": "Approved", "AppCode": "PL_MINSP", "AppType": "Level 4 - Administrative Site Plan", "CasePlanne": "Cole Renigar", "EMAIL": "Cole.Renigar@durhamnc.gov", "ORIG_FID": 4865, "CreationDa": "2025-09-20T00:00:00", "Creator": "gisproc_sys", "EditDate": "2025-09-20T00:00:00", "Editor": "gisproc_sys", "match_results": "[(80, None, 'townhouse', None)]" }, "geometry": { "type": "Point", "coordinates": [ -78.827987617020781, 35.947727065892344 ] } },
{ "type": "Feature", "properties": { "A_NUMBER": "D2300186", "A_TYPE": "PL_MINSP", "A_DATE": "2023-07-24T00:00:00", "A_STATUS": "APP", "A_STATUS_D": "2025-04-14T00:00:00", "A_PROJECT_": "901-903 Sherron Rd", "A_DESCRIPT": "Proposed 29 single-family and 33 residential townhouse lots with 4 open space lots.", "A_USER_ID": "COLERE", "A_CASE_PLA": "COLERE", "StatCode": "APP", "AppStatus": "Approved", "AppCode": "PL_MINSP", "AppType": "Level 4 - Administrative Site Plan", "CasePlanne": "Cole Renigar", "EMAIL": "Cole.Renigar@durhamnc.gov", "ORIG_FID": 4923, "CreationDa": "2025-09-20T00:00:00", "Creator": "gisproc_sys", "EditDate": "2025-09-20T00:00:00", "Editor": "gisproc_sys", "match_results": "[(29, None, 'single family', None), (33, None, 'townhouse', 'lots')]" }, "geometry": { "type": "Point", "coordinates": [ -78.807311527109491, 35.960538142249987 ] } },
{ "type": "Feature", "properties": { "A_NUMBER": "D2300103", "A_TYPE": "PL_MINSP", "A_DATE": "2023-04-13T00:00:00", "A_STATUS": "APP", "A_STATUS_D": "2023-11-30T00:00:00", "A_PROJECT_": "NOVEL UHill", "A_DESCRIPT": "A 448,537 square foot (sf) multifamily building (400 units) with a 2,566 sf commercial business, a 178,018 sf garage, and associated infrastructure with off-site improvements on 2 existing lots.", "A_USER_ID": "JESSICADO", "A_CASE_PLA": "ROBINSH", "StatCode": "APP", "AppStatus": "Approved", "AppCode": "PL_MINSP", "AppType": "Level 4 - Administrative Site Plan", "CasePlanne": "Robin Schultze", "EMAIL": "Robin.Schultze@durhamnc.gov", "ORIG_FID": 4963, "CreationDa": "2025-09-20T00:00:00", "Creator": "gisproc_sys", "EditDate": "2025-09-20T00:00:00", "Editor": "gisproc_sys", "match_results": "[(400, None, 'multifamily', 'units')]" }, "geometry": { "type": "Point", "coordinates": [ -78.952865138665587, 35.969797681780996 ] } },
{ "type": "Feature", "properties": { "A_NUMBER": "D2200300", "A_TYPE": "PL_MINSP", "A_DATE": "2022-09-06T00:00:00", "A_STATUS": "APP", "A_STATUS_D": "2024-01-25T00:00:00", "A_PROJECT_": "Pineview Glen Townhomes", "A_DESCRIPT": "Residential townhome project with associated infrastructure (67 units). Associated with rezoning case ZZ2100003 and annexation BDG2100007.", "A_USER_ID": "KYLETA", "A_CASE_PLA": "ROBINSH", "StatCode": "APP", "AppStatus": "Approved", "AppCode": "PL_MINSP", "AppType": "Level 4 - Administrative Site Plan", "CasePlanne": "Robin Schultze", "EMAIL": "Robin.Schultze@durhamnc.gov", "ORIG_FID": 5126, "CreationDa": "2025-09-20T00:00:00", "Creator": "gisproc_sys", "EditDate": "2025-09-20T00:00:00", "Editor": "gisproc_sys", "match_results": "[(67, None, 'townhouse', 'units')]" }, "geometry": { "type": "Point", "coordinates": [ -78.810514330443155, 35.927764779760885 ] } },
{ "type": "Feature", "properties": { "A_NUMBER": "D2400083", "A_TYPE": "PL_MINSP", "A_DATE": "2024-04-11T00:00:00", "A_STATUS": "APP", "A_STATUS_D": "2025-05-05T00:00:00", "A_PROJECT_": "751 Excelsior Grand Residential", "A_DESCRIPT": "208 Single-family, 186 townhouses, 8 apartments residential development. 402 Total Units\r\n", "A_USER_ID": "ADDMGR", "A_CASE_PLA": "COLERE", "StatCode": "APP", "AppStatus": "Approved", "AppCode": "PL_MINSP", "AppType": "Level 4 - Administrative Site Plan", "CasePlanne": "Cole Renigar", "EMAIL": "Cole.Renigar@durhamnc.gov", "ORIG_FID": 5265, "CreationDa": "2025-09-20T00:00:00", "Creator": "gisproc_sys", "EditDate": "2025-09-20T00:00:00", "Editor": "gisproc_sys", "match_results": "[(208, None, 'single family', None), (186, None, 'townhouse', None), (8, None, 'apartment', None)]" }, "geometry": { "type": "Point", "coordinates": [ -78.954691768533152, 35.878904229653017 ] } },
{ "type": "Feature", "properties": { "A_NUMBER": "D2400084", "A_TYPE": "PL_MINSP", "A_DATE": "2024-04-11T00:00:00", "A_STATUS": "ON_HOLD", "A_STATUS_D": "2025-04-30T00:00:00", "A_PROJECT_": "Tocqueville Townes", "A_DESCRIPT": "22 proposed townhome units, playground, trail, and two bio-retention ponds.", "A_USER_ID": "MICHAELIR", "A_CASE_PLA": "TREYFI", "StatCode": "ON_HOLD", "AppStatus": "On Hold", "AppCode": "PL_MINSP", "AppType": "Level 4 - Administrative Site Plan", "CasePlanne": "Trey Figueroa", "EMAIL": "Trey.Figueroa@durhamnc.gov", "ORIG_FID": 5268, "CreationDa": "2025-09-20T00:00:00", "Creator": "gisproc_sys", "EditDate": "2025-09-20T00:00:00", "Editor": "gisproc_sys", "match_results": "[(22, None, 'townhouse', 'units')]" }, "geometry": { "type": "Point", "coordinates": [ -78.890665600017471, 36.047068534259061 ] } },
{ "type": "Feature", "properties": { "A_NUMBER": "D2400105", "A_TYPE": "PL_MINSP", "A_DATE": "2024-05-03T00:00:00", "A_STATUS": "APP", "A_STATUS_D": "2025-04-21T00:00:00", "A_PROJECT_": "902 S Briggs Ave Affordable Housing", "A_DESCRIPT": "The proposed affordable housing project includes the development of two multifamily apartment buildings with 124 units.", "A_USER_ID": "TREYFI", "A_CASE_PLA": "TREYFI", "StatCode": "APP", "AppStatus": "Approved", "AppCode": "PL_MINSP", "AppType": "Level 4 - Administrative Site Plan", "CasePlanne": "Trey Figueroa", "EMAIL": "Trey.Figueroa@durhamnc.gov", "ORIG_FID": 5326, "CreationDa": "2025-09-20T00:00:00", "Creator": "gisproc_sys", "EditDate": "2025-09-20T00:00:00", "Editor": "gisproc_sys", "match_results": "[(124, None, 'multifamily', 'units')]" }, "geometry": { "type": "Point", "coordinates": [ -78.877633390165229, 35.970569627366828 ] } },
{ "type": "Feature", "properties": { "A_NUMBER": "D2100463", "A_TYPE": "PL_MINSP", "A_DATE": "2021-12-22T00:00:00", "A_STATUS": "APP", "A_STATUS_D": "2023-10-05T00:00:00", "A_PROJECT_": "K Parcel", "A_DESCRIPT": "103 Single Family residential lots and 237 townhomes", "A_USER_ID": "JESSICADO", "A_CASE_PLA": "TREYFI", "StatCode": "APP", "AppStatus": "Approved", "AppCode": "PL_MINSP", "AppType": "Level 4 - Administrative Site Plan", "CasePlanne": "Trey Figueroa", "EMAIL": "Trey.Figueroa@durhamnc.gov", "ORIG_FID": 5563, "CreationDa": "2025-09-20T00:00:00", "Creator": "gisproc_sys", "EditDate": "2025-09-20T00:00:00", "Editor": "gisproc_sys", "match_results": "[(103, None, 'single family', None), (237, None, 'townhouse', None)]" }, "geometry": { "type": "Point", "coordinates": [ -78.813843177151767, 35.941243890372633 ] } },
{ "type": "Feature", "properties": { "A_NUMBER": "D2200368", "A_TYPE": "PL_MINSP", "A_DATE": "2022-10-20T00:00:00", "A_STATUS": "APP", "A_STATUS_D": "2023-07-25T00:00:00", "A_PROJECT_": "Stella View", "A_DESCRIPT": "Residential subdivision with 107 townhomes and 102 single-family lots and open space, pending approval of associated rezoning (Z2100008) and annexation (BDG2100003)", "A_USER_ID": "KIMRO", "A_CASE_PLA": "TREYFI", "StatCode": "APP", "AppStatus": "Approved", "AppCode": "PL_MINSP", "AppType": "Level 4 - Administrative Site Plan", "CasePlanne": "Trey Figueroa", "EMAIL": "Trey.Figueroa@durhamnc.gov", "ORIG_FID": 5592, "CreationDa": "2025-09-20T00:00:00", "Creator": "gisproc_sys", "EditDate": "2025-09-20T00:00:00", "Editor": "gisproc_sys", "match_results": "[(107, None, 'townhouse', None), (102, None, 'single family', 'lots')]" }, "geometry": { "type": "Point", "coordinates": [ -78.812502844914349, 35.958517771575849 ] } },
{ "type": "Feature", "properties": { "A_NUMBER": "D2200390", "A_TYPE": "PL_MINSP", "A_DATE": "2022-11-07T00:00:00", "A_STATUS": "APP", "A_STATUS_D": "2024-04-24T00:00:00", "A_PROJECT_": "Sweetbrier Phase 3", "A_DESCRIPT": "Level 4 Site Plan for 186 single family homes, phase 3 of development.", "A_USER_ID": "JESSICADO", "A_CASE_PLA": "TREYFI", "StatCode": "APP", "AppStatus": "Approved", "AppCode": "PL_MINSP", "AppType": "Level 4 - Administrative Site Plan", "CasePlanne": "Trey Figueroa", "EMAIL": "Trey.Figueroa@durhamnc.gov", "ORIG_FID": 5646, "CreationDa": "2025-09-20T00:00:00", "Creator": "gisproc_sys", "EditDate": "2025-09-20T00:00:00", "Editor": "gisproc_sys", "match_results": "[(4, None, 'single family', 'homes')]" }, "geometry": { "type": "Point", "coordinates": [ -78.778358165533476, 35.952776371733563 ] } },
{ "type": "Feature", "properties": { "A_NUMBER": "D2200356", "A_TYPE": "PL_MINSP", "A_DATE": "2022-10-12T00:00:00", "A_STATUS": "APP", "A_STATUS_D": "2023-05-25T00:00:00", "A_PROJECT_": "Grace Place Apartments", "A_DESCRIPT": "201 Multifamily apartments with -9,346 sf commerical space", "A_USER_ID": "JOHNRA", "A_CASE_PLA": "TREYFI", "StatCode": "APP", "AppStatus": "Approved", "AppCode": "PL_MINSP", "AppType": "Level 4 - Administrative Site Plan", "CasePlanne": "Trey Figueroa", "EMAIL": "Trey.Figueroa@durhamnc.gov", "ORIG_FID": 5647, "CreationDa": "2025-09-20T00:00:00", "Creator": "gisproc_sys", "EditDate": "2025-09-20T00:00:00", "Editor": "gisproc_sys", "match_results": "[(201, None, 'multifamily', None)]" }, "geometry": { "type": "Point", "coordinates": [ -78.891558866109989, 35.993475453881857 ] } },
{ "type": "Feature", "properties": { "A_NUMBER": "D2100421", "A_TYPE": "PL_MINSP", "A_DATE": "2021-11-29T00:00:00", "A_STATUS": "APP", "A_STATUS_D": "2023-11-08T00:00:00", "A_PROJECT_": "Carpenter Falls Conservation Subdivision", "A_DESCRIPT": "179 single-family and 81 townhouse unit conservation subdivision", "A_USER_ID": "KIMRO", "A_CASE_PLA": "TREYFI", "StatCode": "APP", "AppStatus": "Approved", "AppCode": "PL_MINSP", "AppType": "Level 4 - Administrative Site Plan", "CasePlanne": "Trey Figueroa", "EMAIL": "Trey.Figueroa@durhamnc.gov", "ORIG_FID": 5679, "CreationDa": "2025-09-20T00:00:00", "Creator": "gisproc_sys", "EditDate": "2025-09-20T00:00:00", "Editor": "gisproc_sys", "match_results": "[(179, None, 'single family', None), (81, None, 'townhouse', None)]" }, "geometry": { "type": "Point", "coordinates": [ -78.815883748669805, 36.028045078080517 ] } },
{ "type": "Feature", "properties": { "A_NUMBER": "D2100327", "A_TYPE": "PL_MINSP", "A_DATE": "2021-09-24T00:00:00", "A_STATUS": "APP", "A_STATUS_D": "2024-08-21T00:00:00", "A_PROJECT_": "1200 Castlebay Road", "A_DESCRIPT": "Subdivide projects into four residential duplex lots - 8 units total", "A_USER_ID": "JESSICADO", "A_CASE_PLA": "COLERE", "StatCode": "APP", "AppStatus": "Approved", "AppCode": "PL_MINSP", "AppType": "Level 4 - Administrative Site Plan", "CasePlanne": "Cole Renigar", "EMAIL": "Cole.Renigar@durhamnc.gov", "ORIG_FID": 5871, "CreationDa": "2025-09-20T00:00:00", "Creator": "gisproc_sys", "EditDate": "2025-09-20T00:00:00", "Editor": "gisproc_sys", "match_results": [ ] }, "geometry": { "type": "Point", "coordinates": [ -78.870102991532946, 36.001386567743069 ] } },
{ "type": "Feature", "properties": { "A_NUMBER": "D2300230", "A_TYPE": "PL_MINSP", "A_DATE": "2023-10-06T00:00:00", "A_STATUS": "APP", "A_STATUS_D": "2025-02-14T00:00:00", "A_PROJECT_": "Lumley Multifamily", "A_DESCRIPT": "400 multifamily units comprised of 74 townhouse and 326 apartment units and associated amenity space.", "A_USER_ID": "JALISAHA", "A_CASE_PLA": "JALISAHA", "StatCode": "APP", "AppStatus": "Approved", "AppCode": "PL_MINSP", "AppType": "Level 4 - Administrative Site Plan", "CasePlanne": "JALISA HARRIS", "EMAIL": "Jalisa.Harris@durhamnc.gov", "ORIG_FID": 6209, "CreationDa": "2025-09-20T00:00:00", "Creator": "gisproc_sys", "EditDate": "2025-09-20T00:00:00", "Editor": "gisproc_sys", "match_results": "[(400, None, 'multifamily', 'units'), (74, None, 'townhouse', None), (326, None, 'apartment', 'units')]" }, "geometry": { "type": "Point", "coordinates": [ -78.807229493171036, 35.926759722435833 ] } },
{ "type": "Feature", "properties": { "A_NUMBER": "D2300278", "A_TYPE": "PL_MINSP", "A_DATE": "2023-12-14T00:00:00", "A_STATUS": "APP", "A_STATUS_D": "2024-06-13T00:00:00", "A_PROJECT_": "Eno Village", "A_DESCRIPT": "Residential project consisting of a 142 townhomes and 240 multifamily units (297,000 SF) and the associated infrastructure.", "A_USER_ID": "COLERE", "A_CASE_PLA": "COLERE", "StatCode": "APP", "AppStatus": "Approved", "AppCode": "PL_MINSP", "AppType": "Level 4 - Administrative Site Plan", "CasePlanne": "Cole Renigar", "EMAIL": "Cole.Renigar@durhamnc.gov", "ORIG_FID": 6246, "CreationDa": "2025-09-20T00:00:00", "Creator": "gisproc_sys", "EditDate": "2025-09-20T00:00:00", "Editor": "gisproc_sys", "match_results": "[(142, None, 'townhouse', None), (240, None, 'multifamily', 'units')]" }, "geometry": { "type": "Point", "coordinates": [ -78.913735648431967, 36.064607757945531 ] } },
{ "type": "Feature", "properties": { "A_NUMBER": "A1900008", "A_TYPE": "PL_CPAA", "A_DATE": "2019-06-10T00:00:00", "A_STATUS": "APP", "A_STATUS_D": "2025-01-07T00:00:00", "A_PROJECT_": "Farrington Townes", "A_DESCRIPT": "Low Density Residential to Low Medium Residential. Associated with Z1900023.", "A_USER_ID": "GSMITH", "A_CASE_PLA": "EMILYST", "StatCode": "APP", "AppStatus": "Approved", "AppCode": "PL_CPAA", "AppType": "Comprehensive Plan Map or Plan Amendment", "CasePlanne": "Emily Struthers", "EMAIL": "Emily.Struthers@durhamnc.gov", "ORIG_FID": 6395, "CreationDa": "2025-09-20T00:00:00", "Creator": "gisproc_sys", "EditDate": "2025-09-20T00:00:00", "Editor": "gisproc_sys", "match_results": [ ] }, "geometry": { "type": "Point", "coordinates": [ -78.984529987249758, 35.942748163428007 ] } },
{ "type": "Feature", "properties": { "A_NUMBER": "D2300114", "A_TYPE": "PL_MINSP", "A_DATE": "2023-04-24T00:00:00", "A_STATUS": "APP", "A_STATUS_D": "2024-07-09T00:00:00", "A_PROJECT_": "MLK Apartments", "A_DESCRIPT": "180 apartments in 6 buildings totaling 64,530 square feet on 9.651 acres", "A_USER_ID": "TREYFI", "A_CASE_PLA": "TREYFI", "StatCode": "APP", "AppStatus": "Approved", "AppCode": "PL_MINSP", "AppType": "Level 4 - Administrative Site Plan", "CasePlanne": "Trey Figueroa", "EMAIL": "Trey.Figueroa@durhamnc.gov", "ORIG_FID": 6455, "CreationDa": "2025-09-20T00:00:00", "Creator": "gisproc_sys", "EditDate": "2025-09-20T00:00:00", "Editor": "gisproc_sys", "match_results": "[(180, None, 'apartment', None)]" }, "geometry": { "type": "Point", "coordinates": [ -78.904825506788072, 35.940252034543995 ] } },
{ "type": "Feature", "properties": { "A_NUMBER": "D2100325", "A_TYPE": "PL_MINSP", "A_DATE": "2021-09-23T00:00:00", "A_STATUS": "APP", "A_STATUS_D": "2023-05-25T00:00:00", "A_PROJECT_": "Mason Farms Conservation Subdivision", "A_DESCRIPT": "Residential Subdivision with 142 proposed lots, wastewater collection and treatment, well water system.", "A_USER_ID": "JESSICADO", "A_CASE_PLA": "COLERE", "StatCode": "APP", "AppStatus": "Approved", "AppCode": "PL_MINSP", "AppType": "Level 4 - Administrative Site Plan", "CasePlanne": "Cole Renigar", "EMAIL": "Cole.Renigar@durhamnc.gov", "ORIG_FID": 6677, "CreationDa": "2025-09-20T00:00:00", "Creator": "gisproc_sys", "EditDate": "2025-09-20T00:00:00", "Editor": "gisproc_sys", "match_results": [ ] }, "geometry": { "type": "Point", "coordinates": [ -78.901711057706052, 36.124325945066104 ] } },
{ "type": "Feature", "properties": { "A_NUMBER": "D2200202", "A_TYPE": "PL_MINSP", "A_DATE": "2022-06-15T00:00:00", "A_STATUS": "APP", "A_STATUS_D": "2023-06-14T00:00:00", "A_PROJECT_": "Wesley Downs", "A_DESCRIPT": "229 unit single family (101) and townhome (128) residential development.", "A_USER_ID": "KIMRO", "A_CASE_PLA": "ROBINSH", "StatCode": "APP", "AppStatus": "Approved", "AppCode": "PL_MINSP", "AppType": "Level 4 - Administrative Site Plan", "CasePlanne": "Robin Schultze", "EMAIL": "Robin.Schultze@durhamnc.gov", "ORIG_FID": 6727, "CreationDa": "2025-09-20T00:00:00", "Creator": "gisproc_sys", "EditDate": "2025-09-20T00:00:00", "Editor": "gisproc_sys", "match_results": "[(229, None, 'single family', None), (101, None, 'townhouse', None)]" }, "geometry": { "type": "Point", "coordinates": [ -78.82011384613439, 35.966875680168542 ] } },
{ "type": "Feature", "properties": { "A_NUMBER": "D2400099", "A_TYPE": "PL_MINSP", "A_DATE": "2024-04-25T00:00:00", "A_STATUS": "UN_RE", "A_STATUS_D": "2024-07-30T00:00:00", "A_PROJECT_": "Crescent Drive Development", "A_DESCRIPT": "Phased development consisting of 90 multifamily units and 17 townhomes and the associated infrastructure.", "A_USER_ID": "JALISAHA", "A_CASE_PLA": "JALISAHA", "StatCode": "UN_RE", "AppStatus": "Under Review", "AppCode": "PL_MINSP", "AppType": "Level 4 - Administrative Site Plan", "CasePlanne": "JALISA HARRIS", "EMAIL": "Jalisa.Harris@durhamnc.gov", "ORIG_FID": 6731, "CreationDa": "2025-09-20T00:00:00", "Creator": "gisproc_sys", "EditDate": "2025-09-20T00:00:00", "Editor": "gisproc_sys", "match_results": "[(90, None, 'multifamily', 'units'), (17, None, 'townhouse', None)]" }, "geometry": { "type": "Point", "coordinates": [ -78.996992543220287, 35.921129269026437 ] } },
{ "type": "Feature", "properties": { "A_NUMBER": "D2000309", "A_TYPE": "PL_MINSP", "A_DATE": "2020-12-18T00:00:00", "A_STATUS": "APP", "A_STATUS_D": "2023-08-08T00:00:00", "A_PROJECT_": "Griffin Place North", "A_DESCRIPT": "The proposed development includes 154 single family residential lots and road improvements on Ferrell Road and E Geer Street.", "A_USER_ID": "JESSICADO", "A_CASE_PLA": "ROBINSH", "StatCode": "APP", "AppStatus": "Approved", "AppCode": "PL_MINSP", "AppType": "Level 4 - Administrative Site Plan", "CasePlanne": "Robin Schultze", "EMAIL": "Robin.Schultze@durhamnc.gov", "ORIG_FID": 6783, "CreationDa": "2025-09-20T00:00:00", "Creator": "gisproc_sys", "EditDate": "2025-09-20T00:00:00", "Editor": "gisproc_sys", "match_results": "[(154, None, 'single family', None)]" }, "geometry": { "type": "Point", "coordinates": [ -78.832762697805549, 36.023022092308445 ] } },
{ "type": "Feature", "properties": { "A_NUMBER": "D2200051", "A_TYPE": "PL_MINSP", "A_DATE": "2022-02-21T00:00:00", "A_STATUS": "APP", "A_STATUS_D": "2023-05-12T00:00:00", "A_PROJECT_": "Copper Run South", "A_DESCRIPT": "127 townhomes, 6 SF detached.", "A_USER_ID": "KIMRO", "A_CASE_PLA": "ROBINSH", "StatCode": "APP", "AppStatus": "Approved", "AppCode": "PL_MINSP", "AppType": "Level 4 - Administrative Site Plan", "CasePlanne": "Robin Schultze", "EMAIL": "Robin.Schultze@durhamnc.gov", "ORIG_FID": 6920, "CreationDa": "2025-09-20T00:00:00", "Creator": "gisproc_sys", "EditDate": "2025-09-20T00:00:00", "Editor": "gisproc_sys", "match_results": "[(127, None, 'townhouse', None)]" }, "geometry": { "type": "Point", "coordinates": [ -78.832500019295168, 35.942491323154293 ] } },
{ "type": "Feature", "properties": { "A_NUMBER": "D2100201", "A_TYPE": "PL_MINSP", "A_DATE": "2021-07-12T00:00:00", "A_STATUS": "APP", "A_STATUS_D": "2023-02-08T00:00:00", "A_PROJECT_": "Crutchfield St Mixed Use Building", "A_DESCRIPT": "Medical Office with 3 additional stories of 25 Multi-Family dwelling units on two parcels to be recombined - 12,225 sf", "A_USER_ID": "JESSICADO", "A_CASE_PLA": "TREYFI", "StatCode": "APP", "AppStatus": "Approved", "AppCode": "PL_MINSP", "AppType": "Level 4 - Administrative Site Plan", "CasePlanne": "Trey Figueroa", "EMAIL": "Trey.Figueroa@durhamnc.gov", "ORIG_FID": 7041, "CreationDa": "2025-09-20T00:00:00", "Creator": "gisproc_sys", "EditDate": "2025-09-20T00:00:00", "Editor": "gisproc_sys", "match_results": "[(3, None, 'multifamily', None)]" }, "geometry": { "type": "Point", "coordinates": [ -78.905255535263635, 36.039267737910201 ] } },
{ "type": "Feature", "properties": { "A_NUMBER": "D2200036", "A_TYPE": "PL_MINSP", "A_DATE": "2022-02-11T00:00:00", "A_STATUS": "APP", "A_STATUS_D": "2024-04-23T00:00:00", "A_PROJECT_": "Hinson Drive Townhomes", "A_DESCRIPT": "Development of 72 town homes ", "A_USER_ID": "TREYFI", "A_CASE_PLA": "TREYFI", "StatCode": "APP", "AppStatus": "Approved", "AppCode": "PL_MINSP", "AppType": "Level 4 - Administrative Site Plan", "CasePlanne": "Trey Figueroa", "EMAIL": "Trey.Figueroa@durhamnc.gov", "ORIG_FID": 7179, "CreationDa": "2025-09-20T00:00:00", "Creator": "gisproc_sys", "EditDate": "2025-09-20T00:00:00", "Editor": "gisproc_sys", "match_results": "[(72, None, 'townhouse', None)]" }, "geometry": { "type": "Point", "coordinates": [ -78.876506521368114, 36.02793360254136 ] } },
{ "type": "Feature", "properties": { "A_NUMBER": "D2400015", "A_TYPE": "PL_MINSP", "A_DATE": "2024-01-24T00:00:00", "A_STATUS": "APP", "A_STATUS_D": "2025-02-05T00:00:00", "A_PROJECT_": "Ovation at Sweetbrier - Phase 2 & 3", "A_DESCRIPT": "360 Single family Detached lots and 114 Townhome lots with supporting open space.", "A_USER_ID": "JESSICADO", "A_CASE_PLA": "KEAGANSA", "StatCode": "APP", "AppStatus": "Approved", "AppCode": "PL_MINSP", "AppType": "Level 4 - Administrative Site Plan", "CasePlanne": "Keagan Sacripanti", "EMAIL": "Keagan.Sacripanti@durhamnc.gov", "ORIG_FID": 7455, "CreationDa": "2025-09-20T00:00:00", "Creator": "gisproc_sys", "EditDate": "2025-09-20T00:00:00", "Editor": "gisproc_sys", "match_results": "[(360, None, 'single family', 'lots'), (114, None, 'townhouse', 'lots')]" }, "geometry": { "type": "Point", "coordinates": [ -78.784020891977079, 35.956841135610297 ] } },
{ "type": "Feature", "properties": { "A_NUMBER": "D2400050", "A_TYPE": "PL_MINSP", "A_DATE": "2024-03-04T00:00:00", "A_STATUS": "APP", "A_STATUS_D": "2025-04-30T00:00:00", "A_PROJECT_": "Hopson Road Multi-Family", "A_DESCRIPT": "Construction of 399 multi-family units with associated amenities and infrastructure totaling in 498,495 SF.", "A_USER_ID": "TREYFI", "A_CASE_PLA": "TREYFI", "StatCode": "APP", "AppStatus": "Approved", "AppCode": "PL_MINSP", "AppType": "Level 4 - Administrative Site Plan", "CasePlanne": "Trey Figueroa", "EMAIL": "Trey.Figueroa@durhamnc.gov", "ORIG_FID": 7506, "CreationDa": "2025-09-20T00:00:00", "Creator": "gisproc_sys", "EditDate": "2025-09-20T00:00:00", "Editor": "gisproc_sys", "match_results": "[(399, None, 'multifamily', 'units')]" }, "geometry": { "type": "Point", "coordinates": [ -78.857084601795421, 35.876012391157765 ] } },
{ "type": "Feature", "properties": { "A_NUMBER": "D2300275", "A_TYPE": "PL_MINSP", "A_DATE": "2023-12-07T00:00:00", "A_STATUS": "APP", "A_STATUS_D": "2025-03-02T00:00:00", "A_PROJECT_": "The Shannon at Old Chapel Hill", "A_DESCRIPT": "Development of 43 townhouses, a mixed-use building with 17 apartments and 3,500 sq. ft. retail space.", "A_USER_ID": "TREYFI", "A_CASE_PLA": "TREYFI", "StatCode": "APP", "AppStatus": "Approved", "AppCode": "PL_MINSP", "AppType": "Level 4 - Administrative Site Plan", "CasePlanne": "Trey Figueroa", "EMAIL": "Trey.Figueroa@durhamnc.gov", "ORIG_FID": 7746, "CreationDa": "2025-09-20T00:00:00", "Creator": "gisproc_sys", "EditDate": "2025-09-20T00:00:00", "Editor": "gisproc_sys", "match_results": "[(43, None, 'townhouse', None), (17, None, 'apartment', None)]" }, "geometry": { "type": "Point", "coordinates": [ -78.954984685548808, 35.956831635572513 ] } },
{ "type": "Feature", "properties": { "A_NUMBER": "D2200204", "A_TYPE": "PL_MINSP", "A_DATE": "2022-06-15T00:00:00", "A_STATUS": "APP", "A_STATUS_D": "2023-05-26T00:00:00", "A_PROJECT_": "Jackson Street Condominiums", "A_DESCRIPT": "61 apartment unit condos with 1st floor retail and parking garage", "A_USER_ID": "COLERE", "A_CASE_PLA": "COLERE", "StatCode": "APP", "AppStatus": "Approved", "AppCode": "PL_MINSP", "AppType": "Level 4 - Administrative Site Plan", "CasePlanne": "Cole Renigar", "EMAIL": "Cole.Renigar@durhamnc.gov", "ORIG_FID": 7873, "CreationDa": "2025-09-20T00:00:00", "Creator": "gisproc_sys", "EditDate": "2025-09-20T00:00:00", "Editor": "gisproc_sys", "match_results": "[(61, None, 'apartment', None), (1, None, 'condo', None)]" }, "geometry": { "type": "Point", "coordinates": [ -78.910990402560103, 35.995209866891592 ] } },
{ "type": "Feature", "properties": { "A_NUMBER": "D2200292", "A_TYPE": "PL_MINSP", "A_DATE": "2022-08-31T00:00:00", "A_STATUS": "APP", "A_STATUS_D": "2023-02-16T00:00:00", "A_PROJECT_": "Cedar Trace Apartments", "A_DESCRIPT": "180 apartment units with clubhouse", "A_USER_ID": "KIMRO", "A_CASE_PLA": "TREYFI", "StatCode": "APP", "AppStatus": "Approved", "AppCode": "PL_MINSP", "AppType": "Level 4 - Administrative Site Plan", "CasePlanne": "Trey Figueroa", "EMAIL": "Trey.Figueroa@durhamnc.gov", "ORIG_FID": 7897, "CreationDa": "2025-09-20T00:00:00", "Creator": "gisproc_sys", "EditDate": "2025-09-20T00:00:00", "Editor": "gisproc_sys", "match_results": "[(180, None, 'apartment', 'units')]" }, "geometry": { "type": "Point", "coordinates": [ -78.85256258215594, 35.979863270162184 ] } },
{ "type": "Feature", "properties": { "A_NUMBER": "D2200348", "A_TYPE": "PL_MINSP", "A_DATE": "2022-10-11T00:00:00", "A_STATUS": "APP", "A_STATUS_D": "2023-11-29T00:00:00", "A_PROJECT_": "Dearborn Multifamily", "A_DESCRIPT": "156 multifamily units and amenity space", "A_USER_ID": "ROBINSH", "A_CASE_PLA": "ROBINSH", "StatCode": "APP", "AppStatus": "Approved", "AppCode": "PL_MINSP", "AppType": "Level 4 - Administrative Site Plan", "CasePlanne": "Robin Schultze", "EMAIL": "Robin.Schultze@durhamnc.gov", "ORIG_FID": 8388, "CreationDa": "2025-09-20T00:00:00", "Creator": "gisproc_sys", "EditDate": "2025-09-20T00:00:00", "Editor": "gisproc_sys", "match_results": "[(156, None, 'multifamily', 'units')]" }, "geometry": { "type": "Point", "coordinates": [ -78.884338226183004, 36.037724238593071 ] } },
{ "type": "Feature", "properties": { "A_NUMBER": "D2200032", "A_TYPE": "PL_MINSP", "A_DATE": "2022-02-10T00:00:00", "A_STATUS": "APP", "A_STATUS_D": "2023-09-07T00:00:00", "A_PROJECT_": "Mineral Springs Residential North", "A_DESCRIPT": "Subdividing 11 single-family residential lots, including 2 flag lots, storm water control measures and open space", "A_USER_ID": "JESSICADO", "A_CASE_PLA": "ROBINSH", "StatCode": "APP", "AppStatus": "Approved", "AppCode": "PL_MINSP", "AppType": "Level 4 - Administrative Site Plan", "CasePlanne": "Robin Schultze", "EMAIL": "Robin.Schultze@durhamnc.gov", "ORIG_FID": 8564, "CreationDa": "2025-09-20T00:00:00", "Creator": "gisproc_sys", "EditDate": "2025-09-20T00:00:00", "Editor": "gisproc_sys", "match_results": "[(11, None, 'single family', None)]" }, "geometry": { "type": "Point", "coordinates": [ -78.832170388702636, 35.95858965001716 ] } },
{ "type": "Feature", "properties": { "A_NUMBER": "D2200108", "A_TYPE": "PL_MINSP", "A_DATE": "2022-03-31T00:00:00", "A_STATUS": "APP", "A_STATUS_D": "2024-09-23T00:00:00", "A_PROJECT_": "Davis Park Pod G", "A_DESCRIPT": "Multifamily 270 Apartments", "A_USER_ID": "COLERE", "A_CASE_PLA": "COLERE", "StatCode": "APP", "AppStatus": "Approved", "AppCode": "PL_MINSP", "AppType": "Level 4 - Administrative Site Plan", "CasePlanne": "Cole Renigar", "EMAIL": "Cole.Renigar@durhamnc.gov", "ORIG_FID": 8841, "CreationDa": "2025-09-20T00:00:00", "Creator": "gisproc_sys", "EditDate": "2025-09-20T00:00:00", "Editor": "gisproc_sys", "match_results": "[(270, None, 'multifamily', None)]" }, "geometry": { "type": "Point", "coordinates": [ -78.856913192333849, 35.880009977092534 ] } },
{ "type": "Feature", "properties": { "A_NUMBER": "D2000221", "A_TYPE": "PL_MINSP", "A_DATE": "2020-09-16T00:00:00", "A_STATUS": "APP", "A_STATUS_D": "2025-02-19T00:00:00", "A_PROJECT_": "Fox Crossing", "A_DESCRIPT": "162 apartment units with associated parking and appurtenances", "A_USER_ID": "KIMRO", "A_CASE_PLA": "JOHNRA", "StatCode": "APP", "AppStatus": "Approved", "AppCode": "PL_MINSP", "AppType": "Level 4 - Administrative Site Plan", "CasePlanne": "John Rabon", "EMAIL": "John.Rabon@durhamnc.gov", "ORIG_FID": 8900, "CreationDa": "2025-09-20T00:00:00", "Creator": "gisproc_sys", "EditDate": "2025-09-20T00:00:00", "Editor": "gisproc_sys", "match_results": "[(162, None, 'apartment', 'units')]" }, "geometry": { "type": "Point", "coordinates": [ -78.848942598835649, 35.966019230899619 ] } },
{ "type": "Feature", "properties": { "A_NUMBER": "D2200310", "A_TYPE": "PL_MINSP", "A_DATE": "2022-09-09T00:00:00", "A_STATUS": "APP", "A_STATUS_D": "2023-04-19T00:00:00", "A_PROJECT_": "Everton", "A_DESCRIPT": "308-unit multifamily townhome development, associated with rezoning case Z2100027.", "A_USER_ID": "KIMRO", "A_CASE_PLA": "ROBINSH", "StatCode": "APP", "AppStatus": "Approved", "AppCode": "PL_MINSP", "AppType": "Level 4 - Administrative Site Plan", "CasePlanne": "Robin Schultze", "EMAIL": "Robin.Schultze@durhamnc.gov", "ORIG_FID": 9010, "CreationDa": "2025-09-20T00:00:00", "Creator": "gisproc_sys", "EditDate": "2025-09-20T00:00:00", "Editor": "gisproc_sys", "match_results": "[(308, None, 'multifamily', None)]" }, "geometry": { "type": "Point", "coordinates": [ -78.783602733961857, 35.942794494868373 ] } },
{ "type": "Feature", "properties": { "A_NUMBER": "D2300035", "A_TYPE": "PL_MINSP", "A_DATE": "2023-02-08T00:00:00", "A_STATUS": "APP", "A_STATUS_D": "2023-07-25T00:00:00", "A_PROJECT_": "715-719 Rigsbee", "A_DESCRIPT": "178 multi-family units with ground floor retail.", "A_USER_ID": "COLERE", "A_CASE_PLA": "COLERE", "StatCode": "APP", "AppStatus": "Approved", "AppCode": "PL_MINSP", "AppType": "Level 4 - Administrative Site Plan", "CasePlanne": "Cole Renigar", "EMAIL": "Cole.Renigar@durhamnc.gov", "ORIG_FID": 9310, "CreationDa": "2025-09-20T00:00:00", "Creator": "gisproc_sys", "EditDate": "2025-09-20T00:00:00", "Editor": "gisproc_sys", "match_results": "[(178, None, 'multifamily', 'units')]" }, "geometry": { "type": "Point", "coordinates": [ -78.90039407414821, 36.002743063935277 ] } },
{ "type": "Feature", "properties": { "A_NUMBER": "D2200363", "A_TYPE": "PL_MINSP", "A_DATE": "2022-10-17T00:00:00", "A_STATUS": "APP", "A_STATUS_D": "2023-08-03T00:00:00", "A_PROJECT_": "1011 Andrews Road", "A_DESCRIPT": "Coliving in townhomes style apartments - 56 units (244 bedrooms)", "A_USER_ID": "JESSICADO", "A_CASE_PLA": "TREYFI", "StatCode": "APP", "AppStatus": "Approved", "AppCode": "PL_MINSP", "AppType": "Level 4 - Administrative Site Plan", "CasePlanne": "Trey Figueroa", "EMAIL": "Trey.Figueroa@durhamnc.gov", "ORIG_FID": 9406, "CreationDa": "2025-09-20T00:00:00", "Creator": "gisproc_sys", "EditDate": "2025-09-20T00:00:00", "Editor": "gisproc_sys", "match_results": "[(56, None, 'apartment', 'units')]" }, "geometry": { "type": "Point", "coordinates": [ -78.953959487888895, 36.014651844688991 ] } },
{ "type": "Feature", "properties": { "A_NUMBER": "D2100448", "A_TYPE": "PL_MINSP", "A_DATE": "2021-12-16T00:00:00", "A_STATUS": "APP", "A_STATUS_D": "2023-09-08T00:00:00", "A_PROJECT_": "Falls Village North", "A_DESCRIPT": "Age Restricted 398 single family Residential community with amenities and Open Space", "A_USER_ID": "JESSICADO", "A_CASE_PLA": "ROBINSH", "StatCode": "APP", "AppStatus": "Approved", "AppCode": "PL_MINSP", "AppType": "Level 4 - Administrative Site Plan", "CasePlanne": "Robin Schultze", "EMAIL": "Robin.Schultze@durhamnc.gov", "ORIG_FID": 9415, "CreationDa": "2025-09-20T00:00:00", "Creator": "gisproc_sys", "EditDate": "2025-09-20T00:00:00", "Editor": "gisproc_sys", "match_results": "[(398, None, 'single family', None)]" }, "geometry": { "type": "Point", "coordinates": [ -78.777188455645131, 35.989444375705233 ] } },
{ "type": "Feature", "properties": { "A_NUMBER": "D2200359", "A_TYPE": "PL_MINSP", "A_DATE": "2022-10-14T00:00:00", "A_STATUS": "APP", "A_STATUS_D": "2024-09-23T00:00:00", "A_PROJECT_": "Page Road Parcels", "A_DESCRIPT": "70 townhomes with associated streets, sidewalks, grading, water, sewer, stormwater management & landscaping,", "A_USER_ID": "ADDMGR", "A_CASE_PLA": "COLERE", "StatCode": "APP", "AppStatus": "Approved", "AppCode": "PL_MINSP", "AppType": "Level 4 - Administrative Site Plan", "CasePlanne": "Cole Renigar", "EMAIL": "Cole.Renigar@durhamnc.gov", "ORIG_FID": 9529, "CreationDa": "2025-09-20T00:00:00", "Creator": "gisproc_sys", "EditDate": "2025-09-20T00:00:00", "Editor": "gisproc_sys", "match_results": "[(70, None, 'townhouse', None)]" }, "geometry": { "type": "Point", "coordinates": [ -78.819688176572129, 35.909608458815541 ] } },
{ "type": "Feature", "properties": { "A_NUMBER": "D2200158", "A_TYPE": "PL_MINSP", "A_DATE": "2022-05-12T00:00:00", "A_STATUS": "APP", "A_STATUS_D": "2024-06-27T00:00:00", "A_PROJECT_": "Omega Road Townhomes", "A_DESCRIPT": "12 residential townhomes on private drive.", "A_USER_ID": "JESSICADO", "A_CASE_PLA": "TREYFI", "StatCode": "APP", "AppStatus": "Approved", "AppCode": "PL_MINSP", "AppType": "Level 4 - Administrative Site Plan", "CasePlanne": "Trey Figueroa", "EMAIL": "Trey.Figueroa@durhamnc.gov", "ORIG_FID": 9580, "CreationDa": "2025-09-20T00:00:00", "Creator": "gisproc_sys", "EditDate": "2025-09-20T00:00:00", "Editor": "gisproc_sys", "match_results": "[(12, None, 'townhouse', None)]" }, "geometry": { "type": "Point", "coordinates": [ -78.908320206509813, 36.075463885589237 ] } },
{ "type": "Feature", "properties": { "A_NUMBER": "D2400003", "A_TYPE": "PL_MINSP", "A_DATE": "2024-01-08T00:00:00", "A_STATUS": "APP", "A_STATUS_D": "2024-08-15T00:00:00", "A_PROJECT_": "Preston Avenue Cluster Subdivision", "A_DESCRIPT": "20 Single family detached cluster subdivision with total 22 lots( including open space lots) being created.", "A_USER_ID": "JESSICADO", "A_CASE_PLA": "COLERE", "StatCode": "APP", "AppStatus": "Approved", "AppCode": "PL_MINSP", "AppType": "Level 4 - Administrative Site Plan", "CasePlanne": "Cole Renigar", "EMAIL": "Cole.Renigar@durhamnc.gov", "ORIG_FID": 9641, "CreationDa": "2025-09-20T00:00:00", "Creator": "gisproc_sys", "EditDate": "2025-09-20T00:00:00", "Editor": "gisproc_sys", "match_results": "[(20, None, 'single family', None)]" }, "geometry": { "type": "Point", "coordinates": [ -78.925470983179252, 36.04027472674904 ] } },
{ "type": "Feature", "properties": { "A_NUMBER": "D2300156", "A_TYPE": "PL_MINSP", "A_DATE": "2023-06-13T00:00:00", "A_STATUS": "APP", "A_STATUS_D": "2024-06-26T00:00:00", "A_PROJECT_": "Parkwood Family Fare", "A_DESCRIPT": "Remove existing commercial use and rebuild a Family Fare gas and convenience store.", "A_USER_ID": "TREYFI", "A_CASE_PLA": "TREYFI", "StatCode": "APP", "AppStatus": "Approved", "AppCode": "PL_MINSP", "AppType": "Level 4 - Administrative Site Plan", "CasePlanne": "Trey Figueroa", "EMAIL": "Trey.Figueroa@durhamnc.gov", "ORIG_FID": 9787, "CreationDa": "2025-09-20T00:00:00", "Creator": "gisproc_sys", "EditDate": "2025-09-20T00:00:00", "Editor": "gisproc_sys", "match_results": [ ] }, "geometry": { "type": "Point", "coordinates": [ -78.897129777456612, 35.889386247623278 ] } },
{ "type": "Feature", "properties": { "A_NUMBER": "D2300240", "A_TYPE": "PL_MINSP", "A_DATE": "2023-10-19T00:00:00", "A_STATUS": "APP", "A_STATUS_D": "2024-08-05T00:00:00", "A_PROJECT_": "206 N Dillard St", "A_DESCRIPT": "10 Townhomes + Existing office Building (3918 SF).", "A_USER_ID": "JONATHANBR", "A_CASE_PLA": "TREYFI", "StatCode": "APP", "AppStatus": "Approved", "AppCode": "PL_MINSP", "AppType": "Level 4 - Administrative Site Plan", "CasePlanne": "Trey Figueroa", "EMAIL": "Trey.Figueroa@durhamnc.gov", "ORIG_FID": 9919, "CreationDa": "2025-09-20T00:00:00", "Creator": "gisproc_sys", "EditDate": "2025-09-20T00:00:00", "Editor": "gisproc_sys", "match_results": "[(10, None, 'townhouse', None)]" }, "geometry": { "type": "Point", "coordinates": [ -78.894034039710704, 35.993450079704544 ] } },
{ "type": "Feature", "properties": { "A_NUMBER": "D2300198", "A_TYPE": "PL_MINSP", "A_DATE": "2023-08-17T00:00:00", "A_STATUS": "APP", "A_STATUS_D": "2025-02-07T00:00:00", "A_PROJECT_": "Woodlands Preserve Phase 2 Cluster Subdivision", "A_DESCRIPT": "Proposed 67 single-family lots and construction of associated public infrastructure in Woodlands Preserve Phase 2 development.", "A_USER_ID": "COLERE", "A_CASE_PLA": "COLERE", "StatCode": "APP", "AppStatus": "Approved", "AppCode": "PL_MINSP", "AppType": "Level 4 - Administrative Site Plan", "CasePlanne": "Cole Renigar", "EMAIL": "Cole.Renigar@durhamnc.gov", "ORIG_FID": 9948, "CreationDa": "2025-09-20T00:00:00", "Creator": "gisproc_sys", "EditDate": "2025-09-20T00:00:00", "Editor": "gisproc_sys", "match_results": "[(67, None, 'single family', 'lots')]" }, "geometry": { "type": "Point", "coordinates": [ -78.871429223218414, 36.099468495541849 ] } },
{ "type": "Feature", "properties": { "A_NUMBER": "D2200349", "A_TYPE": "PL_MINSP", "A_DATE": "2022-10-11T00:00:00", "A_STATUS": "APP", "A_STATUS_D": "2024-03-26T00:00:00", "A_PROJECT_": "Commerce Street Apartments PH2 & PH 3", "A_DESCRIPT": "172 unit multifamily apartments", "A_USER_ID": "COLERE", "A_CASE_PLA": "TREYFI", "StatCode": "APP", "AppStatus": "Approved", "AppCode": "PL_MINSP", "AppType": "Level 4 - Administrative Site Plan", "CasePlanne": "Trey Figueroa", "EMAIL": "Trey.Figueroa@durhamnc.gov", "ORIG_FID": 10528, "CreationDa": "2025-09-20T00:00:00", "Creator": "gisproc_sys", "EditDate": "2025-09-20T00:00:00", "Editor": "gisproc_sys", "match_results": "[(172, None, 'multifamily', None)]" }, "geometry": { "type": "Point", "coordinates": [ -78.892627071611031, 35.992253498456854 ] } },
{ "type": "Feature", "properties": { "A_NUMBER": "D2200182", "A_TYPE": "PL_MINSP", "A_DATE": "2022-06-07T00:00:00", "A_STATUS": "APP", "A_STATUS_D": "2024-09-23T00:00:00", "A_PROJECT_": "Gordon Street Towns Amendment 5", "A_DESCRIPT": "Increase to 63 townhome (from 62) and 6 duplex units and make adjustments to the architectural design of the future phase.", "A_USER_ID": "JESSICADO", "A_CASE_PLA": "COLERE", "StatCode": "APP", "AppStatus": "Approved", "AppCode": "PL_MINSP", "AppType": "Level 4 - Administrative Site Plan", "CasePlanne": "Cole Renigar", "EMAIL": "Cole.Renigar@durhamnc.gov", "ORIG_FID": 10606, "CreationDa": "2025-09-20T00:00:00", "Creator": "gisproc_sys", "EditDate": "2025-09-20T00:00:00", "Editor": "gisproc_sys", "match_results": "[(63, None, 'townhouse', None), (62, None, 'duplex', 'units')]" }, "geometry": { "type": "Point", "coordinates": [ -78.910609913124432, 35.994460742709933 ] } },
{ "type": "Feature", "properties": { "A_NUMBER": "D2400112", "A_TYPE": "PL_MINSP", "A_DATE": "2024-05-13T00:00:00", "A_STATUS": "UN_RE", "A_STATUS_D": "2024-11-05T00:00:00", "A_PROJECT_": "Wildlife Trail Conservation Subdivision", "A_DESCRIPT": "Subdividing property for 19 single family lots that will be septic and well lots. Construction of main access drive.", "A_USER_ID": "MICHAELMA", "A_CASE_PLA": "TREYFI", "StatCode": "UN_RE", "AppStatus": "Under Review", "AppCode": "PL_MINSP", "AppType": "Level 4 - Administrative Site Plan", "CasePlanne": "Trey Figueroa", "EMAIL": "Trey.Figueroa@durhamnc.gov", "ORIG_FID": 11368, "CreationDa": "2025-09-20T00:00:00", "Creator": "gisproc_sys", "EditDate": "2025-09-20T00:00:00", "Editor": "gisproc_sys", "match_results": "[(19, None, 'single family', 'lots')]" }, "geometry": { "type": "Point", "coordinates": [ -78.734886821836255, 35.962352526056854 ] } },
{ "type": "Feature", "properties": { "A_NUMBER": "D2200379", "A_TYPE": "PL_MINSP", "A_DATE": "2022-11-02T00:00:00", "A_STATUS": "APP", "A_STATUS_D": "2023-08-14T00:00:00", "A_PROJECT_": "Chapel Hill Tire", "A_DESCRIPT": "Chapel Hill Tire & associated infrastructure on existing lot within existing Homestead Market development.", "A_USER_ID": "TREYFI", "A_CASE_PLA": "TREYFI", "StatCode": "APP", "AppStatus": "Approved", "AppCode": "PL_MINSP", "AppType": "Level 4 - Administrative Site Plan", "CasePlanne": "Trey Figueroa", "EMAIL": "Trey.Figueroa@durhamnc.gov", "ORIG_FID": 11470, "CreationDa": "2025-09-20T00:00:00", "Creator": "gisproc_sys", "EditDate": "2025-09-20T00:00:00", "Editor": "gisproc_sys", "match_results": [ ] }, "geometry": { "type": "Point", "coordinates": [ -78.940251793350242, 35.910734168328368 ] } },
{ "type": "Feature", "properties": { "A_NUMBER": "D2200276", "A_TYPE": "PL_MINSP", "A_DATE": "2022-08-16T00:00:00", "A_STATUS": "APP", "A_STATUS_D": "2023-03-15T00:00:00", "A_PROJECT_": "Hunt Street Condominiums", "A_DESCRIPT": "29 apartment condos over a parking garage", "A_USER_ID": "JESSICADO", "A_CASE_PLA": "TREYFI", "StatCode": "APP", "AppStatus": "Approved", "AppCode": "PL_MINSP", "AppType": "Level 4 - Administrative Site Plan", "CasePlanne": "Trey Figueroa", "EMAIL": "Trey.Figueroa@durhamnc.gov", "ORIG_FID": 11481, "CreationDa": "2025-09-20T00:00:00", "Creator": "gisproc_sys", "EditDate": "2025-09-20T00:00:00", "Editor": "gisproc_sys", "match_results": "[(29, None, 'apartment', None)]" }, "geometry": { "type": "Point", "coordinates": [ -78.897786176056727, 35.999809463876772 ] } },
{ "type": "Feature", "properties": { "A_NUMBER": "D2400116", "A_TYPE": "PL_MINSP", "A_DATE": "2024-05-16T00:00:00", "A_STATUS": "UN_RE", "A_STATUS_D": "2024-05-16T00:00:00", "A_PROJECT_": "East Geer St Apartments", "A_DESCRIPT": "66 apartment units with clubhouse.", "A_USER_ID": "TREYFI", "A_CASE_PLA": "TREYFI", "StatCode": "UN_RE", "AppStatus": "Under Review", "AppCode": "PL_MINSP", "AppType": "Level 4 - Administrative Site Plan", "CasePlanne": "Trey Figueroa", "EMAIL": "Trey.Figueroa@durhamnc.gov", "ORIG_FID": 12054, "CreationDa": "2025-09-20T00:00:00", "Creator": "gisproc_sys", "EditDate": "2025-09-20T00:00:00", "Editor": "gisproc_sys", "match_results": "[(66, None, 'apartment', 'units')]" }, "geometry": { "type": "Point", "coordinates": [ -78.845730138129269, 36.022757373041813 ] } },
{ "type": "Feature", "properties": { "A_NUMBER": "D2200205", "A_TYPE": "PL_MINSP", "A_DATE": "2022-06-15T00:00:00", "A_STATUS": "APP", "A_STATUS_D": "2023-12-18T00:00:00", "A_PROJECT_": "Pinecrest", "A_DESCRIPT": "46 SFD townhomes with Cobb House (historic) preservation and reuse.", "A_USER_ID": "TREYFI", "A_CASE_PLA": "TREYFI", "StatCode": "APP", "AppStatus": "Approved", "AppCode": "PL_MINSP", "AppType": "Level 4 - Administrative Site Plan", "CasePlanne": "Trey Figueroa", "EMAIL": "Trey.Figueroa@durhamnc.gov", "ORIG_FID": 12493, "CreationDa": "2025-09-20T00:00:00", "Creator": "gisproc_sys", "EditDate": "2025-09-20T00:00:00", "Editor": "gisproc_sys", "match_results": [ ] }, "geometry": { "type": "Point", "coordinates": [ -78.919222051097833, 35.983120643443712 ] } },
{ "type": "Feature", "properties": { "A_NUMBER": "D2200291", "A_TYPE": "PL_MINSP", "A_DATE": "2022-08-31T00:00:00", "A_STATUS": "APP", "A_STATUS_D": "2023-03-16T00:00:00", "A_PROJECT_": "Glenn Crossing Amendment 2", "A_DESCRIPT": "Additional design and amenity open spaces, loss of 1 lot/unit for a new total of 278 townhouses", "A_USER_ID": "JESSICADO", "A_CASE_PLA": "KEAGANSA", "StatCode": "APP", "AppStatus": "Approved", "AppCode": "PL_MINSP", "AppType": "Level 4 - Administrative Site Plan", "CasePlanne": "Keagan Sacripanti", "EMAIL": "Keagan.Sacripanti@durhamnc.gov", "ORIG_FID": 12610, "CreationDa": "2025-09-20T00:00:00", "Creator": "gisproc_sys", "EditDate": "2025-09-20T00:00:00", "Editor": "gisproc_sys", "match_results": "[(278, None, 'townhouse', None)]" }, "geometry": { "type": "Point", "coordinates": [ -78.842988272510112, 36.038120568981412 ] } },
{ "type": "Feature", "properties": { "A_NUMBER": "D2200330", "A_TYPE": "PL_MINSP", "A_DATE": "2022-09-26T00:00:00", "A_STATUS": "APP", "A_STATUS_D": "2023-04-09T00:00:00", "A_PROJECT_": "1109 W Chapel Hill Street", "A_DESCRIPT": "Propose 12 multifamily apartments with 399 square feet of commercial space. \r\n", "A_USER_ID": "TREYFI", "A_CASE_PLA": "TREYFI", "StatCode": "APP", "AppStatus": "Approved", "AppCode": "PL_MINSP", "AppType": "Level 4 - Administrative Site Plan", "CasePlanne": "Trey Figueroa", "EMAIL": "Trey.Figueroa@durhamnc.gov", "ORIG_FID": 12629, "CreationDa": "2025-09-20T00:00:00", "Creator": "gisproc_sys", "EditDate": "2025-09-20T00:00:00", "Editor": "gisproc_sys", "match_results": "[(12, None, 'multifamily', None)]" }, "geometry": { "type": "Point", "coordinates": [ -78.916424163955355, 35.996439762824977 ] } },
{ "type": "Feature", "properties": { "A_NUMBER": "D2100400", "A_TYPE": "PL_MINSP", "A_DATE": "2021-11-05T00:00:00", "A_STATUS": "APP", "A_STATUS_D": "2023-04-03T00:00:00", "A_PROJECT_": "Durham Center II", "A_DESCRIPT": "Redevelopment - Proposed Multi-use Tower - 312 apartments, retail, and parking garage", "A_USER_ID": "JESSICADO", "A_CASE_PLA": "TREYFI", "StatCode": "APP", "AppStatus": "Approved", "AppCode": "PL_MINSP", "AppType": "Level 4 - Administrative Site Plan", "CasePlanne": "Trey Figueroa", "EMAIL": "Trey.Figueroa@durhamnc.gov", "ORIG_FID": 12721, "CreationDa": "2025-09-20T00:00:00", "Creator": "gisproc_sys", "EditDate": "2025-09-20T00:00:00", "Editor": "gisproc_sys", "match_results": "[(312, None, 'apartment', None)]" }, "geometry": { "type": "Point", "coordinates": [ -78.90319237427012, 35.998508260331931 ] } },
{ "type": "Feature", "properties": { "A_NUMBER": "D1900397", "A_TYPE": "PL_MINSP", "A_DATE": "2019-11-13T00:00:00", "A_STATUS": "APP", "A_STATUS_D": "2025-01-27T00:00:00", "A_PROJECT_": "518 Morehead", "A_DESCRIPT": "Residential multi-family project; 130 dwelling units proposed", "A_USER_ID": "JESSICADO", "A_CASE_PLA": "TREYFI", "StatCode": "APP", "AppStatus": "Approved", "AppCode": "PL_MINSP", "AppType": "Level 4 - Administrative Site Plan", "CasePlanne": "Trey Figueroa", "EMAIL": "Trey.Figueroa@durhamnc.gov", "ORIG_FID": 12934, "CreationDa": "2025-09-20T00:00:00", "Creator": "gisproc_sys", "EditDate": "2025-09-20T00:00:00", "Editor": "gisproc_sys", "match_results": [ ] }, "geometry": { "type": "Point", "coordinates": [ -78.909996012174361, 35.992158134161727 ] } },
{ "type": "Feature", "properties": { "A_NUMBER": "D2400010", "A_TYPE": "PL_MINSP", "A_DATE": "2024-01-22T00:00:00", "A_STATUS": "UN_RE", "A_STATUS_D": "2024-01-22T00:00:00", "A_PROJECT_": "1414 Carpenter Fletcher Rd", "A_DESCRIPT": "Three-story building with 314 apartments wrapped around a parking structure totaling in 205,459 square feet.", "A_USER_ID": "TREYFI", "A_CASE_PLA": "TREYFI", "StatCode": "UN_RE", "AppStatus": "Under Review", "AppCode": "PL_MINSP", "AppType": "Level 4 - Administrative Site Plan", "CasePlanne": "Trey Figueroa", "EMAIL": "Trey.Figueroa@durhamnc.gov", "ORIG_FID": 12942, "CreationDa": "2025-09-20T00:00:00", "Creator": "gisproc_sys", "EditDate": "2025-09-20T00:00:00", "Editor": "gisproc_sys", "match_results": "[(314, None, 'apartment', None)]" }, "geometry": { "type": "Point", "coordinates": [ -78.894994364689865, 35.913848682111094 ] } },
{ "type": "Feature", "properties": { "A_NUMBER": "D2300222", "A_TYPE": "PL_MINSP", "A_DATE": "2023-09-29T00:00:00", "A_STATUS": "UN_RE", "A_STATUS_D": "2025-09-04T00:00:00", "A_PROJECT_": "Bourdon Highlands", "A_DESCRIPT": "Construction of 75 single-family and 305 townhome lots and associated infrastructure. 389 lots being created.", "A_USER_ID": "STEVENPA", "A_CASE_PLA": "COLERE", "StatCode": "UN_RE", "AppStatus": "Under Review", "AppCode": "PL_MINSP", "AppType": "Level 4 - Administrative Site Plan", "CasePlanne": "Cole Renigar", "EMAIL": "Cole.Renigar@durhamnc.gov", "ORIG_FID": 13114, "CreationDa": "2025-09-20T00:00:00", "Creator": "gisproc_sys", "EditDate": "2025-09-20T00:00:00", "Editor": "gisproc_sys", "match_results": "[(75, None, 'single family', None), (305, None, 'townhouse', 'lots')]" }, "geometry": { "type": "Point", "coordinates": [ -78.80778608285209, 35.945452262299568 ] } },
{ "type": "Feature", "properties": { "A_NUMBER": "D2400141", "A_TYPE": "PL_MINSP", "A_DATE": "2024-06-12T00:00:00", "A_STATUS": "CORR", "A_STATUS_D": "2025-06-24T00:00:00", "A_PROJECT_": "1028 Lynn Road Townhouses", "A_DESCRIPT": "36 proposed townhomes.", "A_USER_ID": "KAMILAHALC", "A_CASE_PLA": "COLERE", "StatCode": "CORR", "AppStatus": "Corrections Required", "AppCode": "PL_MINSP", "AppType": "Level 4 - Administrative Site Plan", "CasePlanne": "Cole Renigar", "EMAIL": "Cole.Renigar@durhamnc.gov", "ORIG_FID": 13479, "CreationDa": "2025-09-20T00:00:00", "Creator": "gisproc_sys", "EditDate": "2025-09-20T00:00:00", "Editor": "gisproc_sys", "match_results": "[(36, None, 'townhouse', None)]" }, "geometry": { "type": "Point", "coordinates": [ -78.849638695608931, 35.973205216544137 ] } },
{ "type": "Feature", "properties": { "A_NUMBER": "D2400148", "A_TYPE": "PL_MINSP", "A_DATE": "2024-06-28T00:00:00", "A_STATUS": "APP", "A_STATUS_D": "2025-05-22T00:00:00", "A_PROJECT_": "Harris Farm", "A_DESCRIPT": "New development of multi-family apartments to include a total of 385 residential units on two lots.", "A_USER_ID": "PEYTONBL", "A_CASE_PLA": "TREYFI", "StatCode": "APP", "AppStatus": "Approved", "AppCode": "PL_MINSP", "AppType": "Level 4 - Administrative Site Plan", "CasePlanne": "Trey Figueroa", "EMAIL": "Trey.Figueroa@durhamnc.gov", "ORIG_FID": 13499, "CreationDa": "2025-09-20T00:00:00", "Creator": "gisproc_sys", "EditDate": "2025-09-20T00:00:00", "Editor": "gisproc_sys", "match_results": [ ] }, "geometry": { "type": "Point", "coordinates": [ -78.94937464477151, 35.883045897736906 ] } },
{ "type": "Feature", "properties": { "A_NUMBER": "D2400150", "A_TYPE": "PL_MINSP", "A_DATE": "2024-07-02T00:00:00", "A_STATUS": "APP", "A_STATUS_D": "2025-02-17T00:00:00", "A_PROJECT_": "RTP Block H1", "A_DESCRIPT": "Development of multi-story apartment building (226 units), wrapped around a parking deck for the building and related infrastructure.\r\n", "A_USER_ID": "COLERE", "A_CASE_PLA": "COLERE", "StatCode": "APP", "AppStatus": "Approved", "AppCode": "PL_MINSP", "AppType": "Level 4 - Administrative Site Plan", "CasePlanne": "Cole Renigar", "EMAIL": "Cole.Renigar@durhamnc.gov", "ORIG_FID": 13506, "CreationDa": "2025-09-20T00:00:00", "Creator": "gisproc_sys", "EditDate": "2025-09-20T00:00:00", "Editor": "gisproc_sys", "match_results": "[(226, None, 'apartment', 'units')]" }, "geometry": { "type": "Point", "coordinates": [ -78.865764143037538, 35.893348040111398 ] } },
{ "type": "Feature", "properties": { "A_NUMBER": "D2400151", "A_TYPE": "PL_MINSP", "A_DATE": "2024-07-02T00:00:00", "A_STATUS": "UN_RE", "A_STATUS_D": "2024-07-02T00:00:00", "A_PROJECT_": "Russell Road Subdivision", "A_DESCRIPT": "Subdividing property for 9 single-family lots that will be served by septic and well. Construction of main access drive. \r\n", "A_USER_ID": "TREYFI", "A_CASE_PLA": "TREYFI", "StatCode": "UN_RE", "AppStatus": "Under Review", "AppCode": "PL_MINSP", "AppType": "Level 4 - Administrative Site Plan", "CasePlanne": "Trey Figueroa", "EMAIL": "Trey.Figueroa@durhamnc.gov", "ORIG_FID": 13507, "CreationDa": "2025-09-20T00:00:00", "Creator": "gisproc_sys", "EditDate": "2025-09-20T00:00:00", "Editor": "gisproc_sys", "match_results": "[(9, None, 'single family', 'lots')]" }, "geometry": { "type": "Point", "coordinates": [ -78.943314827659563, 36.118436199844773 ] } },
{ "type": "Feature", "properties": { "A_NUMBER": "D2300211", "A_TYPE": "PL_MINSP", "A_DATE": "2023-09-06T00:00:00", "A_STATUS": "APP", "A_STATUS_D": "2025-04-10T00:00:00", "A_PROJECT_": "1402 Holloway TPW Apartments", "A_DESCRIPT": "10,809 sq. ft. multifamily apartment facility with 28 units.", "A_USER_ID": "COLERE", "A_CASE_PLA": "COLERE", "StatCode": "APP", "AppStatus": "Approved", "AppCode": "PL_MINSP", "AppType": "Level 4 - Administrative Site Plan", "CasePlanne": "Cole Renigar", "EMAIL": "Cole.Renigar@durhamnc.gov", "ORIG_FID": 14175, "CreationDa": "2025-09-20T00:00:00", "Creator": "gisproc_sys", "EditDate": "2025-09-20T00:00:00", "Editor": "gisproc_sys", "match_results": "[(28, None, 'multifamily', 'units')]" }, "geometry": { "type": "Point", "coordinates": [ -78.876548318822628, 35.994031789581094 ] } },
{ "type": "Feature", "properties": { "A_NUMBER": "D2300224", "A_TYPE": "PL_MINSP", "A_DATE": "2023-09-29T00:00:00", "A_STATUS": "APP", "A_STATUS_D": "2024-10-31T00:00:00", "A_PROJECT_": "Shady Grove Assemblage", "A_DESCRIPT": "120 Single-family, 300 Townhouse Residential, and a Public Park.", "A_USER_ID": "TREYFI", "A_CASE_PLA": "TREYFI", "StatCode": "APP", "AppStatus": "Approved", "AppCode": "PL_MINSP", "AppType": "Level 4 - Administrative Site Plan", "CasePlanne": "Trey Figueroa", "EMAIL": "Trey.Figueroa@durhamnc.gov", "ORIG_FID": 14355, "CreationDa": "2025-09-20T00:00:00", "Creator": "gisproc_sys", "EditDate": "2025-09-20T00:00:00", "Editor": "gisproc_sys", "match_results": "[(120, None, 'single family', None), (300, None, 'townhouse', None)]" }, "geometry": { "type": "Point", "coordinates": [ -78.760809649265624, 35.930824786243377 ] } },
{ "type": "Feature", "properties": { "A_NUMBER": "D2300187", "A_TYPE": "PL_MINSP", "A_DATE": "2023-07-26T00:00:00", "A_STATUS": "APP", "A_STATUS_D": "2024-02-08T00:00:00", "A_PROJECT_": "751 Watercolors Townhomes", "A_DESCRIPT": "50 townhouses on 3.75-acre parcel.", "A_USER_ID": "ADDMGR", "A_CASE_PLA": "TREYFI", "StatCode": "APP", "AppStatus": "Approved", "AppCode": "PL_MINSP", "AppType": "Level 4 - Administrative Site Plan", "CasePlanne": "Trey Figueroa", "EMAIL": "Trey.Figueroa@durhamnc.gov", "ORIG_FID": 14514, "CreationDa": "2025-09-20T00:00:00", "Creator": "gisproc_sys", "EditDate": "2025-09-20T00:00:00", "Editor": "gisproc_sys", "match_results": "[(50, None, 'townhouse', None)]" }, "geometry": { "type": "Point", "coordinates": [ -78.957581936748056, 35.87939054072708 ] } },
{ "type": "Feature", "properties": { "A_NUMBER": "D2200233", "A_TYPE": "PL_MINSP", "A_DATE": "2022-07-01T00:00:00", "A_STATUS": "APP", "A_STATUS_D": "2023-04-14T00:00:00", "A_PROJECT_": "Courtyards at Farrington", "A_DESCRIPT": "Proposed 64 single family homes and amenity.", "A_USER_ID": "COLERE", "A_CASE_PLA": "COLERE", "StatCode": "APP", "AppStatus": "Approved", "AppCode": "PL_MINSP", "AppType": "Level 4 - Administrative Site Plan", "CasePlanne": "Cole Renigar", "EMAIL": "Cole.Renigar@durhamnc.gov", "ORIG_FID": 14666, "CreationDa": "2025-09-20T00:00:00", "Creator": "gisproc_sys", "EditDate": "2025-09-20T00:00:00", "Editor": "gisproc_sys", "match_results": "[(64, None, 'single family', 'homes')]" }, "geometry": { "type": "Point", "coordinates": [ -78.9878752772225, 35.924205852442206 ] } },
{ "type": "Feature", "properties": { "A_NUMBER": "D2200131", "A_TYPE": "PL_MINSP", "A_DATE": "2022-04-19T00:00:00", "A_STATUS": "APP", "A_STATUS_D": "2023-05-11T00:00:00", "A_PROJECT_": "Bethpage Apartments Phase 2", "A_DESCRIPT": "343 mutifamily units, 9 buildings", "A_USER_ID": "ROBINSH", "A_CASE_PLA": "ROBINSH", "StatCode": "APP", "AppStatus": "Approved", "AppCode": "PL_MINSP", "AppType": "Level 4 - Administrative Site Plan", "CasePlanne": "Robin Schultze", "EMAIL": "Robin.Schultze@durhamnc.gov", "ORIG_FID": 14786, "CreationDa": "2025-09-20T00:00:00", "Creator": "gisproc_sys", "EditDate": "2025-09-20T00:00:00", "Editor": "gisproc_sys", "match_results": "[(343, None, 'multifamily', 'units')]" }, "geometry": { "type": "Point", "coordinates": [ -78.830766813919126, 35.89717187839674 ] } },
{ "type": "Feature", "properties": { "A_NUMBER": "D2300082", "A_TYPE": "PL_MINSP", "A_DATE": "2023-03-17T00:00:00", "A_STATUS": "APP", "A_STATUS_D": "2023-07-25T00:00:00", "A_PROJECT_": "Blocks B & C at Hub RTP", "A_DESCRIPT": "Addition of new building on block A2-3 and associated infrastructure. Increasing overall units from 366 to 406.", "A_USER_ID": "TREYFI", "A_CASE_PLA": "TREYFI", "StatCode": "APP", "AppStatus": "Approved", "AppCode": "PL_MINSP", "AppType": "Level 4 - Administrative Site Plan", "CasePlanne": "Trey Figueroa", "EMAIL": "Trey.Figueroa@durhamnc.gov", "ORIG_FID": 15025, "CreationDa": "2025-09-20T00:00:00", "Creator": "gisproc_sys", "EditDate": "2025-09-20T00:00:00", "Editor": "gisproc_sys", "match_results": "[(366, None, 'single family', None)]" }, "geometry": { "type": "Point", "coordinates": [ -78.862622011888178, 35.891856216644399 ] } },
{ "type": "Feature", "properties": { "A_NUMBER": "D2200293", "A_TYPE": "PL_MINSP", "A_DATE": "2022-08-31T00:00:00", "A_STATUS": "APP", "A_STATUS_D": "2023-08-24T00:00:00", "A_PROJECT_": "Summer Meadow Phase 4A & 4B", "A_DESCRIPT": "Proposed 23 single-family lots in phases 4A and 4B.", "A_USER_ID": "KEAGANSA", "A_CASE_PLA": "KEAGANSA", "StatCode": "APP", "AppStatus": "Approved", "AppCode": "PL_MINSP", "AppType": "Level 4 - Administrative Site Plan", "CasePlanne": "Keagan Sacripanti", "EMAIL": "Keagan.Sacripanti@durhamnc.gov", "ORIG_FID": 15100, "CreationDa": "2025-09-20T00:00:00", "Creator": "gisproc_sys", "EditDate": "2025-09-20T00:00:00", "Editor": "gisproc_sys", "match_results": "[(23, None, 'single family', 'lots')]" }, "geometry": { "type": "Point", "coordinates": [ -78.886158801161571, 36.065608179035038 ] } },
{ "type": "Feature", "properties": { "A_NUMBER": "D2300216", "A_TYPE": "PL_MINSP", "A_DATE": "2023-09-25T00:00:00", "A_STATUS": "APP", "A_STATUS_D": "2024-08-15T00:00:00", "A_PROJECT_": "Aura 501", "A_DESCRIPT": "Construction of 220 multi-family units with associated amenities and infrastructure totaling in 354,955 sq. ft.", "A_USER_ID": "TREYFI", "A_CASE_PLA": "TREYFI", "StatCode": "APP", "AppStatus": "Approved", "AppCode": "PL_MINSP", "AppType": "Level 4 - Administrative Site Plan", "CasePlanne": "Trey Figueroa", "EMAIL": "Trey.Figueroa@durhamnc.gov", "ORIG_FID": 15537, "CreationDa": "2025-09-20T00:00:00", "Creator": "gisproc_sys", "EditDate": "2025-09-20T00:00:00", "Editor": "gisproc_sys", "match_results": "[(220, None, 'multifamily', 'units')]" }, "geometry": { "type": "Point", "coordinates": [ -78.898080496814444, 35.998611471461899 ] } },
{ "type": "Feature", "properties": { "A_NUMBER": "D2300084", "A_TYPE": "PL_MINSP", "A_DATE": "2023-03-21T00:00:00", "A_STATUS": "APP", "A_STATUS_D": "2024-01-17T00:00:00", "A_PROJECT_": "New Hope Commons Multifamily", "A_DESCRIPT": "Demolish one of the existing buildings and a parking area onsite to facilitate two multifamily buildings (460 units across two phases) with integrated structured parking.", "A_USER_ID": "JESSICADO", "A_CASE_PLA": "ROBINSH", "StatCode": "APP", "AppStatus": "Approved", "AppCode": "PL_MINSP", "AppType": "Level 4 - Administrative Site Plan", "CasePlanne": "Robin Schultze", "EMAIL": "Robin.Schultze@durhamnc.gov", "ORIG_FID": 15569, "CreationDa": "2025-09-20T00:00:00", "Creator": "gisproc_sys", "EditDate": "2025-09-20T00:00:00", "Editor": "gisproc_sys", "match_results": "[(460, None, 'multifamily', 'units')]" }, "geometry": { "type": "Point", "coordinates": [ -78.997636564457935, 35.954830127913816 ] } },
{ "type": "Feature", "properties": { "A_NUMBER": "D2100340", "A_TYPE": "PL_MINSP", "A_DATE": "2021-10-04T00:00:00", "A_STATUS": "APP", "A_STATUS_D": "2023-10-31T00:00:00", "A_PROJECT_": "Angier Avenue Apartments", "A_DESCRIPT": "The construction of 8 multifamily buildings with 608 units on 2 parcels to be recombined.", "A_USER_ID": "COLERE", "A_CASE_PLA": "COLERE", "StatCode": "APP", "AppStatus": "Approved", "AppCode": "PL_MINSP", "AppType": "Level 4 - Administrative Site Plan", "CasePlanne": "Cole Renigar", "EMAIL": "Cole.Renigar@durhamnc.gov", "ORIG_FID": 16059, "CreationDa": "2025-09-20T00:00:00", "Creator": "gisproc_sys", "EditDate": "2025-09-20T00:00:00", "Editor": "gisproc_sys", "match_results": "[(8, None, 'multifamily', None)]" }, "geometry": { "type": "Point", "coordinates": [ -78.848999551518645, 35.954926822875841 ] } },
{ "type": "Feature", "properties": { "A_NUMBER": "D2200264", "A_TYPE": "PL_MINSP", "A_DATE": "2022-08-01T00:00:00", "A_STATUS": "APP", "A_STATUS_D": "2023-02-28T00:00:00", "A_PROJECT_": "Nichols Village", "A_DESCRIPT": "54 townhomes units", "A_USER_ID": "TREYFI", "A_CASE_PLA": "TREYFI", "StatCode": "APP", "AppStatus": "Approved", "AppCode": "PL_MINSP", "AppType": "Level 4 - Administrative Site Plan", "CasePlanne": "Trey Figueroa", "EMAIL": "Trey.Figueroa@durhamnc.gov", "ORIG_FID": 16417, "CreationDa": "2025-09-20T00:00:00", "Creator": "gisproc_sys", "EditDate": "2025-09-20T00:00:00", "Editor": "gisproc_sys", "match_results": "[(54, None, 'townhouse', None)]" }, "geometry": { "type": "Point", "coordinates": [ -78.791433015458281, 35.952736075141296 ] } },
{ "type": "Feature", "properties": { "A_NUMBER": "D2200430", "A_TYPE": "PL_MINSP", "A_DATE": "2022-12-20T00:00:00", "A_STATUS": "APP", "A_STATUS_D": "2023-08-17T00:00:00", "A_PROJECT_": "Southside East Phases 3 & 4", "A_DESCRIPT": "Construction of 100 residential apartment units in 12 buildings.", "A_USER_ID": "ROBINSH", "A_CASE_PLA": "ROBINSH", "StatCode": "APP", "AppStatus": "Approved", "AppCode": "PL_MINSP", "AppType": "Level 4 - Administrative Site Plan", "CasePlanne": "Robin Schultze", "EMAIL": "Robin.Schultze@durhamnc.gov", "ORIG_FID": 16684, "CreationDa": "2025-09-20T00:00:00", "Creator": "gisproc_sys", "EditDate": "2025-09-20T00:00:00", "Editor": "gisproc_sys", "match_results": "[(100, None, 'apartment', 'units')]" }, "geometry": { "type": "Point", "coordinates": [ -78.901788982109835, 35.984662158522923 ] } },
{ "type": "Feature", "properties": { "A_NUMBER": "D2300195", "A_TYPE": "PL_MINSP", "A_DATE": "2023-08-14T00:00:00", "A_STATUS": "APP", "A_STATUS_D": "2024-04-30T00:00:00", "A_PROJECT_": "Heritage Square - Phase One", "A_DESCRIPT": "Phase one of a Mixed-Use Project consisting of multifamily residential (323 units), commercial retail, office, and structured parking.", "A_USER_ID": "JESSICADO", "A_CASE_PLA": "TREYFI", "StatCode": "APP", "AppStatus": "Approved", "AppCode": "PL_MINSP", "AppType": "Level 4 - Administrative Site Plan", "CasePlanne": "Trey Figueroa", "EMAIL": "Trey.Figueroa@durhamnc.gov", "ORIG_FID": 16959, "CreationDa": "2025-09-20T00:00:00", "Creator": "gisproc_sys", "EditDate": "2025-09-20T00:00:00", "Editor": "gisproc_sys", "match_results": "[(323, None, 'multifamily', 'units')]" }, "geometry": { "type": "Point", "coordinates": [ -78.899538214419337, 35.987549265280919 ] } },
{ "type": "Feature", "properties": { "A_NUMBER": "D2300094", "A_TYPE": "PL_MINSP", "A_DATE": "2023-04-05T00:00:00", "A_STATUS": "APP", "A_STATUS_D": "2024-02-12T00:00:00", "A_PROJECT_": "The Advantage", "A_DESCRIPT": "183 Townhomes, 188 proposed lots.", "A_USER_ID": "COLERE", "A_CASE_PLA": "COLERE", "StatCode": "APP", "AppStatus": "Approved", "AppCode": "PL_MINSP", "AppType": "Level 4 - Administrative Site Plan", "CasePlanne": "Cole Renigar", "EMAIL": "Cole.Renigar@durhamnc.gov", "ORIG_FID": 17044, "CreationDa": "2025-09-20T00:00:00", "Creator": "gisproc_sys", "EditDate": "2025-09-20T00:00:00", "Editor": "gisproc_sys", "match_results": "[(183, None, 'townhouse', None)]" }, "geometry": { "type": "Point", "coordinates": [ -78.775698802724776, 35.947256335104001 ] } },
{ "type": "Feature", "properties": { "A_NUMBER": "D2400160", "A_TYPE": "PL_MINSP", "A_DATE": "2024-07-15T00:00:00", "A_STATUS": "UN_RE", "A_STATUS_D": "2025-02-21T00:00:00", "A_PROJECT_": "Doc Nichols Towns", "A_DESCRIPT": "21 Townhome community.", "A_USER_ID": "COLERE", "A_CASE_PLA": "COLERE", "StatCode": "UN_RE", "AppStatus": "Under Review", "AppCode": "PL_MINSP", "AppType": "Level 4 - Administrative Site Plan", "CasePlanne": "Cole Renigar", "EMAIL": "Cole.Renigar@durhamnc.gov", "ORIG_FID": 17354, "CreationDa": "2025-09-20T00:00:00", "Creator": "gisproc_sys", "EditDate": "2025-09-20T00:00:00", "Editor": "gisproc_sys", "match_results": "[(21, None, 'townhouse', None)]" }, "geometry": { "type": "Point", "coordinates": [ -78.791909189321601, 35.954678990118097 ] } },
{ "type": "Feature", "properties": { "A_NUMBER": "D2200286", "A_TYPE": "PL_MINSP", "A_DATE": "2022-08-23T00:00:00", "A_STATUS": "APP", "A_STATUS_D": "2023-06-28T00:00:00", "A_PROJECT_": "Crescent Townes", "A_DESCRIPT": "103 unit townhome subdivision -- associated with rezoning case (Z2200007), and associated annexation (BDG2200005)", "A_USER_ID": "KIMRO", "A_CASE_PLA": "ROBINSH", "StatCode": "APP", "AppStatus": "Approved", "AppCode": "PL_MINSP", "AppType": "Level 4 - Administrative Site Plan", "CasePlanne": "Robin Schultze", "EMAIL": "Robin.Schultze@durhamnc.gov", "ORIG_FID": 17500, "CreationDa": "2025-09-20T00:00:00", "Creator": "gisproc_sys", "EditDate": "2025-09-20T00:00:00", "Editor": "gisproc_sys", "match_results": "[(103, None, 'townhouse', None)]" }, "geometry": { "type": "Point", "coordinates": [ -78.987765645180474, 35.91377635907093 ] } },
{ "type": "Feature", "properties": { "A_NUMBER": "D2300122", "A_TYPE": "PL_MINSP", "A_DATE": "2023-05-03T00:00:00", "A_STATUS": "APP", "A_STATUS_D": "2023-11-29T00:00:00", "A_PROJECT_": "East Geer Street Apartments", "A_DESCRIPT": "208 apartments totaling 60,576 square feet.", "A_USER_ID": "COLERE", "A_CASE_PLA": "COLERE", "StatCode": "APP", "AppStatus": "Approved", "AppCode": "PL_MINSP", "AppType": "Level 4 - Administrative Site Plan", "CasePlanne": "Cole Renigar", "EMAIL": "Cole.Renigar@durhamnc.gov", "ORIG_FID": 18290, "CreationDa": "2025-09-20T00:00:00", "Creator": "gisproc_sys", "EditDate": "2025-09-20T00:00:00", "Editor": "gisproc_sys", "match_results": "[(208, None, 'apartment', None)]" }, "geometry": { "type": "Point", "coordinates": [ -78.842474546172681, 36.025919367056247 ] } },
{ "type": "Feature", "properties": { "A_NUMBER": "D2400123", "A_TYPE": "PL_MINSP", "A_DATE": "2024-05-24T00:00:00", "A_STATUS": "APP", "A_STATUS_D": "2024-12-19T00:00:00", "A_PROJECT_": "Cresta Cottages", "A_DESCRIPT": "22 small lot single family residential development.", "A_USER_ID": "COLERE", "A_CASE_PLA": "COLERE", "StatCode": "APP", "AppStatus": "Approved", "AppCode": "PL_MINSP", "AppType": "Level 4 - Administrative Site Plan", "CasePlanne": "Cole Renigar", "EMAIL": "Cole.Renigar@durhamnc.gov", "ORIG_FID": 18300, "CreationDa": "2025-09-20T00:00:00", "Creator": "gisproc_sys", "EditDate": "2025-09-20T00:00:00", "Editor": "gisproc_sys", "match_results": "[(22, None, 'single family', None)]" }, "geometry": { "type": "Point", "coordinates": [ -78.92380589087773, 35.961940488606984 ] } },
{ "type": "Feature", "properties": { "A_NUMBER": "D2300256", "A_TYPE": "PL_MINSP", "A_DATE": "2023-11-13T00:00:00", "A_STATUS": "APP", "A_STATUS_D": "2025-04-21T00:00:00", "A_PROJECT_": "Fletcher Crossing Townhomes", "A_DESCRIPT": "Site plan and related infrastructure for 80 residential townhomes, including roadway, utility, grading, and stormwater.", "A_USER_ID": "PEYTONBL", "A_CASE_PLA": "PEYTONBL", "StatCode": "APP", "AppStatus": "Approved", "AppCode": "PL_MINSP", "AppType": "Level 4 - Administrative Site Plan", "CasePlanne": "PEYTON BLANCHARD", "EMAIL": "PEYTON.BLANCHARD@DURHAMNC.GOV", "ORIG_FID": 18426, "CreationDa": "2025-09-20T00:00:00", "Creator": "gisproc_sys", "EditDate": "2025-09-20T00:00:00", "Editor": "gisproc_sys", "match_results": "[(80, None, 'townhouse', None)]" }, "geometry": { "type": "Point", "coordinates": [ -78.82818757320031, 35.971587283413683 ] } },
{ "type": "Feature", "properties": { "A_NUMBER": "D2200351", "A_TYPE": "PL_MINSP", "A_DATE": "2022-10-12T00:00:00", "A_STATUS": "APP", "A_STATUS_D": "2024-01-12T00:00:00", "A_PROJECT_": "Courtyards at Doc Nichols", "A_DESCRIPT": "102 Single family detached lots with 64 townhome lots with supporting open space.", "A_USER_ID": "COLERE", "A_CASE_PLA": "KEAGANSA", "StatCode": "APP", "AppStatus": "Approved", "AppCode": "PL_MINSP", "AppType": "Level 4 - Administrative Site Plan", "CasePlanne": "Keagan Sacripanti", "EMAIL": "Keagan.Sacripanti@durhamnc.gov", "ORIG_FID": 18481, "CreationDa": "2025-09-20T00:00:00", "Creator": "gisproc_sys", "EditDate": "2025-09-20T00:00:00", "Editor": "gisproc_sys", "match_results": "[(102, None, 'single family', 'lots'), (64, None, 'townhouse', 'lots')]" }, "geometry": { "type": "Point", "coordinates": [ -78.795195965564844, 35.945873008342375 ] } },
{ "type": "Feature", "properties": { "A_NUMBER": "D2100309", "A_TYPE": "PL_MINSP", "A_DATE": "2021-09-13T00:00:00", "A_STATUS": "APP", "A_STATUS_D": "2024-01-29T00:00:00", "A_PROJECT_": "Arvin Subdivision", "A_DESCRIPT": "Single Family subdivision with 390 single-family lots, 191 townhouse lots and rec site.", "A_USER_ID": "TDANNER", "A_CASE_PLA": "KEAGANSA", "StatCode": "APP", "AppStatus": "Approved", "AppCode": "PL_MINSP", "AppType": "Level 4 - Administrative Site Plan", "CasePlanne": "Keagan Sacripanti", "EMAIL": "Keagan.Sacripanti@durhamnc.gov", "ORIG_FID": 18812, "CreationDa": "2025-09-20T00:00:00", "Creator": "gisproc_sys", "EditDate": "2025-09-20T00:00:00", "Editor": "gisproc_sys", "match_results": "[(390, None, 'single family', None), (191, None, 'townhouse', 'lots')]" }, "geometry": { "type": "Point", "coordinates": [ -78.825608197912814, 36.004878353829561 ] } },
{ "type": "Feature", "properties": { "A_NUMBER": "D2300223", "A_TYPE": "PL_MINSP", "A_DATE": "2023-09-29T00:00:00", "A_STATUS": "APP", "A_STATUS_D": "2025-05-22T00:00:00", "A_PROJECT_": "Sherron Creek", "A_DESCRIPT": "New 108-unit townhome development including amenities and associated infrastructure. 114 new lots.", "A_USER_ID": "COLERE", "A_CASE_PLA": "COLERE", "StatCode": "APP", "AppStatus": "Approved", "AppCode": "PL_MINSP", "AppType": "Level 4 - Administrative Site Plan", "CasePlanne": "Cole Renigar", "EMAIL": "Cole.Renigar@durhamnc.gov", "ORIG_FID": 18885, "CreationDa": "2025-09-20T00:00:00", "Creator": "gisproc_sys", "EditDate": "2025-09-20T00:00:00", "Editor": "gisproc_sys", "match_results": "[(108, None, 'townhouse', None)]" }, "geometry": { "type": "Point", "coordinates": [ -78.823390773360813, 35.960733025843282 ] } },
{ "type": "Feature", "properties": { "A_NUMBER": "D2200332", "A_TYPE": "PL_MINSP", "A_DATE": "2022-09-29T00:00:00", "A_STATUS": "UN_RE", "A_STATUS_D": "2025-03-04T00:00:00", "A_PROJECT_": "Glennstone Annex", "A_DESCRIPT": "17 Single family lots extending from ex. Chimney Stone Road.", "A_USER_ID": "AKINROTIMIA", "A_CASE_PLA": "TREYFI", "StatCode": "UN_RE", "AppStatus": "Under Review", "AppCode": "PL_MINSP", "AppType": "Level 4 - Administrative Site Plan", "CasePlanne": "Trey Figueroa", "EMAIL": "Trey.Figueroa@durhamnc.gov", "ORIG_FID": 18982, "CreationDa": "2025-09-20T00:00:00", "Creator": "gisproc_sys", "EditDate": "2025-09-20T00:00:00", "Editor": "gisproc_sys", "match_results": "[(17, None, 'single family', 'lots')]" }, "geometry": { "type": "Point", "coordinates": [ -78.835282919947815, 36.054363095631452 ] } },
{ "type": "Feature", "properties": { "A_NUMBER": "D2200371", "A_TYPE": "PL_MINSP", "A_DATE": "2022-10-24T00:00:00", "A_STATUS": "APP", "A_STATUS_D": "2023-04-20T00:00:00", "A_PROJECT_": "311 W Corporation", "A_DESCRIPT": "45 units multifamily residential apartments", "A_USER_ID": "HERALDGO", "A_CASE_PLA": "ROBINSH", "StatCode": "APP", "AppStatus": "Approved", "AppCode": "PL_MINSP", "AppType": "Level 4 - Administrative Site Plan", "CasePlanne": "Robin Schultze", "EMAIL": "Robin.Schultze@durhamnc.gov", "ORIG_FID": 19267, "CreationDa": "2025-09-20T00:00:00", "Creator": "gisproc_sys", "EditDate": "2025-09-20T00:00:00", "Editor": "gisproc_sys", "match_results": "[(45, None, 'multifamily', None)]" }, "geometry": { "type": "Point", "coordinates": [ -78.898906603353623, 36.001690204971091 ] } },
{ "type": "Feature", "properties": { "A_NUMBER": "D2200301", "A_TYPE": "PL_MINSP", "A_DATE": "2022-09-06T00:00:00", "A_STATUS": "APP", "A_STATUS_D": "2023-05-04T00:00:00", "A_PROJECT_": "102 W Morgan Street", "A_DESCRIPT": "Construction of 228 multifamily units with associated amenities and infrastructure.", "A_USER_ID": "TREYFI", "A_CASE_PLA": "TREYFI", "StatCode": "APP", "AppStatus": "Approved", "AppCode": "PL_MINSP", "AppType": "Level 4 - Administrative Site Plan", "CasePlanne": "Trey Figueroa", "EMAIL": "Trey.Figueroa@durhamnc.gov", "ORIG_FID": 19429, "CreationDa": "2025-09-20T00:00:00", "Creator": "gisproc_sys", "EditDate": "2025-09-20T00:00:00", "Editor": "gisproc_sys", "match_results": "[(228, None, 'multifamily', 'units')]" }, "geometry": { "type": "Point", "coordinates": [ -78.899505420676775, 35.998520714397756 ] } },
{ "type": "Feature", "properties": { "A_NUMBER": "D2200428", "A_TYPE": "PL_MINSP", "A_DATE": "2022-12-20T00:00:00", "A_STATUS": "APP", "A_STATUS_D": "2024-10-03T00:00:00", "A_PROJECT_": "Alpaca Chicken", "A_DESCRIPT": "The proposed development combines two existing lots. A multi-tenant commercial building including a restaurant and retail is proposed.", "A_USER_ID": "KEAGANSA", "A_CASE_PLA": "KEAGANSA", "StatCode": "APP", "AppStatus": "Approved", "AppCode": "PL_MINSP", "AppType": "Level 4 - Administrative Site Plan", "CasePlanne": "Keagan Sacripanti", "EMAIL": "Keagan.Sacripanti@durhamnc.gov", "ORIG_FID": 19760, "CreationDa": "2025-09-20T00:00:00", "Creator": "gisproc_sys", "EditDate": "2025-09-20T00:00:00", "Editor": "gisproc_sys", "match_results": [ ] }, "geometry": { "type": "Point", "coordinates": [ -78.84018035544257, 35.940887671216551 ] } },
{ "type": "Feature", "properties": { "A_NUMBER": "D2200169", "A_TYPE": "PL_MINSP", "A_DATE": "2022-05-24T00:00:00", "A_STATUS": "APP", "A_STATUS_D": "2023-01-17T00:00:00", "A_PROJECT_": "Massey Chapel Townhouses", "A_DESCRIPT": "24 townhome lots.", "A_USER_ID": "JESSICADO", "A_CASE_PLA": "ROBINSH", "StatCode": "APP", "AppStatus": "Approved", "AppCode": "PL_MINSP", "AppType": "Level 4 - Administrative Site Plan", "CasePlanne": "Robin Schultze", "EMAIL": "Robin.Schultze@durhamnc.gov", "ORIG_FID": 19777, "CreationDa": "2025-09-20T00:00:00", "Creator": "gisproc_sys", "EditDate": "2025-09-20T00:00:00", "Editor": "gisproc_sys", "match_results": "[(24, None, 'townhouse', 'lots')]" }, "geometry": { "type": "Point", "coordinates": [ -78.946575708272519, 35.896516970761226 ] } },
{ "type": "Feature", "properties": { "A_NUMBER": "D2200386", "A_TYPE": "PL_MINSP", "A_DATE": "2022-11-03T00:00:00", "A_STATUS": "APP", "A_STATUS_D": "2024-02-28T00:00:00", "A_PROJECT_": "3851 Hope Valley Road", "A_DESCRIPT": "Duplexes and single family subdivision. 40 total units, 3 open space lots.", "A_USER_ID": "JESSICADO", "A_CASE_PLA": "ROBINSH", "StatCode": "APP", "AppStatus": "Approved", "AppCode": "PL_MINSP", "AppType": "Level 4 - Administrative Site Plan", "CasePlanne": "Robin Schultze", "EMAIL": "Robin.Schultze@durhamnc.gov", "ORIG_FID": 19888, "CreationDa": "2025-09-20T00:00:00", "Creator": "gisproc_sys", "EditDate": "2025-09-20T00:00:00", "Editor": "gisproc_sys", "match_results": [ ] }, "geometry": { "type": "Point", "coordinates": [ -78.941755320358425, 35.94067663199769 ] } },
{ "type": "Feature", "properties": { "A_NUMBER": "D2300062", "A_TYPE": "PL_MINSP", "A_DATE": "2023-03-03T00:00:00", "A_STATUS": "APP", "A_STATUS_D": "2023-12-07T00:00:00", "A_PROJECT_": "5202 Garrett Road", "A_DESCRIPT": "6 townhouses with small parking lot, dog park, and passive open space.", "A_USER_ID": "COLERE", "A_CASE_PLA": "COLERE", "StatCode": "APP", "AppStatus": "Approved", "AppCode": "PL_MINSP", "AppType": "Level 4 - Administrative Site Plan", "CasePlanne": "Cole Renigar", "EMAIL": "Cole.Renigar@durhamnc.gov", "ORIG_FID": 20215, "CreationDa": "2025-09-20T00:00:00", "Creator": "gisproc_sys", "EditDate": "2025-09-20T00:00:00", "Editor": "gisproc_sys", "match_results": "[(6, None, 'townhouse', None)]" }, "geometry": { "type": "Point", "coordinates": [ -78.969743910344263, 35.948994800721692 ] } },
{ "type": "Feature", "properties": { "A_NUMBER": "D2300140", "A_TYPE": "PL_MINSP", "A_DATE": "2023-05-22T00:00:00", "A_STATUS": "APP", "A_STATUS_D": "2024-06-30T00:00:00", "A_PROJECT_": "2201 Cornwallis Land", "A_DESCRIPT": "103,000 sq. ft. of multifamily residential building area with 90 units plus open space lots.", "A_USER_ID": "TREYFI", "A_CASE_PLA": "TREYFI", "StatCode": "APP", "AppStatus": "Approved", "AppCode": "PL_MINSP", "AppType": "Level 4 - Administrative Site Plan", "CasePlanne": "Trey Figueroa", "EMAIL": "Trey.Figueroa@durhamnc.gov", "ORIG_FID": 20253, "CreationDa": "2025-09-20T00:00:00", "Creator": "gisproc_sys", "EditDate": "2025-09-20T00:00:00", "Editor": "gisproc_sys", "match_results": "[(90, None, 'multifamily', 'units')]" }, "geometry": { "type": "Point", "coordinates": [ -78.959082141237886, 35.982499657870477 ] } },
{ "type": "Feature", "properties": { "A_NUMBER": "D2400176", "A_TYPE": "PL_MINSP", "A_DATE": "2024-08-13T00:00:00", "A_STATUS": "UN_RE", "A_STATUS_D": "2024-08-13T00:00:00", "A_PROJECT_": "Fox Crossing II", "A_DESCRIPT": "320 apartment units with 4800 sq ft of commercial space", "A_USER_ID": "EDWARDFR", "A_CASE_PLA": "TREYFI", "StatCode": "UN_RE", "AppStatus": "Under Review", "AppCode": "PL_MINSP", "AppType": "Level 4 - Administrative Site Plan", "CasePlanne": "Trey Figueroa", "EMAIL": "Trey.Figueroa@durhamnc.gov", "ORIG_FID": 20341, "CreationDa": "2025-09-20T00:00:00", "Creator": "gisproc_sys", "EditDate": "2025-09-20T00:00:00", "Editor": "gisproc_sys", "match_results": "[(320, None, 'apartment', 'units')]" }, "geometry": { "type": "Point", "coordinates": [ -78.852263132688023, 35.970853542440373 ] } },
{ "type": "Feature", "properties": { "A_NUMBER": "D2400193", "A_TYPE": "PL_MINSP", "A_DATE": "2024-08-27T00:00:00", "A_STATUS": "APP", "A_STATUS_D": "2025-01-31T00:00:00", "A_PROJECT_": "Durham Summit", "A_DESCRIPT": "312 multi-family apartment units with surface parking.", "A_USER_ID": "JESSICADO", "A_CASE_PLA": "PEYTONBL", "StatCode": "APP", "AppStatus": "Approved", "AppCode": "PL_MINSP", "AppType": "Level 4 - Administrative Site Plan", "CasePlanne": "PEYTON BLANCHARD", "EMAIL": "PEYTON.BLANCHARD@DURHAMNC.GOV", "ORIG_FID": 20386, "CreationDa": "2025-09-20T00:00:00", "Creator": "gisproc_sys", "EditDate": "2025-09-20T00:00:00", "Editor": "gisproc_sys", "match_results": "[(312, None, 'multifamily', None)]" }, "geometry": { "type": "Point", "coordinates": [ -78.903793589889105, 36.046505523196032 ] } },
{ "type": "Feature", "properties": { "A_NUMBER": "D2400201", "A_TYPE": "PL_MINSP", "A_DATE": "2024-09-06T00:00:00", "A_STATUS": "APP", "A_STATUS_D": "2025-08-13T00:00:00", "A_PROJECT_": "Trinity Park Townhomes", "A_DESCRIPT": "20 townhomes with ADU's and a commercial parking lot to serve the adjacent hotel.", "A_USER_ID": "ADDMGR", "A_CASE_PLA": "TREYFI", "StatCode": "APP", "AppStatus": "Approved", "AppCode": "PL_MINSP", "AppType": "Level 4 - Administrative Site Plan", "CasePlanne": "Trey Figueroa", "EMAIL": "Trey.Figueroa@durhamnc.gov", "ORIG_FID": 20413, "CreationDa": "2025-09-20T00:00:00", "Creator": "gisproc_sys", "EditDate": "2025-09-20T00:00:00", "Editor": "gisproc_sys", "match_results": "[(20, None, 'townhouse', None)]" }, "geometry": { "type": "Point", "coordinates": [ -78.910588609760822, 36.001933323150155 ] } },
{ "type": "Feature", "properties": { "A_NUMBER": "D2400205", "A_TYPE": "PL_MINSP", "A_DATE": "2024-09-11T00:00:00", "A_STATUS": "APP", "A_STATUS_D": "2025-04-30T00:00:00", "A_PROJECT_": "Fayette Place Ph 1", "A_DESCRIPT": "252 affordable unit apartment complex.", "A_USER_ID": "COLERE", "A_CASE_PLA": "COLERE", "StatCode": "APP", "AppStatus": "Approved", "AppCode": "PL_MINSP", "AppType": "Level 4 - Administrative Site Plan", "CasePlanne": "Cole Renigar", "EMAIL": "Cole.Renigar@durhamnc.gov", "ORIG_FID": 20417, "CreationDa": "2025-09-20T00:00:00", "Creator": "gisproc_sys", "EditDate": "2025-09-20T00:00:00", "Editor": "gisproc_sys", "match_results": "[(252, None, 'apartment', None)]" }, "geometry": { "type": "Point", "coordinates": [ -78.895567603353086, 35.983878717430727 ] } },
{ "type": "Feature", "properties": { "A_NUMBER": "D2400211", "A_TYPE": "PL_SSP_SM", "A_DATE": "2024-09-17T00:00:00", "A_STATUS": "UN_RE", "A_STATUS_D": "2025-03-21T00:00:00", "A_PROJECT_": "High Good - 106 Watts", "A_DESCRIPT": "25 MF residential units with ground floor commercial and under building parking.", "A_USER_ID": "FRANCISCOM", "A_CASE_PLA": "COLERE", "StatCode": "UN_RE", "AppStatus": "Under Review", "AppCode": "PL_SSP_SM", "AppType": "Level 3 - Administrative Site Plan", "CasePlanne": "Cole Renigar", "EMAIL": "Cole.Renigar@durhamnc.gov", "ORIG_FID": 20449, "CreationDa": "2025-09-20T00:00:00", "Creator": "gisproc_sys", "EditDate": "2025-09-20T00:00:00", "Editor": "gisproc_sys", "match_results": "[(25, None, 'mf', None)]" }, "geometry": { "type": "Point", "coordinates": [ -78.91084431148731, 36.001616162687107 ] } },
{ "type": "Feature", "properties": { "A_NUMBER": "D2400080", "A_TYPE": "PL_MINSP", "A_DATE": "2024-04-09T00:00:00", "A_STATUS": "APP", "A_STATUS_D": "2025-02-04T00:00:00", "A_PROJECT_": "Westside Bottling", "A_DESCRIPT": "Redevelopment of old Coca Cola Bottling plant into mixed use with retail, apartment, and townhomes.", "A_USER_ID": "TREYFI", "A_CASE_PLA": "TREYFI", "StatCode": "APP", "AppStatus": "Approved", "AppCode": "PL_MINSP", "AppType": "Level 4 - Administrative Site Plan", "CasePlanne": "Trey Figueroa", "EMAIL": "Trey.Figueroa@durhamnc.gov", "ORIG_FID": 20527, "CreationDa": "2025-09-20T00:00:00", "Creator": "gisproc_sys", "EditDate": "2025-09-20T00:00:00", "Editor": "gisproc_sys", "match_results": [ ] }, "geometry": { "type": "Point", "coordinates": [ -78.943153345475281, 36.019603906671598 ] } },
{ "type": "Feature", "properties": { "A_NUMBER": "D2400233", "A_TYPE": "PL_MINSP", "A_DATE": "2024-10-21T00:00:00", "A_STATUS": "CORR", "A_STATUS_D": "2025-07-21T00:00:00", "A_PROJECT_": "Greenleaf Townes", "A_DESCRIPT": "100 townhomes with public water and sewer, private roads, and associated infrastructure.", "A_USER_ID": "JMCNEILL", "A_CASE_PLA": "COLERE", "StatCode": "CORR", "AppStatus": "Corrections Required", "AppCode": "PL_MINSP", "AppType": "Level 4 - Administrative Site Plan", "CasePlanne": "Cole Renigar", "EMAIL": "Cole.Renigar@durhamnc.gov", "ORIG_FID": 20714, "CreationDa": "2025-09-20T00:00:00", "Creator": "gisproc_sys", "EditDate": "2025-09-20T00:00:00", "Editor": "gisproc_sys", "match_results": "[(100, None, 'townhouse', None)]" }, "geometry": { "type": "Point", "coordinates": [ -78.801584218066409, 35.967866968003186 ] } },
{ "type": "Feature", "properties": { "A_NUMBER": "D2400246", "A_TYPE": "PL_MINSP", "A_DATE": "2024-11-08T00:00:00", "A_STATUS": "APP", "A_STATUS_D": "2025-08-25T00:00:00", "A_PROJECT_": "Aura 751", "A_DESCRIPT": "339 multifamily units and associated amenity space.", "A_USER_ID": "TREYFI", "A_CASE_PLA": "TREYFI", "StatCode": "APP", "AppStatus": "Approved", "AppCode": "PL_MINSP", "AppType": "Level 4 - Administrative Site Plan", "CasePlanne": "Trey Figueroa", "EMAIL": "Trey.Figueroa@durhamnc.gov", "ORIG_FID": 20758, "CreationDa": "2025-09-20T00:00:00", "Creator": "gisproc_sys", "EditDate": "2025-09-20T00:00:00", "Editor": "gisproc_sys", "match_results": "[(339, None, 'multifamily', 'units')]" }, "geometry": { "type": "Point", "coordinates": [ -78.960092836781214, 35.895812322788764 ] } },
{ "type": "Feature", "properties": { "A_NUMBER": "D2400261", "A_TYPE": "PL_MINSP", "A_DATE": "2024-11-21T00:00:00", "A_STATUS": "UN_RE", "A_STATUS_D": "2024-11-21T00:00:00", "A_PROJECT_": "Pointe Grand Durham", "A_DESCRIPT": "Apartment development with a maximum of 260 units. DU/AC 10.455.", "A_USER_ID": "ERIKA", "A_CASE_PLA": "TREYFI", "StatCode": "UN_RE", "AppStatus": "Under Review", "AppCode": "PL_MINSP", "AppType": "Level 4 - Administrative Site Plan", "CasePlanne": "Trey Figueroa", "EMAIL": "Trey.Figueroa@durhamnc.gov", "ORIG_FID": 20796, "CreationDa": "2025-09-20T00:00:00", "Creator": "gisproc_sys", "EditDate": "2025-09-20T00:00:00", "Editor": "gisproc_sys", "match_results": [ ] }, "geometry": { "type": "Point", "coordinates": [ -78.798215689269256, 35.975819656435881 ] } },
{ "type": "Feature", "properties": { "A_NUMBER": "D2400268", "A_TYPE": "PL_MINSP", "A_DATE": "2024-12-02T00:00:00", "A_STATUS": "APP", "A_STATUS_D": "2025-08-11T00:00:00", "A_PROJECT_": "Miami Blvd Multifamily", "A_DESCRIPT": "4-Multifamily apartment buildings (270 units), clubhouse, amenity area and related infrastructure.", "A_USER_ID": "TREYFI", "A_CASE_PLA": "TREYFI", "StatCode": "APP", "AppStatus": "Approved", "AppCode": "PL_MINSP", "AppType": "Level 4 - Administrative Site Plan", "CasePlanne": "Trey Figueroa", "EMAIL": "Trey.Figueroa@durhamnc.gov", "ORIG_FID": 20821, "CreationDa": "2025-09-20T00:00:00", "Creator": "gisproc_sys", "EditDate": "2025-09-20T00:00:00", "Editor": "gisproc_sys", "match_results": "[(4, None, 'multifamily', None), (270, None, 'apartment', 'units')]" }, "geometry": { "type": "Point", "coordinates": [ -78.845642919519307, 35.931876940895194 ] } },
{ "type": "Feature", "properties": { "A_NUMBER": "D2400270", "A_TYPE": "PL_MINSP", "A_DATE": "2024-12-03T00:00:00", "A_STATUS": "APP", "A_STATUS_D": "2025-06-02T00:00:00", "A_PROJECT_": "Dillard St Apartments (Ph 4BC)", "A_DESCRIPT": "2-4 story, residential buildings with 98 affordable apartment units and accessories, 1 with retail space, and surface parking.", "A_USER_ID": "JONATHANBR", "A_CASE_PLA": "COLERE", "StatCode": "APP", "AppStatus": "Approved", "AppCode": "PL_MINSP", "AppType": "Level 4 - Administrative Site Plan", "CasePlanne": "Cole Renigar", "EMAIL": "Cole.Renigar@durhamnc.gov", "ORIG_FID": 20831, "CreationDa": "2025-09-20T00:00:00", "Creator": "gisproc_sys", "EditDate": "2025-09-20T00:00:00", "Editor": "gisproc_sys", "match_results": "[(98, None, 'apartment', 'units')]" }, "geometry": { "type": "Point", "coordinates": [ -78.894054050556264, 35.992617328458337 ] } },
{ "type": "Feature", "properties": { "A_NUMBER": "D2400280", "A_TYPE": "PL_MINSP", "A_DATE": "2024-12-06T00:00:00", "A_STATUS": "UN_RE", "A_STATUS_D": "2024-12-06T00:00:00", "A_PROJECT_": "Croasdaile Village Phase IV", "A_DESCRIPT": "Construction of 21 cottages and 4 multifamily buildings.", "A_USER_ID": "EDWARDFR", "A_CASE_PLA": "JALISAHA", "StatCode": "UN_RE", "AppStatus": "Under Review", "AppCode": "PL_MINSP", "AppType": "Level 4 - Administrative Site Plan", "CasePlanne": "JALISA HARRIS", "EMAIL": "Jalisa.Harris@durhamnc.gov", "ORIG_FID": 20848, "CreationDa": "2025-09-20T00:00:00", "Creator": "gisproc_sys", "EditDate": "2025-09-20T00:00:00", "Editor": "gisproc_sys", "match_results": "[(21, None, 'multifamily', None)]" }, "geometry": { "type": "Point", "coordinates": [ -78.939049069662502, 36.04664187420277 ] } },
{ "type": "Feature", "properties": { "A_NUMBER": "D2400289", "A_TYPE": "PL_MINSP", "A_DATE": "2024-12-18T00:00:00", "A_STATUS": "UN_RE", "A_STATUS_D": "2024-12-18T00:00:00", "A_PROJECT_": "Tribute Rising", "A_DESCRIPT": "Proposed 4 Multifamily apartment buildings (348 units) and 16 live work townhome units with supplemental retail.", "A_USER_ID": "JALISAHA", "A_CASE_PLA": "JALISAHA", "StatCode": "UN_RE", "AppStatus": "Under Review", "AppCode": "PL_MINSP", "AppType": "Level 4 - Administrative Site Plan", "CasePlanne": "JALISA HARRIS", "EMAIL": "Jalisa.Harris@durhamnc.gov", "ORIG_FID": 20871, "CreationDa": "2025-09-20T00:00:00", "Creator": "gisproc_sys", "EditDate": "2025-09-20T00:00:00", "Editor": "gisproc_sys", "match_results": "[(4, None, 'multifamily', None), (348, None, 'apartment', 'units'), (16, None, 'townhouse', 'units')]" }, "geometry": { "type": "Point", "coordinates": [ -78.905175617192953, 35.988682185115962 ] } },
{ "type": "Feature", "properties": { "A_NUMBER": "D2400291", "A_TYPE": "PL_MINSP", "A_DATE": "2024-12-18T00:00:00", "A_STATUS": "APP", "A_STATUS_D": "2025-06-20T00:00:00", "A_PROJECT_": "Oakridge Residential Phase C", "A_DESCRIPT": "181 Multi-family units with surface parking.", "A_USER_ID": "PEYTONBL", "A_CASE_PLA": "PEYTONBL", "StatCode": "APP", "AppStatus": "Approved", "AppCode": "PL_MINSP", "AppType": "Level 4 - Administrative Site Plan", "CasePlanne": "PEYTON BLANCHARD", "EMAIL": "PEYTON.BLANCHARD@DURHAMNC.GOV", "ORIG_FID": 20873, "CreationDa": "2025-09-20T00:00:00", "Creator": "gisproc_sys", "EditDate": "2025-09-20T00:00:00", "Editor": "gisproc_sys", "match_results": "[(181, None, 'multifamily', 'units')]" }, "geometry": { "type": "Point", "coordinates": [ -78.990314769260252, 35.956929293095797 ] } },
{ "type": "Feature", "properties": { "A_NUMBER": "D2500009", "A_TYPE": "PL_MINSP", "A_DATE": "2025-01-21T00:00:00", "A_STATUS": "CORR", "A_STATUS_D": "2025-08-29T00:00:00", "A_PROJECT_": "Celebrity Rocky Hill Subdivision", "A_DESCRIPT": "Residential subdivision with 42 townhouse lots.", "A_USER_ID": "JMCNEILL", "A_CASE_PLA": "COLERE", "StatCode": "CORR", "AppStatus": "Corrections Required", "AppCode": "PL_MINSP", "AppType": "Level 4 - Administrative Site Plan", "CasePlanne": "Cole Renigar", "EMAIL": "Cole.Renigar@durhamnc.gov", "ORIG_FID": 20942, "CreationDa": "2025-09-20T00:00:00", "Creator": "gisproc_sys", "EditDate": "2025-09-20T00:00:00", "Editor": "gisproc_sys", "match_results": "[(42, None, 'townhouse', 'lots')]" }, "geometry": { "type": "Point", "coordinates": [ -78.904786636004289, 36.081275128095534 ] } },
{ "type": "Feature", "properties": { "A_NUMBER": "D2500026", "A_TYPE": "PL_MINSP", "A_DATE": "2025-02-04T00:00:00", "A_STATUS": "UN_RE", "A_STATUS_D": "2025-02-04T00:00:00", "A_PROJECT_": "Smallwood", "A_DESCRIPT": "52 townhomes with associated streets, sidewalks, grading, water, sewer, stormwater management and landscaping.", "A_USER_ID": "MICHAELIR", "A_CASE_PLA": "TREYFI", "StatCode": "UN_RE", "AppStatus": "Under Review", "AppCode": "PL_MINSP", "AppType": "Level 4 - Administrative Site Plan", "CasePlanne": "Trey Figueroa", "EMAIL": "Trey.Figueroa@durhamnc.gov", "ORIG_FID": 21001, "CreationDa": "2025-09-20T00:00:00", "Creator": "gisproc_sys", "EditDate": "2025-09-20T00:00:00", "Editor": "gisproc_sys", "match_results": "[(52, None, 'townhouse', None)]" }, "geometry": { "type": "Point", "coordinates": [ -78.817247660577451, 35.913861856972211 ] } },
{ "type": "Feature", "properties": { "A_NUMBER": "D2500031", "A_TYPE": "PL_MINSP", "A_DATE": "2025-02-11T00:00:00", "A_STATUS": "APP", "A_STATUS_D": "2025-08-01T00:00:00", "A_PROJECT_": "Block F at HUB RTP", "A_DESCRIPT": "Development of multi-story apartment and related infrastructure.", "A_USER_ID": "COLERE", "A_CASE_PLA": "COLERE", "StatCode": "APP", "AppStatus": "Approved", "AppCode": "PL_MINSP", "AppType": "Level 4 - Administrative Site Plan", "CasePlanne": "Cole Renigar", "EMAIL": "Cole.Renigar@durhamnc.gov", "ORIG_FID": 21018, "CreationDa": "2025-09-20T00:00:00", "Creator": "gisproc_sys", "EditDate": "2025-09-20T00:00:00", "Editor": "gisproc_sys", "match_results": [ ] }, "geometry": { "type": "Point", "coordinates": [ -78.865444846106342, 35.8944860772719 ] } },
{ "type": "Feature", "properties": { "A_NUMBER": "D2500038", "A_TYPE": "PL_MINSP", "A_DATE": "2025-02-17T00:00:00", "A_STATUS": "APP", "A_STATUS_D": "2025-07-24T00:00:00", "A_PROJECT_": "Page Corners", "A_DESCRIPT": "160 unit affordable apartment.", "A_USER_ID": "COLERE", "A_CASE_PLA": "COLERE", "StatCode": "APP", "AppStatus": "Approved", "AppCode": "PL_MINSP", "AppType": "Level 4 - Administrative Site Plan", "CasePlanne": "Cole Renigar", "EMAIL": "Cole.Renigar@durhamnc.gov", "ORIG_FID": 21036, "CreationDa": "2025-09-20T00:00:00", "Creator": "gisproc_sys", "EditDate": "2025-09-20T00:00:00", "Editor": "gisproc_sys", "match_results": "[(160, None, 'apartment', None)]" }, "geometry": { "type": "Point", "coordinates": [ -78.824793202670278, 35.89226374182082 ] } },
{ "type": "Feature", "properties": { "A_NUMBER": "D2500046", "A_TYPE": "PL_MINSP", "A_DATE": "2025-02-24T00:00:00", "A_STATUS": "UN_RE", "A_STATUS_D": "2025-02-24T00:00:00", "A_PROJECT_": "Oxford Ridge", "A_DESCRIPT": "Development including market rate townhouses with for sale affordable single-family units.", "A_USER_ID": "KASIMAZ", "A_CASE_PLA": "TREYFI", "StatCode": "UN_RE", "AppStatus": "Under Review", "AppCode": "PL_MINSP", "AppType": "Level 4 - Administrative Site Plan", "CasePlanne": "Trey Figueroa", "EMAIL": "Trey.Figueroa@durhamnc.gov", "ORIG_FID": 21064, "CreationDa": "2025-09-20T00:00:00", "Creator": "gisproc_sys", "EditDate": "2025-09-20T00:00:00", "Editor": "gisproc_sys", "match_results": [ ] }, "geometry": { "type": "Point", "coordinates": [ -78.875945478316822, 36.050940189114868 ] } },
{ "type": "Feature", "properties": { "A_NUMBER": "D2500050", "A_TYPE": "PL_MINSP", "A_DATE": "2025-02-28T00:00:00", "A_STATUS": "CORR", "A_STATUS_D": "2025-06-20T00:00:00", "A_PROJECT_": "803 Sherron Road Townhomes", "A_DESCRIPT": "New townhome development with 53 units and new right of way, in association with Z2300045", "A_USER_ID": "EDWARDFR", "A_CASE_PLA": "COLERE", "StatCode": "CORR", "AppStatus": "Corrections Required", "AppCode": "PL_MINSP", "AppType": "Level 4 - Administrative Site Plan", "CasePlanne": "Cole Renigar", "EMAIL": "Cole.Renigar@durhamnc.gov", "ORIG_FID": 21083, "CreationDa": "2025-09-20T00:00:00", "Creator": "gisproc_sys", "EditDate": "2025-09-20T00:00:00", "Editor": "gisproc_sys", "match_results": "[(53, None, 'townhouse', 'units')]" }, "geometry": { "type": "Point", "coordinates": [ -78.80732563979366, 35.962458443611894 ] } },
{ "type": "Feature", "properties": { "A_NUMBER": "D2500072", "A_TYPE": "PL_MINSP", "A_DATE": "2025-03-18T00:00:00", "A_STATUS": "UN_RE", "A_STATUS_D": "2025-03-18T00:00:00", "A_PROJECT_": "Leigh Valley", "A_DESCRIPT": "Apartment development to include 324 units.", "A_USER_ID": "EESBRI", "A_CASE_PLA": "TREYFI", "StatCode": "UN_RE", "AppStatus": "Under Review", "AppCode": "PL_MINSP", "AppType": "Level 4 - Administrative Site Plan", "CasePlanne": "Trey Figueroa", "EMAIL": "Trey.Figueroa@durhamnc.gov", "ORIG_FID": 21142, "CreationDa": "2025-09-20T00:00:00", "Creator": "gisproc_sys", "EditDate": "2025-09-20T00:00:00", "Editor": "gisproc_sys", "match_results": "[(324, None, 'apartment', 'units')]" }, "geometry": { "type": "Point", "coordinates": [ -78.991414856115782, 35.918989172906635 ] } },
{ "type": "Feature", "properties": { "A_NUMBER": "D2500088", "A_TYPE": "PL_MINSP", "A_DATE": "2025-04-01T00:00:00", "A_STATUS": "UN_RE", "A_STATUS_D": "2025-04-01T00:00:00", "A_PROJECT_": "Cornwallis Townhomes", "A_DESCRIPT": "Create 33 townhome site.", "A_USER_ID": "EARLENETHO", "A_CASE_PLA": "JALISAHA", "StatCode": "UN_RE", "AppStatus": "Under Review", "AppCode": "PL_MINSP", "AppType": "Level 4 - Administrative Site Plan", "CasePlanne": "JALISA HARRIS", "EMAIL": "Jalisa.Harris@durhamnc.gov", "ORIG_FID": 21177, "CreationDa": "2025-09-20T00:00:00", "Creator": "gisproc_sys", "EditDate": "2025-09-20T00:00:00", "Editor": "gisproc_sys", "match_results": "[(33, None, 'townhouse', None)]" }, "geometry": { "type": "Point", "coordinates": [ -78.893102455857644, 35.937672412288507 ] } },
{ "type": "Feature", "properties": { "A_NUMBER": "D2500095", "A_TYPE": "PL_MINSP", "A_DATE": "2025-04-17T00:00:00", "A_STATUS": "APP", "A_STATUS_D": "2025-08-22T00:00:00", "A_PROJECT_": "4702 Farrington Rd - Grading Only", "A_DESCRIPT": "Grading only site plan for future residential development.", "A_USER_ID": "PEYTONBL", "A_CASE_PLA": "PEYTONBL", "StatCode": "APP", "AppStatus": "Approved", "AppCode": "PL_MINSP", "AppType": "Level 4 - Administrative Site Plan", "CasePlanne": "PEYTON BLANCHARD", "EMAIL": "PEYTON.BLANCHARD@DURHAMNC.GOV", "ORIG_FID": 21223, "CreationDa": "2025-09-20T00:00:00", "Creator": "gisproc_sys", "EditDate": "2025-09-20T00:00:00", "Editor": "gisproc_sys", "match_results": [ ] }, "geometry": { "type": "Point", "coordinates": [ -78.990774598961977, 35.933680155725966 ] } },
{ "type": "Feature", "properties": { "A_NUMBER": "D2500103", "A_TYPE": "PL_MINSP", "A_DATE": "2025-04-25T00:00:00", "A_STATUS": "UN_RE", "A_STATUS_D": "2025-04-25T00:00:00", "A_PROJECT_": "Fayetteville Road MultiFamily", "A_DESCRIPT": "Phase one of overall development - single family detached lots and townhomes (88 units).", "A_USER_ID": "MICHAELMA", "A_CASE_PLA": "TREYFI", "StatCode": "UN_RE", "AppStatus": "Under Review", "AppCode": "PL_MINSP", "AppType": "Level 4 - Administrative Site Plan", "CasePlanne": "Trey Figueroa", "EMAIL": "Trey.Figueroa@durhamnc.gov", "ORIG_FID": 21242, "CreationDa": "2025-09-20T00:00:00", "Creator": "gisproc_sys", "EditDate": "2025-09-20T00:00:00", "Editor": "gisproc_sys", "match_results": "[(88, None, 'single family', 'units')]" }, "geometry": { "type": "Point", "coordinates": [ -78.949755922943666, 35.878769075361994 ] } },
{ "type": "Feature", "properties": { "A_NUMBER": "D2500120", "A_TYPE": "PL_MINSP", "A_DATE": "2025-05-19T00:00:00", "A_STATUS": "UN_RE", "A_STATUS_D": "2025-05-19T00:00:00", "A_PROJECT_": "Courtyards at Oak Grove II", "A_DESCRIPT": "36 Single Family Detached dwellings, 31 town homes and all supporting open space and infrastructure.", "A_USER_ID": "JMCNEILL", "A_CASE_PLA": "TREYFI", "StatCode": "UN_RE", "AppStatus": "Under Review", "AppCode": "PL_MINSP", "AppType": "Level 4 - Administrative Site Plan", "CasePlanne": "Trey Figueroa", "EMAIL": "Trey.Figueroa@durhamnc.gov", "ORIG_FID": 21315, "CreationDa": "2025-09-20T00:00:00", "Creator": "gisproc_sys", "EditDate": "2025-09-20T00:00:00", "Editor": "gisproc_sys", "match_results": "[(36, None, 'single family', None), (31, None, 'townhouse', None)]" }, "geometry": { "type": "Point", "coordinates": [ -78.796535049832755, 35.950900601673922 ] } },
{ "type": "Feature", "properties": { "A_NUMBER": "D2500133", "A_TYPE": "PL_MINSP", "A_DATE": "2025-06-04T00:00:00", "A_STATUS": "UN_RE", "A_STATUS_D": "2025-08-26T00:00:00", "A_PROJECT_": "AMH Brier Creek", "A_DESCRIPT": "Townhome and multifamily duplex development with permitted accessory uses.", "A_USER_ID": "MICHELLEHAH", "A_CASE_PLA": "COLERE", "StatCode": "UN_RE", "AppStatus": "Under Review", "AppCode": "PL_MINSP", "AppType": "Level 4 - Administrative Site Plan", "CasePlanne": "Cole Renigar", "EMAIL": "Cole.Renigar@durhamnc.gov", "ORIG_FID": 21365, "CreationDa": "2025-09-20T00:00:00", "Creator": "gisproc_sys", "EditDate": "2025-09-20T00:00:00", "Editor": "gisproc_sys", "match_results": [ ] }, "geometry": { "type": "Point", "coordinates": [ -78.771613203424607, 35.95485048313099 ] } },
{ "type": "Feature", "properties": { "A_NUMBER": "D2500146", "A_TYPE": "PL_MINSP", "A_DATE": "2025-06-18T00:00:00", "A_STATUS": "CORR", "A_STATUS_D": "2025-06-27T00:00:00", "A_PROJECT_": "Sterling", "A_DESCRIPT": "Single family detached home subdivision with NCDOT streets, community water and individual septic systems.", "A_USER_ID": "JMCNEILL", "A_CASE_PLA": "COLERE", "StatCode": "CORR", "AppStatus": "Corrections Required", "AppCode": "PL_MINSP", "AppType": "Level 4 - Administrative Site Plan", "CasePlanne": "Cole Renigar", "EMAIL": "Cole.Renigar@durhamnc.gov", "ORIG_FID": 21410, "CreationDa": "2025-09-20T00:00:00", "Creator": "gisproc_sys", "EditDate": "2025-09-20T00:00:00", "Editor": "gisproc_sys", "match_results": [ ] }, "geometry": { "type": "Point", "coordinates": [ -78.97259988113575, 36.09116409577355 ] } },
{ "type": "Feature", "properties": { "A_NUMBER": "D2500149", "A_TYPE": "PL_MINSP", "A_DATE": "2025-06-23T00:00:00", "A_STATUS": "UN_RE", "A_STATUS_D": "2025-06-23T00:00:00", "A_PROJECT_": "Mt. Moriah II-By Right", "A_DESCRIPT": "156 Units, totaling approximately 65,594 sq. ft.", "A_USER_ID": "STEVENPA", "A_CASE_PLA": "TREYFI", "StatCode": "UN_RE", "AppStatus": "Under Review", "AppCode": "PL_MINSP", "AppType": "Level 4 - Administrative Site Plan", "CasePlanne": "Trey Figueroa", "EMAIL": "Trey.Figueroa@durhamnc.gov", "ORIG_FID": 21417, "CreationDa": "2025-09-20T00:00:00", "Creator": "gisproc_sys", "EditDate": "2025-09-20T00:00:00", "Editor": "gisproc_sys", "match_results": [ ] }, "geometry": { "type": "Point", "coordinates": [ -78.991265012546904, 35.945271980492755 ] } },
{ "type": "Feature", "properties": { "A_NUMBER": "D2500150", "A_TYPE": "PL_MINSP", "A_DATE": "2025-06-23T00:00:00", "A_STATUS": "UN_RE", "A_STATUS_D": "2025-09-04T00:00:00", "A_PROJECT_": "Mt. Moriah II-Affordable", "A_DESCRIPT": "152 Units, totaling approximately 59,136 sq. ft.", "A_USER_ID": "STEVENPA", "A_CASE_PLA": "COLERE", "StatCode": "UN_RE", "AppStatus": "Under Review", "AppCode": "PL_MINSP", "AppType": "Level 4 - Administrative Site Plan", "CasePlanne": "Cole Renigar", "EMAIL": "Cole.Renigar@durhamnc.gov", "ORIG_FID": 21424, "CreationDa": "2025-09-20T00:00:00", "Creator": "gisproc_sys", "EditDate": "2025-09-20T00:00:00", "Editor": "gisproc_sys", "match_results": [ ] }, "geometry": { "type": "Point", "coordinates": [ -78.991960045232233, 35.945943338196152 ] } },
{ "type": "Feature", "properties": { "A_NUMBER": "D2500158", "A_TYPE": "PL_MINSP", "A_DATE": "2025-06-30T00:00:00", "A_STATUS": "UN_RE", "A_STATUS_D": "2025-06-30T00:00:00", "A_PROJECT_": "5802 S Miami Blvd Multi-Family", "A_DESCRIPT": "369-unit multi-family building with structured parking deck and additional utility improvements.", "A_USER_ID": "MICHAELMA", "A_CASE_PLA": "TREYFI", "StatCode": "UN_RE", "AppStatus": "Under Review", "AppCode": "PL_MINSP", "AppType": "Level 4 - Administrative Site Plan", "CasePlanne": "Trey Figueroa", "EMAIL": "Trey.Figueroa@durhamnc.gov", "ORIG_FID": 21446, "CreationDa": "2025-09-20T00:00:00", "Creator": "gisproc_sys", "EditDate": "2025-09-20T00:00:00", "Editor": "gisproc_sys", "match_results": "[(369, None, 'multifamily', None)]" }, "geometry": { "type": "Point", "coordinates": [ -78.851817838605811, 35.871373188234912 ] } },
{ "type": "Feature", "properties": { "A_NUMBER": "D2500159", "A_TYPE": "PL_MINSP", "A_DATE": "2025-06-30T00:00:00", "A_STATUS": "CORR", "A_STATUS_D": "2025-08-13T00:00:00", "A_PROJECT_": "Mineral Springs Road Towns", "A_DESCRIPT": "46 townhome lots with 3 open space lots with associated public infrastructure.", "A_USER_ID": "EDWARDFR", "A_CASE_PLA": "COLERE", "StatCode": "CORR", "AppStatus": "Corrections Required", "AppCode": "PL_MINSP", "AppType": "Level 4 - Administrative Site Plan", "CasePlanne": "Cole Renigar", "EMAIL": "Cole.Renigar@durhamnc.gov", "ORIG_FID": 21447, "CreationDa": "2025-09-20T00:00:00", "Creator": "gisproc_sys", "EditDate": "2025-09-20T00:00:00", "Editor": "gisproc_sys", "match_results": "[(46, None, 'townhouse', 'lots')]" }, "geometry": { "type": "Point", "coordinates": [ -78.83615064340286, 35.960641538464195 ] } },
{ "type": "Feature", "properties": { "A_NUMBER": "D2500164", "A_TYPE": "PL_MINSP", "A_DATE": "2025-07-08T00:00:00", "A_STATUS": "UN_RE", "A_STATUS_D": "2025-07-08T00:00:00", "A_PROJECT_": "Farrington Road Multi-Family Development", "A_DESCRIPT": "371 multi-family units with surface/garage parking.", "A_USER_ID": "MICHAELMA", "A_CASE_PLA": "JALISAHA", "StatCode": "UN_RE", "AppStatus": "Under Review", "AppCode": "PL_MINSP", "AppType": "Level 4 - Administrative Site Plan", "CasePlanne": "JALISA HARRIS", "EMAIL": "Jalisa.Harris@durhamnc.gov", "ORIG_FID": 21471, "CreationDa": "2025-09-20T00:00:00", "Creator": "gisproc_sys", "EditDate": "2025-09-20T00:00:00", "Editor": "gisproc_sys", "match_results": "[(371, None, 'multifamily', 'units')]" }, "geometry": { "type": "Point", "coordinates": [ -78.992186714320027, 35.922736352322445 ] } },
{ "type": "Feature", "properties": { "A_NUMBER": "D2500187", "A_TYPE": "PL_MINSP", "A_DATE": "2025-07-30T00:00:00", "A_STATUS": "UN_RE", "A_STATUS_D": "2025-09-12T00:00:00", "A_PROJECT_": "Beamon Street", "A_DESCRIPT": "26 single family lot subdivision comprised of 14 town homes and 12 duplexes as well as all associated infrastructure.", "A_USER_ID": "EESBRI", "A_CASE_PLA": "JALISAHA", "StatCode": "UN_RE", "AppStatus": "Under Review", "AppCode": "PL_MINSP", "AppType": "Level 4 - Administrative Site Plan", "CasePlanne": "JALISA HARRIS", "EMAIL": "Jalisa.Harris@durhamnc.gov", "ORIG_FID": 21533, "CreationDa": "2025-09-20T00:00:00", "Creator": "gisproc_sys", "EditDate": "2025-09-20T00:00:00", "Editor": "gisproc_sys", "match_results": "[(26, None, 'single family', None), (14, None, 'townhouse', None), (12, None, 'duplex', None)]" }, "geometry": { "type": "Point", "coordinates": [ -78.903954359269676, 35.985035768531297 ] } },
{ "type": "Feature", "properties": { "A_NUMBER": "D2500188", "A_TYPE": "PL_MINSP", "A_DATE": "2025-08-04T00:00:00", "A_STATUS": "UN_RE", "A_STATUS_D": "2025-08-04T00:00:00", "A_PROJECT_": "Virgil Rd Assemblage", "A_DESCRIPT": "230 unit residential subdivision with a pump station.", "A_USER_ID": "MICHAELEVE", "A_CASE_PLA": "TREYFI", "StatCode": "UN_RE", "AppStatus": "Under Review", "AppCode": "PL_MINSP", "AppType": "Level 4 - Administrative Site Plan", "CasePlanne": "Trey Figueroa", "EMAIL": "Trey.Figueroa@durhamnc.gov", "ORIG_FID": 21547, "CreationDa": "2025-09-20T00:00:00", "Creator": "gisproc_sys", "EditDate": "2025-09-20T00:00:00", "Editor": "gisproc_sys", "match_results": [ ] }, "geometry": { "type": "Point", "coordinates": [ -78.754285545474247, 35.937875013724671 ] } },
{ "type": "Feature", "properties": { "A_NUMBER": "D2500190", "A_TYPE": "PL_MINSP", "A_DATE": "2025-08-04T00:00:00", "A_STATUS": "CORR", "A_STATUS_D": "2025-09-15T00:00:00", "A_PROJECT_": "Mason Farms Conservation Subdivision (new version)", "A_DESCRIPT": "Residential subdivision with 141 proposed lots, wastewater collection and treatment system, and well water system.", "A_USER_ID": "EDWARDFR", "A_CASE_PLA": "COLERE", "StatCode": "CORR", "AppStatus": "Corrections Required", "AppCode": "PL_MINSP", "AppType": "Level 4 - Administrative Site Plan", "CasePlanne": "Cole Renigar", "EMAIL": "Cole.Renigar@durhamnc.gov", "ORIG_FID": 21549, "CreationDa": "2025-09-20T00:00:00", "Creator": "gisproc_sys", "EditDate": "2025-09-20T00:00:00", "Editor": "gisproc_sys", "match_results": [ ] }, "geometry": { "type": "Point", "coordinates": [ -78.901710398731538, 36.124324030260475 ] } },
{ "type": "Feature", "properties": { "A_NUMBER": "D2500199", "A_TYPE": "PL_MINSP", "A_DATE": "2025-08-11T00:00:00", "A_STATUS": "UN_RE", "A_STATUS_D": "2025-08-11T00:00:00", "A_PROJECT_": "Howard's Place", "A_DESCRIPT": "Mixed use multi-family development with accessory commercial space housing to include single-family housing.", "A_USER_ID": "HARMONHE", "A_CASE_PLA": "TREYFI", "StatCode": "UN_RE", "AppStatus": "Under Review", "AppCode": "PL_MINSP", "AppType": "Level 4 - Administrative Site Plan", "CasePlanne": "Trey Figueroa", "EMAIL": "Trey.Figueroa@durhamnc.gov", "ORIG_FID": 21570, "CreationDa": "2025-09-20T00:00:00", "Creator": "gisproc_sys", "EditDate": "2025-09-20T00:00:00", "Editor": "gisproc_sys", "match_results": [ ] }, "geometry": { "type": "Point", "coordinates": [ -78.76657550080597, 35.975693631104008 ] } },
{ "type": "Feature", "properties": { "A_NUMBER": "D2500202", "A_TYPE": "PL_MINSP", "A_DATE": "2025-08-14T00:00:00", "A_STATUS": "UN_RE", "A_STATUS_D": "2025-08-14T00:00:00", "A_PROJECT_": "443 Infinity Rd", "A_DESCRIPT": "28 unit townhouse community.", "A_USER_ID": "ERIKA", "A_CASE_PLA": "TREYFI", "StatCode": "UN_RE", "AppStatus": "Under Review", "AppCode": "PL_MINSP", "AppType": "Level 4 - Administrative Site Plan", "CasePlanne": "Trey Figueroa", "EMAIL": "Trey.Figueroa@durhamnc.gov", "ORIG_FID": 21580, "CreationDa": "2025-09-20T00:00:00", "Creator": "gisproc_sys", "EditDate": "2025-09-20T00:00:00", "Editor": "gisproc_sys", "match_results": "[(28, None, 'townhouse', None)]" }, "geometry": { "type": "Point", "coordinates": [ -78.900875404164481, 36.07900262077036 ] } },
{ "type": "Feature", "properties": { "A_NUMBER": "D2500218", "A_TYPE": "PL_MINSP", "A_DATE": "2025-09-02T00:00:00", "A_STATUS": "UN_RE", "A_STATUS_D": "2025-09-02T00:00:00", "A_PROJECT_": "Green Hill", "A_DESCRIPT": "Construction of 440 multi-family units with associated amenities and infrastructure.", "A_USER_ID": "MICHAELEVE", "A_CASE_PLA": "JALISAHA", "StatCode": "UN_RE", "AppStatus": "Under Review", "AppCode": "PL_MINSP", "AppType": "Level 4 - Administrative Site Plan", "CasePlanne": "JALISA HARRIS", "EMAIL": "Jalisa.Harris@durhamnc.gov", "ORIG_FID": 21634, "CreationDa": "2025-09-20T00:00:00", "Creator": "gisproc_sys", "EditDate": "2025-09-20T00:00:00", "Editor": "gisproc_sys", "match_results": "[(440, None, 'multifamily', 'units')]" }, "geometry": { "type": "Point", "coordinates": [ -78.947009268557167, 36.021562819454147 ] } },
{ "type": "Feature", "properties": { "A_NUMBER": "D2500219", "A_TYPE": "PL_MINSP", "A_DATE": "2025-09-04T00:00:00", "A_STATUS": "UN_RE", "A_STATUS_D": "2025-09-04T00:00:00", "A_PROJECT_": "Pearson Flats", "A_DESCRIPT": "Multi-family development to be multiple apartment buildings with surface level parking. No retail or commercial.", "A_USER_ID": "JALISAHA", "A_CASE_PLA": "JALISAHA", "StatCode": "UN_RE", "AppStatus": "Under Review", "AppCode": "PL_MINSP", "AppType": "Level 4 - Administrative Site Plan", "CasePlanne": "JALISA HARRIS", "EMAIL": "Jalisa.Harris@durhamnc.gov", "ORIG_FID": 21638, "CreationDa": "2025-09-20T00:00:00", "Creator": "gisproc_sys", "EditDate": "2025-09-20T00:00:00", "Editor": "gisproc_sys", "match_results": [ ] }, "geometry": { "type": "Point", "coordinates": [ -78.905307007430608, 35.955070940119292 ] } },
{ "type": "Feature", "properties": { "A_NUMBER": "D2500226", "A_TYPE": "PL_MINSP", "A_DATE": "2025-09-12T00:00:00", "A_STATUS": "ON_HOLD", "A_STATUS_D": "2025-09-17T00:00:00", "A_PROJECT_": "Glennstone Annex", "A_DESCRIPT": "17 single family lots extending from ex. Chimney Stone Road.", "A_USER_ID": "JESSICADO", "A_CASE_PLA": "TREYFI", "StatCode": "ON_HOLD", "AppStatus": "On Hold", "AppCode": "PL_MINSP", "AppType": "Level 4 - Administrative Site Plan", "CasePlanne": "Trey Figueroa", "EMAIL": "Trey.Figueroa@durhamnc.gov", "ORIG_FID": 21662, "CreationDa": "2025-09-20T00:00:00", "Creator": "gisproc_sys", "EditDate": "2025-09-20T00:00:00", "Editor": "gisproc_sys", "match_results": "[(17, None, 'single family', 'lots')]" }, "geometry": { "type": "Point", "coordinates": [ -78.835273882501127, 36.054361760329613 ] } }
]
}
