{
"type": "FeatureCollection",
"name": "resdev_filtered",
"crs": { "type": "name", "properties": { "name": "urn:ogc:def:crs:OGC:1.3:CRS84" } },
"features": [
{ "type": "Feature", "properties": { "A_NUMBER": "D2000291", "A_TYPE": "PL_MINSP", "A_DATE": "2020-12-02T00:00:00", "A_STATUS": "APP", "A_STATUS_D": "2021-09-03T00:00:00", "A_PROJECT_": "Umstead Grove Conservation Subdivision", "A_DESCRIPT": "50 Single - family lots, 1 stormwater pond, ad associated infrastructure", "A_USER_ID": "JESSICADO", "A_CASE_PLA": "COURTNEYMC", "StatCode": "APP", "AppStatus": "Approved", "AppCode": "PL_MINSP", "AppType": "Level 4 - Administrative Site Plan", "CasePlanne": "Courtney McQueen", "EMAIL": "Courtney.McQueen@durhamnc.gov", "ORIG_FID": 91, "CreationDa": "2025-09-20T00:00:00", "Creator": "gisproc_sys", "EditDate": "2025-09-20T00:00:00", "Editor": "gisproc_sys", "match_results": "[(50, None, 'single family', 'lots')]" }, "geometry": { "type": "Point", "coordinates": [ -78.945609141523192, 36.075014692236508 ] } },
{ "type": "Feature", "properties": { "A_NUMBER": "D2200173", "A_TYPE": "PL_MINSP", "A_DATE": "2022-05-25T00:00:00", "A_STATUS": "APP", "A_STATUS_D": "2023-02-01T00:00:00", "A_PROJECT_": "Pineview Glen Town homes - Mass Grading", "A_DESCRIPT": "Mass grading only site plan for residential townhome project.", "A_USER_ID": "JUSTINH", "A_CASE_PLA": "KEAGANSA", "StatCode": "APP", "AppStatus": "Approved", "AppCode": "PL_MINSP", "AppType": "Level 4 - Administrative Site Plan", "CasePlanne": "Keagan Sacripanti", "EMAIL": "Keagan.Sacripanti@durhamnc.gov", "ORIG_FID": 140, "CreationDa": "2025-09-20T00:00:00", "Creator": "gisproc_sys", "EditDate": "2025-09-20T00:00:00", "Editor": "gisproc_sys", "match_results": [ ] }, "geometry": { "type": "Point", "coordinates": [ -78.810514330443155, 35.927764779760885 ] } },
{ "type": "Feature", "properties": { "A_NUMBER": "D1800378", "A_TYPE": "PL_MINSP", "A_DATE": "2018-11-28T00:00:00", "A_STATUS": "APP", "A_STATUS_D": "2020-04-14T00:00:00", "A_PROJECT_": "Elan Innovation District", "A_DESCRIPT": "Mixe of uses including retail and residential. Zoned DD-C", "A_USER_ID": "JOHNRA", "A_CASE_PLA": "TREYFI", "StatCode": "APP", "AppStatus": "Approved", "AppCode": "PL_MINSP", "AppType": "Level 4 - Administrative Site Plan", "CasePlanne": "Trey Figueroa", "EMAIL": "Trey.Figueroa@durhamnc.gov", "ORIG_FID": 225, "CreationDa": "2025-09-20T00:00:00", "Creator": "gisproc_sys", "EditDate": "2025-09-20T00:00:00", "Editor": "gisproc_sys", "match_results": [ ] }, "geometry": { "type": "Point", "coordinates": [ -78.904209417742777, 35.999910600086082 ] } },
{ "type": "Feature", "properties": { "A_NUMBER": "D2100156", "A_TYPE": "PL_MINSP", "A_DATE": "2021-06-04T00:00:00", "A_STATUS": "APP", "A_STATUS_D": "2022-02-02T00:00:00", "A_PROJECT_": "ALTA Rutherford", "A_DESCRIPT": "Multifamily Apartments", "A_USER_ID": "KIMRO", "A_CASE_PLA": "TREYFI", "StatCode": "APP", "AppStatus": "Approved", "AppCode": "PL_MINSP", "AppType": "Level 4 - Administrative Site Plan", "CasePlanne": "Trey Figueroa", "EMAIL": "Trey.Figueroa@durhamnc.gov", "ORIG_FID": 243, "CreationDa": "2025-09-20T00:00:00", "Creator": "gisproc_sys", "EditDate": "2025-09-20T00:00:00", "Editor": "gisproc_sys", "match_results": [ ] }, "geometry": { "type": "Point", "coordinates": [ -78.929910219331987, 36.010051037444569 ] } },
{ "type": "Feature", "properties": { "A_NUMBER": "D1900171", "A_TYPE": "PL_MINSP", "A_DATE": "2019-05-30T00:00:00", "A_STATUS": "APP", "A_STATUS_D": "2020-04-03T00:00:00", "A_PROJECT_": "Ellis Road Phase 3", "A_DESCRIPT": "37 Townhome units, 102 Attached S-F units (called Duplex), 146 Detached S-F lots", "A_USER_ID": "ROBINSH", "A_CASE_PLA": "COLERE", "StatCode": "APP", "AppStatus": "Approved", "AppCode": "PL_MINSP", "AppType": "Level 4 - Administrative Site Plan", "CasePlanne": "Cole Renigar", "EMAIL": "Cole.Renigar@durhamnc.gov", "ORIG_FID": 266, "CreationDa": "2025-09-20T00:00:00", "Creator": "gisproc_sys", "EditDate": "2025-09-20T00:00:00", "Editor": "gisproc_sys", "match_results": "[(37, None, 'townhouse', 'units'), (102, None, 'single family', 'units'), (146, None, 'single family', 'lots')]" }, "geometry": { "type": "Point", "coordinates": [ -78.861667460322494, 35.951902999977534 ] } },
{ "type": "Feature", "properties": { "A_NUMBER": "A1900003", "A_TYPE": "PL_CPAA", "A_DATE": "2019-02-14T00:00:00", "A_STATUS": "COM", "A_STATUS_D": "2020-08-17T00:00:00", "A_PROJECT_": "Cole Property", "A_DESCRIPT": "From Rural Density Residential (RDR, 0.5DU/acre or less) to Very Low Density Residential (VLDR, 2DU/acre or less); Tier change from Rural Tier to Suburban Tier", "A_USER_ID": "DCULTRA", "A_CASE_PLA": "EMILYST", "StatCode": "COM", "AppStatus": "Complete", "AppCode": "PL_CPAA", "AppType": "Comprehensive Plan Map or Plan Amendment", "CasePlanne": "Emily Struthers", "EMAIL": "Emily.Struthers@durhamnc.gov", "ORIG_FID": 291, "CreationDa": "2025-09-20T00:00:00", "Creator": "gisproc_sys", "EditDate": "2025-09-20T00:00:00", "Editor": "gisproc_sys", "match_results": [ ] }, "geometry": { "type": "Point", "coordinates": [ -78.777187823676329, 35.989442283104033 ] } },
{ "type": "Feature", "properties": { "A_NUMBER": "D2200181", "A_TYPE": "PL_MINSP", "A_DATE": "2022-06-07T00:00:00", "A_STATUS": "APP", "A_STATUS_D": "2023-05-16T00:00:00", "A_PROJECT_": "GTH Owner LLC", "A_DESCRIPT": "33 new town home lots with garages and mail kiosk with parking", "A_USER_ID": "COLERE", "A_CASE_PLA": "COLERE", "StatCode": "APP", "AppStatus": "Approved", "AppCode": "PL_MINSP", "AppType": "Level 4 - Administrative Site Plan", "CasePlanne": "Cole Renigar", "EMAIL": "Cole.Renigar@durhamnc.gov", "ORIG_FID": 309, "CreationDa": "2025-09-20T00:00:00", "Creator": "gisproc_sys", "EditDate": "2025-09-20T00:00:00", "Editor": "gisproc_sys", "match_results": "[(33, None, 'townhouse', 'lots')]" }, "geometry": { "type": "Point", "coordinates": [ -78.892551008513877, 36.002638369109576 ] } },
{ "type": "Feature", "properties": { "A_NUMBER": "D2300150", "A_TYPE": "PL_MINSP", "A_DATE": "2023-06-07T00:00:00", "A_STATUS": "APP", "A_STATUS_D": "2024-10-22T00:00:00", "A_PROJECT_": "Hope Crossing II", "A_DESCRIPT": "32 single family units on small lots and 23 townhomes with associated streets, sidewalks, grading, water, sewer, stormwater management and landscaping.", "A_USER_ID": "TREYFI", "A_CASE_PLA": "TREYFI", "StatCode": "APP", "AppStatus": "Approved", "AppCode": "PL_MINSP", "AppType": "Level 4 - Administrative Site Plan", "CasePlanne": "Trey Figueroa", "EMAIL": "Trey.Figueroa@durhamnc.gov", "ORIG_FID": 337, "CreationDa": "2025-09-20T00:00:00", "Creator": "gisproc_sys", "EditDate": "2025-09-20T00:00:00", "Editor": "gisproc_sys", "match_results": "[(32, None, 'single family', 'units'), (23, None, 'townhouse', None)]" }, "geometry": { "type": "Point", "coordinates": [ -78.845043003065641, 35.998832634320443 ] } },
{ "type": "Feature", "properties": { "A_NUMBER": "D1900363", "A_TYPE": "PL_MINSP", "A_DATE": "2019-10-09T00:00:00", "A_STATUS": "APP", "A_STATUS_D": "2021-07-21T00:00:00", "A_PROJECT_": "Olive Branch West", "A_DESCRIPT": "108 Single - Family lots, 2 stormwater ponds, and associated infrastructure. Pending Annexation Petition", "A_USER_ID": "LROBERTSON", "A_CASE_PLA": "COLERE", "StatCode": "APP", "AppStatus": "Approved", "AppCode": "PL_MINSP", "AppType": "Level 4 - Administrative Site Plan", "CasePlanne": "Cole Renigar", "EMAIL": "Cole.Renigar@durhamnc.gov", "ORIG_FID": 479, "CreationDa": "2025-09-20T00:00:00", "Creator": "gisproc_sys", "EditDate": "2025-09-20T00:00:00", "Editor": "gisproc_sys", "match_results": "[(108, None, 'single family', 'lots')]" }, "geometry": { "type": "Point", "coordinates": [ -78.786594022967037, 35.963707539507624 ] } },
{ "type": "Feature", "properties": { "A_NUMBER": "D2100205", "A_TYPE": "PL_MINSP", "A_DATE": "2021-07-15T00:00:00", "A_STATUS": "APP", "A_STATUS_D": "2021-11-29T00:00:00", "A_PROJECT_": "The Village at Ellis Crossing", "A_DESCRIPT": "397,000 Total SF: Apartments (264 units), Accessory Uses, Retail uses.  Per D-Plan Z1500007", "A_USER_ID": "KIMRO", "A_CASE_PLA": "ROBINSH", "StatCode": "APP", "AppStatus": "Approved", "AppCode": "PL_MINSP", "AppType": "Level 4 - Administrative Site Plan", "CasePlanne": "Robin Schultze", "EMAIL": "Robin.Schultze@durhamnc.gov", "ORIG_FID": 546, "CreationDa": "2025-09-20T00:00:00", "Creator": "gisproc_sys", "EditDate": "2025-09-20T00:00:00", "Editor": "gisproc_sys", "match_results": "[(264, None, 'apartment', 'units')]" }, "geometry": { "type": "Point", "coordinates": [ -78.858185811291094, 35.942024307655757 ] } },
{ "type": "Feature", "properties": { "A_NUMBER": "D2100111", "A_TYPE": "PL_MINSP", "A_DATE": "2021-04-12T00:00:00", "A_STATUS": "APP", "A_STATUS_D": "2024-03-15T00:00:00", "A_PROJECT_": "Vintage Hill Subdivision", "A_DESCRIPT": "This is a residential subdivision of a 20.96 acre tract to a 49 single-family unit subdivision.", "A_USER_ID": "JESSICADO", "A_CASE_PLA": "COLERE", "StatCode": "APP", "AppStatus": "Approved", "AppCode": "PL_MINSP", "AppType": "Level 4 - Administrative Site Plan", "CasePlanne": "Cole Renigar", "EMAIL": "Cole.Renigar@durhamnc.gov", "ORIG_FID": 555, "CreationDa": "2025-09-20T00:00:00", "Creator": "gisproc_sys", "EditDate": "2025-09-20T00:00:00", "Editor": "gisproc_sys", "match_results": "[(49, None, 'single family', None)]" }, "geometry": { "type": "Point", "coordinates": [ -78.866722255001932, 36.109418967979003 ] } },
{ "type": "Feature", "properties": { "A_NUMBER": "D1900335", "A_TYPE": "PL_MINSP", "A_DATE": "2019-09-18T00:00:00", "A_STATUS": "APP", "A_STATUS_D": "2020-02-18T00:00:00", "A_PROJECT_": "308 w Corporation St", "A_DESCRIPT": "2 New townhouses on vacant infill lot", "A_USER_ID": "WBLALOCK", "A_CASE_PLA": "TREYFI", "StatCode": "APP", "AppStatus": "Approved", "AppCode": "PL_MINSP", "AppType": "Level 4 - Administrative Site Plan", "CasePlanne": "Trey Figueroa", "EMAIL": "Trey.Figueroa@durhamnc.gov", "ORIG_FID": 556, "CreationDa": "2025-09-20T00:00:00", "Creator": "gisproc_sys", "EditDate": "2025-09-20T00:00:00", "Editor": "gisproc_sys", "match_results": "[(2, None, 'townhouse', None)]" }, "geometry": { "type": "Point", "coordinates": [ -78.898709077506766, 36.002211709345637 ] } },
{ "type": "Feature", "properties": { "A_NUMBER": "D1900127", "A_TYPE": "PL_MINSP", "A_DATE": "2019-05-02T00:00:00", "A_STATUS": "APP", "A_STATUS_D": "2021-09-14T00:00:00", "A_PROJECT_": "Oakridge", "A_DESCRIPT": "100,000 SF mixed use development with associated surface parking. Office, retail and restaurant.", "A_USER_ID": "TREYFI", "A_CASE_PLA": "TREYFI", "StatCode": "APP", "AppStatus": "Approved", "AppCode": "PL_MINSP", "AppType": "Level 4 - Administrative Site Plan", "CasePlanne": "Trey Figueroa", "EMAIL": "Trey.Figueroa@durhamnc.gov", "ORIG_FID": 582, "CreationDa": "2025-09-20T00:00:00", "Creator": "gisproc_sys", "EditDate": "2025-09-20T00:00:00", "Editor": "gisproc_sys", "match_results": [ ] }, "geometry": { "type": "Point", "coordinates": [ -78.987508247272572, 35.960164823287379 ] } },
{ "type": "Feature", "properties": { "A_NUMBER": "D2100144", "A_TYPE": "PL_MINSP", "A_DATE": "2021-05-25T00:00:00", "A_STATUS": "APP", "A_STATUS_D": "2022-07-20T00:00:00", "A_PROJECT_": "American Tobacco Mixed Use Phase 1", "A_DESCRIPT": "Mixed used development with office, retail, residential (343 apartment units), parking", "A_USER_ID": "JESSICADO", "A_CASE_PLA": "TREYFI", "StatCode": "APP", "AppStatus": "Approved", "AppCode": "PL_MINSP", "AppType": "Level 4 - Administrative Site Plan", "CasePlanne": "Trey Figueroa", "EMAIL": "Trey.Figueroa@durhamnc.gov", "ORIG_FID": 594, "CreationDa": "2025-09-20T00:00:00", "Creator": "gisproc_sys", "EditDate": "2025-09-20T00:00:00", "Editor": "gisproc_sys", "match_results": "[(343, None, 'apartment', 'units')]" }, "geometry": { "type": "Point", "coordinates": [ -78.906511087253449, 35.993747719128613 ] } },
{ "type": "Feature", "properties": { "A_NUMBER": "D2100100", "A_TYPE": "PL_MINSP", "A_DATE": "2021-04-05T00:00:00", "A_STATUS": "APP", "A_STATUS_D": "2021-11-08T00:00:00", "A_PROJECT_": "Crescent Multi-Family", "A_DESCRIPT": "82 unit affordable housing apartment", "A_USER_ID": "TREYFI", "A_CASE_PLA": "TREYFI", "StatCode": "APP", "AppStatus": "Approved", "AppCode": "PL_MINSP", "AppType": "Level 4 - Administrative Site Plan", "CasePlanne": "Trey Figueroa", "EMAIL": "Trey.Figueroa@durhamnc.gov", "ORIG_FID": 629, "CreationDa": "2025-09-20T00:00:00", "Creator": "gisproc_sys", "EditDate": "2025-09-20T00:00:00", "Editor": "gisproc_sys", "match_results": "[(82, None, 'apartment', None)]" }, "geometry": { "type": "Point", "coordinates": [ -78.987224629897327, 35.917311441779596 ] } },
{ "type": "Feature", "properties": { "A_NUMBER": "D1900146", "A_TYPE": "PL_MINSP", "A_DATE": "2019-05-14T00:00:00", "A_STATUS": "APP", "A_STATUS_D": "2021-10-13T00:00:00", "A_PROJECT_": "Pinecrest", "A_DESCRIPT": "Proposed 25 S-F lots, 11 Townhomes lots, 2 condo units in existing  mansion, 2 open space lots providing associated private drives and common access easements", "A_USER_ID": "TREYFI", "A_CASE_PLA": "DCULTRA", "StatCode": "APP", "AppStatus": "Approved", "AppCode": "PL_MINSP", "AppType": "Level 4 - Administrative Site Plan", "CasePlanne": "Danny Cultra", "EMAIL": "Danny.Cultra@durhamnc.gov", "ORIG_FID": 639, "CreationDa": "2025-09-20T00:00:00", "Creator": "gisproc_sys", "EditDate": "2025-09-20T00:00:00", "Editor": "gisproc_sys", "match_results": "[(25, None, 'single family', 'lots'), (11, None, 'townhouse', None), (2, None, 'condo', 'units')]" }, "geometry": { "type": "Point", "coordinates": [ -78.919495371460599, 35.982842821482507 ] } },
{ "type": "Feature", "properties": { "A_NUMBER": "D2300010", "A_TYPE": "PL_MINSP", "A_DATE": "2023-01-18T00:00:00", "A_STATUS": "APP", "A_STATUS_D": "2025-08-17T00:00:00", "A_PROJECT_": "Caring House", "A_DESCRIPT": "Addition of temporary care housing for cancer patients.", "A_USER_ID": "TREYFI", "A_CASE_PLA": "TREYFI", "StatCode": "APP", "AppStatus": "Approved", "AppCode": "PL_MINSP", "AppType": "Level 4 - Administrative Site Plan", "CasePlanne": "Trey Figueroa", "EMAIL": "Trey.Figueroa@durhamnc.gov", "ORIG_FID": 762, "CreationDa": "2025-09-20T00:00:00", "Creator": "gisproc_sys", "EditDate": "2025-09-20T00:00:00", "Editor": "gisproc_sys", "match_results": [ ] }, "geometry": { "type": "Point", "coordinates": [ -78.944443159100587, 35.973880550290929 ] } },
{ "type": "Feature", "properties": { "A_NUMBER": "D2200347", "A_TYPE": "PL_MINSP", "A_DATE": "2022-10-11T00:00:00", "A_STATUS": "APP", "A_STATUS_D": "2024-09-23T00:00:00", "A_PROJECT_": "2012 Ward Street", "A_DESCRIPT": "Proposed 14 townhomes and 1 single-family home with an accessory dwelling unit.", "A_USER_ID": "COLERE", "A_CASE_PLA": "COLERE", "StatCode": "APP", "AppStatus": "Approved", "AppCode": "PL_MINSP", "AppType": "Level 4 - Administrative Site Plan", "CasePlanne": "Cole Renigar", "EMAIL": "Cole.Renigar@durhamnc.gov", "ORIG_FID": 840, "CreationDa": "2025-09-20T00:00:00", "Creator": "gisproc_sys", "EditDate": "2025-09-20T00:00:00", "Editor": "gisproc_sys", "match_results": "[(14, None, 'townhouse', None), (1, None, 'single family', None)]" }, "geometry": { "type": "Point", "coordinates": [ -78.928490729749441, 35.98287148085285 ] } },
{ "type": "Feature", "properties": { "A_NUMBER": "D2200203", "A_TYPE": "PL_MINSP", "A_DATE": "2022-06-15T00:00:00", "A_STATUS": "APP", "A_STATUS_D": "2023-08-02T00:00:00", "A_PROJECT_": "Washington Street Townhomes", "A_DESCRIPT": "11,600 SF four-story 3 unit townhome project with 2600 SF/ unit for the heated space and 2550 SF for the parking garage  and at the back. ", "A_USER_ID": "JESSICADO", "A_CASE_PLA": "ROBINSH", "StatCode": "APP", "AppStatus": "Approved", "AppCode": "PL_MINSP", "AppType": "Level 4 - Administrative Site Plan", "CasePlanne": "Robin Schultze", "EMAIL": "Robin.Schultze@durhamnc.gov", "ORIG_FID": 860, "CreationDa": "2025-09-20T00:00:00", "Creator": "gisproc_sys", "EditDate": "2025-09-20T00:00:00", "Editor": "gisproc_sys", "match_results": "[(3, None, 'townhouse', None)]" }, "geometry": { "type": "Point", "coordinates": [ -78.902429446325542, 36.004275667676517 ] } },
{ "type": "Feature", "properties": { "A_NUMBER": "D2200106", "A_TYPE": "PL_MINSP", "A_DATE": "2022-03-30T00:00:00", "A_STATUS": "APP", "A_STATUS_D": "2024-03-07T00:00:00", "A_PROJECT_": "Latta Park Residential", "A_DESCRIPT": "Subdivision of existing property and construction of a public road with associated facilities and infrastructure. 176 Townhouses, including 10 affordable units.", "A_USER_ID": "JESSICADO", "A_CASE_PLA": "ROBINSH", "StatCode": "APP", "AppStatus": "Approved", "AppCode": "PL_MINSP", "AppType": "Level 4 - Administrative Site Plan", "CasePlanne": "Robin Schultze", "EMAIL": "Robin.Schultze@durhamnc.gov", "ORIG_FID": 957, "CreationDa": "2025-09-20T00:00:00", "Creator": "gisproc_sys", "EditDate": "2025-09-20T00:00:00", "Editor": "gisproc_sys", "match_results": "[(176, None, 'townhouse', None)]" }, "geometry": { "type": "Point", "coordinates": [ -78.927978018448059, 36.078511078051392 ] } },
{ "type": "Feature", "properties": { "A_NUMBER": "D2200230", "A_TYPE": "PL_MINSP", "A_DATE": "2022-07-01T00:00:00", "A_STATUS": "APP", "A_STATUS_D": "2025-02-24T00:00:00", "A_PROJECT_": "Panther Creek Phases C & D", "A_DESCRIPT": "89 Single family lots + 4 open spaces", "A_USER_ID": "KASIMAZ", "A_CASE_PLA": "COLERE", "StatCode": "APP", "AppStatus": "Approved", "AppCode": "PL_MINSP", "AppType": "Level 4 - Administrative Site Plan", "CasePlanne": "Cole Renigar", "EMAIL": "Cole.Renigar@durhamnc.gov", "ORIG_FID": 1000, "CreationDa": "2025-09-20T00:00:00", "Creator": "gisproc_sys", "EditDate": "2025-09-20T00:00:00", "Editor": "gisproc_sys", "match_results": "[(89, None, 'single family', 'lots')]" }, "geometry": { "type": "Point", "coordinates": [ -78.805366982885602, 36.034920744049025 ] } },
{ "type": "Feature", "properties": { "A_NUMBER": "A2000004", "A_TYPE": "PL_CPAA", "A_DATE": "2020-01-13T00:00:00", "A_STATUS": "APP", "A_STATUS_D": "2021-03-10T00:00:00", "A_PROJECT_": "Gillings Tract", "A_DESCRIPT": "Industrial to Low-Medium Density Residential. Associated with Z2000005.", "A_USER_ID": "ADDMGR", "A_CASE_PLA": "JAMIESUN", "StatCode": "APP", "AppStatus": "Approved", "AppCode": "PL_CPAA", "AppType": "Comprehensive Plan Map or Plan Amendment", "CasePlanne": null, "EMAIL": null, "ORIG_FID": 1095, "CreationDa": "2025-09-20T00:00:00", "Creator": "gisproc_sys", "EditDate": "2025-09-20T00:00:00", "Editor": "gisproc_sys", "match_results": [ ] }, "geometry": { "type": "Point", "coordinates": [ -78.823289735929848, 35.890118760750305 ] } },
{ "type": "Feature", "properties": { "A_NUMBER": "D1900240", "A_TYPE": "PL_MINSP", "A_DATE": "2019-07-18T00:00:00", "A_STATUS": "APP", "A_STATUS_D": "2020-05-28T00:00:00", "A_PROJECT_": "Junction Road Subdivison", "A_DESCRIPT": "Single Family Residential", "A_USER_ID": "JOHNRA", "A_CASE_PLA": "JOHNRA", "StatCode": "APP", "AppStatus": "Approved", "AppCode": "PL_MINSP", "AppType": "Level 4 - Administrative Site Plan", "CasePlanne": "John Rabon", "EMAIL": "John.Rabon@durhamnc.gov", "ORIG_FID": 1352, "CreationDa": "2025-09-20T00:00:00", "Creator": "gisproc_sys", "EditDate": "2025-09-20T00:00:00", "Editor": "gisproc_sys", "match_results": [ ] }, "geometry": { "type": "Point", "coordinates": [ -78.843484288173642, 36.021491414020439 ] } },
{ "type": "Feature", "properties": { "A_NUMBER": "D2200160", "A_TYPE": "PL_MINSP", "A_DATE": "2022-05-13T00:00:00", "A_STATUS": "APP", "A_STATUS_D": "2023-04-20T00:00:00", "A_PROJECT_": "W.Club Apartments", "A_DESCRIPT": "Construction of 268 multi-family units with associated amenities and infrastructure.", "A_USER_ID": "ROBINSH", "A_CASE_PLA": "ROBINSH", "StatCode": "APP", "AppStatus": "Approved", "AppCode": "PL_MINSP", "AppType": "Level 4 - Administrative Site Plan", "CasePlanne": "Robin Schultze", "EMAIL": "Robin.Schultze@durhamnc.gov", "ORIG_FID": 1433, "CreationDa": "2025-09-20T00:00:00", "Creator": "gisproc_sys", "EditDate": "2025-09-20T00:00:00", "Editor": "gisproc_sys", "match_results": "[(268, None, 'multifamily', 'units')]" }, "geometry": { "type": "Point", "coordinates": [ -78.904289506997927, 36.017983445122219 ] } },
{ "type": "Feature", "properties": { "A_NUMBER": "D2200059", "A_TYPE": "PL_MINSP", "A_DATE": "2022-03-01T00:00:00", "A_STATUS": "APP", "A_STATUS_D": "2022-10-06T00:00:00", "A_PROJECT_": "Aster Ridge", "A_DESCRIPT": "201 townhome units proposed as a conservation subdivision.", "A_USER_ID": "TDANNER", "A_CASE_PLA": "ROBINSH", "StatCode": "APP", "AppStatus": "Approved", "AppCode": "PL_MINSP", "AppType": "Level 4 - Administrative Site Plan", "CasePlanne": "Robin Schultze", "EMAIL": "Robin.Schultze@durhamnc.gov", "ORIG_FID": 1473, "CreationDa": "2025-09-20T00:00:00", "Creator": "gisproc_sys", "EditDate": "2025-09-20T00:00:00", "Editor": "gisproc_sys", "match_results": "[(201, None, 'townhouse', 'units')]" }, "geometry": { "type": "Point", "coordinates": [ -78.848040076341491, 36.006283615894368 ] } },
{ "type": "Feature", "properties": { "A_NUMBER": "D2300060", "A_TYPE": "PL_MINSP", "A_DATE": "2023-02-27T00:00:00", "A_STATUS": "APP", "A_STATUS_D": "2023-07-05T00:00:00", "A_PROJECT_": "310 W Corporation St", "A_DESCRIPT": "6 units + 4 ADU's and 974 s.f. of commercial space. 5 lots proposed.", "A_USER_ID": "KEAGANSA", "A_CASE_PLA": "ROBINSH", "StatCode": "APP", "AppStatus": "Approved", "AppCode": "PL_MINSP", "AppType": "Level 4 - Administrative Site Plan", "CasePlanne": "Robin Schultze", "EMAIL": "Robin.Schultze@durhamnc.gov", "ORIG_FID": 1743, "CreationDa": "2025-09-20T00:00:00", "Creator": "gisproc_sys", "EditDate": "2025-09-20T00:00:00", "Editor": "gisproc_sys", "match_results": [ ] }, "geometry": { "type": "Point", "coordinates": [ -78.898854263626689, 36.00221136466147 ] } },
{ "type": "Feature", "properties": { "A_NUMBER": "D2100401", "A_TYPE": "PL_MINSP", "A_DATE": "2021-11-08T00:00:00", "A_STATUS": "APP", "A_STATUS_D": "2022-08-02T00:00:00", "A_PROJECT_": "The Novus", "A_DESCRIPT": "Residential high rise building with parking and 1st floor retail. 242 apartments/condos", "A_USER_ID": "JESSICADO", "A_CASE_PLA": "TREYFI", "StatCode": "APP", "AppStatus": "Approved", "AppCode": "PL_MINSP", "AppType": "Level 4 - Administrative Site Plan", "CasePlanne": "Trey Figueroa", "EMAIL": "Trey.Figueroa@durhamnc.gov", "ORIG_FID": 1897, "CreationDa": "2025-09-20T00:00:00", "Creator": "gisproc_sys", "EditDate": "2025-09-20T00:00:00", "Editor": "gisproc_sys", "match_results": "[(242, None, 'apartment', None)]" }, "geometry": { "type": "Point", "coordinates": [ -78.90439251319313, 35.997620414699462 ] } },
{ "type": "Feature", "properties": { "A_NUMBER": "A1800011", "A_TYPE": "PL_CPAA", "A_DATE": "2018-12-14T00:00:00", "A_STATUS": "APP", "A_STATUS_D": "2021-03-10T00:00:00", "A_PROJECT_": "1432 Ellis Road", "A_DESCRIPT": "Rezoning from RR/RS-20 to PDR 5.943 to allow for up to 200 townhouse development (case Z1800035).  Associated FLUM and Annexation.", "A_USER_ID": "KEAGANSA", "A_CASE_PLA": "ALEXCA", "StatCode": "APP", "AppStatus": "Approved", "AppCode": "PL_CPAA", "AppType": "Comprehensive Plan Map or Plan Amendment", "CasePlanne": "Alex Cahill", "EMAIL": "Alex.Cahill@durhamnc.gov", "ORIG_FID": 1942, "CreationDa": "2025-09-20T00:00:00", "Creator": "gisproc_sys", "EditDate": "2025-09-20T00:00:00", "Editor": "gisproc_sys", "match_results": "[(200, None, 'townhouse', None)]" }, "geometry": { "type": "Point", "coordinates": [ -78.870644226955605, 35.948099395070628 ] } },
{ "type": "Feature", "properties": { "A_NUMBER": "D2000226", "A_TYPE": "PL_MINSP", "A_DATE": "2020-09-23T00:00:00", "A_STATUS": "APP", "A_STATUS_D": "2021-07-14T00:00:00", "A_PROJECT_": "Bethpage Apartments", "A_DESCRIPT": "228 Multi - Family Apartment units and associated amenity spaces", "A_USER_ID": "ADDMGR", "A_CASE_PLA": "COURTNEYMC", "StatCode": "APP", "AppStatus": "Approved", "AppCode": "PL_MINSP", "AppType": "Level 4 - Administrative Site Plan", "CasePlanne": "Courtney McQueen", "EMAIL": "Courtney.McQueen@durhamnc.gov", "ORIG_FID": 2010, "CreationDa": "2025-09-20T00:00:00", "Creator": "gisproc_sys", "EditDate": "2025-09-20T00:00:00", "Editor": "gisproc_sys", "match_results": "[(228, None, 'multifamily', None)]" }, "geometry": { "type": "Point", "coordinates": [ -78.826785038356022, 35.895550617010983 ] } },
{ "type": "Feature", "properties": { "A_NUMBER": "D2100048", "A_TYPE": "PL_MINSP", "A_DATE": "2021-02-16T00:00:00", "A_STATUS": "APP", "A_STATUS_D": "2021-12-21T00:00:00", "A_PROJECT_": "Selby Avenue Homes", "A_DESCRIPT": "14 Attached homes w/ cul-de-sac road and utilities. Site plan cannot be an amendment due to pending rezoning case D2000018.\r\n", "A_USER_ID": "KEAGANSA", "A_CASE_PLA": "ELIZAMO", "StatCode": "APP", "AppStatus": "Approved", "AppCode": "PL_MINSP", "AppType": "Level 4 - Administrative Site Plan", "CasePlanne": "Eliza Monroe", "EMAIL": "Eliza.Monroe@durhamnc.gov", "ORIG_FID": 2106, "CreationDa": "2025-09-20T00:00:00", "Creator": "gisproc_sys", "EditDate": "2025-09-20T00:00:00", "Editor": "gisproc_sys", "match_results": "[(14, None, 'home', None)]" }, "geometry": { "type": "Point", "coordinates": [ -78.89536108020404, 35.953188027551477 ] } },
{ "type": "Feature", "properties": { "A_NUMBER": "D2200168", "A_TYPE": "PL_MINSP", "A_DATE": "2022-05-24T00:00:00", "A_STATUS": "APP", "A_STATUS_D": "2023-04-11T00:00:00", "A_PROJECT_": "Townes on Leesville", "A_DESCRIPT": "104 town home development ", "A_USER_ID": "JESSICADO", "A_CASE_PLA": "TREYFI", "StatCode": "APP", "AppStatus": "Approved", "AppCode": "PL_MINSP", "AppType": "Level 4 - Administrative Site Plan", "CasePlanne": "Trey Figueroa", "EMAIL": "Trey.Figueroa@durhamnc.gov", "ORIG_FID": 2162, "CreationDa": "2025-09-20T00:00:00", "Creator": "gisproc_sys", "EditDate": "2025-09-20T00:00:00", "Editor": "gisproc_sys", "match_results": "[(104, None, 'townhouse', None)]" }, "geometry": { "type": "Point", "coordinates": [ -78.799420795737177, 35.937327792490201 ] } },
{ "type": "Feature", "properties": { "A_NUMBER": "D2000100", "A_TYPE": "PL_MINSP", "A_DATE": "2020-04-30T00:00:00", "A_STATUS": "APP", "A_STATUS_D": "2021-06-24T00:00:00", "A_PROJECT_": "Sweetbrier (1001 Olive Branch Road) - Phase 1", "A_DESCRIPT": "Level 4 Site Plan for 50 Single - Family & 49 Townhouse Lots, part of Phase 1 of Development", "A_USER_ID": "KIMRO", "A_CASE_PLA": "COURTNEYMC", "StatCode": "APP", "AppStatus": "Approved", "AppCode": "PL_MINSP", "AppType": "Level 4 - Administrative Site Plan", "CasePlanne": "Courtney McQueen", "EMAIL": "Courtney.McQueen@durhamnc.gov", "ORIG_FID": 2177, "CreationDa": "2025-09-20T00:00:00", "Creator": "gisproc_sys", "EditDate": "2025-09-20T00:00:00", "Editor": "gisproc_sys", "match_results": "[(4, None, 'single family', None), (49, None, 'townhouse', 'lots')]" }, "geometry": { "type": "Point", "coordinates": [ -78.778358120734055, 35.952776344824478 ] } },
{ "type": "Feature", "properties": { "A_NUMBER": "D2300255", "A_TYPE": "PL_MINSP", "A_DATE": "2023-11-13T00:00:00", "A_STATUS": "APP", "A_STATUS_D": "2024-05-10T00:00:00", "A_PROJECT_": "Hood Street Condos", "A_DESCRIPT": "24-unit apartment building totaling in 44,564 sf.", "A_USER_ID": "COLERE", "A_CASE_PLA": "COLERE", "StatCode": "APP", "AppStatus": "Approved", "AppCode": "PL_MINSP", "AppType": "Level 4 - Administrative Site Plan", "CasePlanne": "Cole Renigar", "EMAIL": "Cole.Renigar@durhamnc.gov", "ORIG_FID": 2183, "CreationDa": "2025-09-20T00:00:00", "Creator": "gisproc_sys", "EditDate": "2025-09-20T00:00:00", "Editor": "gisproc_sys", "match_results": "[(24, None, 'apartment', None)]" }, "geometry": { "type": "Point", "coordinates": [ -78.89492122149278, 35.989670517463168 ] } },
{ "type": "Feature", "properties": { "A_NUMBER": "D1900274", "A_TYPE": "PL_MINSP", "A_DATE": "2019-08-09T00:00:00", "A_STATUS": "APP", "A_STATUS_D": "2022-12-29T00:00:00", "A_PROJECT_": "Windhaven Crossing (New Haven) Townhouses", "A_DESCRIPT": "Proposed Townhouse development with associated site improvements", "A_USER_ID": "JOHNRA", "A_CASE_PLA": "JOHNRA", "StatCode": "APP", "AppStatus": "Approved", "AppCode": "PL_MINSP", "AppType": "Level 4 - Administrative Site Plan", "CasePlanne": "John Rabon", "EMAIL": "John.Rabon@durhamnc.gov", "ORIG_FID": 2401, "CreationDa": "2025-09-20T00:00:00", "Creator": "gisproc_sys", "EditDate": "2025-09-20T00:00:00", "Editor": "gisproc_sys", "match_results": [ ] }, "geometry": { "type": "Point", "coordinates": [ -78.84688049693888, 35.937387064933823 ] } },
{ "type": "Feature", "properties": { "A_NUMBER": "D2200289", "A_TYPE": "PL_MINSP", "A_DATE": "2022-08-31T00:00:00", "A_STATUS": "APP", "A_STATUS_D": "2023-09-22T00:00:00", "A_PROJECT_": "Mica Ridge", "A_DESCRIPT": "308 townhomes, 98 Single family lots, 6 stormwater ponds and associated infrastructure", "A_USER_ID": "COLERE", "A_CASE_PLA": "COLERE", "StatCode": "APP", "AppStatus": "Approved", "AppCode": "PL_MINSP", "AppType": "Level 4 - Administrative Site Plan", "CasePlanne": "Cole Renigar", "EMAIL": "Cole.Renigar@durhamnc.gov", "ORIG_FID": 2460, "CreationDa": "2025-09-20T00:00:00", "Creator": "gisproc_sys", "EditDate": "2025-09-20T00:00:00", "Editor": "gisproc_sys", "match_results": "[(308, None, 'townhouse', None), (98, None, 'single family', 'lots')]" }, "geometry": { "type": "Point", "coordinates": [ -78.837547004010204, 35.958413403934095 ] } },
{ "type": "Feature", "properties": { "A_NUMBER": "D2100313", "A_TYPE": "PL_MINSP", "A_DATE": "2021-09-15T00:00:00", "A_STATUS": "APP", "A_STATUS_D": "2022-07-07T00:00:00", "A_PROJECT_": "Chandler Run", "A_DESCRIPT": "59 Single Family residential lots", "A_USER_ID": "TALIAP", "A_CASE_PLA": "JOHNRA", "StatCode": "APP", "AppStatus": "Approved", "AppCode": "PL_MINSP", "AppType": "Level 4 - Administrative Site Plan", "CasePlanne": "John Rabon", "EMAIL": "John.Rabon@durhamnc.gov", "ORIG_FID": 2489, "CreationDa": "2025-09-20T00:00:00", "Creator": "gisproc_sys", "EditDate": "2025-09-20T00:00:00", "Editor": "gisproc_sys", "match_results": "[(59, None, 'single family', None)]" }, "geometry": { "type": "Point", "coordinates": [ -78.837394568051153, 35.991072919179558 ] } },
{ "type": "Feature", "properties": { "A_NUMBER": "D2000269", "A_TYPE": "PL_MINSP", "A_DATE": "2020-11-02T00:00:00", "A_STATUS": "APP", "A_STATUS_D": "2021-04-07T00:00:00", "A_PROJECT_": "509 North Mangum", "A_DESCRIPT": "182 multi - story multi-family building", "A_USER_ID": "KIMRO", "A_CASE_PLA": "COLERE", "StatCode": "APP", "AppStatus": "Approved", "AppCode": "PL_MINSP", "AppType": "Level 4 - Administrative Site Plan", "CasePlanne": "Cole Renigar", "EMAIL": "Cole.Renigar@durhamnc.gov", "ORIG_FID": 2508, "CreationDa": "2025-09-20T00:00:00", "Creator": "gisproc_sys", "EditDate": "2025-09-20T00:00:00", "Editor": "gisproc_sys", "match_results": [ ] }, "geometry": { "type": "Point", "coordinates": [ -78.897881193482249, 35.999106592128619 ] } },
{ "type": "Feature", "properties": { "A_NUMBER": "D2300170", "A_TYPE": "PL_MINSP", "A_DATE": "2023-06-30T00:00:00", "A_STATUS": "APP", "A_STATUS_D": "2023-12-12T00:00:00", "A_PROJECT_": "Sandy Ridge Amendment", "A_DESCRIPT": "197 units of affordable apartments and accessory uses.", "A_USER_ID": "JESSICADO", "A_CASE_PLA": "TREYFI", "StatCode": "APP", "AppStatus": "Approved", "AppCode": "PL_MINSP", "AppType": "Level 4 - Administrative Site Plan", "CasePlanne": "Trey Figueroa", "EMAIL": "Trey.Figueroa@durhamnc.gov", "ORIG_FID": 2559, "CreationDa": "2025-09-20T00:00:00", "Creator": "gisproc_sys", "EditDate": "2025-09-20T00:00:00", "Editor": "gisproc_sys", "match_results": "[(197, None, 'apartment', None)]" }, "geometry": { "type": "Point", "coordinates": [ -78.879468740523208, 36.049667858421586 ] } },
{ "type": "Feature", "properties": { "A_NUMBER": "D2300173", "A_TYPE": "PL_MINSP", "A_DATE": "2023-07-13T00:00:00", "A_STATUS": "APP", "A_STATUS_D": "2025-02-11T00:00:00", "A_PROJECT_": "Goodwin Crossing", "A_DESCRIPT": "149 single family detached lots with supporting open space in 4 lots.", "A_USER_ID": "TREYFI", "A_CASE_PLA": "TREYFI", "StatCode": "APP", "AppStatus": "Approved", "AppCode": "PL_MINSP", "AppType": "Level 4 - Administrative Site Plan", "CasePlanne": "Trey Figueroa", "EMAIL": "Trey.Figueroa@durhamnc.gov", "ORIG_FID": 2601, "CreationDa": "2025-09-20T00:00:00", "Creator": "gisproc_sys", "EditDate": "2025-09-20T00:00:00", "Editor": "gisproc_sys", "match_results": "[(149, None, 'single family', 'lots')]" }, "geometry": { "type": "Point", "coordinates": [ -78.881752708704823, 36.090889063489058 ] } },
{ "type": "Feature", "properties": { "A_NUMBER": "D2300159", "A_TYPE": "PL_MINSP", "A_DATE": "2023-06-16T00:00:00", "A_STATUS": "APP", "A_STATUS_D": "2024-10-14T00:00:00", "A_PROJECT_": "501 Ramseur Street", "A_DESCRIPT": "New 195-unit apartment building totaling 196,500 sq. ft. on existing parking lot.", "A_USER_ID": "KEAGANSA", "A_CASE_PLA": "KEAGANSA", "StatCode": "APP", "AppStatus": "Approved", "AppCode": "PL_MINSP", "AppType": "Level 4 - Administrative Site Plan", "CasePlanne": "Keagan Sacripanti", "EMAIL": "Keagan.Sacripanti@durhamnc.gov", "ORIG_FID": 2849, "CreationDa": "2025-09-20T00:00:00", "Creator": "gisproc_sys", "EditDate": "2025-09-20T00:00:00", "Editor": "gisproc_sys", "match_results": "[(195, None, 'apartment', None)]" }, "geometry": { "type": "Point", "coordinates": [ -78.895946889709649, 35.991001307873688 ] } },
{ "type": "Feature", "properties": { "A_NUMBER": "D2000077", "A_TYPE": "PL_MINSP", "A_DATE": "2020-04-09T00:00:00", "A_STATUS": "APP", "A_STATUS_D": "2020-10-21T00:00:00", "A_PROJECT_": "Summer Meadows Apartments", "A_DESCRIPT": "Proposed three apartment buildings (83 units) with associated parking,sidewalks,utilities & site grading", "A_USER_ID": "JESSICADO", "A_CASE_PLA": "COLERE", "StatCode": "APP", "AppStatus": "Approved", "AppCode": "PL_MINSP", "AppType": "Level 4 - Administrative Site Plan", "CasePlanne": "Cole Renigar", "EMAIL": "Cole.Renigar@durhamnc.gov", "ORIG_FID": 2931, "CreationDa": "2025-09-20T00:00:00", "Creator": "gisproc_sys", "EditDate": "2025-09-20T00:00:00", "Editor": "gisproc_sys", "match_results": "[(83, None, 'apartment', 'units')]" }, "geometry": { "type": "Point", "coordinates": [ -78.890069950467307, 36.059718730033985 ] } },
{ "type": "Feature", "properties": { "A_NUMBER": "D2200322", "A_TYPE": "PL_MINSP", "A_DATE": "2022-09-20T00:00:00", "A_STATUS": "APP", "A_STATUS_D": "2023-09-08T00:00:00", "A_PROJECT_": "West Village Courtyard Renovation", "A_DESCRIPT": "Project is to renovate and update the residential interior courtyards at the West Village community in downtown Durham. The scope of work will include updates to hardscape and planting materials, site furnishings, etc.", "A_USER_ID": "ROBINSH", "A_CASE_PLA": "ROBINSH", "StatCode": "APP", "AppStatus": "Approved", "AppCode": "PL_MINSP", "AppType": "Level 4 - Administrative Site Plan", "CasePlanne": "Robin Schultze", "EMAIL": "Robin.Schultze@durhamnc.gov", "ORIG_FID": 3221, "CreationDa": "2025-09-20T00:00:00", "Creator": "gisproc_sys", "EditDate": "2025-09-20T00:00:00", "Editor": "gisproc_sys", "match_results": [ ] }, "geometry": { "type": "Point", "coordinates": [ -78.906450771410007, 36.00012810064981 ] } },
{ "type": "Feature", "properties": { "A_NUMBER": "D2000073", "A_TYPE": "PL_MINSP", "A_DATE": "2020-04-01T00:00:00", "A_STATUS": "APP", "A_STATUS_D": "2022-07-01T00:00:00", "A_PROJECT_": "Griffin Townhomes", "A_DESCRIPT": "280 townhome units plus 9 open space lots", "A_USER_ID": "JOHNRA", "A_CASE_PLA": "JOHNRA", "StatCode": "APP", "AppStatus": "Approved", "AppCode": "PL_MINSP", "AppType": "Level 4 - Administrative Site Plan", "CasePlanne": "John Rabon", "EMAIL": "John.Rabon@durhamnc.gov", "ORIG_FID": 3318, "CreationDa": "2025-09-20T00:00:00", "Creator": "gisproc_sys", "EditDate": "2025-09-20T00:00:00", "Editor": "gisproc_sys", "match_results": "[(280, None, 'townhouse', 'units')]" }, "geometry": { "type": "Point", "coordinates": [ -78.832762697805549, 36.023022092308445 ] } },
{ "type": "Feature", "properties": { "A_NUMBER": "D2100097", "A_TYPE": "PL_MINSP", "A_DATE": "2021-03-31T00:00:00", "A_STATUS": "APP", "A_STATUS_D": "2021-10-01T00:00:00", "A_PROJECT_": "Signature Elevate at the Park", "A_DESCRIPT": "336 apartment unit development with amenities, road improvements to NC 55 per Z1800013", "A_USER_ID": "JESSICADO", "A_CASE_PLA": "JOHNRA", "StatCode": "APP", "AppStatus": "Approved", "AppCode": "PL_MINSP", "AppType": "Level 4 - Administrative Site Plan", "CasePlanne": "John Rabon", "EMAIL": "John.Rabon@durhamnc.gov", "ORIG_FID": 3538, "CreationDa": "2025-09-20T00:00:00", "Creator": "gisproc_sys", "EditDate": "2025-09-20T00:00:00", "Editor": "gisproc_sys", "match_results": "[(336, None, 'apartment', None)]" }, "geometry": { "type": "Point", "coordinates": [ -78.891855076346346, 35.923216649837265 ] } },
{ "type": "Feature", "properties": { "A_NUMBER": "D2100002", "A_TYPE": "PL_MINSP", "A_DATE": "2021-01-05T00:00:00", "A_STATUS": "APP", "A_STATUS_D": "2021-07-01T00:00:00", "A_PROJECT_": "Parmer RTP Campus Improvements Amendment", "A_DESCRIPT": "Retrofit campus from single tenant use to multi- tenant use", "A_USER_ID": "TREYFI", "A_CASE_PLA": "TREYFI", "StatCode": "APP", "AppStatus": "Approved", "AppCode": "PL_MINSP", "AppType": "Level 4 - Administrative Site Plan", "CasePlanne": "Trey Figueroa", "EMAIL": "Trey.Figueroa@durhamnc.gov", "ORIG_FID": 3556, "CreationDa": "2025-09-20T00:00:00", "Creator": "gisproc_sys", "EditDate": "2025-09-20T00:00:00", "Editor": "gisproc_sys", "match_results": [ ] }, "geometry": { "type": "Point", "coordinates": [ -78.862273465400875, 35.9344526599902 ] } },
{ "type": "Feature", "properties": { "A_NUMBER": "D2100011", "A_TYPE": "PL_MINSP", "A_DATE": "2021-01-20T00:00:00", "A_STATUS": "APP", "A_STATUS_D": "2021-07-19T00:00:00", "A_PROJECT_": "Angier Townhomes", "A_DESCRIPT": "115 townhome units. four private roadways, sanitary pump,and associated amenities", "A_USER_ID": "KIMRO", "A_CASE_PLA": "TREYFI", "StatCode": "APP", "AppStatus": "Approved", "AppCode": "PL_MINSP", "AppType": "Level 4 - Administrative Site Plan", "CasePlanne": "Trey Figueroa", "EMAIL": "Trey.Figueroa@durhamnc.gov", "ORIG_FID": 3603, "CreationDa": "2025-09-20T00:00:00", "Creator": "gisproc_sys", "EditDate": "2025-09-20T00:00:00", "Editor": "gisproc_sys", "match_results": "[(115, None, 'townhouse', 'units')]" }, "geometry": { "type": "Point", "coordinates": [ -78.83449161994821, 35.94505508347595 ] } },
{ "type": "Feature", "properties": { "A_NUMBER": "D1900359", "A_TYPE": "PL_MINSP", "A_DATE": "2019-10-07T00:00:00", "A_STATUS": "APP", "A_STATUS_D": "2020-04-16T00:00:00", "A_PROJECT_": "Croasdaile Village Heritage Hall", "A_DESCRIPT": "Replace existing building with new building for loss of 2 units", "A_USER_ID": "TREYFI", "A_CASE_PLA": "TREYFI", "StatCode": "APP", "AppStatus": "Approved", "AppCode": "PL_MINSP", "AppType": "Level 4 - Administrative Site Plan", "CasePlanne": "Trey Figueroa", "EMAIL": "Trey.Figueroa@durhamnc.gov", "ORIG_FID": 3669, "CreationDa": "2025-09-20T00:00:00", "Creator": "gisproc_sys", "EditDate": "2025-09-20T00:00:00", "Editor": "gisproc_sys", "match_results": [ ] }, "geometry": { "type": "Point", "coordinates": [ -78.939049070983828, 36.046641874203459 ] } },
{ "type": "Feature", "properties": { "A_NUMBER": "D2100034", "A_TYPE": "PL_MINSP", "A_DATE": "2021-02-08T00:00:00", "A_STATUS": "APP", "A_STATUS_D": "2023-11-27T00:00:00", "A_PROJECT_": "Wabash Parcels", "A_DESCRIPT": "This project includes 40 townhome lots with associated streets, sidewalks, utilities, grading, stormwater, and landscaping", "A_USER_ID": "KENNETHCA", "A_CASE_PLA": "TREYFI", "StatCode": "APP", "AppStatus": "Approved", "AppCode": "PL_MINSP", "AppType": "Level 4 - Administrative Site Plan", "CasePlanne": "Trey Figueroa", "EMAIL": "Trey.Figueroa@durhamnc.gov", "ORIG_FID": 3674, "CreationDa": "2025-09-20T00:00:00", "Creator": "gisproc_sys", "EditDate": "2025-09-20T00:00:00", "Editor": "gisproc_sys", "match_results": "[(40, None, 'townhouse', 'lots')]" }, "geometry": { "type": "Point", "coordinates": [ -78.888965742901632, 35.969826895115382 ] } },
{ "type": "Feature", "properties": { "A_NUMBER": "D2100307", "A_TYPE": "PL_MINSP", "A_DATE": "2021-09-10T00:00:00", "A_STATUS": "APP", "A_STATUS_D": "2022-03-14T00:00:00", "A_PROJECT_": "The Villas at Carpenter Woods", "A_DESCRIPT": "34 Single Family Conservation Subdivision", "A_USER_ID": "JESSICADO", "A_CASE_PLA": "TREYFI", "StatCode": "APP", "AppStatus": "Approved", "AppCode": "PL_MINSP", "AppType": "Level 4 - Administrative Site Plan", "CasePlanne": "Trey Figueroa", "EMAIL": "Trey.Figueroa@durhamnc.gov", "ORIG_FID": 3735, "CreationDa": "2025-09-20T00:00:00", "Creator": "gisproc_sys", "EditDate": "2025-09-20T00:00:00", "Editor": "gisproc_sys", "match_results": "[(34, None, 'single family', None)]" }, "geometry": { "type": "Point", "coordinates": [ -78.820343776594171, 36.026555772748594 ] } },
{ "type": "Feature", "properties": { "A_NUMBER": "D2000176", "A_TYPE": "PL_MINSP", "A_DATE": "2020-07-23T00:00:00", "A_STATUS": "APP", "A_STATUS_D": "2021-04-27T00:00:00", "A_PROJECT_": "The Piedmont at Patterson Place Apartments", "A_DESCRIPT": "3 Apartment buildings (299 units) in 2 Phases and Associated parking and utilities", "A_USER_ID": "COLERE", "A_CASE_PLA": "COLERE", "StatCode": "APP", "AppStatus": "Approved", "AppCode": "PL_MINSP", "AppType": "Level 4 - Administrative Site Plan", "CasePlanne": "Cole Renigar", "EMAIL": "Cole.Renigar@durhamnc.gov", "ORIG_FID": 3772, "CreationDa": "2025-09-20T00:00:00", "Creator": "gisproc_sys", "EditDate": "2025-09-20T00:00:00", "Editor": "gisproc_sys", "match_results": "[(3, None, 'apartment', None)]" }, "geometry": { "type": "Point", "coordinates": [ -78.990303196460289, 35.951684104491775 ] } },
{ "type": "Feature", "properties": { "A_NUMBER": "D2100274", "A_TYPE": "PL_MINSP", "A_DATE": "2021-08-25T00:00:00", "A_STATUS": "APP", "A_STATUS_D": "2022-04-11T00:00:00", "A_PROJECT_": "Ascend Brightleaf Apartments", "A_DESCRIPT": "336  unit apartment development with the associated parking, utilities, and stormwater management.", "A_USER_ID": "KIMRO", "A_CASE_PLA": "TREYFI", "StatCode": "APP", "AppStatus": "Approved", "AppCode": "PL_MINSP", "AppType": "Level 4 - Administrative Site Plan", "CasePlanne": "Trey Figueroa", "EMAIL": "Trey.Figueroa@durhamnc.gov", "ORIG_FID": 3838, "CreationDa": "2025-09-20T00:00:00", "Creator": "gisproc_sys", "EditDate": "2025-09-20T00:00:00", "Editor": "gisproc_sys", "match_results": "[(336, None, 'apartment', None)]" }, "geometry": { "type": "Point", "coordinates": [ -78.822099472933061, 35.943322888492958 ] } },
{ "type": "Feature", "properties": { "A_NUMBER": "D2200226", "A_TYPE": "PL_MINSP", "A_DATE": "2022-06-28T00:00:00", "A_STATUS": "APP", "A_STATUS_D": "2022-11-23T00:00:00", "A_PROJECT_": "The Enclave at Garrett Grading", "A_DESCRIPT": "Sewer and grading plan for single family residential on existing lots. ", "A_USER_ID": "JESSICADO", "A_CASE_PLA": "ROBINSH", "StatCode": "APP", "AppStatus": "Approved", "AppCode": "PL_MINSP", "AppType": "Level 4 - Administrative Site Plan", "CasePlanne": "Robin Schultze", "EMAIL": "Robin.Schultze@durhamnc.gov", "ORIG_FID": 3935, "CreationDa": "2025-09-20T00:00:00", "Creator": "gisproc_sys", "EditDate": "2025-09-20T00:00:00", "Editor": "gisproc_sys", "match_results": [ ] }, "geometry": { "type": "Point", "coordinates": [ -78.968840330260065, 35.945213436073139 ] } },
{ "type": "Feature", "properties": { "A_NUMBER": "D2200007", "A_TYPE": "PL_MINSP", "A_DATE": "2022-01-07T00:00:00", "A_STATUS": "APP", "A_STATUS_D": "2022-09-23T00:00:00", "A_PROJECT_": "Washington Street Mixed - Use", "A_DESCRIPT": "311 Multi -family apartments with ground floor retail, amenities, and parking garage. Existing historic City Place Garage/RetailOffice and Fire Tower", "A_USER_ID": "JESSICADO", "A_CASE_PLA": "ROBINSH", "StatCode": "APP", "AppStatus": "Approved", "AppCode": "PL_MINSP", "AppType": "Level 4 - Administrative Site Plan", "CasePlanne": "Robin Schultze", "EMAIL": "Robin.Schultze@durhamnc.gov", "ORIG_FID": 4108, "CreationDa": "2025-09-20T00:00:00", "Creator": "gisproc_sys", "EditDate": "2025-09-20T00:00:00", "Editor": "gisproc_sys", "match_results": "[(311, None, 'multifamily', None)]" }, "geometry": { "type": "Point", "coordinates": [ -78.903537756628921, 36.00399799680482 ] } },
{ "type": "Feature", "properties": { "A_NUMBER": "D2100045", "A_TYPE": "PL_MINSP", "A_DATE": "2021-02-15T00:00:00", "A_STATUS": "APP", "A_STATUS_D": "2021-11-05T00:00:00", "A_PROJECT_": "Alexander Crossing", "A_DESCRIPT": "3 apartment buildings  ( 176 units ) and an amenity center", "A_USER_ID": "JESSICADO", "A_CASE_PLA": "ROBINSH", "StatCode": "APP", "AppStatus": "Approved", "AppCode": "PL_MINSP", "AppType": "Level 4 - Administrative Site Plan", "CasePlanne": "Robin Schultze", "EMAIL": "Robin.Schultze@durhamnc.gov", "ORIG_FID": 4140, "CreationDa": "2025-09-20T00:00:00", "Creator": "gisproc_sys", "EditDate": "2025-09-20T00:00:00", "Editor": "gisproc_sys", "match_results": "[(3, None, 'apartment', None)]" }, "geometry": { "type": "Point", "coordinates": [ -78.88708393426937, 35.880767057169344 ] } },
{ "type": "Feature", "properties": { "A_NUMBER": "D2400006", "A_TYPE": "PL_MINSP", "A_DATE": "2024-01-16T00:00:00", "A_STATUS": "APP", "A_STATUS_D": "2024-07-10T00:00:00", "A_PROJECT_": "Alexander Crossing (new)", "A_DESCRIPT": "Apartments (176 units) with club house and dog park.", "A_USER_ID": "JUSTINH", "A_CASE_PLA": "COLERE", "StatCode": "APP", "AppStatus": "Approved", "AppCode": "PL_MINSP", "AppType": "Level 4 - Administrative Site Plan", "CasePlanne": "Cole Renigar", "EMAIL": "Cole.Renigar@durhamnc.gov", "ORIG_FID": 4281, "CreationDa": "2025-09-20T00:00:00", "Creator": "gisproc_sys", "EditDate": "2025-09-20T00:00:00", "Editor": "gisproc_sys", "match_results": "[(176, None, 'apartment', 'units')]" }, "geometry": { "type": "Point", "coordinates": [ -78.887093127124956, 35.880760910250352 ] } },
{ "type": "Feature", "properties": { "A_NUMBER": "D2300145", "A_TYPE": "PL_MINSP", "A_DATE": "2023-06-02T00:00:00", "A_STATUS": "APP", "A_STATUS_D": "2024-07-16T00:00:00", "A_PROJECT_": "Oakridge Residential", "A_DESCRIPT": "930 Multifamily units with structured parking.", "A_USER_ID": "COLERE", "A_CASE_PLA": "COLERE", "StatCode": "APP", "AppStatus": "Approved", "AppCode": "PL_MINSP", "AppType": "Level 4 - Administrative Site Plan", "CasePlanne": "Cole Renigar", "EMAIL": "Cole.Renigar@durhamnc.gov", "ORIG_FID": 4367, "CreationDa": "2025-09-20T00:00:00", "Creator": "gisproc_sys", "EditDate": "2025-09-20T00:00:00", "Editor": "gisproc_sys", "match_results": "[(930, None, 'multifamily', 'units')]" }, "geometry": { "type": "Point", "coordinates": [ -78.987975290059893, 35.959691646073644 ] } },
{ "type": "Feature", "properties": { "A_NUMBER": "D1900050", "A_TYPE": "PL_MINSP", "A_DATE": "2019-02-25T00:00:00", "A_STATUS": "APP", "A_STATUS_D": "2020-06-30T00:00:00", "A_PROJECT_": "Corporation Street Townhomes", "A_DESCRIPT": "3 Townhome Units", "A_USER_ID": "KRISTINEMU", "A_CASE_PLA": "COURTNEYMC", "StatCode": "APP", "AppStatus": "Approved", "AppCode": "PL_MINSP", "AppType": "Level 4 - Administrative Site Plan", "CasePlanne": "Courtney McQueen", "EMAIL": "Courtney.McQueen@durhamnc.gov", "ORIG_FID": 4392, "CreationDa": "2025-09-20T00:00:00", "Creator": "gisproc_sys", "EditDate": "2025-09-20T00:00:00", "Editor": "gisproc_sys", "match_results": "[(3, None, 'townhouse', 'units')]" }, "geometry": { "type": "Point", "coordinates": [ -78.896995294252264, 36.001864517871745 ] } },
{ "type": "Feature", "properties": { "A_NUMBER": "D2100040", "A_TYPE": "PL_MINSP", "A_DATE": "2021-02-10T00:00:00", "A_STATUS": "APP", "A_STATUS_D": "2021-09-24T00:00:00", "A_PROJECT_": "Townhome Development(1432 Ellis Rd)", "A_DESCRIPT": "192 townhome units and associated amenities", "A_USER_ID": "KIMRO", "A_CASE_PLA": "COLERE", "StatCode": "APP", "AppStatus": "Approved", "AppCode": "PL_MINSP", "AppType": "Level 4 - Administrative Site Plan", "CasePlanne": "Cole Renigar", "EMAIL": "Cole.Renigar@durhamnc.gov", "ORIG_FID": 4547, "CreationDa": "2025-09-20T00:00:00", "Creator": "gisproc_sys", "EditDate": "2025-09-20T00:00:00", "Editor": "gisproc_sys", "match_results": "[(192, None, 'townhouse', 'units')]" }, "geometry": { "type": "Point", "coordinates": [ -78.870644226955605, 35.948099395070628 ] } },
{ "type": "Feature", "properties": { "A_NUMBER": "D2300180", "A_TYPE": "PL_MINSP", "A_DATE": "2023-07-20T00:00:00", "A_STATUS": "APP", "A_STATUS_D": "2024-07-03T00:00:00", "A_PROJECT_": "Meridian Forty54", "A_DESCRIPT": "219 multifamily units totaling at 304,673 sq. ft. with surface parking.", "A_USER_ID": "EDWARDFR", "A_CASE_PLA": "TREYFI", "StatCode": "APP", "AppStatus": "Approved", "AppCode": "PL_MINSP", "AppType": "Level 4 - Administrative Site Plan", "CasePlanne": "Trey Figueroa", "EMAIL": "Trey.Figueroa@durhamnc.gov", "ORIG_FID": 4579, "CreationDa": "2025-09-20T00:00:00", "Creator": "gisproc_sys", "EditDate": "2025-09-20T00:00:00", "Editor": "gisproc_sys", "match_results": "[(219, None, 'multifamily', 'units')]" }, "geometry": { "type": "Point", "coordinates": [ -78.987783918130916, 35.91921104384835 ] } },
{ "type": "Feature", "properties": { "A_NUMBER": "D2200107", "A_TYPE": "PL_MINSP", "A_DATE": "2022-03-31T00:00:00", "A_STATUS": "APP", "A_STATUS_D": "2023-05-10T00:00:00", "A_PROJECT_": "Downtown Durham YMCA", "A_DESCRIPT": "Proposed mixed-use building with associated structured and site / Utility upgrades.", "A_USER_ID": "TREYFI", "A_CASE_PLA": "TREYFI", "StatCode": "APP", "AppStatus": "Approved", "AppCode": "PL_MINSP", "AppType": "Level 4 - Administrative Site Plan", "CasePlanne": "Trey Figueroa", "EMAIL": "Trey.Figueroa@durhamnc.gov", "ORIG_FID": 4593, "CreationDa": "2025-09-20T00:00:00", "Creator": "gisproc_sys", "EditDate": "2025-09-20T00:00:00", "Editor": "gisproc_sys", "match_results": [ ] }, "geometry": { "type": "Point", "coordinates": [ -78.901053667563687, 35.998683456944384 ] } },
{ "type": "Feature", "properties": { "A_NUMBER": "D2000225", "A_TYPE": "PL_MINSP", "A_DATE": "2020-09-23T00:00:00", "A_STATUS": "APP", "A_STATUS_D": "2022-02-08T00:00:00", "A_PROJECT_": "Harlowe Point (formerly S. Mineral and Pleasant)", "A_DESCRIPT": "174 single family residential lots + 7 Open Space lots", "A_USER_ID": "COLERE", "A_CASE_PLA": "COLERE", "StatCode": "APP", "AppStatus": "Approved", "AppCode": "PL_MINSP", "AppType": "Level 4 - Administrative Site Plan", "CasePlanne": "Cole Renigar", "EMAIL": "Cole.Renigar@durhamnc.gov", "ORIG_FID": 4671, "CreationDa": "2025-09-20T00:00:00", "Creator": "gisproc_sys", "EditDate": "2025-09-20T00:00:00", "Editor": "gisproc_sys", "match_results": "[(174, None, 'single family', None)]" }, "geometry": { "type": "Point", "coordinates": [ -78.830212891553572, 35.967489236398393 ] } },
{ "type": "Feature", "properties": { "A_NUMBER": "D2100293", "A_TYPE": "PL_MINSP", "A_DATE": "2021-09-03T00:00:00", "A_STATUS": "APP", "A_STATUS_D": "2022-03-30T00:00:00", "A_PROJECT_": "Bethpage Apartments Amendment", "A_DESCRIPT": "Increase in unit number from 228 to 240 Multi-Family Apartment units and associated amenity spaces", "A_USER_ID": "KIMRO", "A_CASE_PLA": "JOHNRA", "StatCode": "APP", "AppStatus": "Approved", "AppCode": "PL_MINSP", "AppType": "Level 4 - Administrative Site Plan", "CasePlanne": "John Rabon", "EMAIL": "John.Rabon@durhamnc.gov", "ORIG_FID": 4780, "CreationDa": "2025-09-20T00:00:00", "Creator": "gisproc_sys", "EditDate": "2025-09-20T00:00:00", "Editor": "gisproc_sys", "match_results": "[(228, None, 'multifamily', None)]" }, "geometry": { "type": "Point", "coordinates": [ -78.826785037037169, 35.895550617009093 ] } },
{ "type": "Feature", "properties": { "A_NUMBER": "D1900218", "A_TYPE": "PL_PPA", "A_DATE": "2019-07-08T00:00:00", "A_STATUS": "APP", "A_STATUS_D": "2020-02-26T00:00:00", "A_PROJECT_": "HUB RTP", "A_DESCRIPT": "Infrastructure Constructure for Future Mixed Use Development", "A_USER_ID": "EARLENETHO", "A_CASE_PLA": "COLERE", "StatCode": "APP", "AppStatus": "Approved", "AppCode": "PL_PPA", "AppType": "Preliminary Plat Amendment", "CasePlanne": "Cole Renigar", "EMAIL": "Cole.Renigar@durhamnc.gov", "ORIG_FID": 4828, "CreationDa": "2025-09-20T00:00:00", "Creator": "gisproc_sys", "EditDate": "2025-09-20T00:00:00", "Editor": "gisproc_sys", "match_results": [ ] }, "geometry": { "type": "Point", "coordinates": [ -78.865478288591078, 35.89459018154249 ] } },
{ "type": "Feature", "properties": { "A_NUMBER": "D2300141", "A_TYPE": "PL_MINSP", "A_DATE": "2023-05-25T00:00:00", "A_STATUS": "APP", "A_STATUS_D": "2024-08-13T00:00:00", "A_PROJECT_": "Copper Run North", "A_DESCRIPT": "80 Townhomes with public infrastructure.", "A_USER_ID": "COLERE", "A_CASE_PLA": "COLERE", "StatCode": "APP", "AppStatus": "Approved", "AppCode": "PL_MINSP", "AppType": "Level 4 - Administrative Site Plan", "CasePlanne": "Cole Renigar", "EMAIL": "Cole.Renigar@durhamnc.gov", "ORIG_FID": 4865, "CreationDa": "2025-09-20T00:00:00", "Creator": "gisproc_sys", "EditDate": "2025-09-20T00:00:00", "Editor": "gisproc_sys", "match_results": "[(80, None, 'townhouse', None)]" }, "geometry": { "type": "Point", "coordinates": [ -78.827987617020781, 35.947727065892344 ] } },
{ "type": "Feature", "properties": { "A_NUMBER": "D2300186", "A_TYPE": "PL_MINSP", "A_DATE": "2023-07-24T00:00:00", "A_STATUS": "APP", "A_STATUS_D": "2025-04-14T00:00:00", "A_PROJECT_": "901-903 Sherron Rd", "A_DESCRIPT": "Proposed 29 single-family and 33 residential townhouse lots with 4 open space lots.", "A_USER_ID": "COLERE", "A_CASE_PLA": "COLERE", "StatCode": "APP", "AppStatus": "Approved", "AppCode": "PL_MINSP", "AppType": "Level 4 - Administrative Site Plan", "CasePlanne": "Cole Renigar", "EMAIL": "Cole.Renigar@durhamnc.gov", "ORIG_FID": 4923, "CreationDa": "2025-09-20T00:00:00", "Creator": "gisproc_sys", "EditDate": "2025-09-20T00:00:00", "Editor": "gisproc_sys", "match_results": "[(29, None, 'single family', None), (33, None, 'townhouse', 'lots')]" }, "geometry": { "type": "Point", "coordinates": [ -78.807311527109491, 35.960538142249987 ] } },
{ "type": "Feature", "properties": { "A_NUMBER": "D2300103", "A_TYPE": "PL_MINSP", "A_DATE": "2023-04-13T00:00:00", "A_STATUS": "APP", "A_STATUS_D": "2023-11-30T00:00:00", "A_PROJECT_": "NOVEL UHill", "A_DESCRIPT": "A 448,537 square foot (sf) multifamily building (400 units) with a 2,566 sf commercial business, a 178,018 sf garage, and associated infrastructure with off-site improvements on 2 existing lots.", "A_USER_ID": "JESSICADO", "A_CASE_PLA": "ROBINSH", "StatCode": "APP", "AppStatus": "Approved", "AppCode": "PL_MINSP", "AppType": "Level 4 - Administrative Site Plan", "CasePlanne": "Robin Schultze", "EMAIL": "Robin.Schultze@durhamnc.gov", "ORIG_FID": 4963, "CreationDa": "2025-09-20T00:00:00", "Creator": "gisproc_sys", "EditDate": "2025-09-20T00:00:00", "Editor": "gisproc_sys", "match_results": "[(400, None, 'multifamily', 'units')]" }, "geometry": { "type": "Point", "coordinates": [ -78.952865138665587, 35.969797681780996 ] } },
{ "type": "Feature", "properties": { "A_NUMBER": "D2200300", "A_TYPE": "PL_MINSP", "A_DATE": "2022-09-06T00:00:00", "A_STATUS": "APP", "A_STATUS_D": "2024-01-25T00:00:00", "A_PROJECT_": "Pineview Glen Townhomes", "A_DESCRIPT": "Residential townhome project with associated infrastructure (67 units). Associated with rezoning case ZZ2100003 and annexation BDG2100007.", "A_USER_ID": "KYLETA", "A_CASE_PLA": "ROBINSH", "StatCode": "APP", "AppStatus": "Approved", "AppCode": "PL_MINSP", "AppType": "Level 4 - Administrative Site Plan", "CasePlanne": "Robin Schultze", "EMAIL": "Robin.Schultze@durhamnc.gov", "ORIG_FID": 5126, "CreationDa": "2025-09-20T00:00:00", "Creator": "gisproc_sys", "EditDate": "2025-09-20T00:00:00", "Editor": "gisproc_sys", "match_results": "[(67, None, 'townhouse', 'units')]" }, "geometry": { "type": "Point", "coordinates": [ -78.810514330443155, 35.927764779760885 ] } },
{ "type": "Feature", "properties": { "A_NUMBER": "D1900225", "A_TYPE": "PL_MINSP", "A_DATE": "2019-07-11T00:00:00", "A_STATUS": "APP", "A_STATUS_D": "2022-01-14T00:00:00", "A_PROJECT_": "Westpoint", "A_DESCRIPT": "Proposed residential subdivison that includes single family and townhomes and the associated infrastructure", "A_USER_ID": "AMANDAHO", "A_CASE_PLA": "ROBINSH", "StatCode": "APP", "AppStatus": "Approved", "AppCode": "PL_MINSP", "AppType": "Level 4 - Administrative Site Plan", "CasePlanne": "Robin Schultze", "EMAIL": "Robin.Schultze@durhamnc.gov", "ORIG_FID": 5219, "CreationDa": "2025-09-20T00:00:00", "Creator": "gisproc_sys", "EditDate": "2025-09-20T00:00:00", "Editor": "gisproc_sys", "match_results": [ ] }, "geometry": { "type": "Point", "coordinates": [ -78.915113448593686, 36.06449725149718 ] } },
{ "type": "Feature", "properties": { "A_NUMBER": "D2100317", "A_TYPE": "PL_MINSP", "A_DATE": "2021-09-20T00:00:00", "A_STATUS": "APP", "A_STATUS_D": "2022-11-21T00:00:00", "A_PROJECT_": "Fowler Tract - Phase 1", "A_DESCRIPT": "65 Single -Family & 86 Townhouse lots. Includes some grading over the future phase.", "A_USER_ID": "JESSICADO", "A_CASE_PLA": "ROBINSH", "StatCode": "APP", "AppStatus": "Approved", "AppCode": "PL_MINSP", "AppType": "Level 4 - Administrative Site Plan", "CasePlanne": "Robin Schultze", "EMAIL": "Robin.Schultze@durhamnc.gov", "ORIG_FID": 5252, "CreationDa": "2025-09-20T00:00:00", "Creator": "gisproc_sys", "EditDate": "2025-09-20T00:00:00", "Editor": "gisproc_sys", "match_results": "[(65, None, 'single family', None), (86, None, 'townhouse', 'lots')]" }, "geometry": { "type": "Point", "coordinates": [ -78.785699277647851, 35.954504581588516 ] } },
{ "type": "Feature", "properties": { "A_NUMBER": "D2400083", "A_TYPE": "PL_MINSP", "A_DATE": "2024-04-11T00:00:00", "A_STATUS": "APP", "A_STATUS_D": "2025-05-05T00:00:00", "A_PROJECT_": "751 Excelsior Grand Residential", "A_DESCRIPT": "208 Single-family, 186 townhouses, 8 apartments residential development. 402 Total Units\r\n", "A_USER_ID": "ADDMGR", "A_CASE_PLA": "COLERE", "StatCode": "APP", "AppStatus": "Approved", "AppCode": "PL_MINSP", "AppType": "Level 4 - Administrative Site Plan", "CasePlanne": "Cole Renigar", "EMAIL": "Cole.Renigar@durhamnc.gov", "ORIG_FID": 5265, "CreationDa": "2025-09-20T00:00:00", "Creator": "gisproc_sys", "EditDate": "2025-09-20T00:00:00", "Editor": "gisproc_sys", "match_results": "[(208, None, 'single family', None), (186, None, 'townhouse', None), (8, None, 'apartment', None)]" }, "geometry": { "type": "Point", "coordinates": [ -78.954691768533152, 35.878904229653017 ] } },
{ "type": "Feature", "properties": { "A_NUMBER": "D2400084", "A_TYPE": "PL_MINSP", "A_DATE": "2024-04-11T00:00:00", "A_STATUS": "ON_HOLD", "A_STATUS_D": "2025-04-30T00:00:00", "A_PROJECT_": "Tocqueville Townes", "A_DESCRIPT": "22 proposed townhome units, playground, trail, and two bio-retention ponds.", "A_USER_ID": "MICHAELIR", "A_CASE_PLA": "TREYFI", "StatCode": "ON_HOLD", "AppStatus": "On Hold", "AppCode": "PL_MINSP", "AppType": "Level 4 - Administrative Site Plan", "CasePlanne": "Trey Figueroa", "EMAIL": "Trey.Figueroa@durhamnc.gov", "ORIG_FID": 5268, "CreationDa": "2025-09-20T00:00:00", "Creator": "gisproc_sys", "EditDate": "2025-09-20T00:00:00", "Editor": "gisproc_sys", "match_results": "[(22, None, 'townhouse', 'units')]" }, "geometry": { "type": "Point", "coordinates": [ -78.890665600017471, 36.047068534259061 ] } },
{ "type": "Feature", "properties": { "A_NUMBER": "D2400105", "A_TYPE": "PL_MINSP", "A_DATE": "2024-05-03T00:00:00", "A_STATUS": "APP", "A_STATUS_D": "2025-04-21T00:00:00", "A_PROJECT_": "902 S Briggs Ave Affordable Housing", "A_DESCRIPT": "The proposed affordable housing project includes the development of two multifamily apartment buildings with 124 units.", "A_USER_ID": "TREYFI", "A_CASE_PLA": "TREYFI", "StatCode": "APP", "AppStatus": "Approved", "AppCode": "PL_MINSP", "AppType": "Level 4 - Administrative Site Plan", "CasePlanne": "Trey Figueroa", "EMAIL": "Trey.Figueroa@durhamnc.gov", "ORIG_FID": 5326, "CreationDa": "2025-09-20T00:00:00", "Creator": "gisproc_sys", "EditDate": "2025-09-20T00:00:00", "Editor": "gisproc_sys", "match_results": "[(124, None, 'multifamily', 'units')]" }, "geometry": { "type": "Point", "coordinates": [ -78.877633390165229, 35.970569627366828 ] } },
{ "type": "Feature", "properties": { "A_NUMBER": "D1900337", "A_TYPE": "PL_MINSP", "A_DATE": "2019-09-18T00:00:00", "A_STATUS": "APP", "A_STATUS_D": "2021-10-05T00:00:00", "A_PROJECT_": "The Corners at Brier Creek Townhomes - North", "A_DESCRIPT": "55 townhomes and associated infrastructure", "A_USER_ID": "COLERE", "A_CASE_PLA": "COLERE", "StatCode": "APP", "AppStatus": "Approved", "AppCode": "PL_MINSP", "AppType": "Level 4 - Administrative Site Plan", "CasePlanne": "Cole Renigar", "EMAIL": "Cole.Renigar@durhamnc.gov", "ORIG_FID": 5479, "CreationDa": "2025-09-20T00:00:00", "Creator": "gisproc_sys", "EditDate": "2025-09-20T00:00:00", "Editor": "gisproc_sys", "match_results": "[(55, None, 'townhouse', None)]" }, "geometry": { "type": "Point", "coordinates": [ -78.787686211790984, 35.923384674417285 ] } },
{ "type": "Feature", "properties": { "A_NUMBER": "D2000217", "A_TYPE": "PL_MINSP", "A_DATE": "2020-09-14T00:00:00", "A_STATUS": "APP", "A_STATUS_D": "2020-12-29T00:00:00", "A_PROJECT_": "Venable Center - Multi - Family (Amendment)", "A_DESCRIPT": "Construction of apartment building and associated infrastructure and utility improvements", "A_USER_ID": "KIMRO", "A_CASE_PLA": "TREYFI", "StatCode": "APP", "AppStatus": "Approved", "AppCode": "PL_MINSP", "AppType": "Level 4 - Administrative Site Plan", "CasePlanne": "Trey Figueroa", "EMAIL": "Trey.Figueroa@durhamnc.gov", "ORIG_FID": 5489, "CreationDa": "2025-09-20T00:00:00", "Creator": "gisproc_sys", "EditDate": "2025-09-20T00:00:00", "Editor": "gisproc_sys", "match_results": [ ] }, "geometry": { "type": "Point", "coordinates": [ -78.898336401086567, 35.99077822680524 ] } },
{ "type": "Feature", "properties": { "A_NUMBER": "D2100463", "A_TYPE": "PL_MINSP", "A_DATE": "2021-12-22T00:00:00", "A_STATUS": "APP", "A_STATUS_D": "2023-10-05T00:00:00", "A_PROJECT_": "K Parcel", "A_DESCRIPT": "103 Single Family residential lots and 237 townhomes", "A_USER_ID": "JESSICADO", "A_CASE_PLA": "TREYFI", "StatCode": "APP", "AppStatus": "Approved", "AppCode": "PL_MINSP", "AppType": "Level 4 - Administrative Site Plan", "CasePlanne": "Trey Figueroa", "EMAIL": "Trey.Figueroa@durhamnc.gov", "ORIG_FID": 5563, "CreationDa": "2025-09-20T00:00:00", "Creator": "gisproc_sys", "EditDate": "2025-09-20T00:00:00", "Editor": "gisproc_sys", "match_results": "[(103, None, 'single family', None), (237, None, 'townhouse', None)]" }, "geometry": { "type": "Point", "coordinates": [ -78.813843177151767, 35.941243890372633 ] } },
{ "type": "Feature", "properties": { "A_NUMBER": "D2200368", "A_TYPE": "PL_MINSP", "A_DATE": "2022-10-20T00:00:00", "A_STATUS": "APP", "A_STATUS_D": "2023-07-25T00:00:00", "A_PROJECT_": "Stella View", "A_DESCRIPT": "Residential subdivision with 107 townhomes and 102 single-family lots and open space, pending approval of associated rezoning (Z2100008) and annexation (BDG2100003)", "A_USER_ID": "KIMRO", "A_CASE_PLA": "TREYFI", "StatCode": "APP", "AppStatus": "Approved", "AppCode": "PL_MINSP", "AppType": "Level 4 - Administrative Site Plan", "CasePlanne": "Trey Figueroa", "EMAIL": "Trey.Figueroa@durhamnc.gov", "ORIG_FID": 5592, "CreationDa": "2025-09-20T00:00:00", "Creator": "gisproc_sys", "EditDate": "2025-09-20T00:00:00", "Editor": "gisproc_sys", "match_results": "[(107, None, 'townhouse', None), (102, None, 'single family', 'lots')]" }, "geometry": { "type": "Point", "coordinates": [ -78.812502844914349, 35.958517771575849 ] } },
{ "type": "Feature", "properties": { "A_NUMBER": "D2200390", "A_TYPE": "PL_MINSP", "A_DATE": "2022-11-07T00:00:00", "A_STATUS": "APP", "A_STATUS_D": "2024-04-24T00:00:00", "A_PROJECT_": "Sweetbrier Phase 3", "A_DESCRIPT": "Level 4 Site Plan for 186 single family homes, phase 3 of development.", "A_USER_ID": "JESSICADO", "A_CASE_PLA": "TREYFI", "StatCode": "APP", "AppStatus": "Approved", "AppCode": "PL_MINSP", "AppType": "Level 4 - Administrative Site Plan", "CasePlanne": "Trey Figueroa", "EMAIL": "Trey.Figueroa@durhamnc.gov", "ORIG_FID": 5646, "CreationDa": "2025-09-20T00:00:00", "Creator": "gisproc_sys", "EditDate": "2025-09-20T00:00:00", "Editor": "gisproc_sys", "match_results": "[(4, None, 'single family', 'homes')]" }, "geometry": { "type": "Point", "coordinates": [ -78.778358165533476, 35.952776371733563 ] } },
{ "type": "Feature", "properties": { "A_NUMBER": "D2200356", "A_TYPE": "PL_MINSP", "A_DATE": "2022-10-12T00:00:00", "A_STATUS": "APP", "A_STATUS_D": "2023-05-25T00:00:00", "A_PROJECT_": "Grace Place Apartments", "A_DESCRIPT": "201 Multifamily apartments with -9,346 sf commerical space", "A_USER_ID": "JOHNRA", "A_CASE_PLA": "TREYFI", "StatCode": "APP", "AppStatus": "Approved", "AppCode": "PL_MINSP", "AppType": "Level 4 - Administrative Site Plan", "CasePlanne": "Trey Figueroa", "EMAIL": "Trey.Figueroa@durhamnc.gov", "ORIG_FID": 5647, "CreationDa": "2025-09-20T00:00:00", "Creator": "gisproc_sys", "EditDate": "2025-09-20T00:00:00", "Editor": "gisproc_sys", "match_results": "[(201, None, 'multifamily', None)]" }, "geometry": { "type": "Point", "coordinates": [ -78.891558866109989, 35.993475453881857 ] } },
{ "type": "Feature", "properties": { "A_NUMBER": "D2100421", "A_TYPE": "PL_MINSP", "A_DATE": "2021-11-29T00:00:00", "A_STATUS": "APP", "A_STATUS_D": "2023-11-08T00:00:00", "A_PROJECT_": "Carpenter Falls Conservation Subdivision", "A_DESCRIPT": "179 single-family and 81 townhouse unit conservation subdivision", "A_USER_ID": "KIMRO", "A_CASE_PLA": "TREYFI", "StatCode": "APP", "AppStatus": "Approved", "AppCode": "PL_MINSP", "AppType": "Level 4 - Administrative Site Plan", "CasePlanne": "Trey Figueroa", "EMAIL": "Trey.Figueroa@durhamnc.gov", "ORIG_FID": 5679, "CreationDa": "2025-09-20T00:00:00", "Creator": "gisproc_sys", "EditDate": "2025-09-20T00:00:00", "Editor": "gisproc_sys", "match_results": "[(179, None, 'single family', None), (81, None, 'townhouse', None)]" }, "geometry": { "type": "Point", "coordinates": [ -78.815883748669805, 36.028045078080517 ] } },
{ "type": "Feature", "properties": { "A_NUMBER": "D2100283", "A_TYPE": "PL_MINSP", "A_DATE": "2021-09-01T00:00:00", "A_STATUS": "APP", "A_STATUS_D": "2022-09-19T00:00:00", "A_PROJECT_": "Townes at Greystone", "A_DESCRIPT": "68 Townhome Style Condos", "A_USER_ID": "ROBINSH", "A_CASE_PLA": "ROBINSH", "StatCode": "APP", "AppStatus": "Approved", "AppCode": "PL_MINSP", "AppType": "Level 4 - Administrative Site Plan", "CasePlanne": "Robin Schultze", "EMAIL": "Robin.Schultze@durhamnc.gov", "ORIG_FID": 5850, "CreationDa": "2025-09-20T00:00:00", "Creator": "gisproc_sys", "EditDate": "2025-09-20T00:00:00", "Editor": "gisproc_sys", "match_results": "[(68, None, 'townhouse', None)]" }, "geometry": { "type": "Point", "coordinates": [ -78.909996012174361, 35.992158134161727 ] } },
{ "type": "Feature", "properties": { "A_NUMBER": "D2100394", "A_TYPE": "PL_MINSP", "A_DATE": "2021-11-03T00:00:00", "A_STATUS": "APP", "A_STATUS_D": "2022-04-25T00:00:00", "A_PROJECT_": "Ascend Brightleaf - Cottages", "A_DESCRIPT": "97 Apartments with Club", "A_USER_ID": "JESSICADO", "A_CASE_PLA": "TREYFI", "StatCode": "APP", "AppStatus": "Approved", "AppCode": "PL_MINSP", "AppType": "Level 4 - Administrative Site Plan", "CasePlanne": "Trey Figueroa", "EMAIL": "Trey.Figueroa@durhamnc.gov", "ORIG_FID": 5867, "CreationDa": "2025-09-20T00:00:00", "Creator": "gisproc_sys", "EditDate": "2025-09-20T00:00:00", "Editor": "gisproc_sys", "match_results": "[(97, None, 'apartment', None)]" }, "geometry": { "type": "Point", "coordinates": [ -78.826855635116445, 35.945918769738547 ] } },
{ "type": "Feature", "properties": { "A_NUMBER": "D2100327", "A_TYPE": "PL_MINSP", "A_DATE": "2021-09-24T00:00:00", "A_STATUS": "APP", "A_STATUS_D": "2024-08-21T00:00:00", "A_PROJECT_": "1200 Castlebay Road", "A_DESCRIPT": "Subdivide projects into four residential duplex lots - 8 units total", "A_USER_ID": "JESSICADO", "A_CASE_PLA": "COLERE", "StatCode": "APP", "AppStatus": "Approved", "AppCode": "PL_MINSP", "AppType": "Level 4 - Administrative Site Plan", "CasePlanne": "Cole Renigar", "EMAIL": "Cole.Renigar@durhamnc.gov", "ORIG_FID": 5871, "CreationDa": "2025-09-20T00:00:00", "Creator": "gisproc_sys", "EditDate": "2025-09-20T00:00:00", "Editor": "gisproc_sys", "match_results": [ ] }, "geometry": { "type": "Point", "coordinates": [ -78.870102991532946, 36.001386567743069 ] } },
{ "type": "Feature", "properties": { "A_NUMBER": "D2000081", "A_TYPE": "PL_MINSP", "A_DATE": "2020-04-13T00:00:00", "A_STATUS": "APP", "A_STATUS_D": "2020-09-18T00:00:00", "A_PROJECT_": "Trinity Quad & Gilbert Addoms Site & Utility Improvements", "A_DESCRIPT": "Demolition and construction of a courtyard in the heart of East Campus at Duke University that will improve ADA accessibility. ADA site, and utility improvements for Gilbert Addoms Residence Hall.", "A_USER_ID": "DCULTRA", "A_CASE_PLA": "DCULTRA", "StatCode": "APP", "AppStatus": "Approved", "AppCode": "PL_MINSP", "AppType": "Level 4 - Administrative Site Plan", "CasePlanne": "Danny Cultra", "EMAIL": "Danny.Cultra@durhamnc.gov", "ORIG_FID": 6049, "CreationDa": "2025-09-20T00:00:00", "Creator": "gisproc_sys", "EditDate": "2025-09-20T00:00:00", "Editor": "gisproc_sys", "match_results": [ ] }, "geometry": { "type": "Point", "coordinates": [ -78.915649926102759, 36.006850537058646 ] } },
{ "type": "Feature", "properties": { "A_NUMBER": "D2300230", "A_TYPE": "PL_MINSP", "A_DATE": "2023-10-06T00:00:00", "A_STATUS": "APP", "A_STATUS_D": "2025-02-14T00:00:00", "A_PROJECT_": "Lumley Multifamily", "A_DESCRIPT": "400 multifamily units comprised of 74 townhouse and 326 apartment units and associated amenity space.", "A_USER_ID": "JALISAHA", "A_CASE_PLA": "JALISAHA", "StatCode": "APP", "AppStatus": "Approved", "AppCode": "PL_MINSP", "AppType": "Level 4 - Administrative Site Plan", "CasePlanne": "JALISA HARRIS", "EMAIL": "Jalisa.Harris@durhamnc.gov", "ORIG_FID": 6209, "CreationDa": "2025-09-20T00:00:00", "Creator": "gisproc_sys", "EditDate": "2025-09-20T00:00:00", "Editor": "gisproc_sys", "match_results": "[(400, None, 'multifamily', 'units'), (74, None, 'townhouse', None), (326, None, 'apartment', 'units')]" }, "geometry": { "type": "Point", "coordinates": [ -78.807229493171036, 35.926759722435833 ] } },
{ "type": "Feature", "properties": { "A_NUMBER": "D2300278", "A_TYPE": "PL_MINSP", "A_DATE": "2023-12-14T00:00:00", "A_STATUS": "APP", "A_STATUS_D": "2024-06-13T00:00:00", "A_PROJECT_": "Eno Village", "A_DESCRIPT": "Residential project consisting of a 142 townhomes and 240 multifamily units (297,000 SF) and the associated infrastructure.", "A_USER_ID": "COLERE", "A_CASE_PLA": "COLERE", "StatCode": "APP", "AppStatus": "Approved", "AppCode": "PL_MINSP", "AppType": "Level 4 - Administrative Site Plan", "CasePlanne": "Cole Renigar", "EMAIL": "Cole.Renigar@durhamnc.gov", "ORIG_FID": 6246, "CreationDa": "2025-09-20T00:00:00", "Creator": "gisproc_sys", "EditDate": "2025-09-20T00:00:00", "Editor": "gisproc_sys", "match_results": "[(142, None, 'townhouse', None), (240, None, 'multifamily', 'units')]" }, "geometry": { "type": "Point", "coordinates": [ -78.913735648431967, 36.064607757945531 ] } },
{ "type": "Feature", "properties": { "A_NUMBER": "A1900008", "A_TYPE": "PL_CPAA", "A_DATE": "2019-06-10T00:00:00", "A_STATUS": "APP", "A_STATUS_D": "2025-01-07T00:00:00", "A_PROJECT_": "Farrington Townes", "A_DESCRIPT": "Low Density Residential to Low Medium Residential. Associated with Z1900023.", "A_USER_ID": "GSMITH", "A_CASE_PLA": "EMILYST", "StatCode": "APP", "AppStatus": "Approved", "AppCode": "PL_CPAA", "AppType": "Comprehensive Plan Map or Plan Amendment", "CasePlanne": "Emily Struthers", "EMAIL": "Emily.Struthers@durhamnc.gov", "ORIG_FID": 6395, "CreationDa": "2025-09-20T00:00:00", "Creator": "gisproc_sys", "EditDate": "2025-09-20T00:00:00", "Editor": "gisproc_sys", "match_results": [ ] }, "geometry": { "type": "Point", "coordinates": [ -78.984529987249758, 35.942748163428007 ] } },
{ "type": "Feature", "properties": { "A_NUMBER": "D2100465", "A_TYPE": "PL_MINSP", "A_DATE": "2021-12-22T00:00:00", "A_STATUS": "APP", "A_STATUS_D": "2022-04-25T00:00:00", "A_PROJECT_": "Rollingdale", "A_DESCRIPT": "33 Townhomes and 4 open spaces", "A_USER_ID": "KIMRO", "A_CASE_PLA": "ROBINSH", "StatCode": "APP", "AppStatus": "Approved", "AppCode": "PL_MINSP", "AppType": "Level 4 - Administrative Site Plan", "CasePlanne": "Robin Schultze", "EMAIL": "Robin.Schultze@durhamnc.gov", "ORIG_FID": 6430, "CreationDa": "2025-09-20T00:00:00", "Creator": "gisproc_sys", "EditDate": "2025-09-20T00:00:00", "Editor": "gisproc_sys", "match_results": "[(33, None, 'townhouse', None)]" }, "geometry": { "type": "Point", "coordinates": [ -78.948689949818828, 35.914821732312582 ] } },
{ "type": "Feature", "properties": { "A_NUMBER": "D2300114", "A_TYPE": "PL_MINSP", "A_DATE": "2023-04-24T00:00:00", "A_STATUS": "APP", "A_STATUS_D": "2024-07-09T00:00:00", "A_PROJECT_": "MLK Apartments", "A_DESCRIPT": "180 apartments in 6 buildings totaling 64,530 square feet on 9.651 acres", "A_USER_ID": "TREYFI", "A_CASE_PLA": "TREYFI", "StatCode": "APP", "AppStatus": "Approved", "AppCode": "PL_MINSP", "AppType": "Level 4 - Administrative Site Plan", "CasePlanne": "Trey Figueroa", "EMAIL": "Trey.Figueroa@durhamnc.gov", "ORIG_FID": 6455, "CreationDa": "2025-09-20T00:00:00", "Creator": "gisproc_sys", "EditDate": "2025-09-20T00:00:00", "Editor": "gisproc_sys", "match_results": "[(180, None, 'apartment', None)]" }, "geometry": { "type": "Point", "coordinates": [ -78.904825506788072, 35.940252034543995 ] } },
{ "type": "Feature", "properties": { "A_NUMBER": "D2100325", "A_TYPE": "PL_MINSP", "A_DATE": "2021-09-23T00:00:00", "A_STATUS": "APP", "A_STATUS_D": "2023-05-25T00:00:00", "A_PROJECT_": "Mason Farms Conservation Subdivision", "A_DESCRIPT": "Residential Subdivision with 142 proposed lots, wastewater collection and treatment, well water system.", "A_USER_ID": "JESSICADO", "A_CASE_PLA": "COLERE", "StatCode": "APP", "AppStatus": "Approved", "AppCode": "PL_MINSP", "AppType": "Level 4 - Administrative Site Plan", "CasePlanne": "Cole Renigar", "EMAIL": "Cole.Renigar@durhamnc.gov", "ORIG_FID": 6677, "CreationDa": "2025-09-20T00:00:00", "Creator": "gisproc_sys", "EditDate": "2025-09-20T00:00:00", "Editor": "gisproc_sys", "match_results": [ ] }, "geometry": { "type": "Point", "coordinates": [ -78.901711057706052, 36.124325945066104 ] } },
{ "type": "Feature", "properties": { "A_NUMBER": "D2200202", "A_TYPE": "PL_MINSP", "A_DATE": "2022-06-15T00:00:00", "A_STATUS": "APP", "A_STATUS_D": "2023-06-14T00:00:00", "A_PROJECT_": "Wesley Downs", "A_DESCRIPT": "229 unit single family (101) and townhome (128) residential development.", "A_USER_ID": "KIMRO", "A_CASE_PLA": "ROBINSH", "StatCode": "APP", "AppStatus": "Approved", "AppCode": "PL_MINSP", "AppType": "Level 4 - Administrative Site Plan", "CasePlanne": "Robin Schultze", "EMAIL": "Robin.Schultze@durhamnc.gov", "ORIG_FID": 6727, "CreationDa": "2025-09-20T00:00:00", "Creator": "gisproc_sys", "EditDate": "2025-09-20T00:00:00", "Editor": "gisproc_sys", "match_results": "[(229, None, 'single family', None), (101, None, 'townhouse', None)]" }, "geometry": { "type": "Point", "coordinates": [ -78.82011384613439, 35.966875680168542 ] } },
{ "type": "Feature", "properties": { "A_NUMBER": "D2400099", "A_TYPE": "PL_MINSP", "A_DATE": "2024-04-25T00:00:00", "A_STATUS": "UN_RE", "A_STATUS_D": "2024-07-30T00:00:00", "A_PROJECT_": "Crescent Drive Development", "A_DESCRIPT": "Phased development consisting of 90 multifamily units and 17 townhomes and the associated infrastructure.", "A_USER_ID": "JALISAHA", "A_CASE_PLA": "JALISAHA", "StatCode": "UN_RE", "AppStatus": "Under Review", "AppCode": "PL_MINSP", "AppType": "Level 4 - Administrative Site Plan", "CasePlanne": "JALISA HARRIS", "EMAIL": "Jalisa.Harris@durhamnc.gov", "ORIG_FID": 6731, "CreationDa": "2025-09-20T00:00:00", "Creator": "gisproc_sys", "EditDate": "2025-09-20T00:00:00", "Editor": "gisproc_sys", "match_results": "[(90, None, 'multifamily', 'units'), (17, None, 'townhouse', None)]" }, "geometry": { "type": "Point", "coordinates": [ -78.996992543220287, 35.921129269026437 ] } },
{ "type": "Feature", "properties": { "A_NUMBER": "D2100022", "A_TYPE": "PL_MINSP", "A_DATE": "2021-01-25T00:00:00", "A_STATUS": "APP", "A_STATUS_D": "2021-08-10T00:00:00", "A_PROJECT_": "Tredenham ( Formerly Known as Doc Nichols Road )", "A_DESCRIPT": "Development of 66 townhomes, Annexation and Utility Agreement Approved as of Rezoning Case #Z1900054", "A_USER_ID": "KIMRO", "A_CASE_PLA": "COLERE", "StatCode": "APP", "AppStatus": "Approved", "AppCode": "PL_MINSP", "AppType": "Level 4 - Administrative Site Plan", "CasePlanne": "Cole Renigar", "EMAIL": "Cole.Renigar@durhamnc.gov", "ORIG_FID": 6780, "CreationDa": "2025-09-20T00:00:00", "Creator": "gisproc_sys", "EditDate": "2025-09-20T00:00:00", "Editor": "gisproc_sys", "match_results": "[(66, None, 'townhouse', None)]" }, "geometry": { "type": "Point", "coordinates": [ -78.793257810177252, 35.942378795795008 ] } },
{ "type": "Feature", "properties": { "A_NUMBER": "D2000309", "A_TYPE": "PL_MINSP", "A_DATE": "2020-12-18T00:00:00", "A_STATUS": "APP", "A_STATUS_D": "2023-08-08T00:00:00", "A_PROJECT_": "Griffin Place North", "A_DESCRIPT": "The proposed development includes 154 single family residential lots and road improvements on Ferrell Road and E Geer Street.", "A_USER_ID": "JESSICADO", "A_CASE_PLA": "ROBINSH", "StatCode": "APP", "AppStatus": "Approved", "AppCode": "PL_MINSP", "AppType": "Level 4 - Administrative Site Plan", "CasePlanne": "Robin Schultze", "EMAIL": "Robin.Schultze@durhamnc.gov", "ORIG_FID": 6783, "CreationDa": "2025-09-20T00:00:00", "Creator": "gisproc_sys", "EditDate": "2025-09-20T00:00:00", "Editor": "gisproc_sys", "match_results": "[(154, None, 'single family', None)]" }, "geometry": { "type": "Point", "coordinates": [ -78.832762697805549, 36.023022092308445 ] } },
{ "type": "Feature", "properties": { "A_NUMBER": "D2200051", "A_TYPE": "PL_MINSP", "A_DATE": "2022-02-21T00:00:00", "A_STATUS": "APP", "A_STATUS_D": "2023-05-12T00:00:00", "A_PROJECT_": "Copper Run South", "A_DESCRIPT": "127 townhomes, 6 SF detached.", "A_USER_ID": "KIMRO", "A_CASE_PLA": "ROBINSH", "StatCode": "APP", "AppStatus": "Approved", "AppCode": "PL_MINSP", "AppType": "Level 4 - Administrative Site Plan", "CasePlanne": "Robin Schultze", "EMAIL": "Robin.Schultze@durhamnc.gov", "ORIG_FID": 6920, "CreationDa": "2025-09-20T00:00:00", "Creator": "gisproc_sys", "EditDate": "2025-09-20T00:00:00", "Editor": "gisproc_sys", "match_results": "[(127, None, 'townhouse', None)]" }, "geometry": { "type": "Point", "coordinates": [ -78.832500019295168, 35.942491323154293 ] } },
{ "type": "Feature", "properties": { "A_NUMBER": "D2100328", "A_TYPE": "PL_MINSP", "A_DATE": "2021-09-27T00:00:00", "A_STATUS": "APP", "A_STATUS_D": "2021-12-23T00:00:00", "A_PROJECT_": "710 Rigsbee Ave", "A_DESCRIPT": "Residential building with 49 Dwelling units and commercial space including restaurant and retail. (1,889 SF)", "A_USER_ID": "JESSICADO", "A_CASE_PLA": "ROBINSH", "StatCode": "APP", "AppStatus": "Approved", "AppCode": "PL_MINSP", "AppType": "Level 4 - Administrative Site Plan", "CasePlanne": "Robin Schultze", "EMAIL": "Robin.Schultze@durhamnc.gov", "ORIG_FID": 6960, "CreationDa": "2025-09-20T00:00:00", "Creator": "gisproc_sys", "EditDate": "2025-09-20T00:00:00", "Editor": "gisproc_sys", "match_results": [ ] }, "geometry": { "type": "Point", "coordinates": [ -78.899525839911036, 36.002888481210626 ] } },
{ "type": "Feature", "properties": { "A_NUMBER": "D2100201", "A_TYPE": "PL_MINSP", "A_DATE": "2021-07-12T00:00:00", "A_STATUS": "APP", "A_STATUS_D": "2023-02-08T00:00:00", "A_PROJECT_": "Crutchfield St Mixed Use Building", "A_DESCRIPT": "Medical Office with 3 additional stories of 25 Multi-Family dwelling units on two parcels to be recombined - 12,225 sf", "A_USER_ID": "JESSICADO", "A_CASE_PLA": "TREYFI", "StatCode": "APP", "AppStatus": "Approved", "AppCode": "PL_MINSP", "AppType": "Level 4 - Administrative Site Plan", "CasePlanne": "Trey Figueroa", "EMAIL": "Trey.Figueroa@durhamnc.gov", "ORIG_FID": 7041, "CreationDa": "2025-09-20T00:00:00", "Creator": "gisproc_sys", "EditDate": "2025-09-20T00:00:00", "Editor": "gisproc_sys", "match_results": "[(3, None, 'multifamily', None)]" }, "geometry": { "type": "Point", "coordinates": [ -78.905255535263635, 36.039267737910201 ] } },
{ "type": "Feature", "properties": { "A_NUMBER": "D2100163", "A_TYPE": "PL_MINSP", "A_DATE": "2021-06-14T00:00:00", "A_STATUS": "APP", "A_STATUS_D": "2021-11-04T00:00:00", "A_PROJECT_": "Huckleberry", "A_DESCRIPT": "Ground floor retail sales, 2nd floor residential apartments (4 units) - Renovation and addition to existing commercial building", "A_USER_ID": "JESSICADO", "A_CASE_PLA": "TREYFI", "StatCode": "APP", "AppStatus": "Approved", "AppCode": "PL_MINSP", "AppType": "Level 4 - Administrative Site Plan", "CasePlanne": "Trey Figueroa", "EMAIL": "Trey.Figueroa@durhamnc.gov", "ORIG_FID": 7063, "CreationDa": "2025-09-20T00:00:00", "Creator": "gisproc_sys", "EditDate": "2025-09-20T00:00:00", "Editor": "gisproc_sys", "match_results": "[(2, None, 'apartment', None)]" }, "geometry": { "type": "Point", "coordinates": [ -78.909044813737367, 36.000513515691487 ] } },
{ "type": "Feature", "properties": { "A_NUMBER": "D2100273", "A_TYPE": "PL_MINSP", "A_DATE": "2021-08-23T00:00:00", "A_STATUS": "APP", "A_STATUS_D": "2022-06-29T00:00:00", "A_PROJECT_": "Courtyards at Southpoint II", "A_DESCRIPT": "68 Single family detached lots with supporting open space", "A_USER_ID": "KEAGANSA", "A_CASE_PLA": "JOHNRA", "StatCode": "APP", "AppStatus": "Approved", "AppCode": "PL_MINSP", "AppType": "Level 4 - Administrative Site Plan", "CasePlanne": "John Rabon", "EMAIL": "John.Rabon@durhamnc.gov", "ORIG_FID": 7171, "CreationDa": "2025-09-20T00:00:00", "Creator": "gisproc_sys", "EditDate": "2025-09-20T00:00:00", "Editor": "gisproc_sys", "match_results": "[(68, None, 'single family', 'lots')]" }, "geometry": { "type": "Point", "coordinates": [ -78.935384236745236, 35.883670671757066 ] } },
{ "type": "Feature", "properties": { "A_NUMBER": "D2200036", "A_TYPE": "PL_MINSP", "A_DATE": "2022-02-11T00:00:00", "A_STATUS": "APP", "A_STATUS_D": "2024-04-23T00:00:00", "A_PROJECT_": "Hinson Drive Townhomes", "A_DESCRIPT": "Development of 72 town homes ", "A_USER_ID": "TREYFI", "A_CASE_PLA": "TREYFI", "StatCode": "APP", "AppStatus": "Approved", "AppCode": "PL_MINSP", "AppType": "Level 4 - Administrative Site Plan", "CasePlanne": "Trey Figueroa", "EMAIL": "Trey.Figueroa@durhamnc.gov", "ORIG_FID": 7179, "CreationDa": "2025-09-20T00:00:00", "Creator": "gisproc_sys", "EditDate": "2025-09-20T00:00:00", "Editor": "gisproc_sys", "match_results": "[(72, None, 'townhouse', None)]" }, "geometry": { "type": "Point", "coordinates": [ -78.876506521368114, 36.02793360254136 ] } },
{ "type": "Feature", "properties": { "A_NUMBER": "D2000175", "A_TYPE": "PL_MINSP", "A_DATE": "2020-07-23T00:00:00", "A_STATUS": "APP", "A_STATUS_D": "2022-04-19T00:00:00", "A_PROJECT_": "Page Road Townhomes", "A_DESCRIPT": "48 townhome project involving the construction of 900 LF of roadway and 11 buildings. In addition any associated stormwater and utilities.", "A_USER_ID": "TDANNER", "A_CASE_PLA": "ROBINSH", "StatCode": "APP", "AppStatus": "Approved", "AppCode": "PL_MINSP", "AppType": "Level 4 - Administrative Site Plan", "CasePlanne": "Robin Schultze", "EMAIL": "Robin.Schultze@durhamnc.gov", "ORIG_FID": 7350, "CreationDa": "2025-09-20T00:00:00", "Creator": "gisproc_sys", "EditDate": "2025-09-20T00:00:00", "Editor": "gisproc_sys", "match_results": "[(48, None, 'townhouse', None)]" }, "geometry": { "type": "Point", "coordinates": [ -78.828559959429171, 35.889982156038691 ] } },
{ "type": "Feature", "properties": { "A_NUMBER": "D2000240", "A_TYPE": "PL_MINSP", "A_DATE": "2020-10-02T00:00:00", "A_STATUS": "APP", "A_STATUS_D": "2021-10-27T00:00:00", "A_PROJECT_": "Farrington Townes", "A_DESCRIPT": "25 townhome lots with associated streets, sidewalks, utilities, grading, stormwater and landscaping.", "A_USER_ID": "KIMRO", "A_CASE_PLA": "ELIZAMO", "StatCode": "APP", "AppStatus": "Approved", "AppCode": "PL_MINSP", "AppType": "Level 4 - Administrative Site Plan", "CasePlanne": "Eliza Monroe", "EMAIL": "Eliza.Monroe@durhamnc.gov", "ORIG_FID": 7382, "CreationDa": "2025-09-20T00:00:00", "Creator": "gisproc_sys", "EditDate": "2025-09-20T00:00:00", "Editor": "gisproc_sys", "match_results": "[(25, None, 'townhouse', 'lots')]" }, "geometry": { "type": "Point", "coordinates": [ -78.984442063741398, 35.943017494624129 ] } },
{ "type": "Feature", "properties": { "A_NUMBER": "D2400015", "A_TYPE": "PL_MINSP", "A_DATE": "2024-01-24T00:00:00", "A_STATUS": "APP", "A_STATUS_D": "2025-02-05T00:00:00", "A_PROJECT_": "Ovation at Sweetbrier - Phase 2 & 3", "A_DESCRIPT": "360 Single family Detached lots and 114 Townhome lots with supporting open space.", "A_USER_ID": "JESSICADO", "A_CASE_PLA": "KEAGANSA", "StatCode": "APP", "AppStatus": "Approved", "AppCode": "PL_MINSP", "AppType": "Level 4 - Administrative Site Plan", "CasePlanne": "Keagan Sacripanti", "EMAIL": "Keagan.Sacripanti@durhamnc.gov", "ORIG_FID": 7455, "CreationDa": "2025-09-20T00:00:00", "Creator": "gisproc_sys", "EditDate": "2025-09-20T00:00:00", "Editor": "gisproc_sys", "match_results": "[(360, None, 'single family', 'lots'), (114, None, 'townhouse', 'lots')]" }, "geometry": { "type": "Point", "coordinates": [ -78.784020891977079, 35.956841135610297 ] } },
{ "type": "Feature", "properties": { "A_NUMBER": "D2400050", "A_TYPE": "PL_MINSP", "A_DATE": "2024-03-04T00:00:00", "A_STATUS": "APP", "A_STATUS_D": "2025-04-30T00:00:00", "A_PROJECT_": "Hopson Road Multi-Family", "A_DESCRIPT": "Construction of 399 multi-family units with associated amenities and infrastructure totaling in 498,495 SF.", "A_USER_ID": "TREYFI", "A_CASE_PLA": "TREYFI", "StatCode": "APP", "AppStatus": "Approved", "AppCode": "PL_MINSP", "AppType": "Level 4 - Administrative Site Plan", "CasePlanne": "Trey Figueroa", "EMAIL": "Trey.Figueroa@durhamnc.gov", "ORIG_FID": 7506, "CreationDa": "2025-09-20T00:00:00", "Creator": "gisproc_sys", "EditDate": "2025-09-20T00:00:00", "Editor": "gisproc_sys", "match_results": "[(399, None, 'multifamily', 'units')]" }, "geometry": { "type": "Point", "coordinates": [ -78.857084601795421, 35.876012391157765 ] } },
{ "type": "Feature", "properties": { "A_NUMBER": "D1900394", "A_TYPE": "PL_MINSP", "A_DATE": "2019-11-12T00:00:00", "A_STATUS": "APP", "A_STATUS_D": "2021-04-14T00:00:00", "A_PROJECT_": "3404 Page Road", "A_DESCRIPT": "Proposed townhome development. A total of 188 lots are proposed.", "A_USER_ID": "KIMRO", "A_CASE_PLA": "COLERE", "StatCode": "APP", "AppStatus": "Approved", "AppCode": "PL_MINSP", "AppType": "Level 4 - Administrative Site Plan", "CasePlanne": "Cole Renigar", "EMAIL": "Cole.Renigar@durhamnc.gov", "ORIG_FID": 7578, "CreationDa": "2025-09-20T00:00:00", "Creator": "gisproc_sys", "EditDate": "2025-09-20T00:00:00", "Editor": "gisproc_sys", "match_results": [ ] }, "geometry": { "type": "Point", "coordinates": [ -78.820890816588943, 35.902320901529954 ] } },
{ "type": "Feature", "properties": { "A_NUMBER": "A1900012", "A_TYPE": "PL_CPAA", "A_DATE": "2019-07-02T00:00:00", "A_STATUS": "APP", "A_STATUS_D": "2021-03-10T00:00:00", "A_PROJECT_": "NCCU School of Business", "A_DESCRIPT": "Proposed change from Low Residential to Institutional FLUM", "A_USER_ID": "ALEXCA", "A_CASE_PLA": "EMILYST", "StatCode": "APP", "AppStatus": "Approved", "AppCode": "PL_CPAA", "AppType": "Comprehensive Plan Map or Plan Amendment", "CasePlanne": "Emily Struthers", "EMAIL": "Emily.Struthers@durhamnc.gov", "ORIG_FID": 7729, "CreationDa": "2025-09-20T00:00:00", "Creator": "gisproc_sys", "EditDate": "2025-09-20T00:00:00", "Editor": "gisproc_sys", "match_results": [ ] }, "geometry": { "type": "Point", "coordinates": [ -78.894338864311223, 35.97606651542786 ] } },
{ "type": "Feature", "properties": { "A_NUMBER": "D2300275", "A_TYPE": "PL_MINSP", "A_DATE": "2023-12-07T00:00:00", "A_STATUS": "APP", "A_STATUS_D": "2025-03-02T00:00:00", "A_PROJECT_": "The Shannon at Old Chapel Hill", "A_DESCRIPT": "Development of 43 townhouses, a mixed-use building with 17 apartments and 3,500 sq. ft. retail space.", "A_USER_ID": "TREYFI", "A_CASE_PLA": "TREYFI", "StatCode": "APP", "AppStatus": "Approved", "AppCode": "PL_MINSP", "AppType": "Level 4 - Administrative Site Plan", "CasePlanne": "Trey Figueroa", "EMAIL": "Trey.Figueroa@durhamnc.gov", "ORIG_FID": 7746, "CreationDa": "2025-09-20T00:00:00", "Creator": "gisproc_sys", "EditDate": "2025-09-20T00:00:00", "Editor": "gisproc_sys", "match_results": "[(43, None, 'townhouse', None), (17, None, 'apartment', None)]" }, "geometry": { "type": "Point", "coordinates": [ -78.954984685548808, 35.956831635572513 ] } },
{ "type": "Feature", "properties": { "A_NUMBER": "D2100130", "A_TYPE": "PL_MINSP", "A_DATE": "2021-05-04T00:00:00", "A_STATUS": "APP", "A_STATUS_D": "2021-12-03T00:00:00", "A_PROJECT_": "Newcastle", "A_DESCRIPT": "Landscape enhancement around building and proposed site plan amenities for building tenants. Minor grading disturbance and additional parking proposed in interior courtyard.", "A_USER_ID": "COLERE", "A_CASE_PLA": "ELIZAMO", "StatCode": "APP", "AppStatus": "Approved", "AppCode": "PL_MINSP", "AppType": "Level 4 - Administrative Site Plan", "CasePlanne": "Eliza Monroe", "EMAIL": "Eliza.Monroe@durhamnc.gov", "ORIG_FID": 7788, "CreationDa": "2025-09-20T00:00:00", "Creator": "gisproc_sys", "EditDate": "2025-09-20T00:00:00", "Editor": "gisproc_sys", "match_results": [ ] }, "geometry": { "type": "Point", "coordinates": [ -78.846784620412535, 35.8761618312707 ] } },
{ "type": "Feature", "properties": { "A_NUMBER": "D2200204", "A_TYPE": "PL_MINSP", "A_DATE": "2022-06-15T00:00:00", "A_STATUS": "APP", "A_STATUS_D": "2023-05-26T00:00:00", "A_PROJECT_": "Jackson Street Condominiums", "A_DESCRIPT": "61 apartment unit condos with 1st floor retail and parking garage", "A_USER_ID": "COLERE", "A_CASE_PLA": "COLERE", "StatCode": "APP", "AppStatus": "Approved", "AppCode": "PL_MINSP", "AppType": "Level 4 - Administrative Site Plan", "CasePlanne": "Cole Renigar", "EMAIL": "Cole.Renigar@durhamnc.gov", "ORIG_FID": 7873, "CreationDa": "2025-09-20T00:00:00", "Creator": "gisproc_sys", "EditDate": "2025-09-20T00:00:00", "Editor": "gisproc_sys", "match_results": "[(61, None, 'apartment', None), (1, None, 'condo', None)]" }, "geometry": { "type": "Point", "coordinates": [ -78.910990402560103, 35.995209866891592 ] } },
{ "type": "Feature", "properties": { "A_NUMBER": "D2200292", "A_TYPE": "PL_MINSP", "A_DATE": "2022-08-31T00:00:00", "A_STATUS": "APP", "A_STATUS_D": "2023-02-16T00:00:00", "A_PROJECT_": "Cedar Trace Apartments", "A_DESCRIPT": "180 apartment units with clubhouse", "A_USER_ID": "KIMRO", "A_CASE_PLA": "TREYFI", "StatCode": "APP", "AppStatus": "Approved", "AppCode": "PL_MINSP", "AppType": "Level 4 - Administrative Site Plan", "CasePlanne": "Trey Figueroa", "EMAIL": "Trey.Figueroa@durhamnc.gov", "ORIG_FID": 7897, "CreationDa": "2025-09-20T00:00:00", "Creator": "gisproc_sys", "EditDate": "2025-09-20T00:00:00", "Editor": "gisproc_sys", "match_results": "[(180, None, 'apartment', 'units')]" }, "geometry": { "type": "Point", "coordinates": [ -78.85256258215594, 35.979863270162184 ] } },
{ "type": "Feature", "properties": { "A_NUMBER": "D2200139", "A_TYPE": "PL_MINSP", "A_DATE": "2022-04-27T00:00:00", "A_STATUS": "UN_RE", "A_STATUS_D": "2022-04-28T00:00:00", "A_PROJECT_": "Carrington Woods", "A_DESCRIPT": "17 home Single family development with public associated stormwater and utilities encompassing 8.552 acres", "A_USER_ID": "TREYFI", "A_CASE_PLA": "TREYFI", "StatCode": "UN_RE", "AppStatus": "Under Review", "AppCode": "PL_MINSP", "AppType": "Level 4 - Administrative Site Plan", "CasePlanne": "Trey Figueroa", "EMAIL": "Trey.Figueroa@durhamnc.gov", "ORIG_FID": 7989, "CreationDa": "2025-09-20T00:00:00", "Creator": "gisproc_sys", "EditDate": "2025-09-20T00:00:00", "Editor": "gisproc_sys", "match_results": "[(17, None, 'home', None)]" }, "geometry": { "type": "Point", "coordinates": [ -78.834287485152203, 36.00128260669711 ] } },
{ "type": "Feature", "properties": { "A_NUMBER": "D2100053", "A_TYPE": "PL_MINSP", "A_DATE": "2021-02-18T00:00:00", "A_STATUS": "APP", "A_STATUS_D": "2021-12-14T00:00:00", "A_PROJECT_": "Holloway Studios", "A_DESCRIPT": "19 townhomes and 832 sf commercial space", "A_USER_ID": "KIMRO", "A_CASE_PLA": "COLERE", "StatCode": "APP", "AppStatus": "Approved", "AppCode": "PL_MINSP", "AppType": "Level 4 - Administrative Site Plan", "CasePlanne": "Cole Renigar", "EMAIL": "Cole.Renigar@durhamnc.gov", "ORIG_FID": 8295, "CreationDa": "2025-09-20T00:00:00", "Creator": "gisproc_sys", "EditDate": "2025-09-20T00:00:00", "Editor": "gisproc_sys", "match_results": "[(19, None, 'townhouse', None)]" }, "geometry": { "type": "Point", "coordinates": [ -78.893659650038941, 35.993693295182062 ] } },
{ "type": "Feature", "properties": { "A_NUMBER": "D2100062", "A_TYPE": "PL_MINSP", "A_DATE": "2021-02-25T00:00:00", "A_STATUS": "APP", "A_STATUS_D": "2022-01-05T00:00:00", "A_PROJECT_": "Trails at Twin Lakes", "A_DESCRIPT": "168 Multi-family apartment units and associated amenity spaces", "A_USER_ID": "KIMRO", "A_CASE_PLA": "TREYFI", "StatCode": "APP", "AppStatus": "Approved", "AppCode": "PL_MINSP", "AppType": "Level 4 - Administrative Site Plan", "CasePlanne": "Trey Figueroa", "EMAIL": "Trey.Figueroa@durhamnc.gov", "ORIG_FID": 8358, "CreationDa": "2025-09-20T00:00:00", "Creator": "gisproc_sys", "EditDate": "2025-09-20T00:00:00", "Editor": "gisproc_sys", "match_results": "[(168, None, 'multifamily', None)]" }, "geometry": { "type": "Point", "coordinates": [ -78.845164217037023, 35.989514013702724 ] } },
{ "type": "Feature", "properties": { "A_NUMBER": "D2200348", "A_TYPE": "PL_MINSP", "A_DATE": "2022-10-11T00:00:00", "A_STATUS": "APP", "A_STATUS_D": "2023-11-29T00:00:00", "A_PROJECT_": "Dearborn Multifamily", "A_DESCRIPT": "156 multifamily units and amenity space", "A_USER_ID": "ROBINSH", "A_CASE_PLA": "ROBINSH", "StatCode": "APP", "AppStatus": "Approved", "AppCode": "PL_MINSP", "AppType": "Level 4 - Administrative Site Plan", "CasePlanne": "Robin Schultze", "EMAIL": "Robin.Schultze@durhamnc.gov", "ORIG_FID": 8388, "CreationDa": "2025-09-20T00:00:00", "Creator": "gisproc_sys", "EditDate": "2025-09-20T00:00:00", "Editor": "gisproc_sys", "match_results": "[(156, None, 'multifamily', 'units')]" }, "geometry": { "type": "Point", "coordinates": [ -78.884338226183004, 36.037724238593071 ] } },
{ "type": "Feature", "properties": { "A_NUMBER": "D2100395", "A_TYPE": "PL_MINSP", "A_DATE": "2021-11-03T00:00:00", "A_STATUS": "APP", "A_STATUS_D": "2022-07-11T00:00:00", "A_PROJECT_": "509 Sherron Road", "A_DESCRIPT": "37 townhouse lots + 2 open space lots", "A_USER_ID": "JUSTINH", "A_CASE_PLA": "COLERE", "StatCode": "APP", "AppStatus": "Approved", "AppCode": "PL_MINSP", "AppType": "Level 4 - Administrative Site Plan", "CasePlanne": "Cole Renigar", "EMAIL": "Cole.Renigar@durhamnc.gov", "ORIG_FID": 8448, "CreationDa": "2025-09-20T00:00:00", "Creator": "gisproc_sys", "EditDate": "2025-09-20T00:00:00", "Editor": "gisproc_sys", "match_results": "[(37, None, 'townhouse', 'lots')]" }, "geometry": { "type": "Point", "coordinates": [ -78.80339497372529, 35.967557200317394 ] } },
{ "type": "Feature", "properties": { "A_NUMBER": "D2200032", "A_TYPE": "PL_MINSP", "A_DATE": "2022-02-10T00:00:00", "A_STATUS": "APP", "A_STATUS_D": "2023-09-07T00:00:00", "A_PROJECT_": "Mineral Springs Residential North", "A_DESCRIPT": "Subdividing 11 single-family residential lots, including 2 flag lots, storm water control measures and open space", "A_USER_ID": "JESSICADO", "A_CASE_PLA": "ROBINSH", "StatCode": "APP", "AppStatus": "Approved", "AppCode": "PL_MINSP", "AppType": "Level 4 - Administrative Site Plan", "CasePlanne": "Robin Schultze", "EMAIL": "Robin.Schultze@durhamnc.gov", "ORIG_FID": 8564, "CreationDa": "2025-09-20T00:00:00", "Creator": "gisproc_sys", "EditDate": "2025-09-20T00:00:00", "Editor": "gisproc_sys", "match_results": "[(11, None, 'single family', None)]" }, "geometry": { "type": "Point", "coordinates": [ -78.832170388702636, 35.95858965001716 ] } },
{ "type": "Feature", "properties": { "A_NUMBER": "D2100088", "A_TYPE": "PL_MINSP", "A_DATE": "2021-03-18T00:00:00", "A_STATUS": "APP", "A_STATUS_D": "2022-02-03T00:00:00", "A_PROJECT_": "1101 Olive Branch Road (Solana)", "A_DESCRIPT": "167 Townhome and 249 Single Family residential development", "A_USER_ID": "JESSICADO", "A_CASE_PLA": "JOHNRA", "StatCode": "APP", "AppStatus": "Approved", "AppCode": "PL_MINSP", "AppType": "Level 4 - Administrative Site Plan", "CasePlanne": "John Rabon", "EMAIL": "John.Rabon@durhamnc.gov", "ORIG_FID": 8595, "CreationDa": "2025-09-20T00:00:00", "Creator": "gisproc_sys", "EditDate": "2025-09-20T00:00:00", "Editor": "gisproc_sys", "match_results": "[(167, None, 'townhouse', None), (249, None, 'single family', None)]" }, "geometry": { "type": "Point", "coordinates": [ -78.763088188385112, 35.956467140691679 ] } },
{ "type": "Feature", "properties": { "A_NUMBER": "D2200108", "A_TYPE": "PL_MINSP", "A_DATE": "2022-03-31T00:00:00", "A_STATUS": "APP", "A_STATUS_D": "2024-09-23T00:00:00", "A_PROJECT_": "Davis Park Pod G", "A_DESCRIPT": "Multifamily 270 Apartments", "A_USER_ID": "COLERE", "A_CASE_PLA": "COLERE", "StatCode": "APP", "AppStatus": "Approved", "AppCode": "PL_MINSP", "AppType": "Level 4 - Administrative Site Plan", "CasePlanne": "Cole Renigar", "EMAIL": "Cole.Renigar@durhamnc.gov", "ORIG_FID": 8841, "CreationDa": "2025-09-20T00:00:00", "Creator": "gisproc_sys", "EditDate": "2025-09-20T00:00:00", "Editor": "gisproc_sys", "match_results": "[(270, None, 'multifamily', None)]" }, "geometry": { "type": "Point", "coordinates": [ -78.856913192333849, 35.880009977092534 ] } },
{ "type": "Feature", "properties": { "A_NUMBER": "D2000080", "A_TYPE": "PL_MINSP", "A_DATE": "2020-04-13T00:00:00", "A_STATUS": "APP", "A_STATUS_D": "2021-02-02T00:00:00", "A_PROJECT_": "300 East Main Street", "A_DESCRIPT": "105 Apartments,parking deck, retail and pre-school", "A_USER_ID": "KIMRO", "A_CASE_PLA": "COURTNEYMC", "StatCode": "APP", "AppStatus": "Approved", "AppCode": "PL_MINSP", "AppType": "Level 4 - Administrative Site Plan", "CasePlanne": "Courtney McQueen", "EMAIL": "Courtney.McQueen@durhamnc.gov", "ORIG_FID": 8860, "CreationDa": "2025-09-20T00:00:00", "Creator": "gisproc_sys", "EditDate": "2025-09-20T00:00:00", "Editor": "gisproc_sys", "match_results": "[(105, None, 'apartment', None)]" }, "geometry": { "type": "Point", "coordinates": [ -78.896782491965354, 35.99361023416531 ] } },
{ "type": "Feature", "properties": { "A_NUMBER": "D2000221", "A_TYPE": "PL_MINSP", "A_DATE": "2020-09-16T00:00:00", "A_STATUS": "APP", "A_STATUS_D": "2025-02-19T00:00:00", "A_PROJECT_": "Fox Crossing", "A_DESCRIPT": "162 apartment units with associated parking and appurtenances", "A_USER_ID": "KIMRO", "A_CASE_PLA": "JOHNRA", "StatCode": "APP", "AppStatus": "Approved", "AppCode": "PL_MINSP", "AppType": "Level 4 - Administrative Site Plan", "CasePlanne": "John Rabon", "EMAIL": "John.Rabon@durhamnc.gov", "ORIG_FID": 8900, "CreationDa": "2025-09-20T00:00:00", "Creator": "gisproc_sys", "EditDate": "2025-09-20T00:00:00", "Editor": "gisproc_sys", "match_results": "[(162, None, 'apartment', 'units')]" }, "geometry": { "type": "Point", "coordinates": [ -78.848942598835649, 35.966019230899619 ] } },
{ "type": "Feature", "properties": { "A_NUMBER": "D2200310", "A_TYPE": "PL_MINSP", "A_DATE": "2022-09-09T00:00:00", "A_STATUS": "APP", "A_STATUS_D": "2023-04-19T00:00:00", "A_PROJECT_": "Everton", "A_DESCRIPT": "308-unit multifamily townhome development, associated with rezoning case Z2100027.", "A_USER_ID": "KIMRO", "A_CASE_PLA": "ROBINSH", "StatCode": "APP", "AppStatus": "Approved", "AppCode": "PL_MINSP", "AppType": "Level 4 - Administrative Site Plan", "CasePlanne": "Robin Schultze", "EMAIL": "Robin.Schultze@durhamnc.gov", "ORIG_FID": 9010, "CreationDa": "2025-09-20T00:00:00", "Creator": "gisproc_sys", "EditDate": "2025-09-20T00:00:00", "Editor": "gisproc_sys", "match_results": "[(308, None, 'multifamily', None)]" }, "geometry": { "type": "Point", "coordinates": [ -78.783602733961857, 35.942794494868373 ] } },
{ "type": "Feature", "properties": { "A_NUMBER": "D2000108", "A_TYPE": "PL_MINSP", "A_DATE": "2020-05-15T00:00:00", "A_STATUS": "APP", "A_STATUS_D": "2020-11-06T00:00:00", "A_PROJECT_": "Moriah Multi-family - Phase II", "A_DESCRIPT": "43 Market rate apartments and 8 Affordale units", "A_USER_ID": "TREYFI", "A_CASE_PLA": "TREYFI", "StatCode": "APP", "AppStatus": "Approved", "AppCode": "PL_MINSP", "AppType": "Level 4 - Administrative Site Plan", "CasePlanne": "Trey Figueroa", "EMAIL": "Trey.Figueroa@durhamnc.gov", "ORIG_FID": 9106, "CreationDa": "2025-09-20T00:00:00", "Creator": "gisproc_sys", "EditDate": "2025-09-20T00:00:00", "Editor": "gisproc_sys", "match_results": "[(43, None, 'apartment', None)]" }, "geometry": { "type": "Point", "coordinates": [ -78.993384457943662, 35.946145985106114 ] } },
{ "type": "Feature", "properties": { "A_NUMBER": "D2300035", "A_TYPE": "PL_MINSP", "A_DATE": "2023-02-08T00:00:00", "A_STATUS": "APP", "A_STATUS_D": "2023-07-25T00:00:00", "A_PROJECT_": "715-719 Rigsbee", "A_DESCRIPT": "178 multi-family units with ground floor retail.", "A_USER_ID": "COLERE", "A_CASE_PLA": "COLERE", "StatCode": "APP", "AppStatus": "Approved", "AppCode": "PL_MINSP", "AppType": "Level 4 - Administrative Site Plan", "CasePlanne": "Cole Renigar", "EMAIL": "Cole.Renigar@durhamnc.gov", "ORIG_FID": 9310, "CreationDa": "2025-09-20T00:00:00", "Creator": "gisproc_sys", "EditDate": "2025-09-20T00:00:00", "Editor": "gisproc_sys", "match_results": "[(178, None, 'multifamily', 'units')]" }, "geometry": { "type": "Point", "coordinates": [ -78.90039407414821, 36.002743063935277 ] } },
{ "type": "Feature", "properties": { "A_NUMBER": "D2200363", "A_TYPE": "PL_MINSP", "A_DATE": "2022-10-17T00:00:00", "A_STATUS": "APP", "A_STATUS_D": "2023-08-03T00:00:00", "A_PROJECT_": "1011 Andrews Road", "A_DESCRIPT": "Coliving in townhomes style apartments - 56 units (244 bedrooms)", "A_USER_ID": "JESSICADO", "A_CASE_PLA": "TREYFI", "StatCode": "APP", "AppStatus": "Approved", "AppCode": "PL_MINSP", "AppType": "Level 4 - Administrative Site Plan", "CasePlanne": "Trey Figueroa", "EMAIL": "Trey.Figueroa@durhamnc.gov", "ORIG_FID": 9406, "CreationDa": "2025-09-20T00:00:00", "Creator": "gisproc_sys", "EditDate": "2025-09-20T00:00:00", "Editor": "gisproc_sys", "match_results": "[(56, None, 'apartment', 'units')]" }, "geometry": { "type": "Point", "coordinates": [ -78.953959487888895, 36.014651844688991 ] } },
{ "type": "Feature", "properties": { "A_NUMBER": "D2100448", "A_TYPE": "PL_MINSP", "A_DATE": "2021-12-16T00:00:00", "A_STATUS": "APP", "A_STATUS_D": "2023-09-08T00:00:00", "A_PROJECT_": "Falls Village North", "A_DESCRIPT": "Age Restricted 398 single family Residential community with amenities and Open Space", "A_USER_ID": "JESSICADO", "A_CASE_PLA": "ROBINSH", "StatCode": "APP", "AppStatus": "Approved", "AppCode": "PL_MINSP", "AppType": "Level 4 - Administrative Site Plan", "CasePlanne": "Robin Schultze", "EMAIL": "Robin.Schultze@durhamnc.gov", "ORIG_FID": 9415, "CreationDa": "2025-09-20T00:00:00", "Creator": "gisproc_sys", "EditDate": "2025-09-20T00:00:00", "Editor": "gisproc_sys", "match_results": "[(398, None, 'single family', None)]" }, "geometry": { "type": "Point", "coordinates": [ -78.777188455645131, 35.989444375705233 ] } },
{ "type": "Feature", "properties": { "A_NUMBER": "D2200014", "A_TYPE": "PL_MINSP", "A_DATE": "2022-01-20T00:00:00", "A_STATUS": "APP", "A_STATUS_D": "2022-12-20T00:00:00", "A_PROJECT_": "Green House Durham", "A_DESCRIPT": "Mixed use building with residential (265 apartments) and commerical including internal parking", "A_USER_ID": "JESSICADO", "A_CASE_PLA": "ROBINSH", "StatCode": "APP", "AppStatus": "Approved", "AppCode": "PL_MINSP", "AppType": "Level 4 - Administrative Site Plan", "CasePlanne": "Robin Schultze", "EMAIL": "Robin.Schultze@durhamnc.gov", "ORIG_FID": 9522, "CreationDa": "2025-09-20T00:00:00", "Creator": "gisproc_sys", "EditDate": "2025-09-20T00:00:00", "Editor": "gisproc_sys", "match_results": "[(265, None, 'apartment', None)]" }, "geometry": { "type": "Point", "coordinates": [ -78.896932425607403, 36.000185503608215 ] } },
{ "type": "Feature", "properties": { "A_NUMBER": "D2200359", "A_TYPE": "PL_MINSP", "A_DATE": "2022-10-14T00:00:00", "A_STATUS": "APP", "A_STATUS_D": "2024-09-23T00:00:00", "A_PROJECT_": "Page Road Parcels", "A_DESCRIPT": "70 townhomes with associated streets, sidewalks, grading, water, sewer, stormwater management & landscaping,", "A_USER_ID": "ADDMGR", "A_CASE_PLA": "COLERE", "StatCode": "APP", "AppStatus": "Approved", "AppCode": "PL_MINSP", "AppType": "Level 4 - Administrative Site Plan", "CasePlanne": "Cole Renigar", "EMAIL": "Cole.Renigar@durhamnc.gov", "ORIG_FID": 9529, "CreationDa": "2025-09-20T00:00:00", "Creator": "gisproc_sys", "EditDate": "2025-09-20T00:00:00", "Editor": "gisproc_sys", "match_results": "[(70, None, 'townhouse', None)]" }, "geometry": { "type": "Point", "coordinates": [ -78.819688176572129, 35.909608458815541 ] } },
{ "type": "Feature", "properties": { "A_NUMBER": "D2200158", "A_TYPE": "PL_MINSP", "A_DATE": "2022-05-12T00:00:00", "A_STATUS": "APP", "A_STATUS_D": "2024-06-27T00:00:00", "A_PROJECT_": "Omega Road Townhomes", "A_DESCRIPT": "12 residential townhomes on private drive.", "A_USER_ID": "JESSICADO", "A_CASE_PLA": "TREYFI", "StatCode": "APP", "AppStatus": "Approved", "AppCode": "PL_MINSP", "AppType": "Level 4 - Administrative Site Plan", "CasePlanne": "Trey Figueroa", "EMAIL": "Trey.Figueroa@durhamnc.gov", "ORIG_FID": 9580, "CreationDa": "2025-09-20T00:00:00", "Creator": "gisproc_sys", "EditDate": "2025-09-20T00:00:00", "Editor": "gisproc_sys", "match_results": "[(12, None, 'townhouse', None)]" }, "geometry": { "type": "Point", "coordinates": [ -78.908320206509813, 36.075463885589237 ] } },
{ "type": "Feature", "properties": { "A_NUMBER": "D2200167", "A_TYPE": "PL_MINSP", "A_DATE": "2022-05-24T00:00:00", "A_STATUS": "APP", "A_STATUS_D": "2022-06-15T00:00:00", "A_PROJECT_": "Holloway Studios Amendment", "A_DESCRIPT": "Site Plan Amendment - 19 town homes and 832 sf of commercial space. ", "A_USER_ID": "KIMRO", "A_CASE_PLA": "ROBINSH", "StatCode": "APP", "AppStatus": "Approved", "AppCode": "PL_MINSP", "AppType": "Level 4 - Administrative Site Plan", "CasePlanne": "Robin Schultze", "EMAIL": "Robin.Schultze@durhamnc.gov", "ORIG_FID": 9604, "CreationDa": "2025-09-20T00:00:00", "Creator": "gisproc_sys", "EditDate": "2025-09-20T00:00:00", "Editor": "gisproc_sys", "match_results": "[(19, None, 'townhouse', None)]" }, "geometry": { "type": "Point", "coordinates": [ -78.893659650037534, 35.993693296255152 ] } },
{ "type": "Feature", "properties": { "A_NUMBER": "D2400003", "A_TYPE": "PL_MINSP", "A_DATE": "2024-01-08T00:00:00", "A_STATUS": "APP", "A_STATUS_D": "2024-08-15T00:00:00", "A_PROJECT_": "Preston Avenue Cluster Subdivision", "A_DESCRIPT": "20 Single family detached cluster subdivision with total 22 lots( including open space lots) being created.", "A_USER_ID": "JESSICADO", "A_CASE_PLA": "COLERE", "StatCode": "APP", "AppStatus": "Approved", "AppCode": "PL_MINSP", "AppType": "Level 4 - Administrative Site Plan", "CasePlanne": "Cole Renigar", "EMAIL": "Cole.Renigar@durhamnc.gov", "ORIG_FID": 9641, "CreationDa": "2025-09-20T00:00:00", "Creator": "gisproc_sys", "EditDate": "2025-09-20T00:00:00", "Editor": "gisproc_sys", "match_results": "[(20, None, 'single family', None)]" }, "geometry": { "type": "Point", "coordinates": [ -78.925470983179252, 36.04027472674904 ] } },
{ "type": "Feature", "properties": { "A_NUMBER": "D2300156", "A_TYPE": "PL_MINSP", "A_DATE": "2023-06-13T00:00:00", "A_STATUS": "APP", "A_STATUS_D": "2024-06-26T00:00:00", "A_PROJECT_": "Parkwood Family Fare", "A_DESCRIPT": "Remove existing commercial use and rebuild a Family Fare gas and convenience store.", "A_USER_ID": "TREYFI", "A_CASE_PLA": "TREYFI", "StatCode": "APP", "AppStatus": "Approved", "AppCode": "PL_MINSP", "AppType": "Level 4 - Administrative Site Plan", "CasePlanne": "Trey Figueroa", "EMAIL": "Trey.Figueroa@durhamnc.gov", "ORIG_FID": 9787, "CreationDa": "2025-09-20T00:00:00", "Creator": "gisproc_sys", "EditDate": "2025-09-20T00:00:00", "Editor": "gisproc_sys", "match_results": [ ] }, "geometry": { "type": "Point", "coordinates": [ -78.897129777456612, 35.889386247623278 ] } },
{ "type": "Feature", "properties": { "A_NUMBER": "D2300240", "A_TYPE": "PL_MINSP", "A_DATE": "2023-10-19T00:00:00", "A_STATUS": "APP", "A_STATUS_D": "2024-08-05T00:00:00", "A_PROJECT_": "206 N Dillard St", "A_DESCRIPT": "10 Townhomes + Existing office Building (3918 SF).", "A_USER_ID": "JONATHANBR", "A_CASE_PLA": "TREYFI", "StatCode": "APP", "AppStatus": "Approved", "AppCode": "PL_MINSP", "AppType": "Level 4 - Administrative Site Plan", "CasePlanne": "Trey Figueroa", "EMAIL": "Trey.Figueroa@durhamnc.gov", "ORIG_FID": 9919, "CreationDa": "2025-09-20T00:00:00", "Creator": "gisproc_sys", "EditDate": "2025-09-20T00:00:00", "Editor": "gisproc_sys", "match_results": "[(10, None, 'townhouse', None)]" }, "geometry": { "type": "Point", "coordinates": [ -78.894034039710704, 35.993450079704544 ] } },
{ "type": "Feature", "properties": { "A_NUMBER": "D2300198", "A_TYPE": "PL_MINSP", "A_DATE": "2023-08-17T00:00:00", "A_STATUS": "APP", "A_STATUS_D": "2025-02-07T00:00:00", "A_PROJECT_": "Woodlands Preserve Phase 2 Cluster Subdivision", "A_DESCRIPT": "Proposed 67 single-family lots and construction of associated public infrastructure in Woodlands Preserve Phase 2 development.", "A_USER_ID": "COLERE", "A_CASE_PLA": "COLERE", "StatCode": "APP", "AppStatus": "Approved", "AppCode": "PL_MINSP", "AppType": "Level 4 - Administrative Site Plan", "CasePlanne": "Cole Renigar", "EMAIL": "Cole.Renigar@durhamnc.gov", "ORIG_FID": 9948, "CreationDa": "2025-09-20T00:00:00", "Creator": "gisproc_sys", "EditDate": "2025-09-20T00:00:00", "Editor": "gisproc_sys", "match_results": "[(67, None, 'single family', 'lots')]" }, "geometry": { "type": "Point", "coordinates": [ -78.871429223218414, 36.099468495541849 ] } },
{ "type": "Feature", "properties": { "A_NUMBER": "D1900267", "A_TYPE": "PL_MINSP", "A_DATE": "2019-08-05T00:00:00", "A_STATUS": "APP", "A_STATUS_D": "2020-10-05T00:00:00", "A_PROJECT_": "Meadows at Twin Lakes", "A_DESCRIPT": "88 Single Family Homes + 4 Open Spaces = total of 92", "A_USER_ID": "COLERE", "A_CASE_PLA": "COLERE", "StatCode": "APP", "AppStatus": "Approved", "AppCode": "PL_MINSP", "AppType": "Level 4 - Administrative Site Plan", "CasePlanne": "Cole Renigar", "EMAIL": "Cole.Renigar@durhamnc.gov", "ORIG_FID": 10270, "CreationDa": "2025-09-20T00:00:00", "Creator": "gisproc_sys", "EditDate": "2025-09-20T00:00:00", "Editor": "gisproc_sys", "match_results": "[(88, None, 'single family', 'homes')]" }, "geometry": { "type": "Point", "coordinates": [ -78.838263556724328, 36.000922925488638 ] } },
{ "type": "Feature", "properties": { "A_NUMBER": "D2200349", "A_TYPE": "PL_MINSP", "A_DATE": "2022-10-11T00:00:00", "A_STATUS": "APP", "A_STATUS_D": "2024-03-26T00:00:00", "A_PROJECT_": "Commerce Street Apartments PH2 & PH 3", "A_DESCRIPT": "172 unit multifamily apartments", "A_USER_ID": "COLERE", "A_CASE_PLA": "TREYFI", "StatCode": "APP", "AppStatus": "Approved", "AppCode": "PL_MINSP", "AppType": "Level 4 - Administrative Site Plan", "CasePlanne": "Trey Figueroa", "EMAIL": "Trey.Figueroa@durhamnc.gov", "ORIG_FID": 10528, "CreationDa": "2025-09-20T00:00:00", "Creator": "gisproc_sys", "EditDate": "2025-09-20T00:00:00", "Editor": "gisproc_sys", "match_results": "[(172, None, 'multifamily', None)]" }, "geometry": { "type": "Point", "coordinates": [ -78.892627071611031, 35.992253498456854 ] } },
{ "type": "Feature", "properties": { "A_NUMBER": "D2200182", "A_TYPE": "PL_MINSP", "A_DATE": "2022-06-07T00:00:00", "A_STATUS": "APP", "A_STATUS_D": "2024-09-23T00:00:00", "A_PROJECT_": "Gordon Street Towns Amendment 5", "A_DESCRIPT": "Increase to 63 townhome (from 62) and 6 duplex units and make adjustments to the architectural design of the future phase.", "A_USER_ID": "JESSICADO", "A_CASE_PLA": "COLERE", "StatCode": "APP", "AppStatus": "Approved", "AppCode": "PL_MINSP", "AppType": "Level 4 - Administrative Site Plan", "CasePlanne": "Cole Renigar", "EMAIL": "Cole.Renigar@durhamnc.gov", "ORIG_FID": 10606, "CreationDa": "2025-09-20T00:00:00", "Creator": "gisproc_sys", "EditDate": "2025-09-20T00:00:00", "Editor": "gisproc_sys", "match_results": "[(63, None, 'townhouse', None), (62, None, 'duplex', 'units')]" }, "geometry": { "type": "Point", "coordinates": [ -78.910609913124432, 35.994460742709933 ] } },
{ "type": "Feature", "properties": { "A_NUMBER": "D2100065", "A_TYPE": "PL_MINSP", "A_DATE": "2021-03-01T00:00:00", "A_STATUS": "APP", "A_STATUS_D": "2022-02-07T00:00:00", "A_PROJECT_": "Broadway Mews", "A_DESCRIPT": "10 Residential townhouse units", "A_USER_ID": "JESSICADO", "A_CASE_PLA": "COURTNEYMC", "StatCode": "APP", "AppStatus": "Approved", "AppCode": "PL_MINSP", "AppType": "Level 4 - Administrative Site Plan", "CasePlanne": "Courtney McQueen", "EMAIL": "Courtney.McQueen@durhamnc.gov", "ORIG_FID": 10926, "CreationDa": "2025-09-20T00:00:00", "Creator": "gisproc_sys", "EditDate": "2025-09-20T00:00:00", "Editor": "gisproc_sys", "match_results": "[(10, None, 'townhouse', 'units')]" }, "geometry": { "type": "Point", "coordinates": [ -78.896557750453454, 36.000731989032701 ] } },
{ "type": "Feature", "properties": { "A_NUMBER": "D2000116", "A_TYPE": "PL_MINSP", "A_DATE": "2020-05-26T00:00:00", "A_STATUS": "APP", "A_STATUS_D": "2021-08-16T00:00:00", "A_PROJECT_": "Sherron Road Townhomes", "A_DESCRIPT": "55 Townhome Units + 2 Open Space Lots", "A_USER_ID": "KIMRO", "A_CASE_PLA": "TREYFI", "StatCode": "APP", "AppStatus": "Approved", "AppCode": "PL_MINSP", "AppType": "Level 4 - Administrative Site Plan", "CasePlanne": "Trey Figueroa", "EMAIL": "Trey.Figueroa@durhamnc.gov", "ORIG_FID": 10970, "CreationDa": "2025-09-20T00:00:00", "Creator": "gisproc_sys", "EditDate": "2025-09-20T00:00:00", "Editor": "gisproc_sys", "match_results": "[(55, None, 'townhouse', 'units')]" }, "geometry": { "type": "Point", "coordinates": [ -78.810668513863362, 35.962453819527319 ] } },
{ "type": "Feature", "properties": { "A_NUMBER": "D2000183", "A_TYPE": "PL_MINSP", "A_DATE": "2020-08-03T00:00:00", "A_STATUS": "APP", "A_STATUS_D": "2021-10-21T00:00:00", "A_PROJECT_": "Triple Crown Conservation Subdivision", "A_DESCRIPT": "Proposed residential subdivision that will include 254 single - family lots and 105 townhomes as well as the associated public streets and utilities", "A_USER_ID": "JESSICADO", "A_CASE_PLA": "ELIZAMO", "StatCode": "APP", "AppStatus": "Approved", "AppCode": "PL_MINSP", "AppType": "Level 4 - Administrative Site Plan", "CasePlanne": "Eliza Monroe", "EMAIL": "Eliza.Monroe@durhamnc.gov", "ORIG_FID": 11224, "CreationDa": "2025-09-20T00:00:00", "Creator": "gisproc_sys", "EditDate": "2025-09-20T00:00:00", "Editor": "gisproc_sys", "match_results": "[(254, None, 'single family', 'lots'), (105, None, 'townhouse', None)]" }, "geometry": { "type": "Point", "coordinates": [ -78.777423814555249, 35.971776286295409 ] } },
{ "type": "Feature", "properties": { "A_NUMBER": "D2400112", "A_TYPE": "PL_MINSP", "A_DATE": "2024-05-13T00:00:00", "A_STATUS": "UN_RE", "A_STATUS_D": "2024-11-05T00:00:00", "A_PROJECT_": "Wildlife Trail Conservation Subdivision", "A_DESCRIPT": "Subdividing property for 19 single family lots that will be septic and well lots. Construction of main access drive.", "A_USER_ID": "MICHAELMA", "A_CASE_PLA": "TREYFI", "StatCode": "UN_RE", "AppStatus": "Under Review", "AppCode": "PL_MINSP", "AppType": "Level 4 - Administrative Site Plan", "CasePlanne": "Trey Figueroa", "EMAIL": "Trey.Figueroa@durhamnc.gov", "ORIG_FID": 11368, "CreationDa": "2025-09-20T00:00:00", "Creator": "gisproc_sys", "EditDate": "2025-09-20T00:00:00", "Editor": "gisproc_sys", "match_results": "[(19, None, 'single family', 'lots')]" }, "geometry": { "type": "Point", "coordinates": [ -78.734886821836255, 35.962352526056854 ] } },
{ "type": "Feature", "properties": { "A_NUMBER": "D2100098", "A_TYPE": "PL_MINSP", "A_DATE": "2021-03-31T00:00:00", "A_STATUS": "APP", "A_STATUS_D": "2022-04-11T00:00:00", "A_PROJECT_": "Hardee Street Apartments", "A_DESCRIPT": "132 Apartments", "A_USER_ID": "KIMRO", "A_CASE_PLA": "TREYFI", "StatCode": "APP", "AppStatus": "Approved", "AppCode": "PL_MINSP", "AppType": "Level 4 - Administrative Site Plan", "CasePlanne": "Trey Figueroa", "EMAIL": "Trey.Figueroa@durhamnc.gov", "ORIG_FID": 11395, "CreationDa": "2025-09-20T00:00:00", "Creator": "gisproc_sys", "EditDate": "2025-09-20T00:00:00", "Editor": "gisproc_sys", "match_results": "[(132, None, 'apartment', None)]" }, "geometry": { "type": "Point", "coordinates": [ -78.868295969151063, 36.003976393975663 ] } },
{ "type": "Feature", "properties": { "A_NUMBER": "D2200379", "A_TYPE": "PL_MINSP", "A_DATE": "2022-11-02T00:00:00", "A_STATUS": "APP", "A_STATUS_D": "2023-08-14T00:00:00", "A_PROJECT_": "Chapel Hill Tire", "A_DESCRIPT": "Chapel Hill Tire & associated infrastructure on existing lot within existing Homestead Market development.", "A_USER_ID": "TREYFI", "A_CASE_PLA": "TREYFI", "StatCode": "APP", "AppStatus": "Approved", "AppCode": "PL_MINSP", "AppType": "Level 4 - Administrative Site Plan", "CasePlanne": "Trey Figueroa", "EMAIL": "Trey.Figueroa@durhamnc.gov", "ORIG_FID": 11470, "CreationDa": "2025-09-20T00:00:00", "Creator": "gisproc_sys", "EditDate": "2025-09-20T00:00:00", "Editor": "gisproc_sys", "match_results": [ ] }, "geometry": { "type": "Point", "coordinates": [ -78.940251793350242, 35.910734168328368 ] } },
{ "type": "Feature", "properties": { "A_NUMBER": "D2200276", "A_TYPE": "PL_MINSP", "A_DATE": "2022-08-16T00:00:00", "A_STATUS": "APP", "A_STATUS_D": "2023-03-15T00:00:00", "A_PROJECT_": "Hunt Street Condominiums", "A_DESCRIPT": "29 apartment condos over a parking garage", "A_USER_ID": "JESSICADO", "A_CASE_PLA": "TREYFI", "StatCode": "APP", "AppStatus": "Approved", "AppCode": "PL_MINSP", "AppType": "Level 4 - Administrative Site Plan", "CasePlanne": "Trey Figueroa", "EMAIL": "Trey.Figueroa@durhamnc.gov", "ORIG_FID": 11481, "CreationDa": "2025-09-20T00:00:00", "Creator": "gisproc_sys", "EditDate": "2025-09-20T00:00:00", "Editor": "gisproc_sys", "match_results": "[(29, None, 'apartment', None)]" }, "geometry": { "type": "Point", "coordinates": [ -78.897786176056727, 35.999809463876772 ] } },
{ "type": "Feature", "properties": { "A_NUMBER": "D2000010", "A_TYPE": "PL_MINSP", "A_DATE": "2020-01-14T00:00:00", "A_STATUS": "APP", "A_STATUS_D": "2020-08-17T00:00:00", "A_PROJECT_": "Sykes Properties", "A_DESCRIPT": "80 Single Family Homes", "A_USER_ID": "RACHELHA", "A_CASE_PLA": "TREYFI", "StatCode": "APP", "AppStatus": "Approved", "AppCode": "PL_MINSP", "AppType": "Level 4 - Administrative Site Plan", "CasePlanne": "Trey Figueroa", "EMAIL": "Trey.Figueroa@durhamnc.gov", "ORIG_FID": 11627, "CreationDa": "2025-09-20T00:00:00", "Creator": "gisproc_sys", "EditDate": "2025-09-20T00:00:00", "Editor": "gisproc_sys", "match_results": "[(80, None, 'single family', 'homes')]" }, "geometry": { "type": "Point", "coordinates": [ -78.770140980300937, 35.927192234880096 ] } },
{ "type": "Feature", "properties": { "A_NUMBER": "A1900017", "A_TYPE": "PL_CPAA", "A_DATE": "2019-10-21T00:00:00", "A_STATUS": "APP", "A_STATUS_D": "2020-12-22T00:00:00", "A_PROJECT_": "551 Olive Branch Road", "A_DESCRIPT": "Low Density Residential to Low-Medium Density Residential. Associated with Z1900044.", "A_USER_ID": "KEAGANSA", "A_CASE_PLA": "EMILYST", "StatCode": "APP", "AppStatus": "Approved", "AppCode": "PL_CPAA", "AppType": "Comprehensive Plan Map or Plan Amendment", "CasePlanne": "Emily Struthers", "EMAIL": "Emily.Struthers@durhamnc.gov", "ORIG_FID": 11895, "CreationDa": "2025-09-20T00:00:00", "Creator": "gisproc_sys", "EditDate": "2025-09-20T00:00:00", "Editor": "gisproc_sys", "match_results": [ ] }, "geometry": { "type": "Point", "coordinates": [ -78.78049673024509, 35.963750738542544 ] } },
{ "type": "Feature", "properties": { "A_NUMBER": "D2100206", "A_TYPE": "PL_MINSP", "A_DATE": "2021-07-16T00:00:00", "A_STATUS": "APP", "A_STATUS_D": "2022-02-08T00:00:00", "A_PROJECT_": "Blocks B & C at the Hub RTP", "A_DESCRIPT": "375 Units of Apartments in two Multi-Family buildings containing  321,846 total SF", "A_USER_ID": "TREYFI", "A_CASE_PLA": "TREYFI", "StatCode": "APP", "AppStatus": "Approved", "AppCode": "PL_MINSP", "AppType": "Level 4 - Administrative Site Plan", "CasePlanne": "Trey Figueroa", "EMAIL": "Trey.Figueroa@durhamnc.gov", "ORIG_FID": 11989, "CreationDa": "2025-09-20T00:00:00", "Creator": "gisproc_sys", "EditDate": "2025-09-20T00:00:00", "Editor": "gisproc_sys", "match_results": "[(375, None, 'apartment', None)]" }, "geometry": { "type": "Point", "coordinates": [ -78.863083997021221, 35.892970652029369 ] } },
{ "type": "Feature", "properties": { "A_NUMBER": "D2400116", "A_TYPE": "PL_MINSP", "A_DATE": "2024-05-16T00:00:00", "A_STATUS": "UN_RE", "A_STATUS_D": "2024-05-16T00:00:00", "A_PROJECT_": "East Geer St Apartments", "A_DESCRIPT": "66 apartment units with clubhouse.", "A_USER_ID": "TREYFI", "A_CASE_PLA": "TREYFI", "StatCode": "UN_RE", "AppStatus": "Under Review", "AppCode": "PL_MINSP", "AppType": "Level 4 - Administrative Site Plan", "CasePlanne": "Trey Figueroa", "EMAIL": "Trey.Figueroa@durhamnc.gov", "ORIG_FID": 12054, "CreationDa": "2025-09-20T00:00:00", "Creator": "gisproc_sys", "EditDate": "2025-09-20T00:00:00", "Editor": "gisproc_sys", "match_results": "[(66, None, 'apartment', 'units')]" }, "geometry": { "type": "Point", "coordinates": [ -78.845730138129269, 36.022757373041813 ] } },
{ "type": "Feature", "properties": { "A_NUMBER": "D2200125", "A_TYPE": "PL_SSP_SM", "A_DATE": "2022-04-13T00:00:00", "A_STATUS": "APP", "A_STATUS_D": "2022-08-24T00:00:00", "A_PROJECT_": "The Village at Ellis Crossing Amendment", "A_DESCRIPT": "Increase in apartment units from 264 to 428, changed parking, bike parking, car wash and trash compactor moved, utilities and drainage changed. New zoning Z2000008", "A_USER_ID": "JESSICADO", "A_CASE_PLA": "TREYFI", "StatCode": "APP", "AppStatus": "Approved", "AppCode": "PL_SSP_SM", "AppType": "Level 3 - Administrative Site Plan", "CasePlanne": "Trey Figueroa", "EMAIL": "Trey.Figueroa@durhamnc.gov", "ORIG_FID": 12069, "CreationDa": "2025-09-20T00:00:00", "Creator": "gisproc_sys", "EditDate": "2025-09-20T00:00:00", "Editor": "gisproc_sys", "match_results": "[(264, None, 'apartment', None)]" }, "geometry": { "type": "Point", "coordinates": [ -78.858187571591273, 35.942028854308276 ] } },
{ "type": "Feature", "properties": { "A_NUMBER": "D2000282", "A_TYPE": "PL_MINSP", "A_DATE": "2020-11-17T00:00:00", "A_STATUS": "APP", "A_STATUS_D": "2022-07-11T00:00:00", "A_PROJECT_": "Elizabeth Street Apartments", "A_DESCRIPT": "Demolition and reconstruction of 72 multi - family residential units and associated surface parking AH", "A_USER_ID": "KYLETA", "A_CASE_PLA": "TREYFI", "StatCode": "APP", "AppStatus": "Approved", "AppCode": "PL_MINSP", "AppType": "Level 4 - Administrative Site Plan", "CasePlanne": "Trey Figueroa", "EMAIL": "Trey.Figueroa@durhamnc.gov", "ORIG_FID": 12170, "CreationDa": "2025-09-20T00:00:00", "Creator": "gisproc_sys", "EditDate": "2025-09-20T00:00:00", "Editor": "gisproc_sys", "match_results": "[(72, None, 'multifamily', None)]" }, "geometry": { "type": "Point", "coordinates": [ -78.892627072931461, 35.99225349845802 ] } },
{ "type": "Feature", "properties": { "A_NUMBER": "D1600022", "A_TYPE": "PL_MINPP", "A_DATE": "2016-01-26T00:00:00", "A_STATUS": "APP", "A_STATUS_D": "2021-06-15T00:00:00", "A_PROJECT_": "Ravenstone/Conover Road Lots", "A_DESCRIPT": "To make 3 existing lots legal developed single family lots; 1 off-site lot to be used for impervious surface transfer", "A_USER_ID": "TREYFI", "A_CASE_PLA": "TREYFI", "StatCode": "APP", "AppStatus": "Approved", "AppCode": "PL_MINPP", "AppType": "Minor Preliminary Plat", "CasePlanne": "Trey Figueroa", "EMAIL": "Trey.Figueroa@durhamnc.gov", "ORIG_FID": 12221, "CreationDa": "2025-09-20T00:00:00", "Creator": "gisproc_sys", "EditDate": "2025-09-20T00:00:00", "Editor": "gisproc_sys", "match_results": "[(3, None, 'single family', 'lots')]" }, "geometry": { "type": "Point", "coordinates": [ -78.787419284903166, 35.968976984133263 ] } },
{ "type": "Feature", "properties": { "A_NUMBER": "D2000168", "A_TYPE": "PL_MINSP", "A_DATE": "2020-07-17T00:00:00", "A_STATUS": "APP", "A_STATUS_D": "2021-02-23T00:00:00", "A_PROJECT_": "608 N Mangum", "A_DESCRIPT": "Proposed townhome (6 total ) project", "A_USER_ID": "KIMRO", "A_CASE_PLA": "TREYFI", "StatCode": "APP", "AppStatus": "Approved", "AppCode": "PL_MINSP", "AppType": "Level 4 - Administrative Site Plan", "CasePlanne": "Trey Figueroa", "EMAIL": "Trey.Figueroa@durhamnc.gov", "ORIG_FID": 12304, "CreationDa": "2025-09-20T00:00:00", "Creator": "gisproc_sys", "EditDate": "2025-09-20T00:00:00", "Editor": "gisproc_sys", "match_results": "[(6, None, 'townhouse', None)]" }, "geometry": { "type": "Point", "coordinates": [ -78.89607318111068, 35.999961228632948 ] } },
{ "type": "Feature", "properties": { "A_NUMBER": "D2100123", "A_TYPE": "PL_MINSP", "A_DATE": "2021-04-21T00:00:00", "A_STATUS": "APP", "A_STATUS_D": "2022-02-17T00:00:00", "A_PROJECT_": "New Durham County Youth Home", "A_DESCRIPT": "Demolition of existing youth home for the development of a new county youth home", "A_USER_ID": "KIMRO", "A_CASE_PLA": "COLERE", "StatCode": "APP", "AppStatus": "Approved", "AppCode": "PL_MINSP", "AppType": "Level 4 - Administrative Site Plan", "CasePlanne": "Cole Renigar", "EMAIL": "Cole.Renigar@durhamnc.gov", "ORIG_FID": 12335, "CreationDa": "2025-09-20T00:00:00", "Creator": "gisproc_sys", "EditDate": "2025-09-20T00:00:00", "Editor": "gisproc_sys", "match_results": [ ] }, "geometry": { "type": "Point", "coordinates": [ -78.909805644124717, 36.032881229547854 ] } },
{ "type": "Feature", "properties": { "A_NUMBER": "D2100186", "A_TYPE": "PL_MINSP", "A_DATE": "2021-07-01T00:00:00", "A_STATUS": "APP", "A_STATUS_D": "2022-04-19T00:00:00", "A_PROJECT_": "500 East Main Street", "A_DESCRIPT": "745,475 SF Multi-Family Housing (246 apartment units), Retail, Structured Parking", "A_USER_ID": "JESSICADO", "A_CASE_PLA": "ROBINSH", "StatCode": "APP", "AppStatus": "Approved", "AppCode": "PL_MINSP", "AppType": "Level 4 - Administrative Site Plan", "CasePlanne": "Robin Schultze", "EMAIL": "Robin.Schultze@durhamnc.gov", "ORIG_FID": 12478, "CreationDa": "2025-09-20T00:00:00", "Creator": "gisproc_sys", "EditDate": "2025-09-20T00:00:00", "Editor": "gisproc_sys", "match_results": "[(246, None, 'multifamily', None)]" }, "geometry": { "type": "Point", "coordinates": [ -78.895458431178199, 35.991264182487463 ] } },
{ "type": "Feature", "properties": { "A_NUMBER": "D2200205", "A_TYPE": "PL_MINSP", "A_DATE": "2022-06-15T00:00:00", "A_STATUS": "APP", "A_STATUS_D": "2023-12-18T00:00:00", "A_PROJECT_": "Pinecrest", "A_DESCRIPT": "46 SFD townhomes with Cobb House (historic) preservation and reuse.", "A_USER_ID": "TREYFI", "A_CASE_PLA": "TREYFI", "StatCode": "APP", "AppStatus": "Approved", "AppCode": "PL_MINSP", "AppType": "Level 4 - Administrative Site Plan", "CasePlanne": "Trey Figueroa", "EMAIL": "Trey.Figueroa@durhamnc.gov", "ORIG_FID": 12493, "CreationDa": "2025-09-20T00:00:00", "Creator": "gisproc_sys", "EditDate": "2025-09-20T00:00:00", "Editor": "gisproc_sys", "match_results": [ ] }, "geometry": { "type": "Point", "coordinates": [ -78.919222051097833, 35.983120643443712 ] } },
{ "type": "Feature", "properties": { "A_NUMBER": "D2100308", "A_TYPE": "PL_MINSP", "A_DATE": "2021-09-13T00:00:00", "A_STATUS": "APP", "A_STATUS_D": "2022-05-03T00:00:00", "A_PROJECT_": "Solana II", "A_DESCRIPT": "206 Townhome and 41 Single Family residential development", "A_USER_ID": "JESSICADO", "A_CASE_PLA": "COLERE", "StatCode": "APP", "AppStatus": "Approved", "AppCode": "PL_MINSP", "AppType": "Level 4 - Administrative Site Plan", "CasePlanne": "Cole Renigar", "EMAIL": "Cole.Renigar@durhamnc.gov", "ORIG_FID": 12580, "CreationDa": "2025-09-20T00:00:00", "Creator": "gisproc_sys", "EditDate": "2025-09-20T00:00:00", "Editor": "gisproc_sys", "match_results": "[(206, None, 'townhouse', None), (41, None, 'single family', None)]" }, "geometry": { "type": "Point", "coordinates": [ -78.775732342729327, 35.961587849125863 ] } },
{ "type": "Feature", "properties": { "A_NUMBER": "D2200291", "A_TYPE": "PL_MINSP", "A_DATE": "2022-08-31T00:00:00", "A_STATUS": "APP", "A_STATUS_D": "2023-03-16T00:00:00", "A_PROJECT_": "Glenn Crossing Amendment 2", "A_DESCRIPT": "Additional design and amenity open spaces, loss of 1 lot/unit for a new total of 278 townhouses", "A_USER_ID": "JESSICADO", "A_CASE_PLA": "KEAGANSA", "StatCode": "APP", "AppStatus": "Approved", "AppCode": "PL_MINSP", "AppType": "Level 4 - Administrative Site Plan", "CasePlanne": "Keagan Sacripanti", "EMAIL": "Keagan.Sacripanti@durhamnc.gov", "ORIG_FID": 12610, "CreationDa": "2025-09-20T00:00:00", "Creator": "gisproc_sys", "EditDate": "2025-09-20T00:00:00", "Editor": "gisproc_sys", "match_results": "[(278, None, 'townhouse', None)]" }, "geometry": { "type": "Point", "coordinates": [ -78.842988272510112, 36.038120568981412 ] } },
{ "type": "Feature", "properties": { "A_NUMBER": "D2200330", "A_TYPE": "PL_MINSP", "A_DATE": "2022-09-26T00:00:00", "A_STATUS": "APP", "A_STATUS_D": "2023-04-09T00:00:00", "A_PROJECT_": "1109 W Chapel Hill Street", "A_DESCRIPT": "Propose 12 multifamily apartments with 399 square feet of commercial space. \r\n", "A_USER_ID": "TREYFI", "A_CASE_PLA": "TREYFI", "StatCode": "APP", "AppStatus": "Approved", "AppCode": "PL_MINSP", "AppType": "Level 4 - Administrative Site Plan", "CasePlanne": "Trey Figueroa", "EMAIL": "Trey.Figueroa@durhamnc.gov", "ORIG_FID": 12629, "CreationDa": "2025-09-20T00:00:00", "Creator": "gisproc_sys", "EditDate": "2025-09-20T00:00:00", "Editor": "gisproc_sys", "match_results": "[(12, None, 'multifamily', None)]" }, "geometry": { "type": "Point", "coordinates": [ -78.916424163955355, 35.996439762824977 ] } },
{ "type": "Feature", "properties": { "A_NUMBER": "D2100355", "A_TYPE": "PL_MINSP", "A_DATE": "2021-10-13T00:00:00", "A_STATUS": "APP", "A_STATUS_D": "2022-07-21T00:00:00", "A_PROJECT_": "98 Chandler Subdivision", "A_DESCRIPT": "48 Single Family lot subdivision", "A_USER_ID": "JESSICADO", "A_CASE_PLA": "COLERE", "StatCode": "APP", "AppStatus": "Approved", "AppCode": "PL_MINSP", "AppType": "Level 4 - Administrative Site Plan", "CasePlanne": "Cole Renigar", "EMAIL": "Cole.Renigar@durhamnc.gov", "ORIG_FID": 12642, "CreationDa": "2025-09-20T00:00:00", "Creator": "gisproc_sys", "EditDate": "2025-09-20T00:00:00", "Editor": "gisproc_sys", "match_results": "[(48, None, 'single family', None)]" }, "geometry": { "type": "Point", "coordinates": [ -78.83482552085367, 35.987901685045081 ] } },
{ "type": "Feature", "properties": { "A_NUMBER": "D2100400", "A_TYPE": "PL_MINSP", "A_DATE": "2021-11-05T00:00:00", "A_STATUS": "APP", "A_STATUS_D": "2023-04-03T00:00:00", "A_PROJECT_": "Durham Center II", "A_DESCRIPT": "Redevelopment - Proposed Multi-use Tower - 312 apartments, retail, and parking garage", "A_USER_ID": "JESSICADO", "A_CASE_PLA": "TREYFI", "StatCode": "APP", "AppStatus": "Approved", "AppCode": "PL_MINSP", "AppType": "Level 4 - Administrative Site Plan", "CasePlanne": "Trey Figueroa", "EMAIL": "Trey.Figueroa@durhamnc.gov", "ORIG_FID": 12721, "CreationDa": "2025-09-20T00:00:00", "Creator": "gisproc_sys", "EditDate": "2025-09-20T00:00:00", "Editor": "gisproc_sys", "match_results": "[(312, None, 'apartment', None)]" }, "geometry": { "type": "Point", "coordinates": [ -78.90319237427012, 35.998508260331931 ] } },
{ "type": "Feature", "properties": { "A_NUMBER": "D1900397", "A_TYPE": "PL_MINSP", "A_DATE": "2019-11-13T00:00:00", "A_STATUS": "APP", "A_STATUS_D": "2025-01-27T00:00:00", "A_PROJECT_": "518 Morehead", "A_DESCRIPT": "Residential multi-family project; 130 dwelling units proposed", "A_USER_ID": "JESSICADO", "A_CASE_PLA": "TREYFI", "StatCode": "APP", "AppStatus": "Approved", "AppCode": "PL_MINSP", "AppType": "Level 4 - Administrative Site Plan", "CasePlanne": "Trey Figueroa", "EMAIL": "Trey.Figueroa@durhamnc.gov", "ORIG_FID": 12934, "CreationDa": "2025-09-20T00:00:00", "Creator": "gisproc_sys", "EditDate": "2025-09-20T00:00:00", "Editor": "gisproc_sys", "match_results": [ ] }, "geometry": { "type": "Point", "coordinates": [ -78.909996012174361, 35.992158134161727 ] } },
{ "type": "Feature", "properties": { "A_NUMBER": "D2400010", "A_TYPE": "PL_MINSP", "A_DATE": "2024-01-22T00:00:00", "A_STATUS": "UN_RE", "A_STATUS_D": "2024-01-22T00:00:00", "A_PROJECT_": "1414 Carpenter Fletcher Rd", "A_DESCRIPT": "Three-story building with 314 apartments wrapped around a parking structure totaling in 205,459 square feet.", "A_USER_ID": "TREYFI", "A_CASE_PLA": "TREYFI", "StatCode": "UN_RE", "AppStatus": "Under Review", "AppCode": "PL_MINSP", "AppType": "Level 4 - Administrative Site Plan", "CasePlanne": "Trey Figueroa", "EMAIL": "Trey.Figueroa@durhamnc.gov", "ORIG_FID": 12942, "CreationDa": "2025-09-20T00:00:00", "Creator": "gisproc_sys", "EditDate": "2025-09-20T00:00:00", "Editor": "gisproc_sys", "match_results": "[(314, None, 'apartment', None)]" }, "geometry": { "type": "Point", "coordinates": [ -78.894994364689865, 35.913848682111094 ] } },
{ "type": "Feature", "properties": { "A_NUMBER": "D2300222", "A_TYPE": "PL_MINSP", "A_DATE": "2023-09-29T00:00:00", "A_STATUS": "UN_RE", "A_STATUS_D": "2025-09-04T00:00:00", "A_PROJECT_": "Bourdon Highlands", "A_DESCRIPT": "Construction of 75 single-family and 305 townhome lots and associated infrastructure. 389 lots being created.", "A_USER_ID": "STEVENPA", "A_CASE_PLA": "COLERE", "StatCode": "UN_RE", "AppStatus": "Under Review", "AppCode": "PL_MINSP", "AppType": "Level 4 - Administrative Site Plan", "CasePlanne": "Cole Renigar", "EMAIL": "Cole.Renigar@durhamnc.gov", "ORIG_FID": 13114, "CreationDa": "2025-09-20T00:00:00", "Creator": "gisproc_sys", "EditDate": "2025-09-20T00:00:00", "Editor": "gisproc_sys", "match_results": "[(75, None, 'single family', None), (305, None, 'townhouse', 'lots')]" }, "geometry": { "type": "Point", "coordinates": [ -78.80778608285209, 35.945452262299568 ] } },
{ "type": "Feature", "properties": { "A_NUMBER": "D2000112", "A_TYPE": "PL_MINSP", "A_DATE": "2020-05-21T00:00:00", "A_STATUS": "APP", "A_STATUS_D": "2022-12-22T00:00:00", "A_PROJECT_": "Vintage University Tower Apartments", "A_DESCRIPT": "Construct four apartment buildings (208 Units), associated parking, and utilities", "A_USER_ID": "KIMRO", "A_CASE_PLA": "TREYFI", "StatCode": "APP", "AppStatus": "Approved", "AppCode": "PL_MINSP", "AppType": "Level 4 - Administrative Site Plan", "CasePlanne": "Trey Figueroa", "EMAIL": "Trey.Figueroa@durhamnc.gov", "ORIG_FID": 13197, "CreationDa": "2025-09-20T00:00:00", "Creator": "gisproc_sys", "EditDate": "2025-09-20T00:00:00", "Editor": "gisproc_sys", "match_results": "[(208, None, 'apartment', 'units')]" }, "geometry": { "type": "Point", "coordinates": [ -78.960370061941745, 35.971888169528029 ] } },
{ "type": "Feature", "properties": { "A_NUMBER": "D2000173", "A_TYPE": "PL_MINSP", "A_DATE": "2020-07-21T00:00:00", "A_STATUS": "APP", "A_STATUS_D": "2021-07-08T00:00:00", "A_PROJECT_": "Phillips Creek Residential ( Previously Phillips Valley)", "A_DESCRIPT": "33 Single Family lots with 3 open spaces and  associated site improvements.\r\n", "A_USER_ID": "TREYFI", "A_CASE_PLA": "TREYFI", "StatCode": "APP", "AppStatus": "Approved", "AppCode": "PL_MINSP", "AppType": "Level 4 - Administrative Site Plan", "CasePlanne": "Trey Figueroa", "EMAIL": "Trey.Figueroa@durhamnc.gov", "ORIG_FID": 13399, "CreationDa": "2025-09-20T00:00:00", "Creator": "gisproc_sys", "EditDate": "2025-09-20T00:00:00", "Editor": "gisproc_sys", "match_results": "[(33, None, 'single family', 'lots')]" }, "geometry": { "type": "Point", "coordinates": [ -78.79927297733289, 36.013933138996379 ] } },
{ "type": "Feature", "properties": { "A_NUMBER": "D1900191", "A_TYPE": "PL_MINSP", "A_DATE": "2019-06-14T00:00:00", "A_STATUS": "APP", "A_STATUS_D": "2020-01-15T00:00:00", "A_PROJECT_": "Davis Park East - Pod B", "A_DESCRIPT": "Clearing, grading, construction of 383 apartment units, amenity, and associated road/utility infrastructure", "A_USER_ID": "JOHNRA", "A_CASE_PLA": "DCULTRA", "StatCode": "APP", "AppStatus": "Approved", "AppCode": "PL_MINSP", "AppType": "Level 4 - Administrative Site Plan", "CasePlanne": "Danny Cultra", "EMAIL": "Danny.Cultra@durhamnc.gov", "ORIG_FID": 13466, "CreationDa": "2025-09-20T00:00:00", "Creator": "gisproc_sys", "EditDate": "2025-09-20T00:00:00", "Editor": "gisproc_sys", "match_results": "[(383, None, 'apartment', 'units')]" }, "geometry": { "type": "Point", "coordinates": [ -78.860584287939645, 35.882208496334897 ] } },
{ "type": "Feature", "properties": { "A_NUMBER": "D2400141", "A_TYPE": "PL_MINSP", "A_DATE": "2024-06-12T00:00:00", "A_STATUS": "CORR", "A_STATUS_D": "2025-06-24T00:00:00", "A_PROJECT_": "1028 Lynn Road Townhouses", "A_DESCRIPT": "36 proposed townhomes.", "A_USER_ID": "KAMILAHALC", "A_CASE_PLA": "COLERE", "StatCode": "CORR", "AppStatus": "Corrections Required", "AppCode": "PL_MINSP", "AppType": "Level 4 - Administrative Site Plan", "CasePlanne": "Cole Renigar", "EMAIL": "Cole.Renigar@durhamnc.gov", "ORIG_FID": 13479, "CreationDa": "2025-09-20T00:00:00", "Creator": "gisproc_sys", "EditDate": "2025-09-20T00:00:00", "Editor": "gisproc_sys", "match_results": "[(36, None, 'townhouse', None)]" }, "geometry": { "type": "Point", "coordinates": [ -78.849638695608931, 35.973205216544137 ] } },
{ "type": "Feature", "properties": { "A_NUMBER": "D2400148", "A_TYPE": "PL_MINSP", "A_DATE": "2024-06-28T00:00:00", "A_STATUS": "APP", "A_STATUS_D": "2025-05-22T00:00:00", "A_PROJECT_": "Harris Farm", "A_DESCRIPT": "New development of multi-family apartments to include a total of 385 residential units on two lots.", "A_USER_ID": "PEYTONBL", "A_CASE_PLA": "TREYFI", "StatCode": "APP", "AppStatus": "Approved", "AppCode": "PL_MINSP", "AppType": "Level 4 - Administrative Site Plan", "CasePlanne": "Trey Figueroa", "EMAIL": "Trey.Figueroa@durhamnc.gov", "ORIG_FID": 13499, "CreationDa": "2025-09-20T00:00:00", "Creator": "gisproc_sys", "EditDate": "2025-09-20T00:00:00", "Editor": "gisproc_sys", "match_results": [ ] }, "geometry": { "type": "Point", "coordinates": [ -78.94937464477151, 35.883045897736906 ] } },
{ "type": "Feature", "properties": { "A_NUMBER": "D2400150", "A_TYPE": "PL_MINSP", "A_DATE": "2024-07-02T00:00:00", "A_STATUS": "APP", "A_STATUS_D": "2025-02-17T00:00:00", "A_PROJECT_": "RTP Block H1", "A_DESCRIPT": "Development of multi-story apartment building (226 units), wrapped around a parking deck for the building and related infrastructure.\r\n", "A_USER_ID": "COLERE", "A_CASE_PLA": "COLERE", "StatCode": "APP", "AppStatus": "Approved", "AppCode": "PL_MINSP", "AppType": "Level 4 - Administrative Site Plan", "CasePlanne": "Cole Renigar", "EMAIL": "Cole.Renigar@durhamnc.gov", "ORIG_FID": 13506, "CreationDa": "2025-09-20T00:00:00", "Creator": "gisproc_sys", "EditDate": "2025-09-20T00:00:00", "Editor": "gisproc_sys", "match_results": "[(226, None, 'apartment', 'units')]" }, "geometry": { "type": "Point", "coordinates": [ -78.865764143037538, 35.893348040111398 ] } },
{ "type": "Feature", "properties": { "A_NUMBER": "D2400151", "A_TYPE": "PL_MINSP", "A_DATE": "2024-07-02T00:00:00", "A_STATUS": "UN_RE", "A_STATUS_D": "2024-07-02T00:00:00", "A_PROJECT_": "Russell Road Subdivision", "A_DESCRIPT": "Subdividing property for 9 single-family lots that will be served by septic and well. Construction of main access drive. \r\n", "A_USER_ID": "TREYFI", "A_CASE_PLA": "TREYFI", "StatCode": "UN_RE", "AppStatus": "Under Review", "AppCode": "PL_MINSP", "AppType": "Level 4 - Administrative Site Plan", "CasePlanne": "Trey Figueroa", "EMAIL": "Trey.Figueroa@durhamnc.gov", "ORIG_FID": 13507, "CreationDa": "2025-09-20T00:00:00", "Creator": "gisproc_sys", "EditDate": "2025-09-20T00:00:00", "Editor": "gisproc_sys", "match_results": "[(9, None, 'single family', 'lots')]" }, "geometry": { "type": "Point", "coordinates": [ -78.943314827659563, 36.118436199844773 ] } },
{ "type": "Feature", "properties": { "A_NUMBER": "D2000054", "A_TYPE": "PL_MINSP", "A_DATE": "2020-02-28T00:00:00", "A_STATUS": "APP", "A_STATUS_D": "2021-01-28T00:00:00", "A_PROJECT_": "Glenn Road Residential", "A_DESCRIPT": "279 Townhouses, 10 O.S. lots , 3 Alley Parcels", "A_USER_ID": "JESSICADO", "A_CASE_PLA": "TREYFI", "StatCode": "APP", "AppStatus": "Approved", "AppCode": "PL_MINSP", "AppType": "Level 4 - Administrative Site Plan", "CasePlanne": "Trey Figueroa", "EMAIL": "Trey.Figueroa@durhamnc.gov", "ORIG_FID": 13577, "CreationDa": "2025-09-20T00:00:00", "Creator": "gisproc_sys", "EditDate": "2025-09-20T00:00:00", "Editor": "gisproc_sys", "match_results": "[(279, None, 'townhouse', None)]" }, "geometry": { "type": "Point", "coordinates": [ -78.842988272510112, 36.038120568981412 ] } },
{ "type": "Feature", "properties": { "A_NUMBER": "D2100306", "A_TYPE": "PL_MAJSP", "A_DATE": "2021-09-10T00:00:00", "A_STATUS": "APP", "A_STATUS_D": "2022-05-05T00:00:00", "A_PROJECT_": "TROSA Main Campus Expansion", "A_DESCRIPT": "New dormitory and associated infrastructure improvements - 17,480 SF of new dorm, max. number of on-site residents 275", "A_USER_ID": "JESSICADO", "A_CASE_PLA": "ROBINSH", "StatCode": "APP", "AppStatus": "Approved", "AppCode": "PL_MAJSP", "AppType": "Major Site Plan", "CasePlanne": "Robin Schultze", "EMAIL": "Robin.Schultze@durhamnc.gov", "ORIG_FID": 13626, "CreationDa": "2025-09-20T00:00:00", "Creator": "gisproc_sys", "EditDate": "2025-09-20T00:00:00", "Editor": "gisproc_sys", "match_results": [ ] }, "geometry": { "type": "Point", "coordinates": [ -78.927364928170917, 35.979186871959897 ] } },
{ "type": "Feature", "properties": { "A_NUMBER": "D1900086", "A_TYPE": "PL_MINSP", "A_DATE": "2019-04-02T00:00:00", "A_STATUS": "APP", "A_STATUS_D": "2020-04-03T00:00:00", "A_PROJECT_": "Nova RTP", "A_DESCRIPT": "Residential and Office - 46 Townhome units, 37 apartment units, 20,000 sq. ft. of additional building floor area", "A_USER_ID": "KIMRO", "A_CASE_PLA": "COLERE", "StatCode": "APP", "AppStatus": "Approved", "AppCode": "PL_MINSP", "AppType": "Level 4 - Administrative Site Plan", "CasePlanne": "Cole Renigar", "EMAIL": "Cole.Renigar@durhamnc.gov", "ORIG_FID": 13676, "CreationDa": "2025-09-20T00:00:00", "Creator": "gisproc_sys", "EditDate": "2025-09-20T00:00:00", "Editor": "gisproc_sys", "match_results": "[(46, None, 'townhouse', 'units'), (37, None, 'apartment', 'units')]" }, "geometry": { "type": "Point", "coordinates": [ -78.888640183798643, 35.937710134256541 ] } },
{ "type": "Feature", "properties": { "A_NUMBER": "D2200148", "A_TYPE": "PL_MINSP", "A_DATE": "2022-05-09T00:00:00", "A_STATUS": "APP", "A_STATUS_D": "2022-10-17T00:00:00", "A_PROJECT_": "210 Pacific Avenue Towns", "A_DESCRIPT": "10 townhome units", "A_USER_ID": "ADDMGR", "A_CASE_PLA": "ROBINSH", "StatCode": "APP", "AppStatus": "Approved", "AppCode": "PL_MINSP", "AppType": "Level 4 - Administrative Site Plan", "CasePlanne": "Robin Schultze", "EMAIL": "Robin.Schultze@durhamnc.gov", "ORIG_FID": 13984, "CreationDa": "2025-09-20T00:00:00", "Creator": "gisproc_sys", "EditDate": "2025-09-20T00:00:00", "Editor": "gisproc_sys", "match_results": "[(10, None, 'townhouse', 'units')]" }, "geometry": { "type": "Point", "coordinates": [ -78.899755606913985, 36.046057320162959 ] } },
{ "type": "Feature", "properties": { "A_NUMBER": "D2300211", "A_TYPE": "PL_MINSP", "A_DATE": "2023-09-06T00:00:00", "A_STATUS": "APP", "A_STATUS_D": "2025-04-10T00:00:00", "A_PROJECT_": "1402 Holloway TPW Apartments", "A_DESCRIPT": "10,809 sq. ft. multifamily apartment facility with 28 units.", "A_USER_ID": "COLERE", "A_CASE_PLA": "COLERE", "StatCode": "APP", "AppStatus": "Approved", "AppCode": "PL_MINSP", "AppType": "Level 4 - Administrative Site Plan", "CasePlanne": "Cole Renigar", "EMAIL": "Cole.Renigar@durhamnc.gov", "ORIG_FID": 14175, "CreationDa": "2025-09-20T00:00:00", "Creator": "gisproc_sys", "EditDate": "2025-09-20T00:00:00", "Editor": "gisproc_sys", "match_results": "[(28, None, 'multifamily', 'units')]" }, "geometry": { "type": "Point", "coordinates": [ -78.876548318822628, 35.994031789581094 ] } },
{ "type": "Feature", "properties": { "A_NUMBER": "D2100416", "A_TYPE": "PL_MINSP", "A_DATE": "2021-11-22T00:00:00", "A_STATUS": "APP", "A_STATUS_D": "2022-08-16T00:00:00", "A_PROJECT_": "Nova NC55", "A_DESCRIPT": "83 multi-family units with 153 surface parking spaces", "A_USER_ID": "AMANDAHO", "A_CASE_PLA": "ROBINSH", "StatCode": "APP", "AppStatus": "Approved", "AppCode": "PL_MINSP", "AppType": "Level 4 - Administrative Site Plan", "CasePlanne": "Robin Schultze", "EMAIL": "Robin.Schultze@durhamnc.gov", "ORIG_FID": 14347, "CreationDa": "2025-09-20T00:00:00", "Creator": "gisproc_sys", "EditDate": "2025-09-20T00:00:00", "Editor": "gisproc_sys", "match_results": "[(83, None, 'multifamily', 'units')]" }, "geometry": { "type": "Point", "coordinates": [ -78.889302799062378, 35.946455297560654 ] } },
{ "type": "Feature", "properties": { "A_NUMBER": "D2300224", "A_TYPE": "PL_MINSP", "A_DATE": "2023-09-29T00:00:00", "A_STATUS": "APP", "A_STATUS_D": "2024-10-31T00:00:00", "A_PROJECT_": "Shady Grove Assemblage", "A_DESCRIPT": "120 Single-family, 300 Townhouse Residential, and a Public Park.", "A_USER_ID": "TREYFI", "A_CASE_PLA": "TREYFI", "StatCode": "APP", "AppStatus": "Approved", "AppCode": "PL_MINSP", "AppType": "Level 4 - Administrative Site Plan", "CasePlanne": "Trey Figueroa", "EMAIL": "Trey.Figueroa@durhamnc.gov", "ORIG_FID": 14355, "CreationDa": "2025-09-20T00:00:00", "Creator": "gisproc_sys", "EditDate": "2025-09-20T00:00:00", "Editor": "gisproc_sys", "match_results": "[(120, None, 'single family', None), (300, None, 'townhouse', None)]" }, "geometry": { "type": "Point", "coordinates": [ -78.760809649265624, 35.930824786243377 ] } },
{ "type": "Feature", "properties": { "A_NUMBER": "D2100132", "A_TYPE": "PL_MINSP", "A_DATE": "2021-05-12T00:00:00", "A_STATUS": "APP", "A_STATUS_D": "2021-12-28T00:00:00", "A_PROJECT_": "Olive Branch Reserve", "A_DESCRIPT": "350 Single Family and Townhome Units", "A_USER_ID": "KIMRO", "A_CASE_PLA": "TREYFI", "StatCode": "APP", "AppStatus": "Approved", "AppCode": "PL_MINSP", "AppType": "Level 4 - Administrative Site Plan", "CasePlanne": "Trey Figueroa", "EMAIL": "Trey.Figueroa@durhamnc.gov", "ORIG_FID": 14483, "CreationDa": "2025-09-20T00:00:00", "Creator": "gisproc_sys", "EditDate": "2025-09-20T00:00:00", "Editor": "gisproc_sys", "match_results": "[(350, None, 'single family', None)]" }, "geometry": { "type": "Point", "coordinates": [ -78.770202243037104, 35.949130984405386 ] } },
{ "type": "Feature", "properties": { "A_NUMBER": "D2300187", "A_TYPE": "PL_MINSP", "A_DATE": "2023-07-26T00:00:00", "A_STATUS": "APP", "A_STATUS_D": "2024-02-08T00:00:00", "A_PROJECT_": "751 Watercolors Townhomes", "A_DESCRIPT": "50 townhouses on 3.75-acre parcel.", "A_USER_ID": "ADDMGR", "A_CASE_PLA": "TREYFI", "StatCode": "APP", "AppStatus": "Approved", "AppCode": "PL_MINSP", "AppType": "Level 4 - Administrative Site Plan", "CasePlanne": "Trey Figueroa", "EMAIL": "Trey.Figueroa@durhamnc.gov", "ORIG_FID": 14514, "CreationDa": "2025-09-20T00:00:00", "Creator": "gisproc_sys", "EditDate": "2025-09-20T00:00:00", "Editor": "gisproc_sys", "match_results": "[(50, None, 'townhouse', None)]" }, "geometry": { "type": "Point", "coordinates": [ -78.957581936748056, 35.87939054072708 ] } },
{ "type": "Feature", "properties": { "A_NUMBER": "D2000198", "A_TYPE": "PL_MINSP", "A_DATE": "2020-08-18T00:00:00", "A_STATUS": "APP", "A_STATUS_D": "2021-06-21T00:00:00", "A_PROJECT_": "Arringdon Lot 3 Preliminary Plat Amendment", "A_DESCRIPT": "Proposed increase from 59 to 65 townhomes, new elevations, roads changed to driveways, utility easement changes, landscape changes, parking and open space changes, storm layout changes", "A_USER_ID": "JESSICADO", "A_CASE_PLA": "COURTNEYMC", "StatCode": "APP", "AppStatus": "Approved", "AppCode": "PL_MINSP", "AppType": "Level 4 - Administrative Site Plan", "CasePlanne": "Courtney McQueen", "EMAIL": "Courtney.McQueen@durhamnc.gov", "ORIG_FID": 14570, "CreationDa": "2025-09-20T00:00:00", "Creator": "gisproc_sys", "EditDate": "2025-09-20T00:00:00", "Editor": "gisproc_sys", "match_results": "[(59, None, 'townhouse', None)]" }, "geometry": { "type": "Point", "coordinates": [ -78.827889213149135, 35.88345418359642 ] } },
{ "type": "Feature", "properties": { "A_NUMBER": "D2100014", "A_TYPE": "PL_MINSP", "A_DATE": "2021-01-21T00:00:00", "A_STATUS": "APP", "A_STATUS_D": "2021-07-01T00:00:00", "A_PROJECT_": "318 W Corporation", "A_DESCRIPT": "High density residential (82 apartments) with retail space", "A_USER_ID": "JESSICADO", "A_CASE_PLA": "COURTNEYMC", "StatCode": "APP", "AppStatus": "Approved", "AppCode": "PL_MINSP", "AppType": "Level 4 - Administrative Site Plan", "CasePlanne": "Courtney McQueen", "EMAIL": "Courtney.McQueen@durhamnc.gov", "ORIG_FID": 14575, "CreationDa": "2025-09-20T00:00:00", "Creator": "gisproc_sys", "EditDate": "2025-09-20T00:00:00", "Editor": "gisproc_sys", "match_results": "[(82, None, 'apartment', None)]" }, "geometry": { "type": "Point", "coordinates": [ -78.899494988663079, 36.002199696913223 ] } },
{ "type": "Feature", "properties": { "A_NUMBER": "D2200233", "A_TYPE": "PL_MINSP", "A_DATE": "2022-07-01T00:00:00", "A_STATUS": "APP", "A_STATUS_D": "2023-04-14T00:00:00", "A_PROJECT_": "Courtyards at Farrington", "A_DESCRIPT": "Proposed 64 single family homes and amenity.", "A_USER_ID": "COLERE", "A_CASE_PLA": "COLERE", "StatCode": "APP", "AppStatus": "Approved", "AppCode": "PL_MINSP", "AppType": "Level 4 - Administrative Site Plan", "CasePlanne": "Cole Renigar", "EMAIL": "Cole.Renigar@durhamnc.gov", "ORIG_FID": 14666, "CreationDa": "2025-09-20T00:00:00", "Creator": "gisproc_sys", "EditDate": "2025-09-20T00:00:00", "Editor": "gisproc_sys", "match_results": "[(64, None, 'single family', 'homes')]" }, "geometry": { "type": "Point", "coordinates": [ -78.9878752772225, 35.924205852442206 ] } },
{ "type": "Feature", "properties": { "A_NUMBER": "D2000287", "A_TYPE": "PL_MINSP", "A_DATE": "2020-11-24T00:00:00", "A_STATUS": "APP", "A_STATUS_D": "2021-07-12T00:00:00", "A_PROJECT_": "Farrington Multi- Family", "A_DESCRIPT": "250 unit Apartment complex", "A_USER_ID": "KIMRO", "A_CASE_PLA": "TREYFI", "StatCode": "APP", "AppStatus": "Approved", "AppCode": "PL_MINSP", "AppType": "Level 4 - Administrative Site Plan", "CasePlanne": "Trey Figueroa", "EMAIL": "Trey.Figueroa@durhamnc.gov", "ORIG_FID": 14755, "CreationDa": "2025-09-20T00:00:00", "Creator": "gisproc_sys", "EditDate": "2025-09-20T00:00:00", "Editor": "gisproc_sys", "match_results": "[(250, None, 'apartment', None)]" }, "geometry": { "type": "Point", "coordinates": [ -78.986342768936197, 35.918128055448491 ] } },
{ "type": "Feature", "properties": { "A_NUMBER": "D2200131", "A_TYPE": "PL_MINSP", "A_DATE": "2022-04-19T00:00:00", "A_STATUS": "APP", "A_STATUS_D": "2023-05-11T00:00:00", "A_PROJECT_": "Bethpage Apartments Phase 2", "A_DESCRIPT": "343 mutifamily units, 9 buildings", "A_USER_ID": "ROBINSH", "A_CASE_PLA": "ROBINSH", "StatCode": "APP", "AppStatus": "Approved", "AppCode": "PL_MINSP", "AppType": "Level 4 - Administrative Site Plan", "CasePlanne": "Robin Schultze", "EMAIL": "Robin.Schultze@durhamnc.gov", "ORIG_FID": 14786, "CreationDa": "2025-09-20T00:00:00", "Creator": "gisproc_sys", "EditDate": "2025-09-20T00:00:00", "Editor": "gisproc_sys", "match_results": "[(343, None, 'multifamily', 'units')]" }, "geometry": { "type": "Point", "coordinates": [ -78.830766813919126, 35.89717187839674 ] } },
{ "type": "Feature", "properties": { "A_NUMBER": "D2000145", "A_TYPE": "PL_MINSP", "A_DATE": "2020-06-22T00:00:00", "A_STATUS": "APP", "A_STATUS_D": "2021-01-27T00:00:00", "A_PROJECT_": "521 Mangum", "A_DESCRIPT": "Proposed 18 apartment unit condo project", "A_USER_ID": "JESSICADO", "A_CASE_PLA": "COURTNEYMC", "StatCode": "APP", "AppStatus": "Approved", "AppCode": "PL_MINSP", "AppType": "Level 4 - Administrative Site Plan", "CasePlanne": "Courtney McQueen", "EMAIL": "Courtney.McQueen@durhamnc.gov", "ORIG_FID": 14895, "CreationDa": "2025-09-20T00:00:00", "Creator": "gisproc_sys", "EditDate": "2025-09-20T00:00:00", "Editor": "gisproc_sys", "match_results": "[(18, None, 'apartment', None)]" }, "geometry": { "type": "Point", "coordinates": [ -78.897233206846636, 35.999605462681629 ] } },
{ "type": "Feature", "properties": { "A_NUMBER": "D2000294", "A_TYPE": "PL_MINSP", "A_DATE": "2020-12-03T00:00:00", "A_STATUS": "APP", "A_STATUS_D": "2022-04-20T00:00:00", "A_PROJECT_": "Arlene Pointe", "A_DESCRIPT": "This project includes 24 single family lots with associated streets,sidewalks,utilities,grading,stormwater and landscaping", "A_USER_ID": "TREYFI", "A_CASE_PLA": "TREYFI", "StatCode": "APP", "AppStatus": "Approved", "AppCode": "PL_MINSP", "AppType": "Level 4 - Administrative Site Plan", "CasePlanne": "Trey Figueroa", "EMAIL": "Trey.Figueroa@durhamnc.gov", "ORIG_FID": 15011, "CreationDa": "2025-09-20T00:00:00", "Creator": "gisproc_sys", "EditDate": "2025-09-20T00:00:00", "Editor": "gisproc_sys", "match_results": "[(24, None, 'single family', 'lots')]" }, "geometry": { "type": "Point", "coordinates": [ -78.878253909276054, 36.042337257880519 ] } },
{ "type": "Feature", "properties": { "A_NUMBER": "D2300082", "A_TYPE": "PL_MINSP", "A_DATE": "2023-03-17T00:00:00", "A_STATUS": "APP", "A_STATUS_D": "2023-07-25T00:00:00", "A_PROJECT_": "Blocks B & C at Hub RTP", "A_DESCRIPT": "Addition of new building on block A2-3 and associated infrastructure. Increasing overall units from 366 to 406.", "A_USER_ID": "TREYFI", "A_CASE_PLA": "TREYFI", "StatCode": "APP", "AppStatus": "Approved", "AppCode": "PL_MINSP", "AppType": "Level 4 - Administrative Site Plan", "CasePlanne": "Trey Figueroa", "EMAIL": "Trey.Figueroa@durhamnc.gov", "ORIG_FID": 15025, "CreationDa": "2025-09-20T00:00:00", "Creator": "gisproc_sys", "EditDate": "2025-09-20T00:00:00", "Editor": "gisproc_sys", "match_results": "[(366, None, 'single family', None)]" }, "geometry": { "type": "Point", "coordinates": [ -78.862622011888178, 35.891856216644399 ] } },
{ "type": "Feature", "properties": { "A_NUMBER": "D2200293", "A_TYPE": "PL_MINSP", "A_DATE": "2022-08-31T00:00:00", "A_STATUS": "APP", "A_STATUS_D": "2023-08-24T00:00:00", "A_PROJECT_": "Summer Meadow Phase 4A & 4B", "A_DESCRIPT": "Proposed 23 single-family lots in phases 4A and 4B.", "A_USER_ID": "KEAGANSA", "A_CASE_PLA": "KEAGANSA", "StatCode": "APP", "AppStatus": "Approved", "AppCode": "PL_MINSP", "AppType": "Level 4 - Administrative Site Plan", "CasePlanne": "Keagan Sacripanti", "EMAIL": "Keagan.Sacripanti@durhamnc.gov", "ORIG_FID": 15100, "CreationDa": "2025-09-20T00:00:00", "Creator": "gisproc_sys", "EditDate": "2025-09-20T00:00:00", "Editor": "gisproc_sys", "match_results": "[(23, None, 'single family', 'lots')]" }, "geometry": { "type": "Point", "coordinates": [ -78.886158801161571, 36.065608179035038 ] } },
{ "type": "Feature", "properties": { "A_NUMBER": "D2100030", "A_TYPE": "PL_MINSP", "A_DATE": "2021-02-02T00:00:00", "A_STATUS": "APP", "A_STATUS_D": "2021-07-26T00:00:00", "A_PROJECT_": "120 Broadway Street", "A_DESCRIPT": "24 townhomes + 1 HOA lot  with bio-retention area.", "A_USER_ID": "KIMRO", "A_CASE_PLA": "COURTNEYMC", "StatCode": "APP", "AppStatus": "Approved", "AppCode": "PL_MINSP", "AppType": "Level 4 - Administrative Site Plan", "CasePlanne": "Courtney McQueen", "EMAIL": "Courtney.McQueen@durhamnc.gov", "ORIG_FID": 15184, "CreationDa": "2025-09-20T00:00:00", "Creator": "gisproc_sys", "EditDate": "2025-09-20T00:00:00", "Editor": "gisproc_sys", "match_results": "[(24, None, 'townhouse', None)]" }, "geometry": { "type": "Point", "coordinates": [ -78.897414396191621, 36.001364166153984 ] } },
{ "type": "Feature", "properties": { "A_NUMBER": "D1900031", "A_TYPE": "PL_MINSP", "A_DATE": "2019-02-11T00:00:00", "A_STATUS": "APP", "A_STATUS_D": "2020-08-03T00:00:00", "A_PROJECT_": "The Corners at Brier Creek", "A_DESCRIPT": "Project will be the development of an Apartment complex with a stand alone amenity center and parking garages with necessary utility infrastructure", "A_USER_ID": "JOHNRA", "A_CASE_PLA": "DCULTRA", "StatCode": "APP", "AppStatus": "Approved", "AppCode": "PL_MINSP", "AppType": "Level 4 - Administrative Site Plan", "CasePlanne": "Danny Cultra", "EMAIL": "Danny.Cultra@durhamnc.gov", "ORIG_FID": 15195, "CreationDa": "2025-09-20T00:00:00", "Creator": "gisproc_sys", "EditDate": "2025-09-20T00:00:00", "Editor": "gisproc_sys", "match_results": [ ] }, "geometry": { "type": "Point", "coordinates": [ -78.787686211790984, 35.923384674417285 ] } },
{ "type": "Feature", "properties": { "A_NUMBER": "D2100175", "A_TYPE": "PL_MINSP", "A_DATE": "2021-06-24T00:00:00", "A_STATUS": "APP", "A_STATUS_D": "2022-06-10T00:00:00", "A_PROJECT_": "1001 Olive Branch Subdivision - Sweetbrier - Phase 2", "A_DESCRIPT": "124 Single-Family Detached and 207 Townhouse lots plus 10 Open Space lots", "A_USER_ID": "JESSICADO", "A_CASE_PLA": "COLERE", "StatCode": "APP", "AppStatus": "Approved", "AppCode": "PL_MINSP", "AppType": "Level 4 - Administrative Site Plan", "CasePlanne": "Cole Renigar", "EMAIL": "Cole.Renigar@durhamnc.gov", "ORIG_FID": 15262, "CreationDa": "2025-09-20T00:00:00", "Creator": "gisproc_sys", "EditDate": "2025-09-20T00:00:00", "Editor": "gisproc_sys", "match_results": "[(124, None, 'single family', None), (207, None, 'townhouse', 'lots')]" }, "geometry": { "type": "Point", "coordinates": [ -78.778358120734055, 35.952776344824478 ] } },
{ "type": "Feature", "properties": { "A_NUMBER": "D1900301", "A_TYPE": "PL_MINSP", "A_DATE": "2019-08-26T00:00:00", "A_STATUS": "APP", "A_STATUS_D": "2020-02-03T00:00:00", "A_PROJECT_": "Magnolia - Phase IV", "A_DESCRIPT": "53 Townhome Units + 2 open spaces = 55 lots", "A_USER_ID": "GSMITH", "A_CASE_PLA": "DCULTRA", "StatCode": "APP", "AppStatus": "Approved", "AppCode": "PL_MINSP", "AppType": "Level 4 - Administrative Site Plan", "CasePlanne": "Danny Cultra", "EMAIL": "Danny.Cultra@durhamnc.gov", "ORIG_FID": 15343, "CreationDa": "2025-09-20T00:00:00", "Creator": "gisproc_sys", "EditDate": "2025-09-20T00:00:00", "Editor": "gisproc_sys", "match_results": "[(53, None, 'townhouse', 'units')]" }, "geometry": { "type": "Point", "coordinates": [ -78.887955049818174, 36.054494896039309 ] } },
{ "type": "Feature", "properties": { "A_NUMBER": "D2300216", "A_TYPE": "PL_MINSP", "A_DATE": "2023-09-25T00:00:00", "A_STATUS": "APP", "A_STATUS_D": "2024-08-15T00:00:00", "A_PROJECT_": "Aura 501", "A_DESCRIPT": "Construction of 220 multi-family units with associated amenities and infrastructure totaling in 354,955 sq. ft.", "A_USER_ID": "TREYFI", "A_CASE_PLA": "TREYFI", "StatCode": "APP", "AppStatus": "Approved", "AppCode": "PL_MINSP", "AppType": "Level 4 - Administrative Site Plan", "CasePlanne": "Trey Figueroa", "EMAIL": "Trey.Figueroa@durhamnc.gov", "ORIG_FID": 15537, "CreationDa": "2025-09-20T00:00:00", "Creator": "gisproc_sys", "EditDate": "2025-09-20T00:00:00", "Editor": "gisproc_sys", "match_results": "[(220, None, 'multifamily', 'units')]" }, "geometry": { "type": "Point", "coordinates": [ -78.898080496814444, 35.998611471461899 ] } },
{ "type": "Feature", "properties": { "A_NUMBER": "D2300084", "A_TYPE": "PL_MINSP", "A_DATE": "2023-03-21T00:00:00", "A_STATUS": "APP", "A_STATUS_D": "2024-01-17T00:00:00", "A_PROJECT_": "New Hope Commons Multifamily", "A_DESCRIPT": "Demolish one of the existing buildings and a parking area onsite to facilitate two multifamily buildings (460 units across two phases) with integrated structured parking.", "A_USER_ID": "JESSICADO", "A_CASE_PLA": "ROBINSH", "StatCode": "APP", "AppStatus": "Approved", "AppCode": "PL_MINSP", "AppType": "Level 4 - Administrative Site Plan", "CasePlanne": "Robin Schultze", "EMAIL": "Robin.Schultze@durhamnc.gov", "ORIG_FID": 15569, "CreationDa": "2025-09-20T00:00:00", "Creator": "gisproc_sys", "EditDate": "2025-09-20T00:00:00", "Editor": "gisproc_sys", "match_results": "[(460, None, 'multifamily', 'units')]" }, "geometry": { "type": "Point", "coordinates": [ -78.997636564457935, 35.954830127913816 ] } },
{ "type": "Feature", "properties": { "A_NUMBER": "D2000124", "A_TYPE": "PL_MINSP", "A_DATE": "2020-06-02T00:00:00", "A_STATUS": "APP", "A_STATUS_D": "2021-03-30T00:00:00", "A_PROJECT_": "The Forest at Duke Expansion", "A_DESCRIPT": "Replacement of existing western building wing with new parking garage and residential towers. Demo and new building will create a net loss of 2 assisted living beds and the net addtion of 68 independent living units for a total of 300 units.\r\n\r\n", "A_USER_ID": "KIMRO", "A_CASE_PLA": "TREYFI", "StatCode": "APP", "AppStatus": "Approved", "AppCode": "PL_MINSP", "AppType": "Level 4 - Administrative Site Plan", "CasePlanne": "Trey Figueroa", "EMAIL": "Trey.Figueroa@durhamnc.gov", "ORIG_FID": 15782, "CreationDa": "2025-09-20T00:00:00", "Creator": "gisproc_sys", "EditDate": "2025-09-20T00:00:00", "Editor": "gisproc_sys", "match_results": "[(68, None, 'single family', None)]" }, "geometry": { "type": "Point", "coordinates": [ -78.951311174038437, 35.97345995108487 ] } },
{ "type": "Feature", "properties": { "A_NUMBER": "D2200011", "A_TYPE": "PL_MINSP", "A_DATE": "2022-01-19T00:00:00", "A_STATUS": "APP", "A_STATUS_D": "2022-09-13T00:00:00", "A_PROJECT_": "Casa North Duke ", "A_DESCRIPT": "16 affordable unit apartment building with associated site work", "A_USER_ID": "KIMRO", "A_CASE_PLA": "ROBINSH", "StatCode": "APP", "AppStatus": "Approved", "AppCode": "PL_MINSP", "AppType": "Level 4 - Administrative Site Plan", "CasePlanne": "Robin Schultze", "EMAIL": "Robin.Schultze@durhamnc.gov", "ORIG_FID": 15785, "CreationDa": "2025-09-20T00:00:00", "Creator": "gisproc_sys", "EditDate": "2025-09-20T00:00:00", "Editor": "gisproc_sys", "match_results": "[(16, None, 'apartment', None)]" }, "geometry": { "type": "Point", "coordinates": [ -78.90640615353486, 36.037260344190607 ] } },
{ "type": "Feature", "properties": { "A_NUMBER": "D2100139", "A_TYPE": "PL_MINSP", "A_DATE": "2021-05-13T00:00:00", "A_STATUS": "APP", "A_STATUS_D": "2021-11-08T00:00:00", "A_PROJECT_": "512 W Geer St", "A_DESCRIPT": "Residential building with 40 dwelling units and commercial space (3,451 SF)", "A_USER_ID": "TREYFI", "A_CASE_PLA": "TREYFI", "StatCode": "APP", "AppStatus": "Approved", "AppCode": "PL_MINSP", "AppType": "Level 4 - Administrative Site Plan", "CasePlanne": "Trey Figueroa", "EMAIL": "Trey.Figueroa@durhamnc.gov", "ORIG_FID": 15834, "CreationDa": "2025-09-20T00:00:00", "Creator": "gisproc_sys", "EditDate": "2025-09-20T00:00:00", "Editor": "gisproc_sys", "match_results": [ ] }, "geometry": { "type": "Point", "coordinates": [ -78.902456769574982, 36.003966938755006 ] } },
{ "type": "Feature", "properties": { "A_NUMBER": "D2200149", "A_TYPE": "PL_MINSP", "A_DATE": "2022-05-10T00:00:00", "A_STATUS": "APP", "A_STATUS_D": "2022-11-02T00:00:00", "A_PROJECT_": "Cub Creek Station and Sandy Ridge", "A_DESCRIPT": "80 single family, 159 townhomes, 384 market rate apartments & 198 affordable apartments.", "A_USER_ID": "JESSICADO", "A_CASE_PLA": "TREYFI", "StatCode": "APP", "AppStatus": "Approved", "AppCode": "PL_MINSP", "AppType": "Level 4 - Administrative Site Plan", "CasePlanne": "Trey Figueroa", "EMAIL": "Trey.Figueroa@durhamnc.gov", "ORIG_FID": 15864, "CreationDa": "2025-09-20T00:00:00", "Creator": "gisproc_sys", "EditDate": "2025-09-20T00:00:00", "Editor": "gisproc_sys", "match_results": "[(80, None, 'single family', None), (159, None, 'townhouse', None), (384, None, 'apartment', None), (198, None, 'apartment', None)]" }, "geometry": { "type": "Point", "coordinates": [ -78.879714014757411, 36.049764406002083 ] } },
{ "type": "Feature", "properties": { "A_NUMBER": "D2100340", "A_TYPE": "PL_MINSP", "A_DATE": "2021-10-04T00:00:00", "A_STATUS": "APP", "A_STATUS_D": "2023-10-31T00:00:00", "A_PROJECT_": "Angier Avenue Apartments", "A_DESCRIPT": "The construction of 8 multifamily buildings with 608 units on 2 parcels to be recombined.", "A_USER_ID": "COLERE", "A_CASE_PLA": "COLERE", "StatCode": "APP", "AppStatus": "Approved", "AppCode": "PL_MINSP", "AppType": "Level 4 - Administrative Site Plan", "CasePlanne": "Cole Renigar", "EMAIL": "Cole.Renigar@durhamnc.gov", "ORIG_FID": 16059, "CreationDa": "2025-09-20T00:00:00", "Creator": "gisproc_sys", "EditDate": "2025-09-20T00:00:00", "Editor": "gisproc_sys", "match_results": "[(8, None, 'multifamily', None)]" }, "geometry": { "type": "Point", "coordinates": [ -78.848999551518645, 35.954926822875841 ] } },
{ "type": "Feature", "properties": { "A_NUMBER": "D2100187", "A_TYPE": "PL_MINSP", "A_DATE": "2021-07-01T00:00:00", "A_STATUS": "APP", "A_STATUS_D": "2021-10-28T00:00:00", "A_PROJECT_": "Gateway Center Building 2 (Amendment)", "A_DESCRIPT": "Amendment to D1900025, reducing the number of Multifamily Units from 112 to 66.", "A_USER_ID": "TREYFI", "A_CASE_PLA": "TREYFI", "StatCode": "APP", "AppStatus": "Approved", "AppCode": "PL_MINSP", "AppType": "Level 4 - Administrative Site Plan", "CasePlanne": "Trey Figueroa", "EMAIL": "Trey.Figueroa@durhamnc.gov", "ORIG_FID": 16135, "CreationDa": "2025-09-20T00:00:00", "Creator": "gisproc_sys", "EditDate": "2025-09-20T00:00:00", "Editor": "gisproc_sys", "match_results": "[(112, None, 'multifamily', None)]" }, "geometry": { "type": "Point", "coordinates": [ -78.900428027732573, 35.990001209800788 ] } },
{ "type": "Feature", "properties": { "A_NUMBER": "D2000115", "A_TYPE": "PL_MINSP", "A_DATE": "2020-05-26T00:00:00", "A_STATUS": "APP", "A_STATUS_D": "2021-01-22T00:00:00", "A_PROJECT_": "Duke St. Seniors Housing", "A_DESCRIPT": "80 units Multifamily Development with associated surface parking", "A_USER_ID": "JESSICADO", "A_CASE_PLA": "COURTNEYMC", "StatCode": "APP", "AppStatus": "Approved", "AppCode": "PL_MINSP", "AppType": "Level 4 - Administrative Site Plan", "CasePlanne": "Courtney McQueen", "EMAIL": "Courtney.McQueen@durhamnc.gov", "ORIG_FID": 16240, "CreationDa": "2025-09-20T00:00:00", "Creator": "gisproc_sys", "EditDate": "2025-09-20T00:00:00", "Editor": "gisproc_sys", "match_results": "[(80, None, 'multifamily', None)]" }, "geometry": { "type": "Point", "coordinates": [ -78.907013730727897, 35.99043206330655 ] } },
{ "type": "Feature", "properties": { "A_NUMBER": "D2200264", "A_TYPE": "PL_MINSP", "A_DATE": "2022-08-01T00:00:00", "A_STATUS": "APP", "A_STATUS_D": "2023-02-28T00:00:00", "A_PROJECT_": "Nichols Village", "A_DESCRIPT": "54 townhomes units", "A_USER_ID": "TREYFI", "A_CASE_PLA": "TREYFI", "StatCode": "APP", "AppStatus": "Approved", "AppCode": "PL_MINSP", "AppType": "Level 4 - Administrative Site Plan", "CasePlanne": "Trey Figueroa", "EMAIL": "Trey.Figueroa@durhamnc.gov", "ORIG_FID": 16417, "CreationDa": "2025-09-20T00:00:00", "Creator": "gisproc_sys", "EditDate": "2025-09-20T00:00:00", "Editor": "gisproc_sys", "match_results": "[(54, None, 'townhouse', None)]" }, "geometry": { "type": "Point", "coordinates": [ -78.791433015458281, 35.952736075141296 ] } },
{ "type": "Feature", "properties": { "A_NUMBER": "D2200430", "A_TYPE": "PL_MINSP", "A_DATE": "2022-12-20T00:00:00", "A_STATUS": "APP", "A_STATUS_D": "2023-08-17T00:00:00", "A_PROJECT_": "Southside East Phases 3 & 4", "A_DESCRIPT": "Construction of 100 residential apartment units in 12 buildings.", "A_USER_ID": "ROBINSH", "A_CASE_PLA": "ROBINSH", "StatCode": "APP", "AppStatus": "Approved", "AppCode": "PL_MINSP", "AppType": "Level 4 - Administrative Site Plan", "CasePlanne": "Robin Schultze", "EMAIL": "Robin.Schultze@durhamnc.gov", "ORIG_FID": 16684, "CreationDa": "2025-09-20T00:00:00", "Creator": "gisproc_sys", "EditDate": "2025-09-20T00:00:00", "Editor": "gisproc_sys", "match_results": "[(100, None, 'apartment', 'units')]" }, "geometry": { "type": "Point", "coordinates": [ -78.901788982109835, 35.984662158522923 ] } },
{ "type": "Feature", "properties": { "A_NUMBER": "D2100122", "A_TYPE": "PL_MINSP", "A_DATE": "2021-04-21T00:00:00", "A_STATUS": "APP", "A_STATUS_D": "2021-09-01T00:00:00", "A_PROJECT_": "Casa 606/608 (Apartments) Amendment 1", "A_DESCRIPT": "Revision of building approved with D1900139, Addition of 2nd building and accoutrements. 14 apartments", "A_USER_ID": "JESSICADO", "A_CASE_PLA": "JOHNRA", "StatCode": "APP", "AppStatus": "Approved", "AppCode": "PL_MINSP", "AppType": "Level 4 - Administrative Site Plan", "CasePlanne": "John Rabon", "EMAIL": "John.Rabon@durhamnc.gov", "ORIG_FID": 16819, "CreationDa": "2025-09-20T00:00:00", "Creator": "gisproc_sys", "EditDate": "2025-09-20T00:00:00", "Editor": "gisproc_sys", "match_results": "[(14, None, 'apartment', None)]" }, "geometry": { "type": "Point", "coordinates": [ -78.894430419530707, 35.998130579697282 ] } },
{ "type": "Feature", "properties": { "A_NUMBER": "D2300195", "A_TYPE": "PL_MINSP", "A_DATE": "2023-08-14T00:00:00", "A_STATUS": "APP", "A_STATUS_D": "2024-04-30T00:00:00", "A_PROJECT_": "Heritage Square - Phase One", "A_DESCRIPT": "Phase one of a Mixed-Use Project consisting of multifamily residential (323 units), commercial retail, office, and structured parking.", "A_USER_ID": "JESSICADO", "A_CASE_PLA": "TREYFI", "StatCode": "APP", "AppStatus": "Approved", "AppCode": "PL_MINSP", "AppType": "Level 4 - Administrative Site Plan", "CasePlanne": "Trey Figueroa", "EMAIL": "Trey.Figueroa@durhamnc.gov", "ORIG_FID": 16959, "CreationDa": "2025-09-20T00:00:00", "Creator": "gisproc_sys", "EditDate": "2025-09-20T00:00:00", "Editor": "gisproc_sys", "match_results": "[(323, None, 'multifamily', 'units')]" }, "geometry": { "type": "Point", "coordinates": [ -78.899538214419337, 35.987549265280919 ] } },
{ "type": "Feature", "properties": { "A_NUMBER": "D2100049", "A_TYPE": "PL_MINSP", "A_DATE": "2021-02-17T00:00:00", "A_STATUS": "APP", "A_STATUS_D": "2021-07-09T00:00:00", "A_PROJECT_": "Harriet's Place", "A_DESCRIPT": "This project converts and restores the abandoned Y.W.C.A. building for 17 affordable housing multifamily units with parking.", "A_USER_ID": "JESSICADO", "A_CASE_PLA": "ELIZAMO", "StatCode": "APP", "AppStatus": "Approved", "AppCode": "PL_MINSP", "AppType": "Level 4 - Administrative Site Plan", "CasePlanne": "Eliza Monroe", "EMAIL": "Eliza.Monroe@durhamnc.gov", "ORIG_FID": 17009, "CreationDa": "2025-09-20T00:00:00", "Creator": "gisproc_sys", "EditDate": "2025-09-20T00:00:00", "Editor": "gisproc_sys", "match_results": "[(17, None, 'multifamily', 'units')]" }, "geometry": { "type": "Point", "coordinates": [ -78.900480694030122, 35.982441647386231 ] } },
{ "type": "Feature", "properties": { "A_NUMBER": "D2300094", "A_TYPE": "PL_MINSP", "A_DATE": "2023-04-05T00:00:00", "A_STATUS": "APP", "A_STATUS_D": "2024-02-12T00:00:00", "A_PROJECT_": "The Advantage", "A_DESCRIPT": "183 Townhomes, 188 proposed lots.", "A_USER_ID": "COLERE", "A_CASE_PLA": "COLERE", "StatCode": "APP", "AppStatus": "Approved", "AppCode": "PL_MINSP", "AppType": "Level 4 - Administrative Site Plan", "CasePlanne": "Cole Renigar", "EMAIL": "Cole.Renigar@durhamnc.gov", "ORIG_FID": 17044, "CreationDa": "2025-09-20T00:00:00", "Creator": "gisproc_sys", "EditDate": "2025-09-20T00:00:00", "Editor": "gisproc_sys", "match_results": "[(183, None, 'townhouse', None)]" }, "geometry": { "type": "Point", "coordinates": [ -78.775698802724776, 35.947256335104001 ] } },
{ "type": "Feature", "properties": { "A_NUMBER": "D2000244", "A_TYPE": "PL_MINSP", "A_DATE": "2020-10-06T00:00:00", "A_STATUS": "APP", "A_STATUS_D": "2021-08-19T00:00:00", "A_PROJECT_": "Shoccoree Residential", "A_DESCRIPT": "63 Single - Family residential lots + 5 open space lots", "A_USER_ID": "KIMRO", "A_CASE_PLA": "TREYFI", "StatCode": "APP", "AppStatus": "Approved", "AppCode": "PL_MINSP", "AppType": "Level 4 - Administrative Site Plan", "CasePlanne": "Trey Figueroa", "EMAIL": "Trey.Figueroa@durhamnc.gov", "ORIG_FID": 17069, "CreationDa": "2025-09-20T00:00:00", "Creator": "gisproc_sys", "EditDate": "2025-09-20T00:00:00", "Editor": "gisproc_sys", "match_results": "[(63, None, 'single family', None)]" }, "geometry": { "type": "Point", "coordinates": [ -78.957744149107171, 36.033634704917837 ] } },
{ "type": "Feature", "properties": { "A_NUMBER": "D2000288", "A_TYPE": "PL_MINSP", "A_DATE": "2020-11-30T00:00:00", "A_STATUS": "APP", "A_STATUS_D": "2021-07-01T00:00:00", "A_PROJECT_": "Leesville Road Assemblage", "A_DESCRIPT": "344 townhome units and 10 open spaces lots.\r\n", "A_USER_ID": "KIMRO", "A_CASE_PLA": "COURTNEYMC", "StatCode": "APP", "AppStatus": "Approved", "AppCode": "PL_MINSP", "AppType": "Level 4 - Administrative Site Plan", "CasePlanne": "Courtney McQueen", "EMAIL": "Courtney.McQueen@durhamnc.gov", "ORIG_FID": 17100, "CreationDa": "2025-09-20T00:00:00", "Creator": "gisproc_sys", "EditDate": "2025-09-20T00:00:00", "Editor": "gisproc_sys", "match_results": "[(344, None, 'townhouse', 'units')]" }, "geometry": { "type": "Point", "coordinates": [ -78.77713816196443, 35.939100630523633 ] } },
{ "type": "Feature", "properties": { "A_NUMBER": "D2100041", "A_TYPE": "PL_MINSP", "A_DATE": "2021-02-11T00:00:00", "A_STATUS": "APP", "A_STATUS_D": "2021-12-10T00:00:00", "A_PROJECT_": "Lochwood (formerly Olive Branch East)", "A_DESCRIPT": "108 Townhomes, 1 Stormwater control measure and associated infrastructure", "A_USER_ID": "JESSICADO", "A_CASE_PLA": "ROBINSH", "StatCode": "APP", "AppStatus": "Approved", "AppCode": "PL_MINSP", "AppType": "Level 4 - Administrative Site Plan", "CasePlanne": "Robin Schultze", "EMAIL": "Robin.Schultze@durhamnc.gov", "ORIG_FID": 17303, "CreationDa": "2025-09-20T00:00:00", "Creator": "gisproc_sys", "EditDate": "2025-09-20T00:00:00", "Editor": "gisproc_sys", "match_results": "[(108, None, 'townhouse', None)]" }, "geometry": { "type": "Point", "coordinates": [ -78.78049673024509, 35.963750738542544 ] } },
{ "type": "Feature", "properties": { "A_NUMBER": "D2000286", "A_TYPE": "PL_MINSP", "A_DATE": "2020-11-20T00:00:00", "A_STATUS": "APP", "A_STATUS_D": "2021-06-22T00:00:00", "A_PROJECT_": "Hebron Village", "A_DESCRIPT": "144 Townhome Units, 16 Single-Family Units, and 4 open space lots", "A_USER_ID": "GSMITH", "A_CASE_PLA": "COLERE", "StatCode": "APP", "AppStatus": "Approved", "AppCode": "PL_MINSP", "AppType": "Level 4 - Administrative Site Plan", "CasePlanne": "Cole Renigar", "EMAIL": "Cole.Renigar@durhamnc.gov", "ORIG_FID": 17336, "CreationDa": "2025-09-20T00:00:00", "Creator": "gisproc_sys", "EditDate": "2025-09-20T00:00:00", "Editor": "gisproc_sys", "match_results": "[(144, None, 'townhouse', 'units'), (16, None, 'single family', 'units')]" }, "geometry": { "type": "Point", "coordinates": [ -78.893073339813057, 36.060928142296163 ] } },
{ "type": "Feature", "properties": { "A_NUMBER": "D2400160", "A_TYPE": "PL_MINSP", "A_DATE": "2024-07-15T00:00:00", "A_STATUS": "UN_RE", "A_STATUS_D": "2025-02-21T00:00:00", "A_PROJECT_": "Doc Nichols Towns", "A_DESCRIPT": "21 Townhome community.", "A_USER_ID": "COLERE", "A_CASE_PLA": "COLERE", "StatCode": "UN_RE", "AppStatus": "Under Review", "AppCode": "PL_MINSP", "AppType": "Level 4 - Administrative Site Plan", "CasePlanne": "Cole Renigar", "EMAIL": "Cole.Renigar@durhamnc.gov", "ORIG_FID": 17354, "CreationDa": "2025-09-20T00:00:00", "Creator": "gisproc_sys", "EditDate": "2025-09-20T00:00:00", "Editor": "gisproc_sys", "match_results": "[(21, None, 'townhouse', None)]" }, "geometry": { "type": "Point", "coordinates": [ -78.791909189321601, 35.954678990118097 ] } },
{ "type": "Feature", "properties": { "A_NUMBER": "D2100055", "A_TYPE": "PL_MINSP", "A_DATE": "2021-02-18T00:00:00", "A_STATUS": "APP", "A_STATUS_D": "2021-10-18T00:00:00", "A_PROJECT_": "Tanglewood", "A_DESCRIPT": "181 proposed townhomes + 8 open spaces", "A_USER_ID": "JESSICADO", "A_CASE_PLA": "COLERE", "StatCode": "APP", "AppStatus": "Approved", "AppCode": "PL_MINSP", "AppType": "Level 4 - Administrative Site Plan", "CasePlanne": "Cole Renigar", "EMAIL": "Cole.Renigar@durhamnc.gov", "ORIG_FID": 17408, "CreationDa": "2025-09-20T00:00:00", "Creator": "gisproc_sys", "EditDate": "2025-09-20T00:00:00", "Editor": "gisproc_sys", "match_results": "[(181, None, 'townhouse', None)]" }, "geometry": { "type": "Point", "coordinates": [ -78.820252079117793, 35.90818608165123 ] } },
{ "type": "Feature", "properties": { "A_NUMBER": "D2200286", "A_TYPE": "PL_MINSP", "A_DATE": "2022-08-23T00:00:00", "A_STATUS": "APP", "A_STATUS_D": "2023-06-28T00:00:00", "A_PROJECT_": "Crescent Townes", "A_DESCRIPT": "103 unit townhome subdivision -- associated with rezoning case (Z2200007), and associated annexation (BDG2200005)", "A_USER_ID": "KIMRO", "A_CASE_PLA": "ROBINSH", "StatCode": "APP", "AppStatus": "Approved", "AppCode": "PL_MINSP", "AppType": "Level 4 - Administrative Site Plan", "CasePlanne": "Robin Schultze", "EMAIL": "Robin.Schultze@durhamnc.gov", "ORIG_FID": 17500, "CreationDa": "2025-09-20T00:00:00", "Creator": "gisproc_sys", "EditDate": "2025-09-20T00:00:00", "Editor": "gisproc_sys", "match_results": "[(103, None, 'townhouse', None)]" }, "geometry": { "type": "Point", "coordinates": [ -78.987765645180474, 35.91377635907093 ] } },
{ "type": "Feature", "properties": { "A_NUMBER": "D2000036", "A_TYPE": "PL_MINSP", "A_DATE": "2020-02-06T00:00:00", "A_STATUS": "APP", "A_STATUS_D": "2021-07-12T00:00:00", "A_PROJECT_": "Weaving Water", "A_DESCRIPT": "24 duplex units and 10 rooming house units", "A_USER_ID": "JESSICADO", "A_CASE_PLA": "COURTNEYMC", "StatCode": "APP", "AppStatus": "Approved", "AppCode": "PL_MINSP", "AppType": "Level 4 - Administrative Site Plan", "CasePlanne": "Courtney McQueen", "EMAIL": "Courtney.McQueen@durhamnc.gov", "ORIG_FID": 17602, "CreationDa": "2025-09-20T00:00:00", "Creator": "gisproc_sys", "EditDate": "2025-09-20T00:00:00", "Editor": "gisproc_sys", "match_results": "[(24, None, 'duplex', 'units'), (10, None, 'home', 'units')]" }, "geometry": { "type": "Point", "coordinates": [ -78.967978473598833, 36.056981871399685 ] } },
{ "type": "Feature", "properties": { "A_NUMBER": "D1900311", "A_TYPE": "PL_MINSP", "A_DATE": "2019-08-28T00:00:00", "A_STATUS": "APP", "A_STATUS_D": "2022-09-02T00:00:00", "A_PROJECT_": "Carolyn Drive", "A_DESCRIPT": "21 Single Family lots + 3 open spaces", "A_USER_ID": "AMANDAHO", "A_CASE_PLA": "ROBINSH", "StatCode": "APP", "AppStatus": "Approved", "AppCode": "PL_MINSP", "AppType": "Level 4 - Administrative Site Plan", "CasePlanne": "Robin Schultze", "EMAIL": "Robin.Schultze@durhamnc.gov", "ORIG_FID": 18026, "CreationDa": "2025-09-20T00:00:00", "Creator": "gisproc_sys", "EditDate": "2025-09-20T00:00:00", "Editor": "gisproc_sys", "match_results": "[(21, None, 'single family', 'lots')]" }, "geometry": { "type": "Point", "coordinates": [ -78.852024423477943, 35.977749607209567 ] } },
{ "type": "Feature", "properties": { "A_NUMBER": "D2000092", "A_TYPE": "PL_MINSP", "A_DATE": "2020-04-24T00:00:00", "A_STATUS": "APP", "A_STATUS_D": "2020-12-17T00:00:00", "A_PROJECT_": "Laurel Meadows", "A_DESCRIPT": "Proposed townhouse subdivision with 98 lots and associated site work and infrastructure", "A_USER_ID": "KIMRO", "A_CASE_PLA": "COURTNEYMC", "StatCode": "APP", "AppStatus": "Approved", "AppCode": "PL_MINSP", "AppType": "Level 4 - Administrative Site Plan", "CasePlanne": "Courtney McQueen", "EMAIL": "Courtney.McQueen@durhamnc.gov", "ORIG_FID": 18069, "CreationDa": "2025-09-20T00:00:00", "Creator": "gisproc_sys", "EditDate": "2025-09-20T00:00:00", "Editor": "gisproc_sys", "match_results": "[(98, None, 'townhouse', 'lots')]" }, "geometry": { "type": "Point", "coordinates": [ -78.916112073658908, 36.04954833022385 ] } },
{ "type": "Feature", "properties": { "A_NUMBER": "D2100109", "A_TYPE": "PL_MINSP", "A_DATE": "2021-04-09T00:00:00", "A_STATUS": "APP", "A_STATUS_D": "2022-05-23T00:00:00", "A_PROJECT_": "1700 Hillandale Road", "A_DESCRIPT": "80 unit townhouse development with associated site work", "A_USER_ID": "ROBINSH", "A_CASE_PLA": "ROBINSH", "StatCode": "APP", "AppStatus": "Approved", "AppCode": "PL_MINSP", "AppType": "Level 4 - Administrative Site Plan", "CasePlanne": "Robin Schultze", "EMAIL": "Robin.Schultze@durhamnc.gov", "ORIG_FID": 18211, "CreationDa": "2025-09-20T00:00:00", "Creator": "gisproc_sys", "EditDate": "2025-09-20T00:00:00", "Editor": "gisproc_sys", "match_results": "[(80, None, 'townhouse', None)]" }, "geometry": { "type": "Point", "coordinates": [ -78.935090178353605, 36.026671773586756 ] } },
{ "type": "Feature", "properties": { "A_NUMBER": "D2100081", "A_TYPE": "PL_MINSP", "A_DATE": "2021-03-12T00:00:00", "A_STATUS": "APP", "A_STATUS_D": "2022-04-01T00:00:00", "A_PROJECT_": "Bronze Leaf Subdivision", "A_DESCRIPT": "29 Single Family DU's and 25 Townhomes.", "A_USER_ID": "ROBINSH", "A_CASE_PLA": "ROBINSH", "StatCode": "APP", "AppStatus": "Approved", "AppCode": "PL_MINSP", "AppType": "Level 4 - Administrative Site Plan", "CasePlanne": "Robin Schultze", "EMAIL": "Robin.Schultze@durhamnc.gov", "ORIG_FID": 18264, "CreationDa": "2025-09-20T00:00:00", "Creator": "gisproc_sys", "EditDate": "2025-09-20T00:00:00", "Editor": "gisproc_sys", "match_results": "[(29, None, 'single family', None), (25, None, 'townhouse', None)]" }, "geometry": { "type": "Point", "coordinates": [ -78.946545580375656, 36.046097074047545 ] } },
{ "type": "Feature", "properties": { "A_NUMBER": "D2300122", "A_TYPE": "PL_MINSP", "A_DATE": "2023-05-03T00:00:00", "A_STATUS": "APP", "A_STATUS_D": "2023-11-29T00:00:00", "A_PROJECT_": "East Geer Street Apartments", "A_DESCRIPT": "208 apartments totaling 60,576 square feet.", "A_USER_ID": "COLERE", "A_CASE_PLA": "COLERE", "StatCode": "APP", "AppStatus": "Approved", "AppCode": "PL_MINSP", "AppType": "Level 4 - Administrative Site Plan", "CasePlanne": "Cole Renigar", "EMAIL": "Cole.Renigar@durhamnc.gov", "ORIG_FID": 18290, "CreationDa": "2025-09-20T00:00:00", "Creator": "gisproc_sys", "EditDate": "2025-09-20T00:00:00", "Editor": "gisproc_sys", "match_results": "[(208, None, 'apartment', None)]" }, "geometry": { "type": "Point", "coordinates": [ -78.842474546172681, 36.025919367056247 ] } },
{ "type": "Feature", "properties": { "A_NUMBER": "D2400123", "A_TYPE": "PL_MINSP", "A_DATE": "2024-05-24T00:00:00", "A_STATUS": "APP", "A_STATUS_D": "2024-12-19T00:00:00", "A_PROJECT_": "Cresta Cottages", "A_DESCRIPT": "22 small lot single family residential development.", "A_USER_ID": "COLERE", "A_CASE_PLA": "COLERE", "StatCode": "APP", "AppStatus": "Approved", "AppCode": "PL_MINSP", "AppType": "Level 4 - Administrative Site Plan", "CasePlanne": "Cole Renigar", "EMAIL": "Cole.Renigar@durhamnc.gov", "ORIG_FID": 18300, "CreationDa": "2025-09-20T00:00:00", "Creator": "gisproc_sys", "EditDate": "2025-09-20T00:00:00", "Editor": "gisproc_sys", "match_results": "[(22, None, 'single family', None)]" }, "geometry": { "type": "Point", "coordinates": [ -78.92380589087773, 35.961940488606984 ] } },
{ "type": "Feature", "properties": { "A_NUMBER": "D2300256", "A_TYPE": "PL_MINSP", "A_DATE": "2023-11-13T00:00:00", "A_STATUS": "APP", "A_STATUS_D": "2025-04-21T00:00:00", "A_PROJECT_": "Fletcher Crossing Townhomes", "A_DESCRIPT": "Site plan and related infrastructure for 80 residential townhomes, including roadway, utility, grading, and stormwater.", "A_USER_ID": "PEYTONBL", "A_CASE_PLA": "PEYTONBL", "StatCode": "APP", "AppStatus": "Approved", "AppCode": "PL_MINSP", "AppType": "Level 4 - Administrative Site Plan", "CasePlanne": "PEYTON BLANCHARD", "EMAIL": "PEYTON.BLANCHARD@DURHAMNC.GOV", "ORIG_FID": 18426, "CreationDa": "2025-09-20T00:00:00", "Creator": "gisproc_sys", "EditDate": "2025-09-20T00:00:00", "Editor": "gisproc_sys", "match_results": "[(80, None, 'townhouse', None)]" }, "geometry": { "type": "Point", "coordinates": [ -78.82818757320031, 35.971587283413683 ] } },
{ "type": "Feature", "properties": { "A_NUMBER": "A1900014", "A_TYPE": "PL_CPAA", "A_DATE": "2019-08-08T00:00:00", "A_STATUS": "APP", "A_STATUS_D": "2020-07-13T00:00:00", "A_PROJECT_": "NCCU Student Center", "A_DESCRIPT": "Plan Amendment from Low Medium Density Residential to Institutional", "A_USER_ID": "GSMITH", "A_CASE_PLA": "JAMIESUN", "StatCode": "APP", "AppStatus": "Approved", "AppCode": "PL_CPAA", "AppType": "Comprehensive Plan Map or Plan Amendment", "CasePlanne": null, "EMAIL": null, "ORIG_FID": 18447, "CreationDa": "2025-09-20T00:00:00", "Creator": "gisproc_sys", "EditDate": "2025-09-20T00:00:00", "Editor": "gisproc_sys", "match_results": [ ] }, "geometry": { "type": "Point", "coordinates": [ -78.900193956847886, 35.971476630571345 ] } },
{ "type": "Feature", "properties": { "A_NUMBER": "D2200351", "A_TYPE": "PL_MINSP", "A_DATE": "2022-10-12T00:00:00", "A_STATUS": "APP", "A_STATUS_D": "2024-01-12T00:00:00", "A_PROJECT_": "Courtyards at Doc Nichols", "A_DESCRIPT": "102 Single family detached lots with 64 townhome lots with supporting open space.", "A_USER_ID": "COLERE", "A_CASE_PLA": "KEAGANSA", "StatCode": "APP", "AppStatus": "Approved", "AppCode": "PL_MINSP", "AppType": "Level 4 - Administrative Site Plan", "CasePlanne": "Keagan Sacripanti", "EMAIL": "Keagan.Sacripanti@durhamnc.gov", "ORIG_FID": 18481, "CreationDa": "2025-09-20T00:00:00", "Creator": "gisproc_sys", "EditDate": "2025-09-20T00:00:00", "Editor": "gisproc_sys", "match_results": "[(102, None, 'single family', 'lots'), (64, None, 'townhouse', 'lots')]" }, "geometry": { "type": "Point", "coordinates": [ -78.795195965564844, 35.945873008342375 ] } },
{ "type": "Feature", "properties": { "A_NUMBER": "D2200251", "A_TYPE": "PL_MINSP", "A_DATE": "2022-07-19T00:00:00", "A_STATUS": "APP", "A_STATUS_D": "2022-09-29T00:00:00", "A_PROJECT_": "Hope Crossing II - Belmont Lots Grading Plans", "A_DESCRIPT": "Mass grading of existing single family lots.", "A_USER_ID": "JESSICADO", "A_CASE_PLA": "TREYFI", "StatCode": "APP", "AppStatus": "Approved", "AppCode": "PL_MINSP", "AppType": "Level 4 - Administrative Site Plan", "CasePlanne": "Trey Figueroa", "EMAIL": "Trey.Figueroa@durhamnc.gov", "ORIG_FID": 18551, "CreationDa": "2025-09-20T00:00:00", "Creator": "gisproc_sys", "EditDate": "2025-09-20T00:00:00", "Editor": "gisproc_sys", "match_results": [ ] }, "geometry": { "type": "Point", "coordinates": [ -78.847024515253139, 35.999574753433755 ] } },
{ "type": "Feature", "properties": { "A_NUMBER": "D2100309", "A_TYPE": "PL_MINSP", "A_DATE": "2021-09-13T00:00:00", "A_STATUS": "APP", "A_STATUS_D": "2024-01-29T00:00:00", "A_PROJECT_": "Arvin Subdivision", "A_DESCRIPT": "Single Family subdivision with 390 single-family lots, 191 townhouse lots and rec site.", "A_USER_ID": "TDANNER", "A_CASE_PLA": "KEAGANSA", "StatCode": "APP", "AppStatus": "Approved", "AppCode": "PL_MINSP", "AppType": "Level 4 - Administrative Site Plan", "CasePlanne": "Keagan Sacripanti", "EMAIL": "Keagan.Sacripanti@durhamnc.gov", "ORIG_FID": 18812, "CreationDa": "2025-09-20T00:00:00", "Creator": "gisproc_sys", "EditDate": "2025-09-20T00:00:00", "Editor": "gisproc_sys", "match_results": "[(390, None, 'single family', None), (191, None, 'townhouse', 'lots')]" }, "geometry": { "type": "Point", "coordinates": [ -78.825608197912814, 36.004878353829561 ] } },
{ "type": "Feature", "properties": { "A_NUMBER": "D2300223", "A_TYPE": "PL_MINSP", "A_DATE": "2023-09-29T00:00:00", "A_STATUS": "APP", "A_STATUS_D": "2025-05-22T00:00:00", "A_PROJECT_": "Sherron Creek", "A_DESCRIPT": "New 108-unit townhome development including amenities and associated infrastructure. 114 new lots.", "A_USER_ID": "COLERE", "A_CASE_PLA": "COLERE", "StatCode": "APP", "AppStatus": "Approved", "AppCode": "PL_MINSP", "AppType": "Level 4 - Administrative Site Plan", "CasePlanne": "Cole Renigar", "EMAIL": "Cole.Renigar@durhamnc.gov", "ORIG_FID": 18885, "CreationDa": "2025-09-20T00:00:00", "Creator": "gisproc_sys", "EditDate": "2025-09-20T00:00:00", "Editor": "gisproc_sys", "match_results": "[(108, None, 'townhouse', None)]" }, "geometry": { "type": "Point", "coordinates": [ -78.823390773360813, 35.960733025843282 ] } },
{ "type": "Feature", "properties": { "A_NUMBER": "D2200332", "A_TYPE": "PL_MINSP", "A_DATE": "2022-09-29T00:00:00", "A_STATUS": "UN_RE", "A_STATUS_D": "2025-03-04T00:00:00", "A_PROJECT_": "Glennstone Annex", "A_DESCRIPT": "17 Single family lots extending from ex. Chimney Stone Road.", "A_USER_ID": "AKINROTIMIA", "A_CASE_PLA": "TREYFI", "StatCode": "UN_RE", "AppStatus": "Under Review", "AppCode": "PL_MINSP", "AppType": "Level 4 - Administrative Site Plan", "CasePlanne": "Trey Figueroa", "EMAIL": "Trey.Figueroa@durhamnc.gov", "ORIG_FID": 18982, "CreationDa": "2025-09-20T00:00:00", "Creator": "gisproc_sys", "EditDate": "2025-09-20T00:00:00", "Editor": "gisproc_sys", "match_results": "[(17, None, 'single family', 'lots')]" }, "geometry": { "type": "Point", "coordinates": [ -78.835282919947815, 36.054363095631452 ] } },
{ "type": "Feature", "properties": { "A_NUMBER": "D1900164", "A_TYPE": "PL_MINSP", "A_DATE": "2019-05-24T00:00:00", "A_STATUS": "APP", "A_STATUS_D": "2020-08-28T00:00:00", "A_PROJECT_": "The Vega 214 Hunt", "A_DESCRIPT": "59 condominiums, 6030 sf commercial space and two levels of structured parking 39079 SF", "A_USER_ID": "PEYTONBL", "A_CASE_PLA": "ELIZAMO", "StatCode": "APP", "AppStatus": "Approved", "AppCode": "PL_MINSP", "AppType": "Level 4 - Administrative Site Plan", "CasePlanne": "Eliza Monroe", "EMAIL": "Eliza.Monroe@durhamnc.gov", "ORIG_FID": 19192, "CreationDa": "2025-09-20T00:00:00", "Creator": "gisproc_sys", "EditDate": "2025-09-20T00:00:00", "Editor": "gisproc_sys", "match_results": "[(59, None, 'condo', None)]" }, "geometry": { "type": "Point", "coordinates": [ -78.900439561147849, 36.000215754915672 ] } },
{ "type": "Feature", "properties": { "A_NUMBER": "D2100142", "A_TYPE": "PL_MINSP", "A_DATE": "2021-05-24T00:00:00", "A_STATUS": "APP", "A_STATUS_D": "2021-07-12T00:00:00", "A_PROJECT_": "Parmer RTP Campus Improvements - Phase II", "A_DESCRIPT": "Retro-fit campus from a single tenant facility to a multi - tenant facility.", "A_USER_ID": "TREYFI", "A_CASE_PLA": "TREYFI", "StatCode": "APP", "AppStatus": "Approved", "AppCode": "PL_MINSP", "AppType": "Level 4 - Administrative Site Plan", "CasePlanne": "Trey Figueroa", "EMAIL": "Trey.Figueroa@durhamnc.gov", "ORIG_FID": 19193, "CreationDa": "2025-09-20T00:00:00", "Creator": "gisproc_sys", "EditDate": "2025-09-20T00:00:00", "Editor": "gisproc_sys", "match_results": [ ] }, "geometry": { "type": "Point", "coordinates": [ -78.862273465400875, 35.9344526599902 ] } },
{ "type": "Feature", "properties": { "A_NUMBER": "D2000123", "A_TYPE": "PL_MINSP", "A_DATE": "2020-06-01T00:00:00", "A_STATUS": "APP", "A_STATUS_D": "2020-11-24T00:00:00", "A_PROJECT_": "GeerHouse", "A_DESCRIPT": "Two new multistory buildings, with 312 apartment units, associated infrastructure and site improvements.", "A_USER_ID": "JESSICADO", "A_CASE_PLA": "COURTNEYMC", "StatCode": "APP", "AppStatus": "Approved", "AppCode": "PL_MINSP", "AppType": "Level 4 - Administrative Site Plan", "CasePlanne": "Courtney McQueen", "EMAIL": "Courtney.McQueen@durhamnc.gov", "ORIG_FID": 19230, "CreationDa": "2025-09-20T00:00:00", "Creator": "gisproc_sys", "EditDate": "2025-09-20T00:00:00", "Editor": "gisproc_sys", "match_results": "[(312, None, 'apartment', 'units')]" }, "geometry": { "type": "Point", "coordinates": [ -78.901006692435715, 36.003104242224346 ] } },
{ "type": "Feature", "properties": { "A_NUMBER": "D2200371", "A_TYPE": "PL_MINSP", "A_DATE": "2022-10-24T00:00:00", "A_STATUS": "APP", "A_STATUS_D": "2023-04-20T00:00:00", "A_PROJECT_": "311 W Corporation", "A_DESCRIPT": "45 units multifamily residential apartments", "A_USER_ID": "HERALDGO", "A_CASE_PLA": "ROBINSH", "StatCode": "APP", "AppStatus": "Approved", "AppCode": "PL_MINSP", "AppType": "Level 4 - Administrative Site Plan", "CasePlanne": "Robin Schultze", "EMAIL": "Robin.Schultze@durhamnc.gov", "ORIG_FID": 19267, "CreationDa": "2025-09-20T00:00:00", "Creator": "gisproc_sys", "EditDate": "2025-09-20T00:00:00", "Editor": "gisproc_sys", "match_results": "[(45, None, 'multifamily', None)]" }, "geometry": { "type": "Point", "coordinates": [ -78.898906603353623, 36.001690204971091 ] } },
{ "type": "Feature", "properties": { "A_NUMBER": "D2100038", "A_TYPE": "PL_MINSP", "A_DATE": "2021-02-10T00:00:00", "A_STATUS": "APP", "A_STATUS_D": "2021-07-15T00:00:00", "A_PROJECT_": "Erwin Terrace Residential Wrapper & Pad 5", "A_DESCRIPT": "245 Multi - family residential units, 11,189 sf commercial and 326 space structured parking", "A_USER_ID": "JOHNRA", "A_CASE_PLA": "JOHNRA", "StatCode": "APP", "AppStatus": "Approved", "AppCode": "PL_MINSP", "AppType": "Level 4 - Administrative Site Plan", "CasePlanne": "John Rabon", "EMAIL": "John.Rabon@durhamnc.gov", "ORIG_FID": 19284, "CreationDa": "2025-09-20T00:00:00", "Creator": "gisproc_sys", "EditDate": "2025-09-20T00:00:00", "Editor": "gisproc_sys", "match_results": "[(245, None, 'multifamily', None)]" }, "geometry": { "type": "Point", "coordinates": [ -78.94787292114863, 36.007323886373399 ] } },
{ "type": "Feature", "properties": { "A_NUMBER": "D1900294", "A_TYPE": "PL_MINSP", "A_DATE": "2019-08-20T00:00:00", "A_STATUS": "APP", "A_STATUS_D": "2020-05-29T00:00:00", "A_PROJECT_": "Kendrick Estates", "A_DESCRIPT": "38 Single - family lot cluster development, 2 stormwater ponds, and associated infrastructure", "A_USER_ID": "ROBINSH", "A_CASE_PLA": "DCULTRA", "StatCode": "APP", "AppStatus": "Approved", "AppCode": "PL_MINSP", "AppType": "Level 4 - Administrative Site Plan", "CasePlanne": "Danny Cultra", "EMAIL": "Danny.Cultra@durhamnc.gov", "ORIG_FID": 19286, "CreationDa": "2025-09-20T00:00:00", "Creator": "gisproc_sys", "EditDate": "2025-09-20T00:00:00", "Editor": "gisproc_sys", "match_results": "[(38, None, 'single family', None)]" }, "geometry": { "type": "Point", "coordinates": [ -78.991453930445772, 35.980401427382958 ] } },
{ "type": "Feature", "properties": { "A_NUMBER": "D2100250", "A_TYPE": "PL_MINSP", "A_DATE": "2021-08-06T00:00:00", "A_STATUS": "APP", "A_STATUS_D": "2022-01-11T00:00:00", "A_PROJECT_": "Shoccoree Residential Phase II", "A_DESCRIPT": "100 Single - family lots + 5 open space lots", "A_USER_ID": "JESSICADO", "A_CASE_PLA": "COLERE", "StatCode": "APP", "AppStatus": "Approved", "AppCode": "PL_MINSP", "AppType": "Level 4 - Administrative Site Plan", "CasePlanne": "Cole Renigar", "EMAIL": "Cole.Renigar@durhamnc.gov", "ORIG_FID": 19420, "CreationDa": "2025-09-20T00:00:00", "Creator": "gisproc_sys", "EditDate": "2025-09-20T00:00:00", "Editor": "gisproc_sys", "match_results": "[(100, None, 'single family', 'lots')]" }, "geometry": { "type": "Point", "coordinates": [ -78.962129846440121, 36.034501517879626 ] } },
{ "type": "Feature", "properties": { "A_NUMBER": "D2200301", "A_TYPE": "PL_MINSP", "A_DATE": "2022-09-06T00:00:00", "A_STATUS": "APP", "A_STATUS_D": "2023-05-04T00:00:00", "A_PROJECT_": "102 W Morgan Street", "A_DESCRIPT": "Construction of 228 multifamily units with associated amenities and infrastructure.", "A_USER_ID": "TREYFI", "A_CASE_PLA": "TREYFI", "StatCode": "APP", "AppStatus": "Approved", "AppCode": "PL_MINSP", "AppType": "Level 4 - Administrative Site Plan", "CasePlanne": "Trey Figueroa", "EMAIL": "Trey.Figueroa@durhamnc.gov", "ORIG_FID": 19429, "CreationDa": "2025-09-20T00:00:00", "Creator": "gisproc_sys", "EditDate": "2025-09-20T00:00:00", "Editor": "gisproc_sys", "match_results": "[(228, None, 'multifamily', 'units')]" }, "geometry": { "type": "Point", "coordinates": [ -78.899505420676775, 35.998520714397756 ] } },
{ "type": "Feature", "properties": { "A_NUMBER": "D2200428", "A_TYPE": "PL_MINSP", "A_DATE": "2022-12-20T00:00:00", "A_STATUS": "APP", "A_STATUS_D": "2024-10-03T00:00:00", "A_PROJECT_": "Alpaca Chicken", "A_DESCRIPT": "The proposed development combines two existing lots. A multi-tenant commercial building including a restaurant and retail is proposed.", "A_USER_ID": "KEAGANSA", "A_CASE_PLA": "KEAGANSA", "StatCode": "APP", "AppStatus": "Approved", "AppCode": "PL_MINSP", "AppType": "Level 4 - Administrative Site Plan", "CasePlanne": "Keagan Sacripanti", "EMAIL": "Keagan.Sacripanti@durhamnc.gov", "ORIG_FID": 19760, "CreationDa": "2025-09-20T00:00:00", "Creator": "gisproc_sys", "EditDate": "2025-09-20T00:00:00", "Editor": "gisproc_sys", "match_results": [ ] }, "geometry": { "type": "Point", "coordinates": [ -78.84018035544257, 35.940887671216551 ] } },
{ "type": "Feature", "properties": { "A_NUMBER": "D2200169", "A_TYPE": "PL_MINSP", "A_DATE": "2022-05-24T00:00:00", "A_STATUS": "APP", "A_STATUS_D": "2023-01-17T00:00:00", "A_PROJECT_": "Massey Chapel Townhouses", "A_DESCRIPT": "24 townhome lots.", "A_USER_ID": "JESSICADO", "A_CASE_PLA": "ROBINSH", "StatCode": "APP", "AppStatus": "Approved", "AppCode": "PL_MINSP", "AppType": "Level 4 - Administrative Site Plan", "CasePlanne": "Robin Schultze", "EMAIL": "Robin.Schultze@durhamnc.gov", "ORIG_FID": 19777, "CreationDa": "2025-09-20T00:00:00", "Creator": "gisproc_sys", "EditDate": "2025-09-20T00:00:00", "Editor": "gisproc_sys", "match_results": "[(24, None, 'townhouse', 'lots')]" }, "geometry": { "type": "Point", "coordinates": [ -78.946575708272519, 35.896516970761226 ] } },
{ "type": "Feature", "properties": { "A_NUMBER": "D1900326", "A_TYPE": "PL_MINSP", "A_DATE": "2019-09-12T00:00:00", "A_STATUS": "APP", "A_STATUS_D": "2020-10-21T00:00:00", "A_PROJECT_": "Moriah Multi- Family", "A_DESCRIPT": "264 Unit apartment complex, with 7,150 Sf  clubhouse and associated site work.", "A_USER_ID": "KIMRO", "A_CASE_PLA": "DCULTRA", "StatCode": "APP", "AppStatus": "Approved", "AppCode": "PL_MINSP", "AppType": "Level 4 - Administrative Site Plan", "CasePlanne": "Danny Cultra", "EMAIL": "Danny.Cultra@durhamnc.gov", "ORIG_FID": 19828, "CreationDa": "2025-09-20T00:00:00", "Creator": "gisproc_sys", "EditDate": "2025-09-20T00:00:00", "Editor": "gisproc_sys", "match_results": "[(264, None, 'apartment', None)]" }, "geometry": { "type": "Point", "coordinates": [ -78.993764726745979, 35.947024684068914 ] } },
{ "type": "Feature", "properties": { "A_NUMBER": "D2200386", "A_TYPE": "PL_MINSP", "A_DATE": "2022-11-03T00:00:00", "A_STATUS": "APP", "A_STATUS_D": "2024-02-28T00:00:00", "A_PROJECT_": "3851 Hope Valley Road", "A_DESCRIPT": "Duplexes and single family subdivision. 40 total units, 3 open space lots.", "A_USER_ID": "JESSICADO", "A_CASE_PLA": "ROBINSH", "StatCode": "APP", "AppStatus": "Approved", "AppCode": "PL_MINSP", "AppType": "Level 4 - Administrative Site Plan", "CasePlanne": "Robin Schultze", "EMAIL": "Robin.Schultze@durhamnc.gov", "ORIG_FID": 19888, "CreationDa": "2025-09-20T00:00:00", "Creator": "gisproc_sys", "EditDate": "2025-09-20T00:00:00", "Editor": "gisproc_sys", "match_results": [ ] }, "geometry": { "type": "Point", "coordinates": [ -78.941755320358425, 35.94067663199769 ] } },
{ "type": "Feature", "properties": { "A_NUMBER": "D2300062", "A_TYPE": "PL_MINSP", "A_DATE": "2023-03-03T00:00:00", "A_STATUS": "APP", "A_STATUS_D": "2023-12-07T00:00:00", "A_PROJECT_": "5202 Garrett Road", "A_DESCRIPT": "6 townhouses with small parking lot, dog park, and passive open space.", "A_USER_ID": "COLERE", "A_CASE_PLA": "COLERE", "StatCode": "APP", "AppStatus": "Approved", "AppCode": "PL_MINSP", "AppType": "Level 4 - Administrative Site Plan", "CasePlanne": "Cole Renigar", "EMAIL": "Cole.Renigar@durhamnc.gov", "ORIG_FID": 20215, "CreationDa": "2025-09-20T00:00:00", "Creator": "gisproc_sys", "EditDate": "2025-09-20T00:00:00", "Editor": "gisproc_sys", "match_results": "[(6, None, 'townhouse', None)]" }, "geometry": { "type": "Point", "coordinates": [ -78.969743910344263, 35.948994800721692 ] } },
{ "type": "Feature", "properties": { "A_NUMBER": "D2300140", "A_TYPE": "PL_MINSP", "A_DATE": "2023-05-22T00:00:00", "A_STATUS": "APP", "A_STATUS_D": "2024-06-30T00:00:00", "A_PROJECT_": "2201 Cornwallis Land", "A_DESCRIPT": "103,000 sq. ft. of multifamily residential building area with 90 units plus open space lots.", "A_USER_ID": "TREYFI", "A_CASE_PLA": "TREYFI", "StatCode": "APP", "AppStatus": "Approved", "AppCode": "PL_MINSP", "AppType": "Level 4 - Administrative Site Plan", "CasePlanne": "Trey Figueroa", "EMAIL": "Trey.Figueroa@durhamnc.gov", "ORIG_FID": 20253, "CreationDa": "2025-09-20T00:00:00", "Creator": "gisproc_sys", "EditDate": "2025-09-20T00:00:00", "Editor": "gisproc_sys", "match_results": "[(90, None, 'multifamily', 'units')]" }, "geometry": { "type": "Point", "coordinates": [ -78.959082141237886, 35.982499657870477 ] } },
{ "type": "Feature", "properties": { "A_NUMBER": "D2400176", "A_TYPE": "PL_MINSP", "A_DATE": "2024-08-13T00:00:00", "A_STATUS": "UN_RE", "A_STATUS_D": "2024-08-13T00:00:00", "A_PROJECT_": "Fox Crossing II", "A_DESCRIPT": "320 apartment units with 4800 sq ft of commercial space", "A_USER_ID": "EDWARDFR", "A_CASE_PLA": "TREYFI", "StatCode": "UN_RE", "AppStatus": "Under Review", "AppCode": "PL_MINSP", "AppType": "Level 4 - Administrative Site Plan", "CasePlanne": "Trey Figueroa", "EMAIL": "Trey.Figueroa@durhamnc.gov", "ORIG_FID": 20341, "CreationDa": "2025-09-20T00:00:00", "Creator": "gisproc_sys", "EditDate": "2025-09-20T00:00:00", "Editor": "gisproc_sys", "match_results": "[(320, None, 'apartment', 'units')]" }, "geometry": { "type": "Point", "coordinates": [ -78.852263132688023, 35.970853542440373 ] } },
{ "type": "Feature", "properties": { "A_NUMBER": "D2400193", "A_TYPE": "PL_MINSP", "A_DATE": "2024-08-27T00:00:00", "A_STATUS": "APP", "A_STATUS_D": "2025-01-31T00:00:00", "A_PROJECT_": "Durham Summit", "A_DESCRIPT": "312 multi-family apartment units with surface parking.", "A_USER_ID": "JESSICADO", "A_CASE_PLA": "PEYTONBL", "StatCode": "APP", "AppStatus": "Approved", "AppCode": "PL_MINSP", "AppType": "Level 4 - Administrative Site Plan", "CasePlanne": "PEYTON BLANCHARD", "EMAIL": "PEYTON.BLANCHARD@DURHAMNC.GOV", "ORIG_FID": 20386, "CreationDa": "2025-09-20T00:00:00", "Creator": "gisproc_sys", "EditDate": "2025-09-20T00:00:00", "Editor": "gisproc_sys", "match_results": "[(312, None, 'multifamily', None)]" }, "geometry": { "type": "Point", "coordinates": [ -78.903793589889105, 36.046505523196032 ] } },
{ "type": "Feature", "properties": { "A_NUMBER": "D2400201", "A_TYPE": "PL_MINSP", "A_DATE": "2024-09-06T00:00:00", "A_STATUS": "APP", "A_STATUS_D": "2025-08-13T00:00:00", "A_PROJECT_": "Trinity Park Townhomes", "A_DESCRIPT": "20 townhomes with ADU's and a commercial parking lot to serve the adjacent hotel.", "A_USER_ID": "ADDMGR", "A_CASE_PLA": "TREYFI", "StatCode": "APP", "AppStatus": "Approved", "AppCode": "PL_MINSP", "AppType": "Level 4 - Administrative Site Plan", "CasePlanne": "Trey Figueroa", "EMAIL": "Trey.Figueroa@durhamnc.gov", "ORIG_FID": 20413, "CreationDa": "2025-09-20T00:00:00", "Creator": "gisproc_sys", "EditDate": "2025-09-20T00:00:00", "Editor": "gisproc_sys", "match_results": "[(20, None, 'townhouse', None)]" }, "geometry": { "type": "Point", "coordinates": [ -78.910588609760822, 36.001933323150155 ] } },
{ "type": "Feature", "properties": { "A_NUMBER": "D2400205", "A_TYPE": "PL_MINSP", "A_DATE": "2024-09-11T00:00:00", "A_STATUS": "APP", "A_STATUS_D": "2025-04-30T00:00:00", "A_PROJECT_": "Fayette Place Ph 1", "A_DESCRIPT": "252 affordable unit apartment complex.", "A_USER_ID": "COLERE", "A_CASE_PLA": "COLERE", "StatCode": "APP", "AppStatus": "Approved", "AppCode": "PL_MINSP", "AppType": "Level 4 - Administrative Site Plan", "CasePlanne": "Cole Renigar", "EMAIL": "Cole.Renigar@durhamnc.gov", "ORIG_FID": 20417, "CreationDa": "2025-09-20T00:00:00", "Creator": "gisproc_sys", "EditDate": "2025-09-20T00:00:00", "Editor": "gisproc_sys", "match_results": "[(252, None, 'apartment', None)]" }, "geometry": { "type": "Point", "coordinates": [ -78.895567603353086, 35.983878717430727 ] } },
{ "type": "Feature", "properties": { "A_NUMBER": "D2400211", "A_TYPE": "PL_SSP_SM", "A_DATE": "2024-09-17T00:00:00", "A_STATUS": "UN_RE", "A_STATUS_D": "2025-03-21T00:00:00", "A_PROJECT_": "High Good - 106 Watts", "A_DESCRIPT": "25 MF residential units with ground floor commercial and under building parking.", "A_USER_ID": "FRANCISCOM", "A_CASE_PLA": "COLERE", "StatCode": "UN_RE", "AppStatus": "Under Review", "AppCode": "PL_SSP_SM", "AppType": "Level 3 - Administrative Site Plan", "CasePlanne": "Cole Renigar", "EMAIL": "Cole.Renigar@durhamnc.gov", "ORIG_FID": 20449, "CreationDa": "2025-09-20T00:00:00", "Creator": "gisproc_sys", "EditDate": "2025-09-20T00:00:00", "Editor": "gisproc_sys", "match_results": "[(25, None, 'mf', None)]" }, "geometry": { "type": "Point", "coordinates": [ -78.91084431148731, 36.001616162687107 ] } },
{ "type": "Feature", "properties": { "A_NUMBER": "D2000155", "A_TYPE": "PL_MINSP", "A_DATE": "2020-07-07T00:00:00", "A_STATUS": "APP", "A_STATUS_D": "2021-03-19T00:00:00", "A_PROJECT_": "4000 Danube Lane", "A_DESCRIPT": "90 townhome units with associated parking, utilities and stormwater.", "A_USER_ID": "COLERE", "A_CASE_PLA": "COLERE", "StatCode": "APP", "AppStatus": "Approved", "AppCode": "PL_MINSP", "AppType": "Level 4 - Administrative Site Plan", "CasePlanne": "Cole Renigar", "EMAIL": "Cole.Renigar@durhamnc.gov", "ORIG_FID": 20456, "CreationDa": "2025-09-20T00:00:00", "Creator": "gisproc_sys", "EditDate": "2025-09-20T00:00:00", "Editor": "gisproc_sys", "match_results": "[(90, None, 'townhouse', 'units')]" }, "geometry": { "type": "Point", "coordinates": [ -78.887388401192183, 36.04761396562553 ] } },
{ "type": "Feature", "properties": { "A_NUMBER": "D2400080", "A_TYPE": "PL_MINSP", "A_DATE": "2024-04-09T00:00:00", "A_STATUS": "APP", "A_STATUS_D": "2025-02-04T00:00:00", "A_PROJECT_": "Westside Bottling", "A_DESCRIPT": "Redevelopment of old Coca Cola Bottling plant into mixed use with retail, apartment, and townhomes.", "A_USER_ID": "TREYFI", "A_CASE_PLA": "TREYFI", "StatCode": "APP", "AppStatus": "Approved", "AppCode": "PL_MINSP", "AppType": "Level 4 - Administrative Site Plan", "CasePlanne": "Trey Figueroa", "EMAIL": "Trey.Figueroa@durhamnc.gov", "ORIG_FID": 20527, "CreationDa": "2025-09-20T00:00:00", "Creator": "gisproc_sys", "EditDate": "2025-09-20T00:00:00", "Editor": "gisproc_sys", "match_results": [ ] }, "geometry": { "type": "Point", "coordinates": [ -78.943153345475281, 36.019603906671598 ] } },
{ "type": "Feature", "properties": { "A_NUMBER": "D2100431", "A_TYPE": "PL_MINSP", "A_DATE": "2021-12-06T00:00:00", "A_STATUS": "APP", "A_STATUS_D": "2022-12-15T00:00:00", "A_PROJECT_": "507 Yancey", "A_DESCRIPT": "55-unit multifamily residential construction (associated with D1800273)", "A_USER_ID": "ROBINSH", "A_CASE_PLA": "ROBINSH", "StatCode": "APP", "AppStatus": "Approved", "AppCode": "PL_MINSP", "AppType": "Level 4 - Administrative Site Plan", "CasePlanne": "Robin Schultze", "EMAIL": "Robin.Schultze@durhamnc.gov", "ORIG_FID": 20598, "CreationDa": "2025-09-20T00:00:00", "Creator": "gisproc_sys", "EditDate": "2025-09-20T00:00:00", "Editor": "gisproc_sys", "match_results": "[(55, None, 'multifamily', None)]" }, "geometry": { "type": "Point", "coordinates": [ -78.909483168890105, 35.993731070285101 ] } },
{ "type": "Feature", "properties": { "A_NUMBER": "D1900073", "A_TYPE": "PL_MINSP", "A_DATE": "2019-03-21T00:00:00", "A_STATUS": "APP", "A_STATUS_D": "2022-08-26T00:00:00", "A_PROJECT_": "Odyssey Townhome Development", "A_DESCRIPT": "165 Townhomes units plus 3 open space lots.", "A_USER_ID": "MARCORI", "A_CASE_PLA": "DCULTRA", "StatCode": "APP", "AppStatus": "Approved", "AppCode": "PL_MINSP", "AppType": "Level 4 - Administrative Site Plan", "CasePlanne": "Danny Cultra", "EMAIL": "Danny.Cultra@durhamnc.gov", "ORIG_FID": 20603, "CreationDa": "2025-09-20T00:00:00", "Creator": "gisproc_sys", "EditDate": "2025-09-20T00:00:00", "Editor": "gisproc_sys", "match_results": "[(165, None, 'townhouse', None)]" }, "geometry": { "type": "Point", "coordinates": [ -78.891497603074242, 35.926468448313152 ] } },
{ "type": "Feature", "properties": { "A_NUMBER": "D2400233", "A_TYPE": "PL_MINSP", "A_DATE": "2024-10-21T00:00:00", "A_STATUS": "CORR", "A_STATUS_D": "2025-07-21T00:00:00", "A_PROJECT_": "Greenleaf Townes", "A_DESCRIPT": "100 townhomes with public water and sewer, private roads, and associated infrastructure.", "A_USER_ID": "JMCNEILL", "A_CASE_PLA": "COLERE", "StatCode": "CORR", "AppStatus": "Corrections Required", "AppCode": "PL_MINSP", "AppType": "Level 4 - Administrative Site Plan", "CasePlanne": "Cole Renigar", "EMAIL": "Cole.Renigar@durhamnc.gov", "ORIG_FID": 20714, "CreationDa": "2025-09-20T00:00:00", "Creator": "gisproc_sys", "EditDate": "2025-09-20T00:00:00", "Editor": "gisproc_sys", "match_results": "[(100, None, 'townhouse', None)]" }, "geometry": { "type": "Point", "coordinates": [ -78.801584218066409, 35.967866968003186 ] } },
{ "type": "Feature", "properties": { "A_NUMBER": "D2400246", "A_TYPE": "PL_MINSP", "A_DATE": "2024-11-08T00:00:00", "A_STATUS": "APP", "A_STATUS_D": "2025-08-25T00:00:00", "A_PROJECT_": "Aura 751", "A_DESCRIPT": "339 multifamily units and associated amenity space.", "A_USER_ID": "TREYFI", "A_CASE_PLA": "TREYFI", "StatCode": "APP", "AppStatus": "Approved", "AppCode": "PL_MINSP", "AppType": "Level 4 - Administrative Site Plan", "CasePlanne": "Trey Figueroa", "EMAIL": "Trey.Figueroa@durhamnc.gov", "ORIG_FID": 20758, "CreationDa": "2025-09-20T00:00:00", "Creator": "gisproc_sys", "EditDate": "2025-09-20T00:00:00", "Editor": "gisproc_sys", "match_results": "[(339, None, 'multifamily', 'units')]" }, "geometry": { "type": "Point", "coordinates": [ -78.960092836781214, 35.895812322788764 ] } },
{ "type": "Feature", "properties": { "A_NUMBER": "D2400261", "A_TYPE": "PL_MINSP", "A_DATE": "2024-11-21T00:00:00", "A_STATUS": "UN_RE", "A_STATUS_D": "2024-11-21T00:00:00", "A_PROJECT_": "Pointe Grand Durham", "A_DESCRIPT": "Apartment development with a maximum of 260 units. DU/AC 10.455.", "A_USER_ID": "ERIKA", "A_CASE_PLA": "TREYFI", "StatCode": "UN_RE", "AppStatus": "Under Review", "AppCode": "PL_MINSP", "AppType": "Level 4 - Administrative Site Plan", "CasePlanne": "Trey Figueroa", "EMAIL": "Trey.Figueroa@durhamnc.gov", "ORIG_FID": 20796, "CreationDa": "2025-09-20T00:00:00", "Creator": "gisproc_sys", "EditDate": "2025-09-20T00:00:00", "Editor": "gisproc_sys", "match_results": [ ] }, "geometry": { "type": "Point", "coordinates": [ -78.798215689269256, 35.975819656435881 ] } },
{ "type": "Feature", "properties": { "A_NUMBER": "D2400268", "A_TYPE": "PL_MINSP", "A_DATE": "2024-12-02T00:00:00", "A_STATUS": "APP", "A_STATUS_D": "2025-08-11T00:00:00", "A_PROJECT_": "Miami Blvd Multifamily", "A_DESCRIPT": "4-Multifamily apartment buildings (270 units), clubhouse, amenity area and related infrastructure.", "A_USER_ID": "TREYFI", "A_CASE_PLA": "TREYFI", "StatCode": "APP", "AppStatus": "Approved", "AppCode": "PL_MINSP", "AppType": "Level 4 - Administrative Site Plan", "CasePlanne": "Trey Figueroa", "EMAIL": "Trey.Figueroa@durhamnc.gov", "ORIG_FID": 20821, "CreationDa": "2025-09-20T00:00:00", "Creator": "gisproc_sys", "EditDate": "2025-09-20T00:00:00", "Editor": "gisproc_sys", "match_results": "[(4, None, 'multifamily', None), (270, None, 'apartment', 'units')]" }, "geometry": { "type": "Point", "coordinates": [ -78.845642919519307, 35.931876940895194 ] } },
{ "type": "Feature", "properties": { "A_NUMBER": "D2400270", "A_TYPE": "PL_MINSP", "A_DATE": "2024-12-03T00:00:00", "A_STATUS": "APP", "A_STATUS_D": "2025-06-02T00:00:00", "A_PROJECT_": "Dillard St Apartments (Ph 4BC)", "A_DESCRIPT": "2-4 story, residential buildings with 98 affordable apartment units and accessories, 1 with retail space, and surface parking.", "A_USER_ID": "JONATHANBR", "A_CASE_PLA": "COLERE", "StatCode": "APP", "AppStatus": "Approved", "AppCode": "PL_MINSP", "AppType": "Level 4 - Administrative Site Plan", "CasePlanne": "Cole Renigar", "EMAIL": "Cole.Renigar@durhamnc.gov", "ORIG_FID": 20831, "CreationDa": "2025-09-20T00:00:00", "Creator": "gisproc_sys", "EditDate": "2025-09-20T00:00:00", "Editor": "gisproc_sys", "match_results": "[(98, None, 'apartment', 'units')]" }, "geometry": { "type": "Point", "coordinates": [ -78.894054050556264, 35.992617328458337 ] } },
{ "type": "Feature", "properties": { "A_NUMBER": "D2400280", "A_TYPE": "PL_MINSP", "A_DATE": "2024-12-06T00:00:00", "A_STATUS": "UN_RE", "A_STATUS_D": "2024-12-06T00:00:00", "A_PROJECT_": "Croasdaile Village Phase IV", "A_DESCRIPT": "Construction of 21 cottages and 4 multifamily buildings.", "A_USER_ID": "EDWARDFR", "A_CASE_PLA": "JALISAHA", "StatCode": "UN_RE", "AppStatus": "Under Review", "AppCode": "PL_MINSP", "AppType": "Level 4 - Administrative Site Plan", "CasePlanne": "JALISA HARRIS", "EMAIL": "Jalisa.Harris@durhamnc.gov", "ORIG_FID": 20848, "CreationDa": "2025-09-20T00:00:00", "Creator": "gisproc_sys", "EditDate": "2025-09-20T00:00:00", "Editor": "gisproc_sys", "match_results": "[(21, None, 'multifamily', None)]" }, "geometry": { "type": "Point", "coordinates": [ -78.939049069662502, 36.04664187420277 ] } },
{ "type": "Feature", "properties": { "A_NUMBER": "D2400289", "A_TYPE": "PL_MINSP", "A_DATE": "2024-12-18T00:00:00", "A_STATUS": "UN_RE", "A_STATUS_D": "2024-12-18T00:00:00", "A_PROJECT_": "Tribute Rising", "A_DESCRIPT": "Proposed 4 Multifamily apartment buildings (348 units) and 16 live work townhome units with supplemental retail.", "A_USER_ID": "JALISAHA", "A_CASE_PLA": "JALISAHA", "StatCode": "UN_RE", "AppStatus": "Under Review", "AppCode": "PL_MINSP", "AppType": "Level 4 - Administrative Site Plan", "CasePlanne": "JALISA HARRIS", "EMAIL": "Jalisa.Harris@durhamnc.gov", "ORIG_FID": 20871, "CreationDa": "2025-09-20T00:00:00", "Creator": "gisproc_sys", "EditDate": "2025-09-20T00:00:00", "Editor": "gisproc_sys", "match_results": "[(4, None, 'multifamily', None), (348, None, 'apartment', 'units'), (16, None, 'townhouse', 'units')]" }, "geometry": { "type": "Point", "coordinates": [ -78.905175617192953, 35.988682185115962 ] } },
{ "type": "Feature", "properties": { "A_NUMBER": "D2400291", "A_TYPE": "PL_MINSP", "A_DATE": "2024-12-18T00:00:00", "A_STATUS": "APP", "A_STATUS_D": "2025-06-20T00:00:00", "A_PROJECT_": "Oakridge Residential Phase C", "A_DESCRIPT": "181 Multi-family units with surface parking.", "A_USER_ID": "PEYTONBL", "A_CASE_PLA": "PEYTONBL", "StatCode": "APP", "AppStatus": "Approved", "AppCode": "PL_MINSP", "AppType": "Level 4 - Administrative Site Plan", "CasePlanne": "PEYTON BLANCHARD", "EMAIL": "PEYTON.BLANCHARD@DURHAMNC.GOV", "ORIG_FID": 20873, "CreationDa": "2025-09-20T00:00:00", "Creator": "gisproc_sys", "EditDate": "2025-09-20T00:00:00", "Editor": "gisproc_sys", "match_results": "[(181, None, 'multifamily', 'units')]" }, "geometry": { "type": "Point", "coordinates": [ -78.990314769260252, 35.956929293095797 ] } },
{ "type": "Feature", "properties": { "A_NUMBER": "D2500009", "A_TYPE": "PL_MINSP", "A_DATE": "2025-01-21T00:00:00", "A_STATUS": "CORR", "A_STATUS_D": "2025-08-29T00:00:00", "A_PROJECT_": "Celebrity Rocky Hill Subdivision", "A_DESCRIPT": "Residential subdivision with 42 townhouse lots.", "A_USER_ID": "JMCNEILL", "A_CASE_PLA": "COLERE", "StatCode": "CORR", "AppStatus": "Corrections Required", "AppCode": "PL_MINSP", "AppType": "Level 4 - Administrative Site Plan", "CasePlanne": "Cole Renigar", "EMAIL": "Cole.Renigar@durhamnc.gov", "ORIG_FID": 20942, "CreationDa": "2025-09-20T00:00:00", "Creator": "gisproc_sys", "EditDate": "2025-09-20T00:00:00", "Editor": "gisproc_sys", "match_results": "[(42, None, 'townhouse', 'lots')]" }, "geometry": { "type": "Point", "coordinates": [ -78.904786636004289, 36.081275128095534 ] } },
{ "type": "Feature", "properties": { "A_NUMBER": "D2500026", "A_TYPE": "PL_MINSP", "A_DATE": "2025-02-04T00:00:00", "A_STATUS": "UN_RE", "A_STATUS_D": "2025-02-04T00:00:00", "A_PROJECT_": "Smallwood", "A_DESCRIPT": "52 townhomes with associated streets, sidewalks, grading, water, sewer, stormwater management and landscaping.", "A_USER_ID": "MICHAELIR", "A_CASE_PLA": "TREYFI", "StatCode": "UN_RE", "AppStatus": "Under Review", "AppCode": "PL_MINSP", "AppType": "Level 4 - Administrative Site Plan", "CasePlanne": "Trey Figueroa", "EMAIL": "Trey.Figueroa@durhamnc.gov", "ORIG_FID": 21001, "CreationDa": "2025-09-20T00:00:00", "Creator": "gisproc_sys", "EditDate": "2025-09-20T00:00:00", "Editor": "gisproc_sys", "match_results": "[(52, None, 'townhouse', None)]" }, "geometry": { "type": "Point", "coordinates": [ -78.817247660577451, 35.913861856972211 ] } },
{ "type": "Feature", "properties": { "A_NUMBER": "D2500031", "A_TYPE": "PL_MINSP", "A_DATE": "2025-02-11T00:00:00", "A_STATUS": "APP", "A_STATUS_D": "2025-08-01T00:00:00", "A_PROJECT_": "Block F at HUB RTP", "A_DESCRIPT": "Development of multi-story apartment and related infrastructure.", "A_USER_ID": "COLERE", "A_CASE_PLA": "COLERE", "StatCode": "APP", "AppStatus": "Approved", "AppCode": "PL_MINSP", "AppType": "Level 4 - Administrative Site Plan", "CasePlanne": "Cole Renigar", "EMAIL": "Cole.Renigar@durhamnc.gov", "ORIG_FID": 21018, "CreationDa": "2025-09-20T00:00:00", "Creator": "gisproc_sys", "EditDate": "2025-09-20T00:00:00", "Editor": "gisproc_sys", "match_results": [ ] }, "geometry": { "type": "Point", "coordinates": [ -78.865444846106342, 35.8944860772719 ] } },
{ "type": "Feature", "properties": { "A_NUMBER": "D2500038", "A_TYPE": "PL_MINSP", "A_DATE": "2025-02-17T00:00:00", "A_STATUS": "APP", "A_STATUS_D": "2025-07-24T00:00:00", "A_PROJECT_": "Page Corners", "A_DESCRIPT": "160 unit affordable apartment.", "A_USER_ID": "COLERE", "A_CASE_PLA": "COLERE", "StatCode": "APP", "AppStatus": "Approved", "AppCode": "PL_MINSP", "AppType": "Level 4 - Administrative Site Plan", "CasePlanne": "Cole Renigar", "EMAIL": "Cole.Renigar@durhamnc.gov", "ORIG_FID": 21036, "CreationDa": "2025-09-20T00:00:00", "Creator": "gisproc_sys", "EditDate": "2025-09-20T00:00:00", "Editor": "gisproc_sys", "match_results": "[(160, None, 'apartment', None)]" }, "geometry": { "type": "Point", "coordinates": [ -78.824793202670278, 35.89226374182082 ] } },
{ "type": "Feature", "properties": { "A_NUMBER": "D2500046", "A_TYPE": "PL_MINSP", "A_DATE": "2025-02-24T00:00:00", "A_STATUS": "UN_RE", "A_STATUS_D": "2025-02-24T00:00:00", "A_PROJECT_": "Oxford Ridge", "A_DESCRIPT": "Development including market rate townhouses with for sale affordable single-family units.", "A_USER_ID": "KASIMAZ", "A_CASE_PLA": "TREYFI", "StatCode": "UN_RE", "AppStatus": "Under Review", "AppCode": "PL_MINSP", "AppType": "Level 4 - Administrative Site Plan", "CasePlanne": "Trey Figueroa", "EMAIL": "Trey.Figueroa@durhamnc.gov", "ORIG_FID": 21064, "CreationDa": "2025-09-20T00:00:00", "Creator": "gisproc_sys", "EditDate": "2025-09-20T00:00:00", "Editor": "gisproc_sys", "match_results": [ ] }, "geometry": { "type": "Point", "coordinates": [ -78.875945478316822, 36.050940189114868 ] } },
{ "type": "Feature", "properties": { "A_NUMBER": "D2500050", "A_TYPE": "PL_MINSP", "A_DATE": "2025-02-28T00:00:00", "A_STATUS": "CORR", "A_STATUS_D": "2025-06-20T00:00:00", "A_PROJECT_": "803 Sherron Road Townhomes", "A_DESCRIPT": "New townhome development with 53 units and new right of way, in association with Z2300045", "A_USER_ID": "EDWARDFR", "A_CASE_PLA": "COLERE", "StatCode": "CORR", "AppStatus": "Corrections Required", "AppCode": "PL_MINSP", "AppType": "Level 4 - Administrative Site Plan", "CasePlanne": "Cole Renigar", "EMAIL": "Cole.Renigar@durhamnc.gov", "ORIG_FID": 21083, "CreationDa": "2025-09-20T00:00:00", "Creator": "gisproc_sys", "EditDate": "2025-09-20T00:00:00", "Editor": "gisproc_sys", "match_results": "[(53, None, 'townhouse', 'units')]" }, "geometry": { "type": "Point", "coordinates": [ -78.80732563979366, 35.962458443611894 ] } },
{ "type": "Feature", "properties": { "A_NUMBER": "D2500072", "A_TYPE": "PL_MINSP", "A_DATE": "2025-03-18T00:00:00", "A_STATUS": "UN_RE", "A_STATUS_D": "2025-03-18T00:00:00", "A_PROJECT_": "Leigh Valley", "A_DESCRIPT": "Apartment development to include 324 units.", "A_USER_ID": "EESBRI", "A_CASE_PLA": "TREYFI", "StatCode": "UN_RE", "AppStatus": "Under Review", "AppCode": "PL_MINSP", "AppType": "Level 4 - Administrative Site Plan", "CasePlanne": "Trey Figueroa", "EMAIL": "Trey.Figueroa@durhamnc.gov", "ORIG_FID": 21142, "CreationDa": "2025-09-20T00:00:00", "Creator": "gisproc_sys", "EditDate": "2025-09-20T00:00:00", "Editor": "gisproc_sys", "match_results": "[(324, None, 'apartment', 'units')]" }, "geometry": { "type": "Point", "coordinates": [ -78.991414856115782, 35.918989172906635 ] } },
{ "type": "Feature", "properties": { "A_NUMBER": "D2500088", "A_TYPE": "PL_MINSP", "A_DATE": "2025-04-01T00:00:00", "A_STATUS": "UN_RE", "A_STATUS_D": "2025-04-01T00:00:00", "A_PROJECT_": "Cornwallis Townhomes", "A_DESCRIPT": "Create 33 townhome site.", "A_USER_ID": "EARLENETHO", "A_CASE_PLA": "JALISAHA", "StatCode": "UN_RE", "AppStatus": "Under Review", "AppCode": "PL_MINSP", "AppType": "Level 4 - Administrative Site Plan", "CasePlanne": "JALISA HARRIS", "EMAIL": "Jalisa.Harris@durhamnc.gov", "ORIG_FID": 21177, "CreationDa": "2025-09-20T00:00:00", "Creator": "gisproc_sys", "EditDate": "2025-09-20T00:00:00", "Editor": "gisproc_sys", "match_results": "[(33, None, 'townhouse', None)]" }, "geometry": { "type": "Point", "coordinates": [ -78.893102455857644, 35.937672412288507 ] } },
{ "type": "Feature", "properties": { "A_NUMBER": "D2500095", "A_TYPE": "PL_MINSP", "A_DATE": "2025-04-17T00:00:00", "A_STATUS": "APP", "A_STATUS_D": "2025-08-22T00:00:00", "A_PROJECT_": "4702 Farrington Rd - Grading Only", "A_DESCRIPT": "Grading only site plan for future residential development.", "A_USER_ID": "PEYTONBL", "A_CASE_PLA": "PEYTONBL", "StatCode": "APP", "AppStatus": "Approved", "AppCode": "PL_MINSP", "AppType": "Level 4 - Administrative Site Plan", "CasePlanne": "PEYTON BLANCHARD", "EMAIL": "PEYTON.BLANCHARD@DURHAMNC.GOV", "ORIG_FID": 21223, "CreationDa": "2025-09-20T00:00:00", "Creator": "gisproc_sys", "EditDate": "2025-09-20T00:00:00", "Editor": "gisproc_sys", "match_results": [ ] }, "geometry": { "type": "Point", "coordinates": [ -78.990774598961977, 35.933680155725966 ] } },
{ "type": "Feature", "properties": { "A_NUMBER": "D2500103", "A_TYPE": "PL_MINSP", "A_DATE": "2025-04-25T00:00:00", "A_STATUS": "UN_RE", "A_STATUS_D": "2025-04-25T00:00:00", "A_PROJECT_": "Fayetteville Road MultiFamily", "A_DESCRIPT": "Phase one of overall development - single family detached lots and townhomes (88 units).", "A_USER_ID": "MICHAELMA", "A_CASE_PLA": "TREYFI", "StatCode": "UN_RE", "AppStatus": "Under Review", "AppCode": "PL_MINSP", "AppType": "Level 4 - Administrative Site Plan", "CasePlanne": "Trey Figueroa", "EMAIL": "Trey.Figueroa@durhamnc.gov", "ORIG_FID": 21242, "CreationDa": "2025-09-20T00:00:00", "Creator": "gisproc_sys", "EditDate": "2025-09-20T00:00:00", "Editor": "gisproc_sys", "match_results": "[(88, None, 'single family', 'units')]" }, "geometry": { "type": "Point", "coordinates": [ -78.949755922943666, 35.878769075361994 ] } },
{ "type": "Feature", "properties": { "A_NUMBER": "D2500120", "A_TYPE": "PL_MINSP", "A_DATE": "2025-05-19T00:00:00", "A_STATUS": "UN_RE", "A_STATUS_D": "2025-05-19T00:00:00", "A_PROJECT_": "Courtyards at Oak Grove II", "A_DESCRIPT": "36 Single Family Detached dwellings, 31 town homes and all supporting open space and infrastructure.", "A_USER_ID": "JMCNEILL", "A_CASE_PLA": "TREYFI", "StatCode": "UN_RE", "AppStatus": "Under Review", "AppCode": "PL_MINSP", "AppType": "Level 4 - Administrative Site Plan", "CasePlanne": "Trey Figueroa", "EMAIL": "Trey.Figueroa@durhamnc.gov", "ORIG_FID": 21315, "CreationDa": "2025-09-20T00:00:00", "Creator": "gisproc_sys", "EditDate": "2025-09-20T00:00:00", "Editor": "gisproc_sys", "match_results": "[(36, None, 'single family', None), (31, None, 'townhouse', None)]" }, "geometry": { "type": "Point", "coordinates": [ -78.796535049832755, 35.950900601673922 ] } },
{ "type": "Feature", "properties": { "A_NUMBER": "D2500133", "A_TYPE": "PL_MINSP", "A_DATE": "2025-06-04T00:00:00", "A_STATUS": "UN_RE", "A_STATUS_D": "2025-08-26T00:00:00", "A_PROJECT_": "AMH Brier Creek", "A_DESCRIPT": "Townhome and multifamily duplex development with permitted accessory uses.", "A_USER_ID": "MICHELLEHAH", "A_CASE_PLA": "COLERE", "StatCode": "UN_RE", "AppStatus": "Under Review", "AppCode": "PL_MINSP", "AppType": "Level 4 - Administrative Site Plan", "CasePlanne": "Cole Renigar", "EMAIL": "Cole.Renigar@durhamnc.gov", "ORIG_FID": 21365, "CreationDa": "2025-09-20T00:00:00", "Creator": "gisproc_sys", "EditDate": "2025-09-20T00:00:00", "Editor": "gisproc_sys", "match_results": [ ] }, "geometry": { "type": "Point", "coordinates": [ -78.771613203424607, 35.95485048313099 ] } },
{ "type": "Feature", "properties": { "A_NUMBER": "D2500146", "A_TYPE": "PL_MINSP", "A_DATE": "2025-06-18T00:00:00", "A_STATUS": "CORR", "A_STATUS_D": "2025-06-27T00:00:00", "A_PROJECT_": "Sterling", "A_DESCRIPT": "Single family detached home subdivision with NCDOT streets, community water and individual septic systems.", "A_USER_ID": "JMCNEILL", "A_CASE_PLA": "COLERE", "StatCode": "CORR", "AppStatus": "Corrections Required", "AppCode": "PL_MINSP", "AppType": "Level 4 - Administrative Site Plan", "CasePlanne": "Cole Renigar", "EMAIL": "Cole.Renigar@durhamnc.gov", "ORIG_FID": 21410, "CreationDa": "2025-09-20T00:00:00", "Creator": "gisproc_sys", "EditDate": "2025-09-20T00:00:00", "Editor": "gisproc_sys", "match_results": [ ] }, "geometry": { "type": "Point", "coordinates": [ -78.97259988113575, 36.09116409577355 ] } },
{ "type": "Feature", "properties": { "A_NUMBER": "D2500149", "A_TYPE": "PL_MINSP", "A_DATE": "2025-06-23T00:00:00", "A_STATUS": "UN_RE", "A_STATUS_D": "2025-06-23T00:00:00", "A_PROJECT_": "Mt. Moriah II-By Right", "A_DESCRIPT": "156 Units, totaling approximately 65,594 sq. ft.", "A_USER_ID": "STEVENPA", "A_CASE_PLA": "TREYFI", "StatCode": "UN_RE", "AppStatus": "Under Review", "AppCode": "PL_MINSP", "AppType": "Level 4 - Administrative Site Plan", "CasePlanne": "Trey Figueroa", "EMAIL": "Trey.Figueroa@durhamnc.gov", "ORIG_FID": 21417, "CreationDa": "2025-09-20T00:00:00", "Creator": "gisproc_sys", "EditDate": "2025-09-20T00:00:00", "Editor": "gisproc_sys", "match_results": [ ] }, "geometry": { "type": "Point", "coordinates": [ -78.991265012546904, 35.945271980492755 ] } },
{ "type": "Feature", "properties": { "A_NUMBER": "D2500150", "A_TYPE": "PL_MINSP", "A_DATE": "2025-06-23T00:00:00", "A_STATUS": "UN_RE", "A_STATUS_D": "2025-09-04T00:00:00", "A_PROJECT_": "Mt. Moriah II-Affordable", "A_DESCRIPT": "152 Units, totaling approximately 59,136 sq. ft.", "A_USER_ID": "STEVENPA", "A_CASE_PLA": "COLERE", "StatCode": "UN_RE", "AppStatus": "Under Review", "AppCode": "PL_MINSP", "AppType": "Level 4 - Administrative Site Plan", "CasePlanne": "Cole Renigar", "EMAIL": "Cole.Renigar@durhamnc.gov", "ORIG_FID": 21424, "CreationDa": "2025-09-20T00:00:00", "Creator": "gisproc_sys", "EditDate": "2025-09-20T00:00:00", "Editor": "gisproc_sys", "match_results": [ ] }, "geometry": { "type": "Point", "coordinates": [ -78.991960045232233, 35.945943338196152 ] } },
{ "type": "Feature", "properties": { "A_NUMBER": "D2500158", "A_TYPE": "PL_MINSP", "A_DATE": "2025-06-30T00:00:00", "A_STATUS": "UN_RE", "A_STATUS_D": "2025-06-30T00:00:00", "A_PROJECT_": "5802 S Miami Blvd Multi-Family", "A_DESCRIPT": "369-unit multi-family building with structured parking deck and additional utility improvements.", "A_USER_ID": "MICHAELMA", "A_CASE_PLA": "TREYFI", "StatCode": "UN_RE", "AppStatus": "Under Review", "AppCode": "PL_MINSP", "AppType": "Level 4 - Administrative Site Plan", "CasePlanne": "Trey Figueroa", "EMAIL": "Trey.Figueroa@durhamnc.gov", "ORIG_FID": 21446, "CreationDa": "2025-09-20T00:00:00", "Creator": "gisproc_sys", "EditDate": "2025-09-20T00:00:00", "Editor": "gisproc_sys", "match_results": "[(369, None, 'multifamily', None)]" }, "geometry": { "type": "Point", "coordinates": [ -78.851817838605811, 35.871373188234912 ] } },
{ "type": "Feature", "properties": { "A_NUMBER": "D2500159", "A_TYPE": "PL_MINSP", "A_DATE": "2025-06-30T00:00:00", "A_STATUS": "CORR", "A_STATUS_D": "2025-08-13T00:00:00", "A_PROJECT_": "Mineral Springs Road Towns", "A_DESCRIPT": "46 townhome lots with 3 open space lots with associated public infrastructure.", "A_USER_ID": "EDWARDFR", "A_CASE_PLA": "COLERE", "StatCode": "CORR", "AppStatus": "Corrections Required", "AppCode": "PL_MINSP", "AppType": "Level 4 - Administrative Site Plan", "CasePlanne": "Cole Renigar", "EMAIL": "Cole.Renigar@durhamnc.gov", "ORIG_FID": 21447, "CreationDa": "2025-09-20T00:00:00", "Creator": "gisproc_sys", "EditDate": "2025-09-20T00:00:00", "Editor": "gisproc_sys", "match_results": "[(46, None, 'townhouse', 'lots')]" }, "geometry": { "type": "Point", "coordinates": [ -78.83615064340286, 35.960641538464195 ] } },
{ "type": "Feature", "properties": { "A_NUMBER": "D2500164", "A_TYPE": "PL_MINSP", "A_DATE": "2025-07-08T00:00:00", "A_STATUS": "UN_RE", "A_STATUS_D": "2025-07-08T00:00:00", "A_PROJECT_": "Farrington Road Multi-Family Development", "A_DESCRIPT": "371 multi-family units with surface/garage parking.", "A_USER_ID": "MICHAELMA", "A_CASE_PLA": "JALISAHA", "StatCode": "UN_RE", "AppStatus": "Under Review", "AppCode": "PL_MINSP", "AppType": "Level 4 - Administrative Site Plan", "CasePlanne": "JALISA HARRIS", "EMAIL": "Jalisa.Harris@durhamnc.gov", "ORIG_FID": 21471, "CreationDa": "2025-09-20T00:00:00", "Creator": "gisproc_sys", "EditDate": "2025-09-20T00:00:00", "Editor": "gisproc_sys", "match_results": "[(371, None, 'multifamily', 'units')]" }, "geometry": { "type": "Point", "coordinates": [ -78.992186714320027, 35.922736352322445 ] } },
{ "type": "Feature", "properties": { "A_NUMBER": "D2500187", "A_TYPE": "PL_MINSP", "A_DATE": "2025-07-30T00:00:00", "A_STATUS": "UN_RE", "A_STATUS_D": "2025-09-12T00:00:00", "A_PROJECT_": "Beamon Street", "A_DESCRIPT": "26 single family lot subdivision comprised of 14 town homes and 12 duplexes as well as all associated infrastructure.", "A_USER_ID": "EESBRI", "A_CASE_PLA": "JALISAHA", "StatCode": "UN_RE", "AppStatus": "Under Review", "AppCode": "PL_MINSP", "AppType": "Level 4 - Administrative Site Plan", "CasePlanne": "JALISA HARRIS", "EMAIL": "Jalisa.Harris@durhamnc.gov", "ORIG_FID": 21533, "CreationDa": "2025-09-20T00:00:00", "Creator": "gisproc_sys", "EditDate": "2025-09-20T00:00:00", "Editor": "gisproc_sys", "match_results": "[(26, None, 'single family', None), (14, None, 'townhouse', None), (12, None, 'duplex', None)]" }, "geometry": { "type": "Point", "coordinates": [ -78.903954359269676, 35.985035768531297 ] } },
{ "type": "Feature", "properties": { "A_NUMBER": "D2500188", "A_TYPE": "PL_MINSP", "A_DATE": "2025-08-04T00:00:00", "A_STATUS": "UN_RE", "A_STATUS_D": "2025-08-04T00:00:00", "A_PROJECT_": "Virgil Rd Assemblage", "A_DESCRIPT": "230 unit residential subdivision with a pump station.", "A_USER_ID": "MICHAELEVE", "A_CASE_PLA": "TREYFI", "StatCode": "UN_RE", "AppStatus": "Under Review", "AppCode": "PL_MINSP", "AppType": "Level 4 - Administrative Site Plan", "CasePlanne": "Trey Figueroa", "EMAIL": "Trey.Figueroa@durhamnc.gov", "ORIG_FID": 21547, "CreationDa": "2025-09-20T00:00:00", "Creator": "gisproc_sys", "EditDate": "2025-09-20T00:00:00", "Editor": "gisproc_sys", "match_results": [ ] }, "geometry": { "type": "Point", "coordinates": [ -78.754285545474247, 35.937875013724671 ] } },
{ "type": "Feature", "properties": { "A_NUMBER": "D2500190", "A_TYPE": "PL_MINSP", "A_DATE": "2025-08-04T00:00:00", "A_STATUS": "CORR", "A_STATUS_D": "2025-09-15T00:00:00", "A_PROJECT_": "Mason Farms Conservation Subdivision (new version)", "A_DESCRIPT": "Residential subdivision with 141 proposed lots, wastewater collection and treatment system, and well water system.", "A_USER_ID": "EDWARDFR", "A_CASE_PLA": "COLERE", "StatCode": "CORR", "AppStatus": "Corrections Required", "AppCode": "PL_MINSP", "AppType": "Level 4 - Administrative Site Plan", "CasePlanne": "Cole Renigar", "EMAIL": "Cole.Renigar@durhamnc.gov", "ORIG_FID": 21549, "CreationDa": "2025-09-20T00:00:00", "Creator": "gisproc_sys", "EditDate": "2025-09-20T00:00:00", "Editor": "gisproc_sys", "match_results": [ ] }, "geometry": { "type": "Point", "coordinates": [ -78.901710398731538, 36.124324030260475 ] } },
{ "type": "Feature", "properties": { "A_NUMBER": "D2500199", "A_TYPE": "PL_MINSP", "A_DATE": "2025-08-11T00:00:00", "A_STATUS": "UN_RE", "A_STATUS_D": "2025-08-11T00:00:00", "A_PROJECT_": "Howard's Place", "A_DESCRIPT": "Mixed use multi-family development with accessory commercial space housing to include single-family housing.", "A_USER_ID": "HARMONHE", "A_CASE_PLA": "TREYFI", "StatCode": "UN_RE", "AppStatus": "Under Review", "AppCode": "PL_MINSP", "AppType": "Level 4 - Administrative Site Plan", "CasePlanne": "Trey Figueroa", "EMAIL": "Trey.Figueroa@durhamnc.gov", "ORIG_FID": 21570, "CreationDa": "2025-09-20T00:00:00", "Creator": "gisproc_sys", "EditDate": "2025-09-20T00:00:00", "Editor": "gisproc_sys", "match_results": [ ] }, "geometry": { "type": "Point", "coordinates": [ -78.76657550080597, 35.975693631104008 ] } },
{ "type": "Feature", "properties": { "A_NUMBER": "D2500202", "A_TYPE": "PL_MINSP", "A_DATE": "2025-08-14T00:00:00", "A_STATUS": "UN_RE", "A_STATUS_D": "2025-08-14T00:00:00", "A_PROJECT_": "443 Infinity Rd", "A_DESCRIPT": "28 unit townhouse community.", "A_USER_ID": "ERIKA", "A_CASE_PLA": "TREYFI", "StatCode": "UN_RE", "AppStatus": "Under Review", "AppCode": "PL_MINSP", "AppType": "Level 4 - Administrative Site Plan", "CasePlanne": "Trey Figueroa", "EMAIL": "Trey.Figueroa@durhamnc.gov", "ORIG_FID": 21580, "CreationDa": "2025-09-20T00:00:00", "Creator": "gisproc_sys", "EditDate": "2025-09-20T00:00:00", "Editor": "gisproc_sys", "match_results": "[(28, None, 'townhouse', None)]" }, "geometry": { "type": "Point", "coordinates": [ -78.900875404164481, 36.07900262077036 ] } },
{ "type": "Feature", "properties": { "A_NUMBER": "D2500218", "A_TYPE": "PL_MINSP", "A_DATE": "2025-09-02T00:00:00", "A_STATUS": "UN_RE", "A_STATUS_D": "2025-09-02T00:00:00", "A_PROJECT_": "Green Hill", "A_DESCRIPT": "Construction of 440 multi-family units with associated amenities and infrastructure.", "A_USER_ID": "MICHAELEVE", "A_CASE_PLA": "JALISAHA", "StatCode": "UN_RE", "AppStatus": "Under Review", "AppCode": "PL_MINSP", "AppType": "Level 4 - Administrative Site Plan", "CasePlanne": "JALISA HARRIS", "EMAIL": "Jalisa.Harris@durhamnc.gov", "ORIG_FID": 21634, "CreationDa": "2025-09-20T00:00:00", "Creator": "gisproc_sys", "EditDate": "2025-09-20T00:00:00", "Editor": "gisproc_sys", "match_results": "[(440, None, 'multifamily', 'units')]" }, "geometry": { "type": "Point", "coordinates": [ -78.947009268557167, 36.021562819454147 ] } },
{ "type": "Feature", "properties": { "A_NUMBER": "D2500219", "A_TYPE": "PL_MINSP", "A_DATE": "2025-09-04T00:00:00", "A_STATUS": "UN_RE", "A_STATUS_D": "2025-09-04T00:00:00", "A_PROJECT_": "Pearson Flats", "A_DESCRIPT": "Multi-family development to be multiple apartment buildings with surface level parking. No retail or commercial.", "A_USER_ID": "JALISAHA", "A_CASE_PLA": "JALISAHA", "StatCode": "UN_RE", "AppStatus": "Under Review", "AppCode": "PL_MINSP", "AppType": "Level 4 - Administrative Site Plan", "CasePlanne": "JALISA HARRIS", "EMAIL": "Jalisa.Harris@durhamnc.gov", "ORIG_FID": 21638, "CreationDa": "2025-09-20T00:00:00", "Creator": "gisproc_sys", "EditDate": "2025-09-20T00:00:00", "Editor": "gisproc_sys", "match_results": [ ] }, "geometry": { "type": "Point", "coordinates": [ -78.905307007430608, 35.955070940119292 ] } },
{ "type": "Feature", "properties": { "A_NUMBER": "D2500226", "A_TYPE": "PL_MINSP", "A_DATE": "2025-09-12T00:00:00", "A_STATUS": "ON_HOLD", "A_STATUS_D": "2025-09-17T00:00:00", "A_PROJECT_": "Glennstone Annex", "A_DESCRIPT": "17 single family lots extending from ex. Chimney Stone Road.", "A_USER_ID": "JESSICADO", "A_CASE_PLA": "TREYFI", "StatCode": "ON_HOLD", "AppStatus": "On Hold", "AppCode": "PL_MINSP", "AppType": "Level 4 - Administrative Site Plan", "CasePlanne": "Trey Figueroa", "EMAIL": "Trey.Figueroa@durhamnc.gov", "ORIG_FID": 21662, "CreationDa": "2025-09-20T00:00:00", "Creator": "gisproc_sys", "EditDate": "2025-09-20T00:00:00", "Editor": "gisproc_sys", "match_results": "[(17, None, 'single family', 'lots')]" }, "geometry": { "type": "Point", "coordinates": [ -78.835273882501127, 36.054361760329613 ] } }
]
}
